time,open,high,low,close,volume,datetime
1768147200000,90875.79,91283.89,90673.3,90690.8,961.40735,2026-01-11 16:00:00+00:00
1768161600000,90690.81,91041.79,90236.0,91013.65,1666.60048,2026-01-11 20:00:00+00:00
1768176000000,91013.66,92519.95,90700.29,91808.12,3786.46912,2026-01-12 00:00:00+00:00
1768190400000,91808.12,92290.81,91381.36,91408.09,1706.23351,2026-01-12 04:00:00+00:00
1768204800000,91408.09,91630.13,90370.0,90620.96,2761.14204,2026-01-12 08:00:00+00:00
1768219200000,90620.95,91665.0,90128.44,91665.0,2904.06995,2026-01-12 12:00:00+00:00
1768233600000,91664.99,92332.0,91000.53,91861.27,3629.97324,2026-01-12 16:00:00+00:00
1768248000000,91861.27,92046.23,90938.2,91296.2,1400.19482,2026-01-12 20:00:00+00:00
1768262400000,91296.2,91546.08,91042.66,91408.91,1312.52459,2026-01-13 00:00:00+00:00
1768276800000,91408.9,92275.38,91350.71,91942.0,2568.59009,2026-01-13 04:00:00+00:00
1768291200000,91941.99,92672.11,91924.27,92000.74,2545.21662,2026-01-13 08:00:00+00:00
1768305600000,92000.73,93450.0,91787.61,93449.99,4336.89557,2026-01-13 12:00:00+00:00
1768320000000,93449.99,94231.82,93078.31,94226.84,4752.59807,2026-01-13 16:00:00+00:00
1768334400000,94226.85,96495.0,94062.0,95414.0,7505.68988,2026-01-13 20:00:00+00:00
1768348800000,95413.99,95722.01,95116.03,95720.99,2381.89992,2026-01-14 00:00:00+00:00
1768363200000,95720.99,95799.22,94559.28,95205.1,2873.6342,2026-01-14 04:00:00+00:00
1768377600000,95205.11,95315.15,94737.95,94792.99,1756.03488,2026-01-14 08:00:00+00:00
1768392000000,94793.0,97084.68,94680.67,96764.57,6031.62524,2026-01-14 12:00:00+00:00
1768406400000,96764.57,97777.0,96246.56,97267.42,6680.63165,2026-01-14 16:00:00+00:00
1768420800000,97267.42,97924.49,96772.02,96951.78,3128.06839,2026-01-14 20:00:00+00:00
1768435200000,96951.78,97000.0,95777.0,95985.1,2821.68199,2026-01-15 00:00:00+00:00
1768449600000,95985.11,96760.15,95952.89,96630.48,2056.29256,2026-01-15 04:00:00+00:00
1768464000000,96630.47,97193.34,96289.98,96581.08,2793.34386,2026-01-15 08:00:00+00:00
1768478400000,96581.07,97165.03,95435.91,96737.04,4818.18164,2026-01-15 12:00:00+00:00
1768492800000,96737.04,97163.0,95183.13,95516.01,7868.89039,2026-01-15 16:00:00+00:00
1768507200000,95516.01,95871.0,95134.48,95604.8,1367.42325,2026-01-15 20:00:00+00:00
1768521600000,95604.81,95855.12,95321.58,95354.69,1207.1411,2026-01-16 00:00:00+00:00
1768536000000,95354.69,95816.83,95133.03,95653.16,2294.926,2026-01-16 04:00:00+00:00
1768550400000,95653.16,95871.47,95261.43,95429.09,1614.38797,2026-01-16 08:00:00+00:00
1768564800000,95429.09,95809.08,94293.46,94585.98,3014.1328,2026-01-16 12:00:00+00:00
1768579200000,94585.99,95215.74,94508.0,95002.09,1854.59442,2026-01-16 16:00:00+00:00
1768593600000,95002.09,95600.0,94682.0,95550.94,1182.53231,2026-01-16 20:00:00+00:00
1768608000000,95550.94,95578.2,95200.0,95372.95,520.98136,2026-01-17 00:00:00+00:00
1768622400000,95372.94,95373.64,95041.7,95101.67,558.53587,2026-01-17 04:00:00+00:00
1768636800000,95101.67,95323.86,95021.67,95323.86,614.83515,2026-01-17 08:00:00+00:00
1768651200000,95323.85,95639.45,95198.81,95573.64,1450.99515,2026-01-17 12:00:00+00:00
1768665600000,95573.65,95576.14,95212.25,95291.38,636.49063,2026-01-17 16:00:00+00:00
1768680000000,95291.37,95412.86,95050.0,95147.77,498.96321,2026-01-17 20:00:00+00:00
1768694400000,95147.77,95250.0,94876.33,95200.29,721.03445,2026-01-18 00:00:00+00:00
1768708800000,95200.29,95260.0,95028.27,95028.27,705.29271,2026-01-18 04:00:00+00:00
1768723200000,95028.27,95295.39,95021.44,95168.06,960.00602,2026-01-18 08:00:00+00:00
1768737600000,95168.06,95376.24,94910.0,95119.28,1177.17902,2026-01-18 12:00:00+00:00
1768752000000,95119.27,95521.71,95073.02,95380.99,921.46243,2026-01-18 16:00:00+00:00
1768766400000,95380.99,95531.12,93615.4,93673.14,2410.20356,2026-01-18 20:00:00+00:00
1768780800000,93673.14,93673.14,91910.2,92690.09,6141.54249,2026-01-19 00:00:00+00:00
1768795200000,92690.08,92861.41,92385.07,92841.62,1712.23708,2026-01-19 04:00:00+00:00
1768809600000,92841.62,93368.44,92702.56,93191.96,1908.98628,2026-01-19 08:00:00+00:00
1768824000000,93191.96,93226.44,92700.0,93068.62,1798.82427,2026-01-19 12:00:00+00:00
1768838400000,93068.62,93420.0,92930.0,93105.85,1153.18382,2026-01-19 16:00:00+00:00
1768852800000,93105.85,93342.36,92158.48,92631.0,1580.75353,2026-01-19 20:00:00+00:00
1768867200000,92630.99,92870.0,92264.7,92434.92,1260.14088,2026-01-20 00:00:00+00:00
1768881600000,92434.93,92470.37,90771.78,91177.98,4648.13308,2026-01-20 04:00:00+00:00
1768896000000,91177.99,91442.88,90693.0,91218.99,2254.1302,2026-01-20 08:00:00+00:00
1768910400000,91218.99,91371.11,89859.06,90684.95,5038.30665,2026-01-20 12:00:00+00:00
1768924800000,90684.95,90974.49,89292.48,89725.76,4114.75823,2026-01-20 16:00:00+00:00
1768939200000,89725.77,89854.2,87895.98,88427.66,4691.85706,2026-01-20 20:00:00+00:00
1768953600000,88427.66,89598.8,88250.0,89432.33,2980.55061,2026-01-21 00:00:00+00:00
1768968000000,89432.33,90120.44,89093.28,89213.95,2049.62852,2026-01-21 04:00:00+00:00
1768982400000,89213.96,89493.46,88700.0,88789.99,2010.929,2026-01-21 08:00:00+00:00
1768996800000,88789.99,90574.0,88196.72,90288.04,4684.20136,2026-01-21 12:00:00+00:00
1769011200000,90288.04,90450.0,87263.53,90355.56,6425.20187,2026-01-21 16:00:00+00:00
1769025600000,90355.56,90377.0,89344.98,89454.73,2466.99236,2026-01-21 20:00:00+00:00
1769040000000,89454.73,90359.99,89454.72,89899.51,1561.80923,2026-01-22 00:00:00+00:00
1769054400000,89899.51,90215.79,89802.0,89818.79,1213.67268,2026-01-22 04:00:00+00:00
1769068800000,89818.79,90150.0,89760.0,89941.26,1125.90639,2026-01-22 08:00:00+00:00
1769083200000,89941.26,90340.0,88515.37,89000.01,3512.25665,2026-01-22 12:00:00+00:00
1769097600000,89000.0,89924.46,88676.95,89777.9,2304.40726,2026-01-22 16:00:00+00:00
1769112000000,89777.89,89946.13,89140.13,89559.67,1107.45271,2026-01-22 20:00:00+00:00
1769126400000,89559.68,89979.97,89450.48,89924.78,1144.14106,2026-01-23 00:00:00+00:00
1769140800000,89924.78,90088.94,89400.0,89549.45,1729.71757,2026-01-23 04:00:00+00:00
1769155200000,89549.45,89632.18,88860.44,89202.48,1992.68771,2026-01-23 08:00:00+00:00
1769169600000,89202.47,89865.53,88578.36,89761.61,2836.93325,2026-01-23 12:00:00+00:00
1769184000000,89761.61,91224.99,89489.0,89982.79,4430.77605,2026-01-23 16:00:00+00:00
1769198400000,89982.79,90156.06,89200.68,89600.26,1784.23355,2026-01-23 20:00:00+00:00
1769212800000,89600.26,89957.39,89424.39,89770.02,760.9766,2026-01-24 00:00:00+00:00
1769227200000,89770.03,89853.38,89572.81,89620.1,954.94709,2026-01-24 04:00:00+00:00
1769241600000,89620.11,89686.43,89577.97,89595.4,513.59579,2026-01-24 08:00:00+00:00
1769256000000,89595.41,89595.41,89171.75,89275.77,1016.91516,2026-01-24 12:00:00+00:00
1769270400000,89275.77,89461.4,89162.08,89331.36,560.08706,2026-01-24 16:00:00+00:00
1769284800000,89331.36,89489.84,89215.59,89225.34,420.04567,2026-01-24 20:00:00+00:00
1769299200000,89225.34,89319.13,88838.72,88960.35,949.82753,2026-01-25 00:00:00+00:00
1769313600000,88960.36,89090.13,88635.84,88659.99,1365.03813,2026-01-25 04:00:00+00:00
1769328000000,88659.99,88760.0,88136.0,88570.17,1276.76207,2026-01-25 08:00:00+00:00
1769342400000,88570.17,88971.89,88340.75,88446.5,1271.25718,2026-01-25 12:00:00+00:00
1769356800000,88446.51,88448.85,86194.85,86495.16,6164.82689,2026-01-25 16:00:00+00:00
1769371200000,86495.17,87013.79,86074.72,86670.36,3398.50839,2026-01-25 20:00:00+00:00
1769385600000,86670.36,87973.11,86509.63,87282.05,4005.56746,2026-01-26 00:00:00+00:00
1769400000000,87282.04,88074.48,87244.27,88000.64,3558.66159,2026-01-26 04:00:00+00:00
1769414400000,88000.64,88424.45,87600.69,87855.0,1820.3712,2026-01-26 08:00:00+00:00
1769428800000,87855.01,88860.0,87325.03,87641.41,4437.30175,2026-01-26 12:00:00+00:00
1769443200000,87641.41,88537.95,87035.51,88013.19,2334.22752,2026-01-26 16:00:00+00:00
1769457600000,88013.19,88659.09,87542.05,88347.08,1610.38501,2026-01-26 20:00:00+00:00
1769472000000,88347.08,88898.0,88194.82,88788.0,1649.23753,2026-01-27 00:00:00+00:00
1769486400000,88787.99,89010.0,88278.03,88320.41,1448.31937,2026-01-27 04:00:00+00:00
1769500800000,88320.41,88397.85,87743.52,87992.74,1462.63908,2026-01-27 08:00:00+00:00
1769515200000,87992.74,88474.23,87578.67,88047.46,2499.9435,2026-01-27 12:00:00+00:00
1769529600000,88047.46,88819.89,87304.33,88408.77,3647.91175,2026-01-27 16:00:00+00:00
1769544000000,88408.78,89523.16,88373.49,89250.0,2417.35302,2026-01-27 20:00:00+00:00
1769558400000,89249.99,89497.96,88985.0,89126.67,1094.38637,2026-01-28 00:00:00+00:00
1769572800000,89126.68,89400.0,88840.0,89134.35,1349.92307,2026-01-28 04:00:00+00:00
1769587200000,89134.35,90156.72,88833.65,90080.0,2787.07391,2026-01-28 08:00:00+00:00
1769601600000,90079.99,90488.0,88904.61,89479.66,4428.88675,2026-01-28 12:00:00+00:00
1769616000000,89479.66,90600.0,89006.36,89402.58,3310.08413,2026-01-28 16:00:00+00:00
1769630400000,89402.57,89896.0,88878.01,89299.99,1361.83079,2026-01-28 20:00:00+00:00
1769644800000,89300.0,89348.0,87704.0,88053.71,2923.10988,2026-01-29 00:00:00+00:00
1769659200000,88053.71,88430.05,87901.23,88352.97,1476.91111,2026-01-29 04:00:00+00:00
1769673600000,88352.96,88500.0,87750.01,87846.5,2299.04104,2026-01-29 08:00:00+00:00
1769688000000,87846.5,88182.29,84366.56,84934.02,10107.55386,2026-01-29 12:00:00+00:00
1769702400000,84934.02,85638.3,83383.33,84012.11,10787.89043,2026-01-29 16:00:00+00:00
1769716800000,84012.11,84737.69,83824.9,84650.16,2836.87569,2026-01-29 20:00:00+00:00
1769731200000,84650.16,84735.75,81118.0,82676.43,12245.12313,2026-01-30 00:00:00+00:00
1769745600000,82676.42,83332.2,82056.08,82816.98,4789.41822,2026-01-30 04:00:00+00:00
1769760000000,82816.98,83314.85,82160.0,83151.36,3255.07609,2026-01-30 08:00:00+00:00
1769774400000,83151.36,83797.99,82382.01,82883.94,4751.88055,2026-01-30 12:00:00+00:00
1769788800000,82882.84,84621.16,81871.37,84242.99,6116.25601,2026-01-30 16:00:00+00:00
1769803200000,84243.0,84523.11,83539.2,84260.49,4038.09393,2026-01-30 20:00:00+00:00
1769817600000,84260.5,84270.02,83815.02,84022.69,1727.33956,2026-01-31 00:00:00+00:00
1769832000000,84022.7,84146.22,83404.67,83546.81,1349.94572,2026-01-31 04:00:00+00:00
1769846400000,83546.82,83629.08,82560.75,83020.0,2408.78889,2026-01-31 08:00:00+00:00
1769860800000,83020.0,83140.0,80825.76,81302.15,6811.82932,2026-01-31 12:00:00+00:00
1769875200000,81302.16,82200.0,75719.9,77750.01,22029.61555,2026-01-31 16:00:00+00:00
1769889600000,77750.01,79240.0,77092.34,78741.09,5164.37229,2026-01-31 20:00:00+00:00
1769904000000,78741.1,79424.0,78284.0,78868.28,4258.38184,2026-02-01 00:00:00+00:00
1769918400000,78868.29,79119.3,77967.69,78343.0,2563.1542,2026-02-01 04:00:00+00:00
1769932800000,78343.0,79220.72,78148.1,78743.56,2450.30839,2026-02-01 08:00:00+00:00
1769947200000,78743.57,78768.68,76761.98,77593.4,4807.63006,2026-02-01 12:00:00+00:00
1769961600000,77593.4,78443.1,77000.01,77174.78,2883.53084,2026-02-01 16:00:00+00:00
1769976000000,77174.77,77779.63,75700.0,76968.21,8432.47635,2026-02-01 20:00:00+00:00
1769990400000,76968.22,78231.26,74604.0,76292.98,11449.76567,2026-02-02 00:00:00+00:00
1770004800000,76292.98,76958.0,74911.14,76660.79,9568.39849,2026-02-02 04:00:00+00:00
1770019200000,76660.78,77970.62,76628.28,77759.99,5651.50758,2026-02-02 08:00:00+00:00
1770033600000,77760.0,79360.0,77564.62,78850.06,7522.81805,2026-02-02 12:00:00+00:00
1770048000000,78850.06,79288.28,78283.27,78341.5,5462.07718,2026-02-02 16:00:00+00:00
1770062400000,78341.5,78962.78,77888.0,78738.61,2619.02319,2026-02-02 20:00:00+00:00
1770076800000,78738.6,79186.81,77644.09,78753.32,4012.52848,2026-02-03 00:00:00+00:00
1770091200000,78753.32,78999.99,77950.0,78794.67,2886.84787,2026-02-03 04:00:00+00:00
1770105600000,78794.67,79084.29,77950.0,78079.5,2794.97467,2026-02-03 08:00:00+00:00
1770120000000,78079.5,78458.89,77055.54,78132.33,5543.61818,2026-02-03 12:00:00+00:00
1770134400000,78132.34,78134.53,72945.5,74935.0,18839.6377,2026-02-03 16:00:00+00:00
1770148800000,74935.0,76960.0,74586.54,75770.21,5042.50199,2026-02-03 20:00:00+00:00
1770163200000,75770.21,76971.52,75467.22,76698.17,3573.68321,2026-02-04 00:00:00+00:00
1770177600000,76698.17,76830.69,76105.3,76514.3,2837.0505,2026-02-04 04:00:00+00:00
1770192000000,76514.3,76607.69,75666.0,76017.25,2912.66082,2026-02-04 08:00:00+00:00
1770206400000,76017.25,76260.85,73794.11,74136.36,8952.94529,2026-02-04 12:00:00+00:00
1770220800000,74136.48,74249.83,72169.0,73923.29,13944.22381,2026-02-04 16:00:00+00:00
1770235200000,73923.3,74144.0,71888.0,73165.83,6154.79637,2026-02-04 20:00:00+00:00
1770249600000,73165.84,73341.18,71152.78,71223.25,8356.43633,2026-02-05 00:00:00+00:00
1770264000000,71223.25,71622.82,70140.0,70756.85,13229.00492,2026-02-05 04:00:00+00:00
1770278400000,70756.86,71978.58,69922.0,70318.35,9382.74194,2026-02-05 08:00:00+00:00
1770292800000,70318.35,70872.04,66720.15,67489.07,25214.85527,2026-02-05 12:00:00+00:00
1770307200000,67489.08,68681.81,65200.0,65265.65,21297.2321,2026-02-05 16:00:00+00:00
1770321600000,65265.66,65700.0,62345.0,62909.86,28818.55843,2026-02-05 20:00:00+00:00
1770336000000,62909.87,66010.0,60000.0,64168.33,28980.40325,2026-02-06 00:00:00+00:00
1770350400000,64168.33,66826.5,63914.62,64856.0,13204.36329,2026-02-06 04:00:00+00:00
1770364800000,64856.0,66755.13,64500.0,66631.32,9652.84585,2026-02-06 08:00:00+00:00
1770379200000,66631.32,69192.0,66114.49,68626.0,17606.82465,2026-02-06 12:00:00+00:00
1770393600000,68625.99,71500.0,68428.19,70731.46,17283.69927,2026-02-06 16:00:00+00:00
1770408000000,70731.45,71751.33,69837.35,70580.26,5811.079,2026-02-06 20:00:00+00:00
1770422400000,70580.26,70928.75,69718.0,70918.99,4687.77364,2026-02-07 00:00:00+00:00
1770436800000,70918.99,71690.07,67300.0,68087.14,13271.32166,2026-02-07 04:00:00+00:00
1770451200000,68087.13,68790.0,67582.48,67972.65,8689.01558,2026-02-07 08:00:00+00:00
1770465600000,67972.65,69999.99,67901.89,69151.5,9290.84055,2026-02-07 12:00:00+00:00
1770480000000,69151.5,69898.0,68531.5,69373.61,6393.31777,2026-02-07 16:00:00+00:00
1770494400000,69373.61,69728.83,68787.34,69289.38,1923.21116,2026-02-07 20:00:00+00:00
1770508800000,69289.37,69696.57,68888.0,69099.99,2026.40929,2026-02-08 00:00:00+00:00
1770523200000,69100.0,69719.07,68952.01,69710.69,2878.17149,2026-02-08 04:00:00+00:00
1770537600000,69710.69,71220.0,69514.15,70999.98,5309.31519,2026-02-08 08:00:00+00:00
1770552000000,70999.99,71554.95,70707.39,71188.99,3659.2176,2026-02-08 12:00:00+00:00
1770566400000,71188.99,71538.05,70251.33,71422.97,2720.17356,2026-02-08 16:00:00+00:00
1770580800000,71422.96,72271.41,70000.0,70330.38,4827.24455,2026-02-08 20:00:00+00:00
1770595200000,70330.38,71453.53,70068.18,71307.56,4021.31441,2026-02-09 00:00:00+00:00
1770609600000,71307.56,71359.37,70311.7,70422.59,2930.6054,2026-02-09 04:00:00+00:00
1770624000000,70422.59,70608.83,68420.58,68928.72,6108.89766,2026-02-09 08:00:00+00:00
1770638400000,68928.71,69884.82,68308.0,69563.37,6863.78788,2026-02-09 12:00:00+00:00
1770652800000,69563.37,71075.31,69100.0,70957.01,6239.20348,2026-02-09 16:00:00+00:00
1770667200000,70957.01,71126.0,69823.52,70138.0,2988.91959,2026-02-09 20:00:00+00:00
1770681600000,70138.0,70527.59,69208.61,69511.83,2469.62773,2026-02-10 00:00:00+00:00
1770696000000,69511.83,69906.5,68682.0,68919.66,3133.48778,2026-02-10 04:00:00+00:00
1770710400000,68919.66,69417.7,68459.89,68535.01,3589.46371,2026-02-10 08:00:00+00:00
1770724800000,68535.02,69591.2,67800.0,69293.37,5843.11364,2026-02-10 12:00:00+00:00
1770739200000,69293.37,69993.65,68604.63,69062.01,3997.49855,2026-02-10 16:00:00+00:00
1770753600000,69062.0,69136.91,68362.0,68841.29,1340.57931,2026-02-10 20:00:00+00:00
1770768000000,68841.28,69292.88,68011.11,68187.99,1918.23444,2026-02-11 00:00:00+00:00
1770782400000,68188.0,68325.0,66557.99,67032.72,5175.02607,2026-02-11 04:00:00+00:00
1770796800000,67032.71,67134.42,66369.49,67053.03,3914.08731,2026-02-11 08:00:00+00:00
1770811200000,67053.03,68834.34,65756.0,66519.73,9148.58414,2026-02-11 12:00:00+00:00
1770825600000,66519.72,67860.44,65876.0,67586.67,5004.8715,2026-02-11 16:00:00+00:00
1770840000000,67586.66,68369.77,66787.7,67082.52,3557.44256,2026-02-11 20:00:00+00:00
1770854400000,67082.52,68047.48,67055.53,67580.99,2100.97039,2026-02-12 00:00:00+00:00
1770868800000,67581.0,67682.69,66670.45,67217.72,2710.60187,2026-02-12 04:00:00+00:00
1770883200000,67217.71,68299.0,66891.6,68076.01,3668.0563,2026-02-12 08:00:00+00:00
1770897600000,68076.01,68410.52,67014.98,67134.74,4824.24216,2026-02-12 12:00:00+00:00
1770912000000,67134.74,67232.04,65118.0,65788.36,7933.48282,2026-02-12 16:00:00+00:00
1770926400000,65788.36,66488.9,65215.06,66272.17,3034.38929,2026-02-12 20:00:00+00:00
1770940800000,66272.17,66814.0,65872.46,66553.08,2583.39216,2026-02-13 00:00:00+00:00
1770955200000,66553.09,66671.62,66002.98,66208.96,2428.41994,2026-02-13 04:00:00+00:00
1770969600000,66208.96,67226.66,66191.52,67171.42,2201.58479,2026-02-13 08:00:00+00:00
1770984000000,67171.41,69309.8,66867.47,68692.12,6886.55091,2026-02-13 12:00:00+00:00
1770998400000,68692.12,69482.97,68540.83,68938.91,4320.62247,2026-02-13 16:00:00+00:00
1771012800000,68938.91,69079.4,68683.32,68853.96,1823.97928,2026-02-13 20:00:00+00:00
1771027200000,68853.97,69137.5,68768.56,68981.99,1291.93003,2026-02-14 00:00:00+00:00
1771041600000,68982.0,69343.0,68730.13,69219.26,2188.37379,2026-02-14 04:00:00+00:00
1771056000000,69219.27,70560.01,69218.71,70505.74,3530.97709,2026-02-14 08:00:00+00:00
1771070400000,70505.74,70533.67,69064.6,69778.28,7103.62124,2026-02-14 12:00:00+00:00
1771084800000,69778.28,69930.9,69283.02,69873.99,2295.28058,2026-02-14 16:00:00+00:00
1771099200000,69873.99,70250.46,69668.05,69822.95,1704.6012,2026-02-14 20:00:00+00:00
1771113600000,69822.94,69990.02,69251.5,69954.5,1764.94129,2026-02-15 00:00:00+00:00
1771128000000,69954.5,70926.42,69459.35,70828.42,4747.14422,2026-02-15 04:00:00+00:00
1771142400000,70828.43,70983.0,70182.31,70295.22,2073.25418,2026-02-15 08:00:00+00:00
1771156800000,70295.22,70418.48,68772.2,69099.99,3852.56524,2026-02-15 12:00:00+00:00
1771171200000,69100.0,69100.0,68000.0,68286.63,8139.52235,2026-02-15 16:00:00+00:00
1771185600000,68286.64,69078.49,68120.0,68832.58,1712.6248,2026-02-15 20:00:00+00:00
1771200000000,68832.59,69065.5,68143.22,68424.82,1757.09824,2026-02-16 00:00:00+00:00
1771214400000,68424.82,68900.0,68228.76,68587.9,1421.8609,2026-02-16 04:00:00+00:00
1771228800000,68587.89,69060.77,68338.9,68812.83,1609.09509,2026-02-16 08:00:00+00:00
1771243200000,68812.84,70126.67,67294.11,67539.52,6563.57157,2026-02-16 12:00:00+00:00
1771257600000,67539.53,68245.34,67513.94,67913.43,2266.56859,2026-02-16 16:00:00+00:00
1771272000000,67913.44,68978.88,67827.11,68892.43,1897.57095,2026-02-16 20:00:00+00:00
1771286400000,68892.43,69241.5,68387.2,68474.9,1970.0963,2026-02-17 00:00:00+00:00
1771300800000,68474.9,68707.49,67892.0,68388.12,1507.90265,2026-02-17 04:00:00+00:00
1771315200000,68388.12,68479.17,67690.0,67854.6,1702.22977,2026-02-17 08:00:00+00:00
1771329600000,67854.6,68360.5,66621.06,67392.05,5962.49538,2026-02-17 12:00:00+00:00
1771344000000,67392.06,68235.39,66881.08,67793.32,4203.96684,2026-02-17 16:00:00+00:00
1771358400000,67793.32,67928.08,67394.0,67503.52,1142.37827,2026-02-17 20:00:00+00:00
1771372800000,67503.52,67705.65,66892.03,67629.11,1226.88759,2026-02-18 00:00:00+00:00
1771387200000,67629.1,68219.81,67500.1,68106.44,1433.81961,2026-02-18 04:00:00+00:00
1771401600000,68106.44,68476.22,67076.9,67369.75,1922.15458,2026-02-18 08:00:00+00:00
1771416000000,67369.75,68347.72,66717.3,67694.01,4330.13695,2026-02-18 12:00:00+00:00
1771430400000,67694.01,67706.94,65870.0,66177.14,4311.92393,2026-02-18 16:00:00+00:00
1771444800000,66177.15,66550.0,66053.6,66461.0,2267.51573,2026-02-18 20:00:00+00:00
1771459200000,66461.0,66997.07,66345.0,66980.91,1337.23292,2026-02-19 00:00:00+00:00
1771473600000,66980.91,67320.0,66679.76,67206.45,1593.15988,2026-02-19 04:00:00+00:00
1771488000000,67206.45,67206.45,66478.02,66496.02,1879.33579,2026-02-19 08:00:00+00:00
1771502400000,66496.03,66755.39,65631.83,66398.0,4451.59374,2026-02-19 12:00:00+00:00
1771516800000,66398.01,67198.1,65899.25,67050.0,3411.99791,2026-02-19 16:00:00+00:00
1771531200000,67050.0,67168.86,66652.34,67003.73,1868.94964,2026-02-19 20:00:00+00:00
1771545600000,67003.73,67488.67,66949.41,67366.25,1472.92111,2026-02-20 00:00:00+00:00
1771560000000,67366.25,68006.0,67115.38,67825.91,2411.4783,2026-02-20 04:00:00+00:00
1771574400000,67825.91,68318.39,67280.6,67318.41,3414.63472,2026-02-20 08:00:00+00:00
1771588800000,67318.41,68083.98,66280.2,67582.95,16088.45139,2026-02-20 12:00:00+00:00
1771603200000,67582.95,68000.0,66952.11,67646.03,9574.1468,2026-02-20 16:00:00+00:00
1771617600000,67646.03,68233.99,67520.3,68020.01,2390.23859,2026-02-20 20:00:00+00:00
1771632000000,68020.0,68099.54,67534.69,67667.77,1582.09541,2026-02-21 00:00:00+00:00
1771646400000,67667.77,67924.39,67593.99,67856.01,716.23217,2026-02-21 04:00:00+00:00
1771660800000,67856.01,68314.54,67807.3,68092.45,1384.49772,2026-02-21 08:00:00+00:00
1771675200000,68092.45,68698.7,67915.0,68615.0,1818.30536,2026-02-21 12:00:00+00:00
1771689600000,68615.01,68658.5,68101.78,68543.51,1410.16439,2026-02-21 16:00:00+00:00
1771704000000,68543.51,68605.63,67900.0,67975.93,1121.54626,2026-02-21 20:00:00+00:00
1771718400000,67975.93,68222.16,67809.78,68041.43,1114.48202,2026-02-22 00:00:00+00:00
1771732800000,68041.42,68178.79,67881.81,68005.3,923.792,2026-02-22 04:00:00+00:00
1771747200000,68005.3,68245.0,67912.02,68219.97,733.14137,2026-02-22 08:00:00+00:00
1771761600000,68219.97,68232.4,67303.5,67684.14,2531.23331,2026-02-22 12:00:00+00:00
1771776000000,67684.15,67718.13,67190.0,67428.32,1575.66204,2026-02-22 16:00:00+00:00
1771790400000,67428.32,67751.44,67350.0,67643.4,1296.8241,2026-02-22 20:00:00+00:00
1771804800000,67643.39,67684.86,64290.71,64934.17,11022.665,2026-02-23 00:00:00+00:00
1771819200000,64934.18,66015.22,64685.64,65958.94,4119.82727,2026-02-23 04:00:00+00:00
1771833600000,65958.94,66600.0,65565.78,66207.23,3194.00092,2026-02-23 08:00:00+00:00
1771848000000,66207.23,66511.51,65529.73,65660.1,3796.34009,2026-02-23 12:00:00+00:00
1771862400000,65660.1,65724.28,64048.71,64295.1,7179.94577,2026-02-23 16:00:00+00:00
1771876800000,64295.11,65035.98,63888.79,64656.02,3763.13018,2026-02-23 20:00:00+00:00
1771891200000,64656.01,65026.75,63342.9,63595.51,4752.76382,2026-02-24 00:00:00+00:00
1771905600000,63595.51,63628.52,62700.8,63192.96,4939.8898,2026-02-24 04:00:00+00:00
1771920000000,63192.79,63444.66,62908.92,63227.1,2234.59315,2026-02-24 08:00:00+00:00
1771934400000,63227.11,64031.76,62510.28,63973.97,5539.65443,2026-02-24 12:00:00+00:00
1771948800000,63973.98,64743.11,63689.54,64435.03,3972.72259,2026-02-24 16:00:00+00:00
1771963200000,64435.03,64591.99,63820.5,64058.15,1663.21243,2026-02-24 20:00:00+00:00
1771977600000,64058.15,66310.0,63913.27,65391.73,5187.17213,2026-02-25 00:00:00+00:00
1771992000000,65391.74,65650.0,64755.26,65028.3,2632.47033,2026-02-25 04:00:00+00:00
1772006400000,65028.3,65692.62,64955.79,65430.04,1997.89784,2026-02-25 08:00:00+00:00
1772020800000,65430.04,67578.0,65324.62,67412.33,7879.83719,2026-02-25 12:00:00+00:00
1772035200000,67412.32,69550.0,67404.0,69038.26,8300.46334,2026-02-25 16:00:00+00:00
1772049600000,69038.26,69988.83,67600.0,67988.04,4752.15176,2026-02-25 20:00:00+00:00
1772064000000,67988.04,68700.0,67727.52,68216.86,2995.4703,2026-02-26 00:00:00+00:00
1772078400000,68216.87,68860.0,67817.87,67825.04,2533.15622,2026-02-26 04:00:00+00:00
1772092800000,67825.05,68722.64,67792.0,68051.31,3268.6173,2026-02-26 08:00:00+00:00
1772107200000,68051.3,68303.83,66761.16,67382.0,5206.19537,2026-02-26 12:00:00+00:00
1772121600000,67382.0,67903.12,66500.0,67589.22,5230.45057,2026-02-26 16:00:00+00:00
1772136000000,67589.21,67831.11,67150.14,67485.18,1503.88816,2026-02-26 20:00:00+00:00
1772150400000,67485.19,67712.16,66885.0,67600.84,2159.8345,2026-02-27 00:00:00+00:00
1772164800000,67600.84,68216.8,67459.3,67690.6,3025.27268,2026-02-27 04:00:00+00:00
1772179200000,67690.6,68149.93,65960.01,66126.99,4904.69534,2026-02-27 08:00:00+00:00
1772193600000,66126.99,66344.9,65649.34,66095.4,5494.9383,2026-02-27 12:00:00+00:00
1772208000000,66095.4,66121.03,65113.72,65392.18,3875.92624,2026-02-27 16:00:00+00:00
1772222400000,65392.18,65953.2,64914.46,65872.1,1767.91718,2026-02-27 20:00:00+00:00
1772236800000,65872.09,66025.52,65721.13,65797.42,1045.74408,2026-02-28 00:00:00+00:00
1772251200000,65797.42,65818.44,63030.0,63826.0,5914.91449,2026-02-28 04:00:00+00:00
1772265600000,63825.99,64307.44,63372.1,63844.2,4734.32265,2026-02-28 08:00:00+00:00
1772280000000,63844.2,65360.51,63827.2,64841.18,4286.48357,2026-02-28 12:00:00+00:00
1772294400000,64841.17,66666.65,64681.81,66362.01,2999.13046,2026-02-28 16:00:00+00:00
1772308800000,66362.01,67760.0,66190.61,66973.26,3568.12124,2026-02-28 20:00:00+00:00
1772323200000,66973.26,68199.99,66042.72,67502.16,4690.36208,2026-03-01 00:00:00+00:00
1772337600000,67502.16,67612.14,66749.35,67141.39,3167.39554,2026-03-01 04:00:00+00:00
1772352000000,67141.4,67292.3,66215.71,66468.03,3250.92047,2026-03-01 08:00:00+00:00
1772366400000,66468.04,67360.57,66132.27,66842.42,3640.03253,2026-03-01 12:00:00+00:00
1772380800000,66842.42,67112.37,65699.98,65962.17,3900.17922,2026-03-01 16:00:00+00:00
1772395200000,65962.16,66491.43,65056.0,65776.47,4552.96875,2026-03-01 20:00:00+00:00
1772409600000,65776.48,67079.0,65761.04,66820.03,2940.58836,2026-03-02 00:00:00+00:00
1772424000000,66820.03,66995.64,65542.6,66007.52,3610.46533,2026-03-02 04:00:00+00:00
1772438400000,66007.8,66720.84,65654.54,66359.68,4361.76571,2026-03-02 08:00:00+00:00
1772452800000,66359.67,69617.74,65259.21,69130.2,10831.61306,2026-03-02 12:00:00+00:00
1772467200000,69130.2,70096.0,68576.18,68966.53,6828.10762,2026-03-02 16:00:00+00:00
1772481600000,68966.52,69539.77,68584.9,68830.06,3437.84423,2026-03-02 20:00:00+00:00
1772496000000,68830.06,69258.08,68210.71,68377.94,2362.09713,2026-03-03 00:00:00+00:00
1772510400000,68377.94,68617.42,67800.0,68172.8,3337.11294,2026-03-03 04:00:00+00:00
1772524800000,68172.79,68311.83,66340.14,67026.61,6082.75912,2026-03-03 08:00:00+00:00
1772539200000,67026.6,67973.2,66158.0,67725.81,5443.2888,2026-03-03 12:00:00+00:00
1772553600000,67725.82,68999.0,67473.09,68435.0,5484.70019,2026-03-03 16:00:00+00:00
1772568000000,68435.0,68860.0,67832.3,68338.0,2262.28362,2026-03-03 20:00:00+00:00
1772582400000,68338.01,68909.34,67400.0,67732.2,3814.8635,2026-03-04 00:00:00+00:00
1772596800000,67732.19,69668.0,67467.6,69493.13,5088.84069,2026-03-04 04:00:00+00:00
1772611200000,69493.14,71893.0,69098.91,71111.4,12146.09777,2026-03-04 08:00:00+00:00
1772625600000,71111.4,73479.75,70588.0,73396.88,11378.24344,2026-03-04 12:00:00+00:00
1772640000000,73396.87,74050.0,72541.69,73611.1,8665.00622,2026-03-04 16:00:00+00:00
1772654400000,73611.67,73716.0,72313.04,72666.77,3826.02448,2026-03-04 20:00:00+00:00
1772668800000,72666.77,73306.82,72336.76,72497.89,3122.96483,2026-03-05 00:00:00+00:00
1772683200000,72497.89,73081.08,71759.95,72055.5,4346.02458,2026-03-05 04:00:00+00:00
1772697600000,72055.5,73558.15,71757.17,72915.79,6262.38044,2026-03-05 08:00:00+00:00
1772712000000,72915.8,73063.38,71168.65,71652.77,5607.55823,2026-03-05 12:00:00+00:00
1772726400000,71652.77,71654.65,70645.47,70918.07,4306.65518,2026-03-05 16:00:00+00:00
1772740800000,70918.08,71572.3,70777.0,70890.72,2944.92927,2026-03-05 20:00:00+00:00
1772755200000,70891.02,71419.98,70344.03,71080.38,3031.93266,2026-03-06 00:00:00+00:00
1772769600000,71080.37,71192.76,70143.19,71056.44,3088.31108,2026-03-06 04:00:00+00:00
1772784000000,71056.44,71067.58,70184.01,70212.95,2441.15545,2026-03-06 08:00:00+00:00
1772798400000,70212.94,70341.76,68176.47,68504.71,8554.35815,2026-03-06 12:00:00+00:00
1772812800000,68504.71,68795.44,67744.78,68131.79,3324.41432,2026-03-06 16:00:00+00:00
1772827200000,68131.79,68440.92,67777.0,68114.02,2189.71556,2026-03-06 20:00:00+00:00
1772841600000,68114.02,68551.04,68060.6,68095.5,1736.7267,2026-03-07 00:00:00+00:00
1772856000000,68095.5,68147.73,67446.41,67842.67,2373.66763,2026-03-07 04:00:00+00:00
1772870400000,67842.67,68232.27,67720.98,68010.01,1490.07738,2026-03-07 08:00:00+00:00
1772884800000,68010.0,68085.41,67609.44,67877.45,1728.39414,2026-03-07 12:00:00+00:00
1772899200000,67877.45,67935.01,66915.26,67080.34,3059.42816,2026-03-07 16:00:00+00:00
1772913600000,67080.33,67483.05,67068.01,67262.91,2331.24914,2026-03-07 20:00:00+00:00
1772928000000,67262.91,67481.96,66833.58,67000.26,2883.43952,2026-03-08 00:00:00+00:00
1772942400000,67000.26,67465.11,66547.15,67319.91,2866.09804,2026-03-08 04:00:00+00:00
1772956800000,67319.9,68200.0,67156.93,67515.0,3303.40428,2026-03-08 08:00:00+00:00
1772971200000,67515.0,67650.94,66761.68,67218.23,4464.48396,2026-03-08 12:00:00+00:00
1772985600000,67218.23,67485.24,66745.54,67337.42,2550.26884,2026-03-08 16:00:00+00:00
1773000000000,67337.41,67609.08,65618.49,65971.2,5525.94437,2026-03-08 20:00:00+00:00
1773014400000,65971.2,67668.64,65821.97,67205.05,5224.01016,2026-03-09 00:00:00+00:00
1773028800000,67205.06,68069.29,66853.48,67555.13,3826.34806,2026-03-09 04:00:00+00:00
1773043200000,67555.13,68460.09,67344.45,67764.98,4105.57826,2026-03-09 08:00:00+00:00
1773057600000,67764.99,69480.0,67759.57,68863.66,7802.97956,2026-03-09 12:00:00+00:00
1773072000000,68863.67,69516.65,68179.12,68991.93,5039.37719,2026-03-09 16:00:00+00:00
1773086400000,68991.93,69145.28,68384.69,68432.16,2898.42807,2026-03-09 20:00:00+00:00
1773100800000,68432.16,70578.29,68391.41,69429.85,5314.5727,2026-03-10 00:00:00+00:00
1773115200000,69429.85,70546.74,69429.85,70406.01,4907.28195,2026-03-10 04:00:00+00:00
1773129600000,70406.01,71300.0,70369.0,70580.94,6270.5173,2026-03-10 08:00:00+00:00
1773144000000,70580.95,71777.0,69266.06,71346.16,7000.10748,2026-03-10 12:00:00+00:00
1773158400000,71346.17,71700.0,69739.0,70043.63,5504.97942,2026-03-10 16:00:00+00:00
1773172800000,70043.63,70417.3,69452.42,69948.63,3605.11841,2026-03-10 20:00:00+00:00
1773187200000,69948.64,70173.25,69488.7,69551.91,4402.46797,2026-03-11 00:00:00+00:00
1773201600000,69551.91,70281.87,69420.0,69648.29,3080.54464,2026-03-11 04:00:00+00:00
1773216000000,69648.28,69786.32,69150.28,69173.0,3538.73168,2026-03-11 08:00:00+00:00
1773230400000,69172.99,71091.18,68977.91,70227.91,7789.43505,2026-03-11 12:00:00+00:00
1773244800000,70227.92,71321.0,70161.78,70641.82,5738.49617,2026-03-11 16:00:00+00:00
1773259200000,70641.81,70950.0,70125.83,70191.86,2699.59991,2026-03-11 20:00:00+00:00
1773273600000,70191.86,70353.87,69226.52,69446.61,2576.17397,2026-03-12 00:00:00+00:00
1773288000000,69446.61,69865.98,69205.91,69826.19,2721.97342,2026-03-12 04:00:00+00:00
1773302400000,69826.19,70800.0,69580.0,70427.91,4649.38407,2026-03-12 08:00:00+00:00
1773316800000,70427.9,70660.69,69355.34,70334.88,6097.47646,2026-03-12 12:00:00+00:00
1773331200000,70334.89,70569.15,69770.85,70432.32,3616.058,2026-03-12 16:00:00+00:00
1773345600000,70432.33,70734.25,70013.17,70541.34,2336.09458,2026-03-12 20:00:00+00:00
1773360000000,70541.34,72000.0,70386.01,71405.75,5755.69452,2026-03-13 00:00:00+00:00
1773374400000,71405.76,71672.76,71180.19,71612.22,4181.63698,2026-03-13 04:00:00+00:00
1773388800000,71612.23,72575.98,71385.28,72228.82,5105.1507,2026-03-13 08:00:00+00:00
1773403200000,72228.81,73913.74,71736.34,71831.46,12303.83944,2026-03-13 12:00:00+00:00
1773417600000,71831.46,72249.99,70841.23,71189.95,5469.31306,2026-03-13 16:00:00+00:00
1773432000000,71189.96,71491.03,70559.02,70930.0,3180.98208,2026-03-13 20:00:00+00:00
1773446400000,70930.01,71185.23,70481.7,71081.3,3513.45361,2026-03-14 00:00:00+00:00
1773460800000,71081.31,71307.92,70317.0,70596.68,2929.58232,2026-03-14 04:00:00+00:00
1773475200000,70596.68,70784.38,70389.08,70751.42,2494.95824,2026-03-14 08:00:00+00:00
1773489600000,70751.42,70941.17,70501.0,70580.09,2537.57782,2026-03-14 12:00:00+00:00
1773504000000,70580.09,70740.34,70500.0,70700.0,686.93095,2026-03-14 16:00:00+00:00
1773518400000,70699.99,71253.17,70650.09,71211.95,854.74443,2026-03-14 20:00:00+00:00
1773532800000,71211.95,71634.08,70858.82,71363.14,2591.56425,2026-03-15 00:00:00+00:00
1773547200000,71363.13,71800.68,71330.66,71453.59,2377.69395,2026-03-15 04:00:00+00:00
1773561600000,71453.59,71940.49,71453.59,71839.42,2170.1455,2026-03-15 08:00:00+00:00
1773576000000,71839.41,71839.42,71263.99,71481.24,2095.3494,2026-03-15 12:00:00+00:00
1773590400000,71481.24,71989.93,71320.08,71549.94,1241.1248,2026-03-15 16:00:00+00:00
1773604800000,71549.94,73199.0,71433.75,72815.24,3561.42914,2026-03-15 20:00:00+00:00
1773619200000,72815.25,74330.34,72270.41,73573.32,5313.15699,2026-03-16 00:00:00+00:00
1773633600000,73573.31,74451.03,73385.18,73456.68,5517.22506,2026-03-16 04:00:00+00:00
1773648000000,73456.69,73838.76,72888.8,73552.77,3812.93394,2026-03-16 08:00:00+00:00
1773662400000,73552.78,74509.52,72990.52,73274.76,5744.41989,2026-03-16 12:00:00+00:00
1773676800000,73274.75,74418.6,73160.66,73963.0,4131.80846,2026-03-16 16:00:00+00:00
1773691200000,73963.0,74909.08,73863.2,74884.67,3889.98585,2026-03-16 20:00:00+00:00
1773705600000,74884.67,76000.0,74268.73,74463.98,6925.21053,2026-03-17 00:00:00+00:00
1773720000000,74463.98,74712.89,73784.0,74249.32,4918.92532,2026-03-17 04:00:00+00:00
1773734400000,74249.32,74452.97,73560.98,74033.11,3022.84272,2026-03-17 08:00:00+00:00
1773748800000,74033.1,74893.94,73399.19,73914.39,4507.55719,2026-03-17 12:00:00+00:00
1773763200000,73914.4,74800.0,73855.24,74512.17,3050.04683,2026-03-17 16:00:00+00:00
1773777600000,74511.21,74799.0,73871.74,73909.36,2096.68377,2026-03-17 20:00:00+00:00
1773792000000,73909.37,74672.34,73535.36,74446.14,2220.38681,2026-03-18 00:00:00+00:00
1773806400000,74446.14,74486.3,73700.01,73883.8,2292.66886,2026-03-18 04:00:00+00:00
1773820800000,73883.8,74281.33,72800.0,72952.85,3439.26859,2026-03-18 08:00:00+00:00
1773835200000,72952.85,72981.79,70857.21,71467.82,8373.20589,2026-03-18 12:00:00+00:00
1773849600000,71467.82,72000.5,70933.85,71072.38,4336.24884,2026-03-18 16:00:00+00:00
1773864000000,71072.38,71451.22,70500.0,71246.54,2731.10194,2026-03-18 20:00:00+00:00
1773878400000,71246.55,71613.79,70902.37,71215.39,2427.94963,2026-03-19 00:00:00+00:00
1773892800000,71215.39,71215.39,69478.51,70191.17,4492.82933,2026-03-19 04:00:00+00:00
1773907200000,70191.16,70560.91,69900.0,69952.75,3434.1741,2026-03-19 08:00:00+00:00
1773921600000,69952.75,70179.53,68793.35,69412.51,6707.39933,2026-03-19 12:00:00+00:00
1773936000000,69412.52,70596.42,69122.03,70271.99,3251.17683,2026-03-19 16:00:00+00:00
1773950400000,70272.0,70695.6,69718.23,69930.0,2051.28897,2026-03-19 20:00:00+00:00
1773964800000,69930.01,70809.43,69837.1,70729.92,2423.03588,2026-03-20 00:00:00+00:00
1773979200000,70729.93,70969.71,70160.06,70854.66,2609.94577,2026-03-20 04:00:00+00:00
1773993600000,70854.66,71367.0,70218.68,70478.71,3112.13588,2026-03-20 08:00:00+00:00
1774008000000,70478.71,70685.63,69480.0,69860.09,4715.91571,2026-03-20 12:00:00+00:00
1774022400000,69860.09,70190.18,69388.0,70177.86,3079.98123,2026-03-20 16:00:00+00:00
1774036800000,70177.85,70923.75,69754.71,70510.73,2180.15298,2026-03-20 20:00:00+00:00
1774051200000,70510.73,70826.0,70431.67,70657.35,1194.32406,2026-03-21 00:00:00+00:00
1774065600000,70657.35,70879.76,70617.05,70727.33,2717.2463,2026-03-21 04:00:00+00:00
1774080000000,70727.33,70753.79,70492.02,70652.72,2045.34328,2026-03-21 08:00:00+00:00
1774094400000,70652.73,71100.94,70453.09,70630.02,1644.14012,2026-03-21 12:00:00+00:00
1774108800000,70630.02,70652.64,70210.0,70396.0,1221.39503,2026-03-21 16:00:00+00:00
1774123200000,70396.01,70516.82,68571.42,68918.12,4574.71871,2026-03-21 20:00:00+00:00
1774137600000,68918.12,69588.79,68228.5,69339.99,4148.48971,2026-03-22 00:00:00+00:00
1774152000000,69340.0,69526.85,68892.93,68919.38,1759.92655,2026-03-22 04:00:00+00:00
1774166400000,68919.37,68990.67,68110.55,68217.95,2582.06971,2026-03-22 08:00:00+00:00
1774180800000,68217.94,69005.71,68199.04,68847.96,1809.03421,2026-03-22 12:00:00+00:00
1774195200000,68847.97,68885.53,68145.01,68199.93,1323.42339,2026-03-22 16:00:00+00:00
1774209600000,68199.93,68498.4,67360.66,67859.0,3220.84325,2026-03-22 20:00:00+00:00
1774224000000,67859.0,68585.12,67445.18,68074.6,2495.61558,2026-03-23 00:00:00+00:00
1774238400000,68074.6,68915.4,67502.48,68333.16,4814.40128,2026-03-23 04:00:00+00:00
1774252800000,68333.16,71499.0,67916.14,70122.15,9165.95784,2026-03-23 08:00:00+00:00
1774267200000,70122.15,71817.09,69671.95,70131.48,7343.07463,2026-03-23 12:00:00+00:00
1774281600000,70131.48,71246.01,70131.47,70679.05,3251.32187,2026-03-23 16:00:00+00:00
1774296000000,70679.04,70998.0,70404.39,70906.45,1264.71999,2026-03-23 20:00:00+00:00
1774310400000,70906.45,71099.96,70278.46,70542.9,2279.09671,2026-03-24 00:00:00+00:00
1774324800000,70542.9,71400.0,70119.06,71291.7,3689.3445,2026-03-24 04:00:00+00:00
1774339200000,71291.7,71368.61,70850.11,71157.77,2477.92852,2026-03-24 08:00:00+00:00
1774353600000,71157.77,71177.66,69507.34,69873.04,5583.13531,2026-03-24 12:00:00+00:00
1774368000000,69873.04,70001.92,68923.07,69377.33,3539.49609,2026-03-24 16:00:00+00:00
1774382400000,69377.33,70832.54,69296.15,70556.74,3133.42131,2026-03-24 20:00:00+00:00
1774396800000,70556.74,71100.28,70408.0,70716.7,2504.53992,2026-03-25 00:00:00+00:00
1774411200000,70716.7,71345.0,70703.83,70926.88,2879.13545,2026-03-25 04:00:00+00:00
1774425600000,70926.88,72026.09,70800.0,71678.97,3287.51237,2026-03-25 08:00:00+00:00
1774440000000,71678.97,71963.71,70530.47,70832.99,4210.48461,2026-03-25 12:00:00+00:00
1774454400000,70832.99,71752.88,70681.07,70883.31,2995.16787,2026-03-25 16:00:00+00:00
1774468800000,70883.32,71594.11,70646.34,71336.53,1842.66044,2026-03-25 20:00:00+00:00
1774483200000,71336.53,71436.82,70672.37,70921.47,2157.03878,2026-03-26 00:00:00+00:00
1774497600000,70921.47,70921.47,69805.0,70087.44,3434.08444,2026-03-26 04:00:00+00:00
1774512000000,70087.44,70144.44,69192.96,69276.01,3321.72857,2026-03-26 08:00:00+00:00
1774526400000,69276.01,69877.45,68632.4,69082.64,4699.85538,2026-03-26 12:00:00+00:00
1774540800000,69082.64,69162.0,68153.0,68534.36,4026.59411,2026-03-26 16:00:00+00:00
1774555200000,68534.37,69478.42,68436.74,68820.31,3181.1564,2026-03-26 20:00:00+00:00
1774569600000,68820.31,69179.05,68531.37,68767.51,2714.9612,2026-03-27 00:00:00+00:00
1774584000000,68767.5,68955.53,68304.14,68540.48,3934.07819,2026-03-27 04:00:00+00:00
1774598400000,68540.49,68635.07,66231.96,66702.78,7325.96218,2026-03-27 08:00:00+00:00
1774612800000,66702.78,66773.25,65730.17,66112.82,8273.04177,2026-03-27 12:00:00+00:00
1774627200000,66112.82,66290.0,65548.25,66040.66,3963.05735,2026-03-27 16:00:00+00:00
1774641600000,66040.65,66420.75,65817.44,66407.28,2392.59488,2026-03-27 20:00:00+00:00
1774656000000,66407.28,66520.46,65932.09,66240.0,2309.42704,2026-03-28 00:00:00+00:00
1774670400000,66240.0,66573.61,66110.0,66561.48,2351.82142,2026-03-28 04:00:00+00:00
1774684800000,66561.49,66570.09,66124.4,66319.47,1871.98665,2026-03-28 08:00:00+00:00
1774699200000,66319.46,67288.94,66240.87,67014.91,2726.87142,2026-03-28 12:00:00+00:00
1774713600000,67014.92,67096.77,66704.0,66916.52,1090.61096,2026-03-28 16:00:00+00:00
1774728000000,66916.52,67010.0,66283.38,66377.03,1111.68098,2026-03-28 20:00:00+00:00
1774742400000,66377.04,67130.5,66281.4,66912.0,1535.14396,2026-03-29 00:00:00+00:00
1774756800000,66912.0,66936.6,66556.78,66671.0,1351.87148,2026-03-29 04:00:00+00:00
1774771200000,66671.0,66988.01,66418.0,66816.28,1084.63055,2026-03-29 08:00:00+00:00
1774785600000,66816.29,66875.24,66334.37,66523.0,1436.58796,2026-03-29 12:00:00+00:00
1774800000000,66523.01,66665.05,66158.26,66348.62,994.8232,2026-03-29 16:00:00+00:00
1774814400000,66348.61,66793.83,65000.0,66010.93,3649.79869,2026-03-29 20:00:00+00:00
1774828800000,66010.93,67450.0,65800.59,67173.8,3701.61439,2026-03-30 00:00:00+00:00
1774843200000,67173.8,67800.0,67167.92,67624.39,2742.98319,2026-03-30 04:00:00+00:00
1774857600000,67624.39,68042.3,67360.41,67680.45,3383.09323,2026-03-30 08:00:00+00:00
1774872000000,67680.44,68169.65,67088.73,67629.4,4177.92296,2026-03-30 12:00:00+00:00
1774886400000,67629.4,67641.65,66233.13,66550.05,2673.9969,2026-03-30 16:00:00+00:00
1774900800000,66550.06,66994.17,66419.79,66797.37,1673.77908,2026-03-30 20:00:00+00:00
1774915200000,66797.38,68408.37,66544.51,67704.74,2940.06225,2026-03-31 00:00:00+00:00
1774929600000,67704.74,67979.38,67103.32,67367.69,3894.57803,2026-03-31 04:00:00+00:00
1774944000000,67367.7,67496.0,65998.05,66685.69,4187.99082,2026-03-31 08:00:00+00:00
1774958400000,66685.69,67767.87,66427.53,66736.8,4137.18923,2026-03-31 12:00:00+00:00
1774972800000,66736.79,68589.49,66729.28,67838.8,4391.49464,2026-03-31 16:00:00+00:00
1774987200000,67838.79,68410.3,67831.7,68284.48,2554.09165,2026-03-31 20:00:00+00:00
1775001600000,68284.49,68378.64,67578.75,68170.67,3175.60054,2026-04-01 00:00:00+00:00
1775016000000,68170.67,69310.0,68005.33,68692.0,4308.24633,2026-04-01 04:00:00+00:00
1775030400000,68692.0,68851.35,68389.21,68712.52,3486.85039,2026-04-01 08:00:00+00:00
1775044800000,68712.52,68965.0,67918.83,68918.52,4091.84986,2026-04-01 12:00:00+00:00
1775059200000,68918.52,69171.77,67939.28,68176.84,2610.209,2026-04-01 16:00:00+00:00
1775073600000,68176.84,68534.0,67964.48,68113.92,1347.43378,2026-04-01 20:00:00+00:00
1775088000000,68113.92,68653.38,66500.0,66576.25,4290.09553,2026-04-02 00:00:00+00:00
1775102400000,66576.25,66961.26,66217.07,66930.79,2994.81146,2026-04-02 04:00:00+00:00
1775116800000,66930.79,66930.79,66167.1,66220.28,2840.44212,2026-04-02 08:00:00+00:00
1775131200000,66220.28,67104.86,65712.12,66852.91,4983.19383,2026-04-02 12:00:00+00:00
1775145600000,66852.91,67430.99,66596.8,66975.99,3741.79932,2026-04-02 16:00:00+00:00
1775160000000,66976.0,67100.0,66731.08,66901.99,1353.1369,2026-04-02 20:00:00+00:00
1775174400000,66901.99,67000.0,66282.0,66579.97,2208.57089,2026-04-03 00:00:00+00:00
1775188800000,66579.98,67247.38,66416.68,67042.08,2873.22499,2026-04-03 04:00:00+00:00
1775203200000,67042.08,67288.0,66674.72,67017.44,1439.81595,2026-04-03 08:00:00+00:00
1775217600000,67017.43,67370.42,66508.1,66827.15,2358.77199,2026-04-03 12:00:00+00:00
1775232000000,66827.15,67069.0,66751.86,66885.74,1215.72021,2026-04-03 16:00:00+00:00
1775246400000,66885.73,66970.18,66826.13,66964.3,1333.02728,2026-04-03 20:00:00+00:00
1775260800000,66964.29,66968.28,66814.0,66832.18,803.20366,2026-04-04 00:00:00+00:00
1775275200000,66832.18,67052.99,66775.91,67014.96,1728.28038,2026-04-04 04:00:00+00:00
1775289600000,67014.95,67232.72,66918.0,67156.93,1347.31961,2026-04-04 08:00:00+00:00
1775304000000,67156.93,67562.93,67029.07,67383.66,1507.29551,2026-04-04 12:00:00+00:00
1775318400000,67383.66,67543.6,67265.0,67288.42,858.41299,2026-04-04 16:00:00+00:00
1775332800000,67288.42,67504.54,67186.62,67300.42,1129.00398,2026-04-04 20:00:00+00:00
1775347200000,67300.42,67307.28,66955.72,67145.98,1216.87122,2026-04-05 00:00:00+00:00
1775361600000,67145.98,67188.51,66611.66,66820.64,1903.42714,2026-04-05 04:00:00+00:00
1775376000000,66820.64,67150.0,66819.42,66999.0,1062.42874,2026-04-05 08:00:00+00:00
1775390400000,66998.99,67856.16,66680.57,67306.64,2736.41551,2026-04-05 12:00:00+00:00
1775404800000,67306.65,67560.45,67173.4,67361.01,965.55771,2026-04-05 16:00:00+00:00
1775419200000,67361.01,69136.2,67332.66,69034.18,3848.7672,2026-04-05 20:00:00+00:00
1775433600000,69034.18,69588.0,68776.61,69123.69,4502.91561,2026-04-06 00:00:00+00:00
1775448000000,69123.69,69354.26,68806.53,69115.91,2814.82721,2026-04-06 04:00:00+00:00
1775462400000,69115.91,70283.32,69081.88,69614.91,3999.04132,2026-04-06 08:00:00+00:00
1775476800000,69614.91,69973.25,69163.86,69968.87,3409.36539,2026-04-06 12:00:00+00:00
1775491200000,69968.87,70351.46,69282.02,69739.53,3175.25769,2026-04-06 16:00:00+00:00
1775505600000,69739.52,69974.08,68300.0,68853.66,2380.20322,2026-04-06 20:00:00+00:00
1775520000000,68853.66,69128.2,68273.34,68779.21,2422.31591,2026-04-07 00:00:00+00:00
1775534400000,68779.2,68981.83,68443.0,68624.61,1823.63549,2026-04-07 04:00:00+00:00
1775548800000,68624.6,69247.9,68071.96,68345.75,2273.58534,2026-04-07 08:00:00+00:00
1775563200000,68345.75,68633.87,67732.01,68168.1,4041.29436,2026-04-07 12:00:00+00:00
1775577600000,68168.11,69098.44,68085.01,69011.29,3817.42066,2026-04-07 16:00:00+00:00
1775592000000,69011.29,72761.0,69011.29,71924.22,9372.24485,2026-04-07 20:00:00+00:00
1775606400000,71924.22,72110.65,71240.99,71287.39,3370.06511,2026-04-08 00:00:00+00:00
1775620800000,71287.39,71941.42,71287.38,71627.59,3297.9557,2026-04-08 04:00:00+00:00
1775635200000,71627.59,71955.0,71407.77,71675.12,2214.64952,2026-04-08 08:00:00+00:00
1775649600000,71675.12,72857.0,70707.23,71310.0,6816.03917,2026-04-08 12:00:00+00:00
1775664000000,71309.99,71963.94,71019.0,71318.48,2617.29334,2026-04-08 16:00:00+00:00
1775678400000,71318.47,71748.0,70901.89,71069.93,1486.68343,2026-04-08 20:00:00+00:00
1775692800000,71069.93,71198.8,70466.0,70992.39,2645.29554,2026-04-09 00:00:00+00:00
1775707200000,70992.37,71116.0,70689.38,70982.01,2261.38499,2026-04-09 04:00:00+00:00
1775721600000,70982.01,71575.0,70865.42,71150.17,1825.96774,2026-04-09 08:00:00+00:00
1775736000000,71150.17,72358.0,70522.77,72141.99,4001.11726,2026-04-09 12:00:00+00:00
1775750400000,72142.0,72550.0,71729.66,72096.32,4013.80807,2026-04-09 16:00:00+00:00
1775764800000,72096.33,73145.0,71585.25,71787.97,3410.84799,2026-04-09 20:00:00+00:00
1775779200000,71787.98,72387.0,71573.35,71868.67,2706.87605,2026-04-10 00:00:00+00:00
1775793600000,71868.67,72267.89,71428.0,71481.85,2293.26674,2026-04-10 04:00:00+00:00
1775808000000,71481.85,72261.93,71426.15,72127.59,1565.72366,2026-04-10 08:00:00+00:00
1775822400000,72127.59,73289.96,71899.51,72460.51,5093.36163,2026-04-10 12:00:00+00:00
1775836800000,72460.52,73264.76,72387.41,73236.11,2498.15366,2026-04-10 16:00:00+00:00
1775851200000,73236.11,73434.0,72700.6,72962.7,3215.25114,2026-04-10 20:00:00+00:00
1775865600000,72962.71,73094.89,72670.0,72866.63,1637.40665,2026-04-11 00:00:00+00:00
1775880000000,72866.62,72954.28,72612.16,72745.38,1432.18692,2026-04-11 04:00:00+00:00
1775894400000,72745.38,72915.95,72617.75,72907.05,905.10314,2026-04-11 08:00:00+00:00
1775908800000,72907.05,72982.4,72513.09,72858.17,1133.77392,2026-04-11 12:00:00+00:00
1775923200000,72858.18,73790.0,72812.94,73687.15,2377.30473,2026-04-11 16:00:00+00:00
1775937600000,73687.16,73689.97,72907.4,73043.16,1585.16838,2026-04-11 20:00:00+00:00
1775952000000,73043.16,73137.24,71310.0,71593.19,4092.12587,2026-04-12 00:00:00+00:00
1775966400000,71593.18,71781.0,71417.22,71665.0,1969.72049,2026-04-12 04:00:00+00:00
1775980800000,71664.99,71805.85,71357.76,71468.55,1780.81611,2026-04-12 08:00:00+00:00
1775995200000,71468.54,71500.0,70604.07,70892.03,2361.32179,2026-04-12 12:00:00+00:00
1776009600000,70892.04,71222.58,70821.05,71084.18,991.98626,2026-04-12 16:00:00+00:00
1776024000000,71084.18,71452.0,70505.88,70740.98,2276.49749,2026-04-12 20:00:00+00:00
1776038400000,70741.56,71271.78,70615.3,70976.0,1886.6472,2026-04-13 00:00:00+00:00
1776052800000,70975.99,71144.0,70672.72,70813.88,2674.10149,2026-04-13 04:00:00+00:00
1776067200000,70813.88,70997.12,70566.99,70929.68,1023.04479,2026-04-13 08:00:00+00:00
1776081600000,70929.68,72464.28,70758.5,71866.59,5445.44909,2026-04-13 12:00:00+00:00
1776096000000,71866.59,73480.0,71679.8,73322.82,6766.75131,2026-04-13 16:00:00+00:00
1776110400000,73322.0,74900.0,73007.08,74417.99,6434.22237,2026-04-13 20:00:00+00:00
1776124800000,74418.0,74579.32,73954.86,74444.43,3586.04231,2026-04-14 00:00:00+00:00
1776139200000,74444.44,74924.64,74150.6,74546.0,3393.84035,2026-04-14 04:00:00+00:00
1776153600000,74545.99,74910.0,74307.35,74376.52,2697.70497,2026-04-14 08:00:00+00:00
1776168000000,74376.52,76038.0,74277.19,75317.07,9779.47075,2026-04-14 12:00:00+00:00
1776182400000,75317.06,75688.0,73795.47,74223.18,4920.10933,2026-04-14 16:00:00+00:00
1776196800000,74223.3,74434.33,73806.09,74131.55,2155.77685,2026-04-14 20:00:00+00:00
1776211200000,74131.55,74786.72,74126.32,74345.97,2142.74367,2026-04-15 00:00:00+00:00
1776225600000,74345.98,74434.51,73514.0,73730.43,3073.4123,2026-04-15 04:00:00+00:00
1776240000000,73730.43,74256.44,73675.96,74201.78,1889.67298,2026-04-15 08:00:00+00:00
1776254400000,74201.78,74506.84,73580.85,73844.08,2744.86135,2026-04-15 12:00:00+00:00
1776268800000,73844.07,75281.0,73762.89,75002.6,2728.37363,2026-04-15 16:00:00+00:00
1776283200000,75002.6,75425.0,74512.06,74809.99,1845.97774,2026-04-15 20:00:00+00:00
1776297600000,74809.99,75267.85,74451.49,74888.21,1937.97594,2026-04-16 00:00:00+00:00
1776312000000,74888.21,75174.38,74636.0,74707.03,2185.42777,2026-04-16 04:00:00+00:00
1776326400000,74707.02,74901.5,74277.34,74574.79,2687.27336,2026-04-16 08:00:00+00:00
1776340800000,74574.8,75030.39,73309.85,74697.19,5210.02393,2026-04-16 12:00:00+00:00
1776355200000,74697.2,75410.71,73912.23,75342.99,3497.56,2026-04-16 16:00:00+00:00
1776369600000,75343.0,75534.76,74789.5,75154.29,1570.42677,2026-04-16 20:00:00+00:00
1776384000000,75154.28,75154.77,74529.4,74615.82,2160.86835,2026-04-17 00:00:00+00:00
1776398400000,74615.82,75089.51,74555.12,75074.77,1339.49148,2026-04-17 04:00:00+00:00
1776412800000,75074.76,76370.25,74993.24,75589.7,4979.26567,2026-04-17 08:00:00+00:00
1776427200000,75589.7,78052.49,75531.97,77785.02,11844.17586,2026-04-17 12:00:00+00:00
1776441600000,77785.03,78333.0,77000.0,77393.58,3865.48754,2026-04-17 16:00:00+00:00
1776456000000,77393.58,77611.68,76911.0,77072.0,1752.07804,2026-04-17 20:00:00+00:00
1776470400000,77072.01,77420.08,76962.67,77005.47,1127.42699,2026-04-18 00:00:00+00:00
1776484800000,77005.47,77278.58,76884.1,76997.8,1126.90915,2026-04-18 04:00:00+00:00
1776499200000,76997.79,77048.0,75763.76,76039.05,2670.18059,2026-04-18 08:00:00+00:00
1776513600000,76039.06,76363.75,75797.53,76167.34,1672.54902,2026-04-18 12:00:00+00:00
1776528000000,76167.33,76211.57,75445.16,75649.85,1564.20833,2026-04-18 16:00:00+00:00
1776542400000,75649.86,75891.64,75599.64,75691.76,980.57048,2026-04-18 20:00:00+00:00
1776556800000,75691.76,75847.42,75357.0,75515.77,1006.37687,2026-04-19 00:00:00+00:00
1776571200000,75515.76,75782.63,74867.72,75252.34,1626.173,2026-04-19 04:00:00+00:00
1776585600000,75252.33,75641.99,74921.74,75604.11,1388.70023,2026-04-19 08:00:00+00:00
1776600000000,75604.11,76240.66,75401.44,75846.63,2918.88485,2026-04-19 12:00:00+00:00
1776614400000,75846.63,75853.26,74608.0,74965.47,2037.3962,2026-04-19 16:00:00+00:00
1776628800000,74965.46,74965.47,73762.9,73801.79,2392.29117,2026-04-19 20:00:00+00:00
1776643200000,73801.8,74746.93,73724.31,74634.0,2498.4367,2026-04-20 00:00:00+00:00
1776657600000,74634.01,75572.0,74095.18,74837.17,2480.55303,2026-04-20 04:00:00+00:00
1776672000000,74837.18,75404.63,74619.41,75192.71,1646.53372,2026-04-20 08:00:00+00:00
1776686400000,75192.72,75772.72,74702.0,75716.77,3717.10765,2026-04-20 12:00:00+00:00
1776700800000,75716.78,76486.67,75289.92,76296.96,4186.21296,2026-04-20 16:00:00+00:00
1776715200000,76296.97,76558.62,75617.6,75840.97,2464.56628,2026-04-20 20:00:00+00:00
1776729600000,75840.97,76263.4,75474.77,75710.3,1612.43915,2026-04-21 00:00:00+00:00
1776744000000,75710.31,76300.0,75600.0,76084.34,2226.77918,2026-04-21 04:00:00+00:00
1776758400000,76084.34,76927.57,76063.98,76452.94,2659.19547,2026-04-21 08:00:00+00:00
1776772800000,76452.94,76595.3,75430.62,75834.65,3598.9457,2026-04-21 12:00:00+00:00
1776787200000,75834.66,76190.72,74821.57,75023.43,2902.15339,2026-04-21 16:00:00+00:00
1776801600000,75023.43,76425.37,74967.58,76336.15,1913.05843,2026-04-21 20:00:00+00:00
1776816000000,76336.14,77733.11,76132.95,77521.48,3427.92326,2026-04-22 00:00:00+00:00
1776830400000,77521.47,78452.18,77364.25,78012.79,4391.05885,2026-04-22 04:00:00+00:00
1776844800000,78012.78,78399.0,77941.59,78300.0,2316.44812,2026-04-22 08:00:00+00:00
1776859200000,78300.0,79400.0,78114.04,79272.9,5465.82641,2026-04-22 12:00:00+00:00
1776873600000,79272.91,79472.82,78632.37,78846.62,2393.5344,2026-04-22 16:00:00+00:00
1776888000000,78846.62,78915.84,78155.83,78178.23,1742.72121,2026-04-22 20:00:00+00:00
1776902400000,78178.22,78574.44,77453.43,77746.46,3482.97564,2026-04-23 00:00:00+00:00
1776916800000,77746.47,78339.35,77675.8,78048.62,1711.42731,2026-04-23 04:00:00+00:00
1776931200000,78048.61,78175.52,77174.01,77704.62,3562.23716,2026-04-23 08:00:00+00:00
1776945600000,77704.61,78662.5,77379.92,78376.76,3163.89025,2026-04-23 12:00:00+00:00
1776960000000,78376.77,78509.82,76960.0,77727.26,3947.74807,2026-04-23 16:00:00+00:00
1776974400000,77727.25,78331.0,77637.5,78257.48,1102.51658,2026-04-23 20:00:00+00:00
1776988800000,78257.48,78581.93,77555.0,77737.85,2050.74535,2026-04-24 00:00:00+00:00
1777003200000,77737.84,78057.65,77457.0,77644.6,2006.47598,2026-04-24 04:00:00+00:00
1777017600000,77644.59,78372.58,77402.01,78240.26,2919.1254,2026-04-24 08:00:00+00:00
1777032000000,78240.27,78479.37,77577.22,78038.62,2850.11432,2026-04-24 12:00:00+00:00
1777046400000,78038.63,78060.29,77363.63,77628.85,1634.32254,2026-04-24 16:00:00+00:00
1777060800000,77628.84,77757.14,77264.08,77437.13,1214.35956,2026-04-24 20:00:00+00:00
1777075200000,77437.13,77711.87,77309.92,77679.07,943.00804,2026-04-25 00:00:00+00:00
1777089600000,77679.08,77691.23,77450.0,77501.19,894.01774,2026-04-25 04:00:00+00:00
1777104000000,77501.19,77885.35,77491.36,77682.3,753.19705,2026-04-25 08:00:00+00:00
1777118400000,77682.29,77752.54,77299.89,77330.26,1006.59668,2026-04-25 12:00:00+00:00
1777132800000,77330.25,77454.31,77140.23,77330.01,1247.67486,2026-04-25 16:00:00+00:00
1777147200000,77330.0,77650.0,77311.05,77625.0,840.61983,2026-04-25 20:00:00+00:00
1777161600000,77625.0,77642.43,77326.51,77400.21,671.17692,2026-04-26 00:00:00+00:00
1777176000000,77400.21,78200.0,77383.46,78102.53,1405.76785,2026-04-26 04:00:00+00:00
1777190400000,78102.53,78210.0,77926.59,78101.44,721.69853,2026-04-26 08:00:00+00:00
1777204800000,78101.43,78173.15,77770.0,78049.0,1130.54235,2026-04-26 12:00:00+00:00
1777219200000,78049.0,78500.0,77850.0,78221.16,1505.06004,2026-04-26 16:00:00+00:00
1777233600000,78221.17,78961.0,77843.75,78657.55,2529.31593,2026-04-26 20:00:00+00:00
1777248000000,78657.55,79485.66,78400.03,79105.49,3042.99628,2026-04-27 00:00:00+00:00
1777262400000,79105.5,79160.0,77465.05,77606.6,3608.39615,2026-04-27 04:00:00+00:00
1777276800000,77606.59,77980.0,77553.23,77844.26,1607.93582,2026-04-27 08:00:00+00:00
1777291200000,77844.25,78265.34,76564.33,76793.09,3804.78309,2026-04-27 12:00:00+00:00
1777305600000,76793.1,76990.43,76459.64,76878.07,2644.9239,2026-04-27 16:00:00+00:00
1777320000000,76878.23,77450.0,76763.71,77371.32,1337.88894,2026-04-27 20:00:00+00:00
1777334400000,77371.32,77478.0,76672.0,76815.18,1448.26407,2026-04-28 00:00:00+00:00
1777348800000,76815.18,77154.0,76424.9,76879.28,2882.71195,2026-04-28 04:00:00+00:00
1777363200000,76879.28,77013.63,76130.1,76229.0,2842.73206,2026-04-28 08:00:00+00:00
1777377600000,76228.99,76421.94,75666.6,76066.38,3776.77215,2026-04-28 12:00:00+00:00
1777392000000,76066.37,76380.83,75881.28,76330.97,1381.80454,2026-04-28 16:00:00+00:00
1777406400000,76330.97,76481.3,76197.02,76342.77,878.43906,2026-04-28 20:00:00+00:00
1777420800000,76342.78,77127.62,76187.75,76994.78,1891.92924,2026-04-29 00:00:00+00:00
1777435200000,76994.77,77455.71,76880.0,77053.64,2974.5751,2026-04-29 04:00:00+00:00
1777449600000,77053.65,77904.93,76972.32,77590.03,2697.20554,2026-04-29 08:00:00+00:00
1777464000000,77590.04,77596.39,75705.32,75924.25,5263.52444,2026-04-29 12:00:00+00:00
1777478400000,75924.24,76274.8,74937.52,75563.86,3962.49362,2026-04-29 16:00:00+00:00
1777492800000,75563.87,76088.9,75497.43,75780.0,1490.20228,2026-04-29 20:00:00+00:00
1777507200000,75780.0,76473.26,75494.7,75928.1,1613.44526,2026-04-30 00:00:00+00:00
1777521600000,75928.09,76179.91,75323.65,76161.67,1807.58096,2026-04-30 04:00:00+00:00
1777536000000,76161.67,76339.38,75876.29,76059.43,1712.03014,2026-04-30 08:00:00+00:00
1777550400000,76059.42,76669.14,76042.75,76473.6,3506.19966,2026-04-30 12:00:00+00:00
1777564800000,76473.6,76514.8,76111.0,76412.8,930.96663,2026-04-30 16:00:00+00:00
1777579200000,76412.8,76568.9,76206.02,76346.57,811.59342,2026-04-30 20:00:00+00:00
1777593600000,76346.58,77453.74,76320.42,77131.08,2250.38749,2026-05-01 00:00:00+00:00
1777608000000,77131.08,77206.38,76653.6,77130.54,2352.39487,2026-05-01 04:00:00+00:00
1777622400000,77130.54,77600.0,77048.0,77463.98,1968.27324,2026-05-01 08:00:00+00:00
1777636800000,77463.98,78914.12,77408.73,78445.89,6731.19551,2026-05-01 12:00:00+00:00
1777651200000,78445.88,78683.23,78131.02,78360.0,2194.42574,2026-05-01 16:00:00+00:00
1777665600000,78360.01,78422.81,77752.0,78231.13,1818.78817,2026-05-01 20:00:00+00:00
1777680000000,78231.13,78514.82,78166.48,78400.0,1196.13639,2026-05-02 00:00:00+00:00
1777694400000,78399.99,78448.99,78040.0,78220.0,1475.03871,2026-05-02 04:00:00+00:00
1777708800000,78220.0,78394.0,78094.43,78143.08,868.1323,2026-05-02 08:00:00+00:00
1777723200000,78143.09,78487.68,78108.41,78487.67,726.08154,2026-05-02 12:00:00+00:00
1777737600000,78487.67,78596.61,78310.54,78486.0,708.03792,2026-05-02 16:00:00+00:00
1777752000000,78486.23,79199.48,78418.32,78686.85,1177.44956,2026-05-02 20:00:00+00:00
1777766400000,78686.84,78754.55,78108.75,78203.08,1047.76325,2026-05-03 00:00:00+00:00
1777780800000,78203.07,78483.67,78084.08,78363.25,794.16967,2026-05-03 04:00:00+00:00
1777795200000,78363.24,78849.22,78354.53,78656.01,948.77514,2026-05-03 08:00:00+00:00
1777809600000,78656.01,78878.77,78586.99,78668.36,1137.8563,2026-05-03 12:00:00+00:00
1777824000000,78668.36,78853.32,78558.65,78760.32,916.2637,2026-05-03 16:00:00+00:00
1777838400000,78760.32,79447.0,78484.42,78568.57,2580.96484,2026-05-03 20:00:00+00:00
1777852800000,78568.58,80458.0,78288.88,80316.31,5091.61332,2026-05-04 00:00:00+00:00
1777867200000,80316.3,80635.51,79500.0,79696.75,3632.41236,2026-05-04 04:00:00+00:00
1777881600000,79696.75,79930.0,78202.0,78793.67,5989.03806,2026-05-04 08:00:00+00:00
1777896000000,78793.67,80545.17,78500.0,80028.85,5918.14009,2026-05-04 12:00:00+00:00
1777910400000,80028.85,80776.99,79619.33,80053.31,3742.49503,2026-05-04 16:00:00+00:00
1777924800000,80053.31,80397.19,79744.91,79861.01,1669.26249,2026-05-04 20:00:00+00:00
1777939200000,79861.01,81083.98,79808.72,80893.08,2402.14099,2026-05-05 00:00:00+00:00
1777953600000,80893.08,81323.52,80725.0,80855.59,2974.59341,2026-05-05 04:00:00+00:00
1777968000000,80855.59,81095.48,80527.76,81014.05,2484.57226,2026-05-05 08:00:00+00:00
1777982400000,81014.05,81712.32,80932.54,81525.19,4561.19169,2026-05-05 12:00:00+00:00
1777996800000,81525.19,81680.0,81050.04,81606.35,1780.45876,2026-05-05 16:00:00+00:00
1778011200000,81606.35,81791.48,80790.0,80905.52,2744.22284,2026-05-05 20:00:00+00:00
1778025600000,80905.53,81760.84,80731.14,81581.69,3011.74344,2026-05-06 00:00:00+00:00
1778040000000,81581.7,81649.99,81060.0,81359.82,2300.70653,2026-05-06 04:00:00+00:00
1778054400000,81359.82,82850.0,81328.68,82522.89,5188.93186,2026-05-06 08:00:00+00:00
1778068800000,82522.88,82539.33,81136.0,81704.25,4508.6602,2026-05-06 12:00:00+00:00
1778083200000,81704.25,81907.51,81200.0,81464.87,2369.91746,2026-05-06 16:00:00+00:00
1778097600000,81464.86,81700.0,81000.0,81447.01,1418.81447,2026-05-06 20:00:00+00:00
1778112000000,81447.01,81490.03,80830.23,80834.91,2068.1731,2026-05-07 00:00:00+00:00
1778126400000,80834.92,81708.32,80725.09,81518.58,2038.83969,2026-05-07 04:00:00+00:00
1778140800000,81518.57,81590.0,80572.4,80866.65,2364.09693,2026-05-07 08:00:00+00:00
1778155200000,80866.65,81180.0,79699.52,79890.63,4826.66306,2026-05-07 12:00:00+00:00
1778169600000,79890.0,80269.06,79500.0,80146.11,3315.14425,2026-05-07 16:00:00+00:00
1778184000000,80146.77,80371.23,79582.95,80006.0,1541.88635,2026-05-07 20:00:00+00:00
1778198400000,80006.0,80142.84,79181.48,79578.85,3093.73664,2026-05-08 00:00:00+00:00
1778212800000,79578.84,79778.95,79248.58,79682.4,2410.56518,2026-05-08 04:00:00+00:00
1778227200000,79682.4,80340.94,79666.05,80231.22,2348.19703,2026-05-08 08:00:00+00:00
1778241600000,80231.22,80500.0,79549.54,80142.14,3741.40163,2026-05-08 12:00:00+00:00
1778256000000,80142.13,80299.99,79738.75,80179.94,3047.90033,2026-05-08 16:00:00+00:00
1778270400000,80180.0,80409.09,80089.76,80193.17,1359.50928,2026-05-08 20:00:00+00:00
1778284800000,80193.18,80550.67,80129.85,80383.95,1093.10948,2026-05-09 00:00:00+00:00
1778299200000,80383.96,80666.66,80135.0,80228.89,1481.48785,2026-05-09 04:00:00+00:00
1778313600000,80228.88,80452.44,80166.26,80345.46,1009.73824,2026-05-09 08:00:00+00:00
1778328000000,80345.47,80600.0,80234.0,80527.92,1439.92073,2026-05-09 12:00:00+00:00
1778342400000,80527.92,81080.0,80487.4,80938.53,1533.85565,2026-05-09 16:00:00+00:00
1778356800000,80938.53,80938.53,80621.88,80678.4,990.30982,2026-05-09 20:00:00+00:00
1778371200000,80678.41,80887.15,80572.77,80775.0,1332.26793,2026-05-10 00:00:00+00:00
1778385600000,80774.99,80840.0,80658.97,80736.03,1238.41638,2026-05-10 04:00:00+00:00
1778400000000,80736.03,80975.4,80691.0,80821.21,1108.70905,2026-05-10 08:00:00+00:00
1778414400000,80821.21,81442.81,80784.2,81418.01,1642.67937,2026-05-10 12:00:00+00:00
1778428800000,81418.01,81583.11,81148.0,81437.83,1798.22732,2026-05-10 16:00:00+00:00
1778443200000,81437.83,82479.32,80279.77,82210.07,4914.01877,2026-05-10 20:00:00+00:00
1778457600000,82210.07,82380.0,80525.0,80736.01,3139.85094,2026-05-11 00:00:00+00:00
1778472000000,80736.0,81049.51,80639.99,80740.4,1595.10256,2026-05-11 04:00:00+00:00
1778486400000,80740.4,81200.0,80621.87,81196.94,1639.3936,2026-05-11 08:00:00+00:00
1778500800000,81196.95,81458.0,80462.97,81445.9,2668.23418,2026-05-11 12:00:00+00:00
1778515200000,81445.89,82137.26,81344.72,81961.99,2673.46567,2026-05-11 16:00:00+00:00
1778529600000,81961.99,82078.91,81596.31,81745.65,1235.71361,2026-05-11 20:00:00+00:00
1778544000000,81745.66,81788.0,80714.28,81058.8,1860.32116,2026-05-12 00:00:00+00:00
1778558400000,81058.79,81305.24,80800.77,80865.4,1779.90239,2026-05-12 04:00:00+00:00
1778572800000,80865.4,80964.13,80496.57,80784.87,1973.06446,2026-05-12 08:00:00+00:00
1778587200000,80784.86,80999.0,80188.65,80336.01,3205.73752,2026-05-12 12:00:00+00:00
1778601600000,80336.01,80874.42,79843.59,80834.64,2673.67675,2026-05-12 16:00:00+00:00
1778616000000,80835.3,80896.25,80439.91,80504.47,893.55448,2026-05-12 20:00:00+00:00
1778630400000,80504.47,81299.99,80412.15,81249.99,1575.91837,2026-05-13 00:00:00+00:00
1778644800000,81249.99,81281.07,80889.12,81026.92,1495.76347,2026-05-13 04:00:00+00:00
1778659200000,81026.92,81324.64,80494.98,80501.22,1841.28298,2026-05-13 08:00:00+00:00
1778673600000,80501.22,80592.65,78807.22,78827.21,5073.46241,2026-05-13 12:00:00+00:00
1778688000000,78827.21,79800.0,78754.65,79642.41,3344.60077,2026-05-13 16:00:00+00:00
1778702400000,79642.41,79760.0,79228.0,79313.61,1479.02843,2026-05-13 20:00:00+00:00
1778716800000,79313.61,79681.73,78922.0,79044.85,2209.55472,2026-05-14 00:00:00+00:00
1778731200000,79044.86,79998.0,78982.06,79745.98,2068.97946,2026-05-14 04:00:00+00:00
1778745600000,79745.99,79936.98,79234.0,79258.27,1846.46215,2026-05-14 08:00:00+00:00
1778760000000,79258.27,81332.23,79230.31,81301.23,5702.09728,2026-05-14 12:00:00+00:00
1778774400000,81301.22,82048.13,81080.25,81419.74,6279.93607,2026-05-14 16:00:00+00:00
1778788800000,81419.75,81590.19,81059.93,81089.99,1620.83839,2026-05-14 20:00:00+00:00
1778803200000,81090.0,81664.45,80750.0,81059.15,2453.72559,2026-05-15 00:00:00+00:00
1778817600000,81059.15,81100.0,80314.0,80814.88,3091.1014,2026-05-15 04:00:00+00:00
1778832000000,80814.88,80822.95,80369.0,80628.53,1706.25967,2026-05-15 08:00:00+00:00
1778846400000,80628.52,80635.44,78659.0,79150.27,6208.56941,2026-05-15 12:00:00+00:00
1778860800000,79150.26,79561.94,79051.0,79146.5,1959.36078,2026-05-15 16:00:00+00:00
1778875200000,79146.5,79217.07,78911.42,79113.21,1932.25394,2026-05-15 20:00:00+00:00
1778889600000,79113.2,79227.77,79010.0,79083.18,1248.1828,2026-05-16 00:00:00+00:00
1778904000000,79083.19,79129.71,78066.0,78369.77,2404.82958,2026-05-16 04:00:00+00:00
1778918400000,78369.78,78530.52,77640.0,78081.71,3846.10003,2026-05-16 08:00:00+00:00
1778932800000,78080.46,78346.0,77833.4,78238.67,2684.35726,2026-05-16 12:00:00+00:00
1778947200000,78238.68,78364.65,78119.72,78259.66,1260.04581,2026-05-16 16:00:00+00:00
1778961600000,78259.67,78318.94,78125.32,78148.05,689.34644,2026-05-16 20:00:00+00:00
1778976000000,78148.05,78243.19,77721.19,78028.88,1284.92928,2026-05-17 00:00:00+00:00
1778990400000,78028.88,78323.96,78003.35,78180.01,952.09545,2026-05-17 04:00:00+00:00
1779004800000,78180.0,78599.99,78033.01,78415.99,1136.18338,2026-05-17 08:00:00+00:00
1779019200000,78415.99,78550.0,77850.0,78051.41,1115.91599,2026-05-17 12:00:00+00:00
1779033600000,78051.42,78468.46,77856.69,78415.3,837.07576,2026-05-17 16:00:00+00:00
1779048000000,78415.29,78485.36,76735.16,77457.67,3116.50234,2026-05-17 20:00:00+00:00
1779062400000,77457.67,77477.99,76707.61,76924.65,2888.01155,2026-05-18 00:00:00+00:00
1779076800000,76924.66,77089.29,76583.33,77073.69,2702.66726,2026-05-18 04:00:00+00:00
1779091200000,77073.69,77403.48,76668.58,77285.83,2052.55387,2026-05-18 08:00:00+00:00
1779105600000,77285.83,77800.0,76051.0,76409.46,6216.09738,2026-05-18 12:00:00+00:00
1779120000000,76409.46,76995.0,76144.24,76928.0,3295.85681,2026-05-18 16:00:00+00:00
1779134400000,76928.0,77222.79,76800.0,77001.87,1590.32991,2026-05-18 20:00:00+00:00
1779148800000,77001.88,77414.62,76487.83,76787.11,2006.76014,2026-05-19 00:00:00+00:00
1779163200000,76787.1,77278.57,76644.98,77233.69,1508.45954,2026-05-19 04:00:00+00:00
1779177600000,77233.68,77317.02,76633.83,76714.62,1745.68912,2026-05-19 08:00:00+00:00
1779192000000,76714.61,77048.72,76144.71,76521.23,3363.76947,2026-05-19 12:00:00+00:00
1779206400000,76521.24,77065.8,76407.72,76818.74,1634.99916,2026-05-19 16:00:00+00:00
1779220800000,76818.73,77040.83,76642.95,76834.36,765.18235,2026-05-19 20:00:00+00:00
1779235200000,76834.36,76922.46,76516.74,76723.54,1561.801,2026-05-20 00:00:00+00:00
1779249600000,76723.55,77472.21,76692.0,77282.64,2218.09189,2026-05-20 04:00:00+00:00
1779264000000,77282.65,77663.0,77210.33,77382.49,1682.41191,2026-05-20 08:00:00+00:00
1779278400000,77382.5,77853.04,76891.61,77455.46,3039.76807,2026-05-20 12:00:00+00:00
1779292800000,77455.45,77713.66,77018.38,77667.49,1712.28825,2026-05-20 16:00:00+00:00
1779307200000,77667.49,77766.6,77226.61,77552.23,1081.90195,2026-05-20 20:00:00+00:00
1779321600000,77552.24,78173.15,77525.0,78078.72,2263.9569,2026-05-21 00:00:00+00:00
1779336000000,78078.72,78180.01,77521.0,77889.01,1454.09234,2026-05-21 04:00:00+00:00
1779350400000,77889.01,78200.0,77147.15,77189.1,1934.87402,2026-05-21 08:00:00+00:00
1779364800000,77189.1,77402.12,76719.47,77259.46,2353.9044,2026-05-21 12:00:00+00:00
1779379200000,77259.45,78098.16,77008.75,77690.56,2693.31851,2026-05-21 16:00:00+00:00
1779393600000,77690.56,77813.35,77534.43,77615.52,618.11224,2026-05-21 20:00:00+00:00
1779408000000,77615.52,77817.8,77327.28,77779.98,884.30161,2026-05-22 00:00:00+00:00
1779422400000,77779.98,77900.0,77288.77,77408.06,1756.84353,2026-05-22 04:00:00+00:00
1779436800000,77408.07,77535.0,77184.45,77428.84,1436.53453,2026-05-22 08:00:00+00:00
1779451200000,77428.83,77584.94,76570.0,76790.59,2613.83665,2026-05-22 12:00:00+00:00
1779465600000,76790.6,77093.72,75668.76,75860.44,2815.05544,2026-05-22 16:00:00+00:00
1779480000000,75860.44,76087.85,75359.18,75539.5,1765.78958,2026-05-22 20:00:00+00:00
1779494400000,75539.5,75664.62,75220.0,75635.22,1896.10926,2026-05-23 00:00:00+00:00
1779508800000,75635.22,75650.63,74289.6,74609.36,2690.99014,2026-05-23 04:00:00+00:00
1779523200000,74609.37,74873.55,74303.56,74789.99,2509.09623,2026-05-23 08:00:00+00:00
1779537600000,74789.99,75726.3,74660.05,75520.0,2943.5001,2026-05-23 12:00:00+00:00
1779552000000,75519.99,76012.22,75371.72,75983.45,1772.27259,2026-05-23 16:00:00+00:00
1779566400000,75983.45,77404.18,75953.94,76752.01,3274.91982,2026-05-23 20:00:00+00:00
1779580800000,76752.0,77011.62,76629.02,76750.0,1051.70404,2026-05-24 00:00:00+00:00
1779595200000,76750.01,77065.94,76651.59,76799.99,817.66826,2026-05-24 04:00:00+00:00
1779609600000,76799.99,77543.15,76734.42,77320.06,1746.24676,2026-05-24 08:00:00+00:00
1779624000000,77320.06,77325.72,76195.36,76371.59,1982.25663,2026-05-24 12:00:00+00:00
1779638400000,76371.59,76799.99,76371.59,76773.34,882.04437,2026-05-24 16:00:00+00:00
1779652800000,76773.33,77225.97,76108.0,77064.96,1918.0815,2026-05-24 20:00:00+00:00
1779667200000,77064.96,77485.0,76914.25,77026.67,1368.4044,2026-05-25 00:00:00+00:00
1779681600000,77026.68,77650.0,76990.78,77401.12,1348.52945,2026-05-25 04:00:00+00:00
1779696000000,77401.11,77699.97,77280.32,77357.5,1214.44703,2026-05-25 08:00:00+00:00
1779710400000,77357.5,77905.52,77286.5,77628.82,1563.39696,2026-05-25 12:00:00+00:00
1779724800000,77628.82,77807.29,77343.61,77441.86,1121.16576,2026-05-25 16:00:00+00:00
1779739200000,77441.85,77500.0,77019.82,77322.01,1056.37837,2026-05-25 20:00:00+00:00
1779753600000,77322.01,77345.0,76475.59,76664.01,2145.81269,2026-05-26 00:00:00+00:00
1779768000000,76664.0,77059.74,76603.73,76730.84,2043.2043,2026-05-26 04:00:00+00:00
1779782400000,76730.84,77621.75,76586.94,77183.55,1896.99632,2026-05-26 08:00:00+00:00
1779796800000,77183.56,78080.0,76272.63,76518.1,4834.0846,2026-05-26 12:00:00+00:00
1779811200000,76518.1,76710.01,75779.3,76052.0,4688.69854,2026-05-26 16:00:00+00:00
1779825600000,76052.0,76180.0,75677.97,75930.01,1344.67984,2026-05-26 20:00:00+00:00
1779840000000,75930.01,76104.02,75607.62,75683.0,2404.25109,2026-05-27 00:00:00+00:00
1779854400000,75683.0,75980.0,75310.9,75977.17,2224.40852,2026-05-27 04:00:00+00:00
1779868800000,75977.16,76071.41,75710.76,75769.18,1291.66875,2026-05-27 08:00:00+00:00
1779883200000,75769.18,76174.15,74758.33,75326.01,5186.20338,2026-05-27 12:00:00+00:00
1779897600000,75326.02,75408.01,74663.45,75066.08,3165.53822,2026-05-27 16:00:00+00:00
1779912000000,75066.09,75415.81,74243.99,74449.3,2605.70487,2026-05-27 20:00:00+00:00
1779926400000,74449.31,74590.77,73060.59,73258.01,5727.94403,2026-05-28 00:00:00+00:00
1779940800000,73258.0,73512.14,72728.85,73498.0,4799.6102,2026-05-28 04:00:00+00:00
1779955200000,73498.0,73616.0,73193.13,73505.66,1994.38372,2026-05-28 08:00:00+00:00
1779969600000,73505.65,73580.75,72582.82,72928.73,4632.38493,2026-05-28 12:00:00+00:00
1779984000000,72928.73,73749.69,72741.4,73419.32,2524.28664,2026-05-28 16:00:00+00:00
1779998400000,73419.31,73949.22,73241.48,73617.51,1595.41074,2026-05-28 20:00:00+00:00
1780012800000,73617.52,73868.33,73189.11,73301.52,2123.30407,2026-05-29 00:00:00+00:00
1780027200000,73301.53,73939.19,73210.21,73528.56,2641.80699,2026-05-29 04:00:00+00:00
1780041600000,73528.55,73902.85,73341.85,73487.98,2197.79295,2026-05-29 08:00:00+00:00
1780056000000,73487.98,74200.0,72512.49,73808.26,4624.93207,2026-05-29 12:00:00+00:00
1780070400000,73808.25,74514.1,73187.25,73520.28,5596.86593,2026-05-29 16:00:00+00:00
1780084800000,73520.29,73844.0,73320.0,73460.78,1502.0394,2026-05-29 20:00:00+00:00
1780099200000,73460.78,73796.43,73408.62,73524.01,1539.64276,2026-05-30 00:00:00+00:00
1780113600000,73524.01,73709.91,73216.0,73548.6,1487.87007,2026-05-30 04:00:00+00:00
1780128000000,73548.6,73680.75,73500.02,73602.02,1076.47863,2026-05-30 08:00:00+00:00
1780142400000,73602.01,74100.0,73594.4,73930.14,1485.09864,2026-05-30 12:00:00+00:00
1780156800000,73930.13,74143.76,73811.3,74016.65,836.20775,2026-05-30 16:00:00+00:00
1780171200000,74016.64,74054.0,73781.3,73884.38,1090.11124,2026-05-30 20:00:00+00:00
1780185600000,73884.38,74275.66,73858.56,74150.64,1099.56261,2026-05-31 00:00:00+00:00
1780200000000,74150.64,74221.33,73836.0,73871.24,869.39106,2026-05-31 04:00:00+00:00
1780214400000,73871.25,74024.0,73699.2,73937.79,1250.59286,2026-05-31 08:00:00+00:00
1780228800000,73937.63,74023.99,73483.05,73655.21,1349.33176,2026-05-31 12:00:00+00:00
1780243200000,73655.2,73734.0,73400.0,73563.42,985.40321,2026-05-31 16:00:00+00:00
1780257600000,73563.41,74198.0,73500.0,73674.39,1432.17557,2026-05-31 20:00:00+00:00
1780272000000,73674.39,74092.0,73222.0,73769.06,1797.97503,2026-06-01 00:00:00+00:00
1780286400000,73769.06,73841.37,72704.0,72818.0,2313.7758,2026-06-01 04:00:00+00:00
1780300800000,72818.0,73095.64,72290.0,72479.99,4064.81004,2026-06-01 08:00:00+00:00
1780315200000,72480.0,72610.0,71066.33,71129.62,8608.45364,2026-06-01 12:00:00+00:00
1780329600000,71129.62,71800.73,70686.68,71595.24,4920.23395,2026-06-01 16:00:00+00:00
1780344000000,71595.24,71690.0,70840.9,71408.9,2215.84338,2026-06-01 20:00:00+00:00
1780358400000,71408.9,71408.9,70111.0,70953.69,3525.64758,2026-06-02 00:00:00+00:00
1780372800000,70953.7,71048.0,69733.0,70118.42,4217.43297,2026-06-02 04:00:00+00:00
1780387200000,70118.42,70172.0,69324.65,69461.72,3766.33037,2026-06-02 08:00:00+00:00
1780401600000,69461.73,69548.13,67076.0,67304.28,9534.68154,2026-06-02 12:00:00+00:00
1780416000000,67304.29,68146.3,66432.0,67315.14,5955.1383,2026-06-02 16:00:00+00:00
1780430400000,67315.14,67923.24,66193.0,66760.83,5858.9651,2026-06-02 20:00:00+00:00
1780444800000,66760.84,67204.15,65426.34,65849.9,5876.92165,2026-06-03 00:00:00+00:00
1780459200000,65849.9,67516.0,65834.0,67220.03,5699.32885,2026-06-03 04:00:00+00:00
1780473600000,67220.03,67476.69,66656.48,67067.37,3840.69634,2026-06-03 08:00:00+00:00
1780488000000,67067.37,67244.62,66076.0,66076.01,4537.71513,2026-06-03 12:00:00+00:00
1780502400000,66076.01,66373.18,65251.0,65462.0,4242.73831,2026-06-03 16:00:00+00:00
1780516800000,65461.99,65860.0,64092.49,64142.75,5940.90622,2026-06-03 20:00:00+00:00
1780531200000,64142.75,64540.3,61383.56,64363.49,16957.23407,2026-06-04 00:00:00+00:00
1780545600000,64363.49,64764.32,63492.89,63603.15,5000.68767,2026-06-04 04:00:00+00:00
1780560000000,63603.15,63904.63,62205.0,62545.99,8595.49118,2026-06-04 08:00:00+00:00
1780574400000,62546.0,64494.92,62392.0,63896.17,6185.98937,2026-06-04 12:00:00+00:00
1780588800000,63896.16,64163.93,62944.91,63629.38,3723.72569,2026-06-04 16:00:00+00:00
1780603200000,63629.38,63918.0,63106.04,63885.99,3114.04773,2026-06-04 20:00:00+00:00
1780617600000,63885.99,63978.0,62339.0,62730.0,4162.99809,2026-06-05 00:00:00+00:00
1780632000000,62730.0,63688.0,61126.01,63115.99,10733.42354,2026-06-05 04:00:00+00:00
1780646400000,63115.99,63259.9,61964.98,61964.99,4297.16406,2026-06-05 08:00:00+00:00
1780660800000,61964.99,62457.86,60000.0,60438.01,14801.01342,2026-06-05 12:00:00+00:00
1780675200000,60438.0,61547.24,59130.91,60300.24,13747.59231,2026-06-05 16:00:00+00:00
1780689600000,60300.24,62000.0,59940.01,61056.47,7285.09665,2026-06-05 20:00:00+00:00
1780704000000,61056.47,61530.05,60520.0,60687.04,2945.07914,2026-06-06 00:00:00+00:00
1780718400000,60687.05,61276.95,59500.0,61004.95,7062.57386,2026-06-06 04:00:00+00:00
1780732800000,61004.95,61500.0,60198.0,60802.91,3473.55766,2026-06-06 08:00:00+00:00
1780747200000,60802.9,61185.26,60396.0,60784.0,2291.49519,2026-06-06 12:00:00+00:00
1780761600000,60784.01,60971.24,60393.96,60600.01,2446.99506,2026-06-06 16:00:00+00:00
1780776000000,60600.0,61000.0,60429.09,60884.62,1575.88786,2026-06-06 20:00:00+00:00
1780790400000,60884.62,61778.33,60746.0,61701.07,2959.18911,2026-06-07 00:00:00+00:00
1780804800000,61701.06,62416.26,61482.46,62404.73,4903.20395,2026-06-07 04:00:00+00:00
1780819200000,62404.72,62960.0,62259.37,62621.96,4723.06235,2026-06-07 08:00:00+00:00
1780833600000,62621.97,62643.97,61577.12,62093.99,4554.1389,2026-06-07 12:00:00+00:00
1780848000000,62093.99,62332.0,61184.0,61328.0,2477.20723,2026-06-07 16:00:00+00:00
1780862400000,61327.99,64234.68,61217.17,63332.01,6995.30289,2026-06-07 20:00:00+00:00
1780876800000,63332.01,63863.06,62720.86,63130.12,3315.4618,2026-06-08 00:00:00+00:00
1780891200000,63130.12,63350.0,62408.0,63283.99,2834.18452,2026-06-08 04:00:00+00:00
1780905600000,63284.0,63873.08,62992.01,63479.61,3752.47446,2026-06-08 08:00:00+00:00
1780920000000,63479.62,64200.0,62718.3,63774.48,8126.80733,2026-06-08 12:00:00+00:00
1780934400000,63774.48,64046.86,63268.01,63372.01,2713.14128,2026-06-08 16:00:00+00:00
1780948800000,63372.01,63850.0,62978.66,63085.99,2311.31685,2026-06-08 20:00:00+00:00
1780963200000,63086.0,63184.0,62423.07,62875.17,3759.28744,2026-06-09 00:00:00+00:00
1780977600000,62875.18,63526.01,62748.0,63198.44,3708.0084,2026-06-09 04:00:00+00:00
1780992000000,63198.44,63208.86,62498.75,62711.12,2528.63515,2026-06-09 08:00:00+00:00
1781006400000,62711.12,62895.18,61037.0,61131.84,6183.44756,2026-06-09 12:00:00+00:00
1781020800000,61131.85,62103.39,60780.0,62098.09,4007.5249,2026-06-09 16:00:00+00:00
1781035200000,62098.09,62272.0,61556.0,61730.0,1449.31614,2026-06-09 20:00:00+00:00
1781049600000,61730.0,61974.7,61235.29,61549.64,1721.50899,2026-06-10 00:00:00+00:00
1781064000000,61549.64,61813.34,61080.0,61687.56,2220.41887,2026-06-10 04:00:00+00:00
1781078400000,61687.56,61736.0,60755.0,61034.04,2813.24386,2026-06-10 08:00:00+00:00
1781092800000,61034.04,62857.99,60960.0,62639.23,4783.79909,2026-06-10 12:00:00+00:00
1781107200000,62639.23,62646.0,61588.8,61942.44,2675.36915,2026-06-10 16:00:00+00:00
1781121600000,61942.45,61949.21,61104.24,61510.99,1784.37656,2026-06-10 20:00:00+00:00
1781136000000,61510.99,62848.0,61510.99,62689.48,2852.15258,2026-06-11 00:00:00+00:00
1781150400000,62689.47,62997.53,62544.89,62719.39,2483.01428,2026-06-11 04:00:00+00:00
1781164800000,62719.39,63257.21,62719.38,63108.0,2178.0981,2026-06-11 08:00:00+00:00
1781179200000,63108.01,63239.43,62500.0,62749.44,4338.30998,2026-06-11 12:00:00+00:00
1781193600000,62749.44,63933.02,62348.0,63605.68,4125.82489,2026-06-11 16:00:00+00:00
1781208000000,63605.69,63700.0,63270.0,63625.99,1403.54659,2026-06-11 20:00:00+00:00
1781222400000,63626.0,63810.01,63301.53,63524.82,2654.11007,2026-06-12 00:00:00+00:00
1781236800000,63524.81,63863.98,62829.81,63100.8,3225.69245,2026-06-12 04:00:00+00:00
1781251200000,63100.8,63953.84,63100.8,63766.01,2378.6864,2026-06-12 08:00:00+00:00
1781265600000,63766.01,64394.44,63045.29,63593.02,4102.13697,2026-06-12 12:00:00+00:00
1781280000000,63593.02,64111.1,63510.16,63589.27,2256.79665,2026-06-12 16:00:00+00:00
1781294400000,63589.28,63696.41,63400.0,63580.01,1779.62986,2026-06-12 20:00:00+00:00
1781308800000,63580.0,63840.0,63418.66,63532.0,1807.91855,2026-06-13 00:00:00+00:00
1781323200000,63532.0,63883.47,63484.0,63846.0,1539.29828,2026-06-13 04:00:00+00:00
1781337600000,63845.99,63984.53,63726.57,63971.28,1197.2171,2026-06-13 08:00:00+00:00
1781352000000,63971.28,64350.0,63921.33,64296.15,2169.16248,2026-06-13 12:00:00+00:00
1781366400000,64296.15,64333.62,63920.05,64296.59,1609.94419,2026-06-13 16:00:00+00:00
1781380800000,64296.59,64762.77,64226.38,64458.01,1637.20103,2026-06-13 20:00:00+00:00
1781395200000,64458.01,64710.0,64380.7,64545.3,1832.15643,2026-06-14 00:00:00+00:00
1781409600000,64545.3,64563.48,64214.0,64429.39,1779.79489,2026-06-14 04:00:00+00:00
1781424000000,64429.39,64664.0,64321.18,64546.0,842.29439,2026-06-14 08:00:00+00:00
1781438400000,64546.01,64560.66,63866.66,64025.07,1790.92239,2026-06-14 12:00:00+00:00
1781452800000,64025.06,64208.92,63678.83,63802.0,1240.64937,2026-06-14 16:00:00+00:00
1781467200000,63801.99,65800.0,63794.09,65746.45,5717.21628,2026-06-14 20:00:00+00:00
1781481600000,65746.45,65995.0,65354.0,65927.1,3254.30382,2026-06-15 00:00:00+00:00
1781496000000,65927.11,66000.0,65611.01,65674.76,1981.09056,2026-06-15 04:00:00+00:00
1781510400000,65674.76,66385.12,65512.0,66233.9,2545.824,2026-06-15 08:00:00+00:00
1781524800000,66233.89,67292.15,66106.0,67292.14,5314.33714,2026-06-15 12:00:00+00:00
1781539200000,67292.15,67292.15,66348.0,66614.35,3808.29082,2026-06-15 16:00:00+00:00
1781553600000,66615.98,66681.3,66076.56,66328.74,1655.95468,2026-06-15 20:00:00+00:00
1781568000000,66328.74,66463.26,65650.0,66165.21,2681.099,2026-06-16 00:00:00+00:00
1781582400000,66165.21,66572.99,65802.0,66372.0,2376.27499,2026-06-16 04:00:00+00:00
1781596800000,66372.0,66992.0,66345.06,66481.73,2144.18658,2026-06-16 08:00:00+00:00
1781611200000,66481.73,66818.0,65360.92,65859.76,4190.74899,2026-06-16 12:00:00+00:00
1781625600000,65859.76,66248.69,65560.0,65675.88,1862.21148,2026-06-16 16:00:00+00:00
1781640000000,65675.89,65938.0,65592.0,65675.01,1047.53697,2026-06-16 20:00:00+00:00
1781654400000,65675.02,66200.0,65477.5,65851.99,2420.24,2026-06-17 00:00:00+00:00
1781668800000,65852.0,66048.19,65251.0,65539.5,2085.47507,2026-06-17 04:00:00+00:00
1781683200000,65539.51,65574.0,64565.0,64810.01,3091.21134,2026-06-17 08:00:00+00:00
1781697600000,64810.01,65855.66,64590.53,65752.0,3491.08992,2026-06-17 12:00:00+00:00
1781712000000,65751.99,66445.93,63998.35,64301.85,6215.6405,2026-06-17 16:00:00+00:00
1781726400000,64301.85,64529.2,63915.77,64509.4,1744.99726,2026-06-17 20:00:00+00:00
1781740800000,64509.4,64806.0,64267.86,64282.82,1652.26355,2026-06-18 00:00:00+00:00
1781755200000,64282.82,64510.5,63696.29,64510.44,2721.52451,2026-06-18 04:00:00+00:00
1781769600000,64510.45,64646.75,63878.14,63974.4,1838.10092,2026-06-18 08:00:00+00:00
1781784000000,63974.4,64445.19,62293.76,62369.44,5194.48784,2026-06-18 12:00:00+00:00
1781798400000,62369.43,63008.33,62272.07,62950.79,3580.0956,2026-06-18 16:00:00+00:00
1781812800000,62950.79,63274.19,62742.0,62958.01,1949.12419,2026-06-18 20:00:00+00:00
1781827200000,62958.01,63110.29,62386.9,62773.51,2468.91953,2026-06-19 00:00:00+00:00
1781841600000,62773.52,62917.32,62409.55,62629.99,1641.95094,2026-06-19 04:00:00+00:00
1781856000000,62630.0,62782.0,62316.44,62626.0,3116.66446,2026-06-19 08:00:00+00:00
1781870400000,62626.0,63419.27,62353.0,63214.01,2901.51359,2026-06-19 12:00:00+00:00
1781884800000,63214.01,63387.8,62866.99,63021.6,2487.59549,2026-06-19 16:00:00+00:00
1781899200000,63021.6,63666.0,62958.59,63543.91,1630.77999,2026-06-19 20:00:00+00:00
1781913600000,63543.9,63777.0,63320.14,63476.79,1616.55782,2026-06-20 00:00:00+00:00
1781928000000,63476.79,63907.07,63402.0,63655.21,1346.24836,2026-06-20 04:00:00+00:00
1781942400000,63655.21,63798.76,63392.41,63688.0,1481.37623,2026-06-20 08:00:00+00:00
1781956800000,63688.0,64388.0,63184.21,64160.04,2723.36068,2026-06-20 12:00:00+00:00
1781971200000,64160.04,64167.26,63730.21,63936.0,1179.02142,2026-06-20 16:00:00+00:00
1781985600000,63935.99,64350.0,63853.31,64298.01,1175.53873,2026-06-20 20:00:00+00:00
1782000000000,64298.01,64472.99,64206.17,64426.0,1550.54505,2026-06-21 00:00:00+00:00
1782014400000,64426.0,64588.0,64173.08,64191.07,991.47913,2026-06-21 04:00:00+00:00
1782028800000,64191.06,64483.95,63900.17,64176.0,1273.61935,2026-06-21 08:00:00+00:00
1782043200000,64176.0,64355.88,63952.0,64224.0,1101.09932,2026-06-21 12:00:00+00:00
1782057600000,64224.0,64298.84,63933.47,64207.12,902.04873,2026-06-21 16:00:00+00:00
1782072000000,64207.13,64271.21,63270.0,63311.99,2215.87175,2026-06-21 20:00:00+00:00
1782086400000,63312.0,64823.52,63312.0,63974.01,3208.60773,2026-06-22 00:00:00+00:00
1782100800000,63974.01,64397.57,63868.41,64211.19,2188.39984,2026-06-22 04:00:00+00:00
1782115200000,64211.2,64768.46,64044.0,64657.22,1871.87312,2026-06-22 08:00:00+00:00
1782129600000,64657.22,65622.83,64579.08,64836.95,4214.1224,2026-06-22 12:00:00+00:00
1782144000000,64836.95,64862.0,64276.0,64472.0,2332.89568,2026-06-22 16:00:00+00:00
1782158400000,64472.51,64659.43,63804.59,64020.01,1607.20974,2026-06-22 20:00:00+00:00
1782172800000,64020.01,64275.38,63828.93,64065.35,1775.89841,2026-06-23 00:00:00+00:00
1782187200000,64065.34,64095.55,62568.9,62886.03,3954.74479,2026-06-23 04:00:00+00:00
1782201600000,62886.04,62945.08,61938.0,62507.06,6446.41259,2026-06-23 08:00:00+00:00
1782216000000,62507.05,62855.98,61960.0,62487.79,4100.47989,2026-06-23 12:00:00+00:00
1782230400000,62487.79,62846.0,62104.7,62388.49,2461.76341,2026-06-23 16:00:00+00:00
1782244800000,62388.49,62799.99,62380.25,62734.57,1483.69383,2026-06-23 20:00:00+00:00
1782259200000,62734.57,63119.45,62461.87,62729.78,2762.4008,2026-06-24 00:00:00+00:00
1782273600000,62729.78,63073.44,62525.49,62657.99,1825.36336,2026-06-24 04:00:00+00:00
1782288000000,62658.0,63239.06,62318.88,62921.19,2314.92971,2026-06-24 08:00:00+00:00
1782302400000,62921.19,62973.2,60249.82,60250.0,9369.88622,2026-06-24 12:00:00+00:00
1782316800000,60250.0,60678.1,59102.7,59958.3,10843.6224,2026-06-24 16:00:00+00:00
1782331200000,59958.3,61276.0,59854.0,61077.99,3562.08294,2026-06-24 20:00:00+00:00
1782345600000,61078.0,61163.16,60684.94,60883.65,2441.96666,2026-06-25 00:00:00+00:00
1782360000000,60883.66,61962.4,60792.0,61911.04,3236.44626,2026-06-25 04:00:00+00:00
1782374400000,61911.03,61920.0,61066.0,61282.01,1957.14848,2026-06-25 08:00:00+00:00
1782388800000,61282.0,61761.35,58115.01,59557.99,15979.29296,2026-06-25 12:00:00+00:00
1782403200000,59557.99,60067.0,59139.96,59320.0,4724.02547,2026-06-25 16:00:00+00:00
1782417600000,59319.99,60273.81,59319.99,59794.0,2047.12711,2026-06-25 20:00:00+00:00
1782432000000,59794.64,60131.37,58337.0,60036.01,6229.08405,2026-06-26 00:00:00+00:00
1782446400000,60036.0,60759.99,59702.0,60532.0,5385.16495,2026-06-26 04:00:00+00:00
1782460800000,60532.0,60580.0,59239.78,59413.24,3735.38397,2026-06-26 08:00:00+00:00
1782475200000,59413.24,60500.0,58500.1,60328.32,7768.84215,2026-06-26 12:00:00+00:00
1782489600000,60328.18,60583.0,59556.0,59751.97,2887.79333,2026-06-26 16:00:00+00:00
1782504000000,59751.96,60117.64,59571.31,60097.27,1397.28878,2026-06-26 20:00:00+00:00
1782518400000,60097.27,60412.0,59876.22,60305.73,1740.1281,2026-06-27 00:00:00+00:00
1782532800000,60305.73,60574.0,60093.33,60548.07,2155.72828,2026-06-27 04:00:00+00:00
1782547200000,60548.06,60548.74,60198.94,60363.65,1191.76765,2026-06-27 08:00:00+00:00
1782561600000,60363.65,60941.17,60257.03,60840.06,1696.07546,2026-06-27 12:00:00+00:00
1782576000000,60840.06,60855.03,60085.88,60175.95,1431.99252,2026-06-27 16:00:00+00:00
1782590400000,60175.95,60482.18,59855.16,60029.0,1371.53715,2026-06-27 20:00:00+00:00
1782604800000,60029.01,60339.99,59986.0,60197.04,1389.16748,2026-06-28 00:00:00+00:00
1782619200000,60197.03,60259.68,59753.48,60219.99,1116.37628,2026-06-28 04:00:00+00:00
1782633600000,60220.0,60545.01,60068.0,60342.0,1120.25594,2026-06-28 08:00:00+00:00
1782648000000,60341.99,60457.02,59817.28,59890.0,1367.98594,2026-06-28 12:00:00+00:00
1782662400000,59890.35,59943.9,59270.26,59481.79,1660.7754,2026-06-28 16:00:00+00:00
1782676800000,59481.78,59906.0,58905.0,59577.01,2252.57692,2026-06-28 20:00:00+00:00
1782691200000,59577.01,60233.0,58900.01,60049.46,3201.11997,2026-06-29 00:00:00+00:00
1782705600000,60049.45,60346.27,59392.02,60026.0,2078.32745,2026-06-29 04:00:00+00:00
1782720000000,60026.01,60311.95,59745.46,59956.05,2255.33546,2026-06-29 08:00:00+00:00
1782734400000,59956.05,60780.57,59011.0,59824.01,8111.4911,2026-06-29 12:00:00+00:00
1782748800000,59824.01,60683.84,59584.48,60433.49,3485.29528,2026-06-29 16:00:00+00:00
1782763200000,60433.5,60585.99,60194.01,60260.21,1071.57252,2026-06-29 20:00:00+00:00
1782777600000,60260.2,60276.54,59600.0,59627.48,1857.16279,2026-06-30 00:00:00+00:00
1782792000000,59627.47,59712.88,59360.0,59524.01,3053.94506,2026-06-30 04:00:00+00:00
1782806400000,59524.01,59551.03,59123.01,59192.7,2089.47276,2026-06-30 08:00:00+00:00
1782820800000,59192.71,59276.6,58201.0,58381.99,7891.0473,2026-06-30 12:00:00+00:00
1782835200000,58382.0,58839.16,58241.79,58818.05,3095.15267,2026-06-30 16:00:00+00:00
1782849600000,58818.0,58874.99,58509.99,58624.71,1653.04729,2026-06-30 20:00:00+00:00
1782864000000,58624.71,59318.0,57800.19,59197.13,5065.96033,2026-07-01 00:00:00+00:00
1782878400000,59197.12,59457.0,58534.31,58768.65,2186.41376,2026-07-01 04:00:00+00:00
1782892800000,58768.64,59091.99,58500.0,58622.03,1602.12145,2026-07-01 08:00:00+00:00
1782907200000,58622.02,60536.55,58326.0,60147.15,10086.67787,2026-07-01 12:00:00+00:00
1782921600000,60147.15,60352.93,59787.35,60028.67,2234.35255,2026-07-01 16:00:00+00:00
1782936000000,60029.39,61334.0,59876.0,60024.0,3917.92066,2026-07-01 20:00:00+00:00
1782950400000,60024.0,61121.78,59588.0,61058.0,2904.94504,2026-07-02 00:00:00+00:00
1782964800000,61057.99,61058.0,60104.0,60149.99,3061.89549,2026-07-02 04:00:00+00:00
1782979200000,60149.99,61437.49,60132.51,61358.01,4003.42248,2026-07-02 08:00:00+00:00
1782993600000,61358.0,62200.0,61147.23,61612.93,6769.2125,2026-07-02 12:00:00+00:00
1783008000000,61612.93,61962.43,61108.99,61479.6,3294.70341,2026-07-02 16:00:00+00:00
1783022400000,61479.59,61653.43,61342.0,61560.0,1347.96271,2026-07-02 20:00:00+00:00
1783036800000,61560.0,61733.11,61248.86,61434.0,2479.18215,2026-07-03 00:00:00+00:00
1783051200000,61434.0,61864.99,61332.76,61750.47,3163.90756,2026-07-03 04:00:00+00:00
1783065600000,61750.47,62103.1,61510.01,62024.02,1709.37837,2026-07-03 08:00:00+00:00
1783080000000,62024.01,62400.0,61700.0,61922.72,2814.47654,2026-07-03 12:00:00+00:00
1783094400000,61922.71,62317.64,61911.65,62210.0,1297.39519,2026-07-03 16:00:00+00:00
1783108800000,62210.0,62979.86,62186.01,62583.26,2584.64646,2026-07-03 20:00:00+00:00
1783123200000,62583.26,62946.0,62404.25,62627.29,1753.66085,2026-07-04 00:00:00+00:00
1783137600000,62627.28,62749.97,62328.24,62576.0,1478.55581,2026-07-04 04:00:00+00:00
1783152000000,62576.0,62674.47,62415.87,62482.01,1079.64345,2026-07-04 08:00:00+00:00
1783166400000,62482.0,63075.46,62482.0,62943.29,1355.98937,2026-07-04 12:00:00+00:00
1783180800000,62943.29,63461.99,62786.0,63294.72,1874.87989,2026-07-04 16:00:00+00:00
1783195200000,63294.72,63448.0,62927.98,63144.01,1597.09803,2026-07-04 20:00:00+00:00
1783209600000,63144.01,63144.01,62596.08,62769.04,1315.64704,2026-07-05 00:00:00+00:00
1783224000000,62769.03,63059.99,62659.65,63020.21,1264.39586,2026-07-05 04:00:00+00:00
1783238400000,63020.21,63104.0,62436.59,62658.92,1351.262,2026-07-05 08:00:00+00:00
1783252800000,62658.92,62943.59,62569.37,62740.01,1095.17438,2026-07-05 12:00:00+00:00
1783267200000,62740.01,62888.14,62590.02,62768.88,1289.13194,2026-07-05 16:00:00+00:00
1783281600000,62768.87,63999.0,62609.47,63650.0,2856.46636,2026-07-05 20:00:00+00:00
1783296000000,63650.01,63920.0,63136.01,63294.0,2106.27228,2026-07-06 00:00:00+00:00
1783310400000,63294.0,63402.77,62890.0,63089.42,2133.18277,2026-07-06 04:00:00+00:00
1783324800000,63089.42,63244.0,62483.83,62483.84,2033.95739,2026-07-06 08:00:00+00:00
1783339200000,62483.84,63550.0,61306.84,63545.98,9407.7266,2026-07-06 12:00:00+00:00
1783353600000,63545.98,63976.16,63386.01,63738.52,3288.31371,2026-07-06 16:00:00+00:00
1783368000000,63738.52,64700.0,63589.41,64042.02,2465.83162,2026-07-06 20:00:00+00:00
1783382400000,64042.93,64314.0,63150.0,63191.01,2149.22919,2026-07-07 00:00:00+00:00
1783396800000,63191.01,63445.7,62800.0,63083.18,2868.37826,2026-07-07 04:00:00+00:00
1783411200000,63083.19,63467.15,62984.58,63406.0,1660.52847,2026-07-07 08:00:00+00:00
1783425600000,63405.99,64105.0,62671.39,63930.51,5487.16202,2026-07-07 12:00:00+00:00
1783440000000,63930.5,64243.75,63379.69,63817.99,3152.55165,2026-07-07 16:00:00+00:00
1783454400000,63818.0,63901.75,63218.0,63363.99,1516.35864,2026-07-07 20:00:00+00:00
1783468800000,63364.0,63761.99,62525.47,62766.0,2945.00889,2026-07-08 00:00:00+00:00
1783483200000,62766.0,62901.49,62477.04,62888.35,2093.37251,2026-07-08 04:00:00+00:00
1783497600000,62888.34,62941.46,61743.83,62299.99,5277.16067,2026-07-08 08:00:00+00:00
1783512000000,62300.0,62451.08,61544.56,61704.01,4480.13744,2026-07-08 12:00:00+00:00
1783526400000,61704.01,62394.32,61692.0,62277.98,1878.09343,2026-07-08 16:00:00+00:00
1783540800000,62277.98,62350.63,61956.0,62290.0,1946.32502,2026-07-08 20:00:00+00:00
1783555200000,62290.01,62642.0,61705.29,61974.34,2507.70329,2026-07-09 00:00:00+00:00
1783569600000,61974.34,63283.26,61956.46,63000.0,3076.31626,2026-07-09 04:00:00+00:00
1783584000000,62999.99,63100.1,62614.66,62786.34,2526.25001,2026-07-09 08:00:00+00:00
1783598400000,62786.33,63261.0,62465.39,62868.05,4882.96602,2026-07-09 12:00:00+00:00
1783612800000,62868.06,63500.0,62559.59,63248.1,2646.20845,2026-07-09 16:00:00+00:00
1783627200000,63248.09,63418.0,63060.91,63230.0,1103.36269,2026-07-09 20:00:00+00:00
1783641600000,63230.01,64050.23,62926.01,63947.2,3284.75486,2026-07-10 00:00:00+00:00
1783656000000,63947.2,64200.0,63802.02,63963.0,1994.74883,2026-07-10 04:00:00+00:00
1783670400000,63963.0,64494.84,63962.99,64425.18,2735.04064,2026-07-10 08:00:00+00:00
1783684800000,64425.18,64692.83,63793.43,64040.0,3985.18915,2026-07-10 12:00:00+00:00
1783699200000,64039.99,64220.0,63732.66,63917.88,2956.75614,2026-07-10 16:00:00+00:00
1783713600000,63917.88,64222.61,63656.0,64161.72,2632.5116,2026-07-10 20:00:00+00:00
1783728000000,64161.72,64310.0,63984.07,64150.42,1101.49145,2026-07-11 00:00:00+00:00
1783742400000,64150.42,64278.0,64080.26,64162.18,1485.01598,2026-07-11 04:00:00+00:00
1783756800000,64162.18,64300.0,64129.99,64198.0,1355.34719,2026-07-11 08:00:00+00:00
1783771200000,64197.99,64504.11,63896.18,64175.75,2497.55472,2026-07-11 12:00:00+00:00
1783785600000,64175.75,64402.0,64084.0,64286.0,1218.04674,2026-07-11 16:00:00+00:00
1783800000000,64286.0,64463.83,63819.0,63819.0,1494.51824,2026-07-11 20:00:00+00:00
1783814400000,63819.01,64223.74,63702.16,64223.73,4094.275,2026-07-12 00:00:00+00:00
1783828800000,64223.73,64245.87,63640.83,63885.27,1737.49927,2026-07-12 04:00:00+00:00
1783843200000,63885.28,64100.32,63764.0,64018.01,4848.30942,2026-07-12 08:00:00+00:00
1783857600000,64018.0,64290.11,63958.71,64176.0,1182.12771,2026-07-12 12:00:00+00:00
1783872000000,64176.0,64270.0,64018.69,64228.59,890.36957,2026-07-12 16:00:00+00:00
1783886400000,64228.59,64254.0,63668.0,63780.0,1162.25606,2026-07-12 20:00:00+00:00
1783900800000,63780.0,64425.0,62741.04,62806.41,3939.38182,2026-07-13 00:00:00+00:00
1783915200000,62806.41,63070.01,62500.76,62985.52,3347.70751,2026-07-13 04:00:00+00:00
1783929600000,62985.53,63302.88,62862.28,62901.99,3803.06989,2026-07-13 08:00:00+00:00
1783944000000,62901.99,62990.04,62101.0,62618.01,5871.90146,2026-07-13 12:00:00+00:00
1783958400000,62618.0,62629.35,61824.97,62288.23,3298.41917,2026-07-13 16:00:00+00:00
1783972800000,62288.23,62347.46,61882.88,62334.52,1422.02219,2026-07-13 20:00:00+00:00
1783987200000,62334.52,62666.66,62272.2,62572.89,2249.30225,2026-07-14 00:00:00+00:00
1784001600000,62572.88,62872.0,62516.93,62560.92,2088.33647,2026-07-14 04:00:00+00:00
1784016000000,62560.92,62923.06,62500.0,62844.99,1732.53672,2026-07-14 08:00:00+00:00
1784030400000,62844.99,64966.43,62780.84,64743.99,8796.6211,2026-07-14 12:00:00+00:00
1784044800000,64744.0,64896.86,64231.77,64569.59,3290.30049,2026-07-14 16:00:00+00:00
1784059200000,64569.59,65100.0,64419.99,65043.98,2395.31681,2026-07-14 20:00:00+00:00
1784073600000,65043.99,65065.01,64488.0,64792.01,1693.44003,2026-07-15 00:00:00+00:00
1784088000000,64792.0,65277.37,64485.0,64549.34,3159.56545,2026-07-15 04:00:00+00:00
1784102400000,64549.33,64917.94,64549.33,64732.15,2317.38966,2026-07-15 08:00:00+00:00
1784116800000,64732.15,65600.0,64606.0,65427.61,6119.9158,2026-07-15 12:00:00+00:00
1784131200000,65427.6,65470.0,64738.49,64977.34,3997.71829,2026-07-15 16:00:00+00:00
1784145600000,64977.34,65055.39,64691.89,64756.28,1113.86818,2026-07-15 20:00:00+00:00
1784160000000,64756.28,64845.5,64392.01,64619.95,1773.62269,2026-07-16 00:00:00+00:00
1784174400000,64619.96,64997.52,64086.12,64238.0,2728.61151,2026-07-16 04:00:00+00:00
1784188800000,64238.0,64380.0,63888.0,64256.53,8083.54555,2026-07-16 08:00:00+00:00
1784203200000,64256.52,64896.0,63838.28,64704.73,3169.90689,2026-07-16 12:00:00+00:00
1784217600000,64704.73,64712.0,63984.09,64271.84,1783.88455,2026-07-16 16:00:00+00:00
1784232000000,64271.85,64276.0,63748.74,63830.2,1224.9556,2026-07-16 20:00:00+00:00
1784246400000,63830.2,64067.69,63380.28,63570.0,2665.58621,2026-07-17 00:00:00+00:00
1784260800000,63570.0,63576.0,62710.0,62828.11,4170.00651,2026-07-17 04:00:00+00:00
1784275200000,62828.11,63361.7,62666.0,63298.01,2593.38028,2026-07-17 08:00:00+00:00
1784289600000,63298.0,63518.0,62537.56,63452.0,3902.37074,2026-07-17 12:00:00+00:00
1784304000000,63452.0,64387.99,63312.01,64160.8,3432.25523,2026-07-17 16:00:00+00:00
1784318400000,64160.8,64216.61,63884.35,63931.67,1426.29492,2026-07-17 20:00:00+00:00
1784332800000,63931.67,64032.6,63886.65,64017.84,1370.3565,2026-07-18 00:00:00+00:00
1784347200000,64017.84,64026.03,63926.39,64002.75,949.10008,2026-07-18 04:00:00+00:00
1784361600000,64002.75,64097.22,63887.73,64069.89,1103.50008,2026-07-18 08:00:00+00:00
1784376000000,64069.89,64274.47,63963.0,64123.12,1241.58814,2026-07-18 12:00:00+00:00
1784390400000,64123.13,64669.5,64091.48,64552.79,1723.19086,2026-07-18 16:00:00+00:00
1784404800000,64552.8,64865.0,64528.69,64834.22,1643.44446,2026-07-18 20:00:00+00:00
1784419200000,64834.21,64967.25,64620.44,64706.18,1644.28469,2026-07-19 00:00:00+00:00
1784433600000,64706.18,64815.65,64610.89,64711.05,1101.66102,2026-07-19 04:00:00+00:00
1784448000000,64711.04,64743.0,64445.0,64467.64,1538.93439,2026-07-19 08:00:00+00:00
1784462400000,64467.65,64663.04,64285.24,64585.32,1464.507,2026-07-19 12:00:00+00:00
1784476800000,64585.33,64752.0,64280.0,64462.58,1160.57272,2026-07-19 16:00:00+00:00
1784491200000,64462.58,64900.0,64347.89,64722.54,1469.95492,2026-07-19 20:00:00+00:00
1784505600000,64722.55,65107.99,64416.0,64869.8,1856.81248,2026-07-20 00:00:00+00:00
1784520000000,64869.79,64869.99,63765.83,64280.01,3162.272,2026-07-20 04:00:00+00:00
1784534400000,64280.01,65068.0,63100.0,65002.01,5789.67423,2026-07-20 08:00:00+00:00
1784548800000,65002.0,65666.8,64077.76,65598.75,5847.5969,2026-07-20 12:00:00+00:00
1784563200000,65598.75,65799.0,65041.05,65142.0,3294.38969,2026-07-20 16:00:00+00:00
1784577600000,65142.0,65445.27,65061.92,65255.51,1372.74172,2026-07-20 20:00:00+00:00
1784592000000,65255.51,65658.78,65148.75,65566.78,2285.39592,2026-07-21 00:00:00+00:00
1784606400000,65566.77,66245.64,65471.69,66186.86,3537.73944,2026-07-21 04:00:00+00:00
1784620800000,66186.86,66420.65,66129.19,66345.59,3436.96959,2026-07-21 08:00:00+00:00
1784635200000,66345.59,66956.15,66255.73,66676.54,5031.99712,2026-07-21 12:00:00+00:00
1784649600000,66676.53,66764.0,66052.63,66444.76,2940.41455,2026-07-21 16:00:00+00:00
1784664000000,66444.76,66576.0,66204.0,66556.16,1385.76425,2026-07-21 20:00:00+00:00
1784678400000,66556.15,66739.89,66176.0,66210.0,2882.6636,2026-07-22 00:00:00+00:00
1784692800000,66209.99,66424.0,65701.0,65843.48,4124.6914,2026-07-22 04:00:00+00:00
1784707200000,65843.48,66164.57,65843.47,66013.36,5171.31096,2026-07-22 08:00:00+00:00
1784721600000,66013.36,66204.98,65553.67,66047.39,3002.09745,2026-07-22 12:00:00+00:00
1784736000000,66047.38,66384.0,65691.93,65923.19,1521.20312,2026-07-22 16:00:00+00:00
1784750400000,65923.19,66138.24,65791.79,66114.49,1372.89949,2026-07-22 20:00:00+00:00
1784764800000,66114.5,66313.14,65585.11,65662.53,2738.22182,2026-07-23 00:00:00+00:00
1784779200000,65662.53,65821.17,65351.02,65442.13,1755.71203,2026-07-23 04:00:00+00:00
1784793600000,65442.12,65792.09,65419.75,65555.21,1697.46856,2026-07-23 08:00:00+00:00
1784808000000,65555.21,65589.41,64728.0,64958.36,4309.94067,2026-07-23 12:00:00+00:00
1784822400000,64958.37,64961.15,64650.0,64846.94,2433.46243,2026-07-23 16:00:00+00:00
1784836800000,64846.93,65235.43,64834.52,65098.97,1763.42122,2026-07-23 20:00:00+00:00
1784851200000,65098.98,65464.35,64762.18,65456.7,1824.8823,2026-07-24 00:00:00+00:00
1784865600000,65456.7,65808.59,65248.0,65499.95,2805.86714,2026-07-24 04:00:00+00:00
1784880000000,65499.94,65508.17,64857.14,65083.43,2252.49673,2026-07-24 08:00:00+00:00
1784894400000,65083.42,65133.99,63739.75,64093.85,6045.41604,2026-07-24 12:00:00+00:00
1784908800000,64093.86,64292.44,63881.46,64225.32,2025.41669,2026-07-24 16:00:00+00:00
1784923200000,64225.32,64288.02,64121.86,64139.99,1867.1929,2026-07-24 20:00:00+00:00
1784937600000,64140.0,64179.03,64006.55,64085.36,1828.72886,2026-07-25 00:00:00+00:00
1784952000000,64085.36,64205.67,63964.57,64003.2,1073.91838,2026-07-25 04:00:00+00:00
1784966400000,64003.2,64113.0,63810.0,64064.01,2748.18699,2026-07-25 08:00:00+00:00
1784980800000,64064.01,64272.0,64043.0,64182.0,929.05963,2026-07-25 12:00:00+00:00
1784995200000,64182.01,64475.28,64123.0,64388.38,848.44532,2026-07-25 16:00:00+00:00
1785009600000,64388.39,64430.0,64263.03,64375.0,1434.71112,2026-07-25 20:00:00+00:00
1785024000000,64375.01,64582.0,64350.0,64557.0,955.90385,2026-07-26 00:00:00+00:00
1785038400000,64557.0,64599.95,64293.81,64370.0,1238.04277,2026-07-26 04:00:00+00:00
1785052800000,64370.0,64573.73,64353.0,64507.35,680.86616,2026-07-26 08:00:00+00:00
1785067200000,64507.36,64827.0,64414.0,64768.0,1456.55849,2026-07-26 12:00:00+00:00
1785081600000,64768.0,64940.51,64668.91,64695.52,1252.18356,2026-07-26 16:00:00+00:00
1785096000000,64695.52,65577.0,64631.57,65399.99,2349.50606,2026-07-26 20:00:00+00:00
1785110400000,65400.0,65418.81,64892.03,65284.0,1939.56217,2026-07-27 00:00:00+00:00
1785124800000,65284.0,65744.6,65217.16,65221.99,2549.79202,2026-07-27 04:00:00+00:00
1785139200000,65221.99,65432.0,65092.0,65100.79,2902.58585,2026-07-27 08:00:00+00:00
1785153600000,65100.79,65718.0,64418.01,64554.01,3393.0404,2026-07-27 12:00:00+00:00
1785168000000,64554.0,65090.0,64517.78,64984.0,1492.95286,2026-07-27 16:00:00+00:00
1785182400000,64983.99,65056.0,63605.56,63755.86,2513.97213,2026-07-27 20:00:00+00:00
1785196800000,63755.86,63827.49,63059.39,63343.83,3113.97473,2026-07-28 00:00:00+00:00
1785211200000,63343.82,63668.71,63221.26,63505.99,2180.40039,2026-07-28 04:00:00+00:00
1785225600000,63506.0,63593.0,63294.0,63450.0,1418.41424,2026-07-28 08:00:00+00:00
1785240000000,63449.99,64026.62,62742.47,63928.47,3870.99997,2026-07-28 12:00:00+00:00
1785254400000,63928.46,64100.0,63504.0,63904.0,1689.97924,2026-07-28 16:00:00+00:00
1785268800000,63904.0,64073.3,63562.0,63915.0,1616.06139,2026-07-28 20:00:00+00:00
1785283200000,63915.0,64200.0,63658.0,63753.03,2347.04425,2026-07-29 00:00:00+00:00
1785297600000,63753.04,64575.99,63598.0,64561.0,2719.58943,2026-07-29 04:00:00+00:00
1785312000000,64561.01,64744.81,64283.83,64507.54,1788.0597,2026-07-29 08:00:00+00:00
1785326400000,64507.53,64718.87,63886.0,63964.01,2735.29639,2026-07-29 12:00:00+00:00
1785340800000,63964.01,64648.79,63511.0,63589.46,4593.92101,2026-07-29 16:00:00+00:00
1785355200000,63589.46,64131.44,63267.34,63984.28,2596.20834,2026-07-29 20:00:00+00:00
1785369600000,63984.29,64411.76,63603.92,64161.98,2334.02034,2026-07-30 00:00:00+00:00
1785384000000,64161.98,64182.0,63907.85,64026.0,3046.62914,2026-07-30 04:00:00+00:00
1785398400000,64026.0,64885.18,63980.54,64788.0,4792.79575,2026-07-30 08:00:00+00:00
1785412800000,64788.01,65176.6,64607.31,64730.3,3737.13198,2026-07-30 12:00:00+00:00
1785427200000,64730.29,64988.0,64688.0,64800.0,1688.5901,2026-07-30 16:00:00+00:00
1785441600000,64800.0,65086.4,64668.91,64780.02,1532.41755,2026-07-30 20:00:00+00:00
1785456000000,64780.03,65409.56,64172.0,64370.0,3281.13705,2026-07-31 00:00:00+00:00
1785470400000,64370.0,64496.64,63878.11,63950.01,4513.26941,2026-07-31 04:00:00+00:00
1785484800000,63950.01,64011.99,63610.0,63805.51,2006.05406,2026-07-31 08:00:00+00:00
1785499200000,63805.5,63849.19,62466.0,62716.57,6622.15348,2026-07-31 12:00:00+00:00
1785513600000,62716.57,63302.0,62709.01,62972.0,2772.32321,2026-07-31 16:00:00+00:00
1785528000000,62972.0,63062.47,62846.0,62887.88,1280.66965,2026-07-31 20:00:00+00:00
1785542400000,62887.88,63106.55,62887.87,63004.48,1641.61546,2026-08-01 00:00:00+00:00
1785556800000,63004.47,63142.85,62992.82,63050.46,1267.77262,2026-08-01 04:00:00+00:00
1785571200000,63050.45,63150.0,62986.31,63076.0,834.60912,2026-08-01 08:00:00+00:00
1785585600000,63076.0,63127.07,63007.05,63007.06,1057.87378,2026-08-01 12:00:00+00:00
1785600000000,63007.06,63027.65,62275.0,62529.82,1931.00222,2026-08-01 16:00:00+00:00
1785614400000,62529.81,62866.62,62482.99,62823.64,830.21584,2026-08-01 20:00:00+00:00
1785628800000,62823.65,63550.0,62806.58,63461.95,2070.02486,2026-08-02 00:00:00+00:00
1785643200000,63461.95,63634.0,63415.26,63506.24,1136.19822,2026-08-02 04:00:00+00:00
1785657600000,63506.23,63530.0,62982.38,63031.99,1393.24586,2026-08-02 08:00:00+00:00
1785672000000,63031.99,63231.67,63010.0,63109.14,1015.40932,2026-08-02 12:00:00+00:00
1785686400000,63109.13,63610.01,63064.01,63456.01,1352.52922,2026-08-02 16:00:00+00:00
1785700800000,63456.0,63796.33,63344.0,63570.0,1419.60406,2026-08-02 20:00:00+00:00
1785715200000,63570.01,63596.0,62786.04,62870.49,1580.29042,2026-08-03 00:00:00+00:00
1785729600000,62870.48,63001.77,62552.04,62621.1,2528.15637,2026-08-03 04:00:00+00:00
1785744000000,62621.1,62863.1,62300.0,62560.01,1968.81583,2026-08-03 08:00:00+00:00
1785758400000,62560.01,63992.71,62445.26,63694.91,5314.98583,2026-08-03 12:00:00+00:00
1785772800000,63694.9,64080.0,63664.0,63869.38,2341.4127,2026-08-03 16:00:00+00:00
1785787200000,63869.38,64023.61,63392.01,63520.0,1809.63628,2026-08-03 20:00:00+00:00
1785801600000,63520.0,63972.0,63322.01,63800.01,2284.2087,2026-08-04 00:00:00+00:00
1785816000000,63800.01,64243.81,63506.78,63685.74,2203.45481,2026-08-04 04:00:00+00:00
1785830400000,63685.73,63950.0,63451.8,63926.0,1840.43901,2026-08-04 08:00:00+00:00
1785844800000,63926.0,64238.0,63615.38,64125.14,3355.49264,2026-08-04 12:00:00+00:00
1785859200000,64125.14,64413.21,63892.0,64233.36,2494.3487,2026-08-04 16:00:00+00:00
1785873600000,64233.35,64549.16,64001.68,64106.56,1512.53523,2026-08-04 20:00:00+00:00
1785888000000,64106.55,64504.0,63950.0,64183.27,2051.27242,2026-08-05 00:00:00+00:00
1785902400000,64183.27,64525.97,63995.89,64163.99,1638.18668,2026-08-05 04:00:00+00:00
1785916800000,64164.0,64280.0,64020.0,64075.28,1165.7803,2026-08-05 08:00:00+00:00
1785931200000,64075.28,64744.0,63880.0,64388.01,4094.61341,2026-08-05 12:00:00+00:00
1785945600000,64388.01,64936.18,64388.0,64840.28,1995.16889,2026-08-05 16:00:00+00:00
1785960000000,64840.27,65025.22,64579.15,64665.23,1797.83358,2026-08-05 20:00:00+00:00
1785974400000,64665.24,64724.38,64439.34,64531.03,1501.18098,2026-08-06 00:00:00+00:00
1785988800000,64531.03,64996.0,64496.27,64809.7,1782.75525,2026-08-06 04:00:00+00:00
1786003200000,64809.7,64999.0,64503.54,64622.09,1307.61434,2026-08-06 08:00:00+00:00
1786017600000,64622.08,64987.26,64172.0,64631.87,2760.61479,2026-08-06 12:00:00+00:00
1786032000000,64631.88,64834.0,64365.0,64446.0,1460.95594,2026-08-06 16:00:00+00:00
1786046400000,64446.01,64536.32,64200.0,64323.61,1051.31154,2026-08-06 20:00:00+00:00
1786060800000,64323.61,64544.0,64230.59,64289.99,1225.13149,2026-08-07 00:00:00+00:00
1786075200000,64289.99,64463.75,64166.0,64319.84,1378.76331,2026-08-07 04:00:00+00:00
1786089600000,64319.84,65213.33,64304.22,65029.98,2365.76634,2026-08-07 08:00:00+00:00
1786104000000,65029.98,65390.99,64788.0,64912.72,4134.62946,2026-08-07 12:00:00+00:00
1786118400000,64912.71,65072.31,64525.0,64960.47,1712.98766,2026-08-07 16:00:00+00:00
1786132800000,64960.46,65102.0,64846.0,64923.19,990.12577,2026-08-07 20:00:00+00:00
1786147200000,64923.2,65074.18,64784.19,65033.0,1310.57126,2026-08-08 00:00:00+00:00
1786161600000,65033.0,65071.15,64951.34,64960.0,786.13996,2026-08-08 04:00:00+00:00
1786176000000,64959.99,65050.0,64948.56,64967.35,776.81012,2026-08-08 08:00:00+00:00
1786190400000,64967.36,65192.54,64924.0,65080.82,965.25235,2026-08-08 12:00:00+00:00
1786204800000,65080.83,65150.0,65017.39,65075.41,690.47872,2026-08-08 16:00:00+00:00
1786219200000,65075.4,65100.61,64936.01,64962.6,1230.89057,2026-08-08 20:00:00+00:00
1786233600000,64962.6,65002.0,64730.08,64788.8,953.95674,2026-08-09 00:00:00+00:00
1786248000000,64788.8,64867.11,64777.0,64826.14,905.46471,2026-08-09 04:00:00+00:00
1786262400000,64826.15,65000.0,64792.1,64950.0,878.41777,2026-08-09 08:00:00+00:00
1786276800000,64950.01,65300.0,64914.73,65228.68,1218.78551,2026-08-09 12:00:00+00:00
1786291200000,65228.68,65266.06,65179.72,65180.66,760.315,2026-08-09 16:00:00+00:00
1786305600000,65180.66,65474.46,64842.59,64901.59,2314.29633,2026-08-09 20:00:00+00:00
1786320000000,64901.59,65391.14,64826.78,64982.01,1735.05442,2026-08-10 00:00:00+00:00
1786334400000,64982.0,65379.13,64924.0,65202.73,1621.07764,2026-08-10 04:00:00+00:00
1786348800000,65202.72,65328.73,64958.87,65125.98,1294.99105,2026-08-10 08:00:00+00:00
1786363200000,65125.99,65237.8,64203.15,64299.99,3640.00431,2026-08-10 12:00:00+00:00
1786377600000,64299.99,64354.0,63806.27,64045.7,4275.95165,2026-08-10 16:00:00+00:00
1786392000000,64045.7,64215.21,63920.69,63970.01,1071.3297,2026-08-10 20:00:00+00:00
1786406400000,63970.01,64176.0,63895.64,64155.01,1832.7232,2026-08-11 00:00:00+00:00
1786420800000,64155.0,64159.65,63852.0,64065.99,1640.19253,2026-08-11 04:00:00+00:00
1786435200000,64066.0,64400.0,64044.72,64389.57,1568.1186,2026-08-11 08:00:00+00:00
1786449600000,64389.58,64515.43,63451.0,63609.87,4376.77905,2026-08-11 12:00:00+00:00
1786464000000,63609.86,63660.0,63238.0,63536.0,2424.73673,2026-08-11 16:00:00+00:00
1786478400000,63536.0,63768.58,63536.0,63600.0,1049.08237,2026-08-11 20:00:00+00:00
1786492800000,63600.01,63908.01,63534.01,63835.59,1898.48961,2026-08-12 00:00:00+00:00
1786507200000,63835.58,63891.42,63606.15,63837.99,2130.54232,2026-08-12 04:00:00+00:00
1786521600000,63838.0,64249.5,63768.01,64240.04,2267.09134,2026-08-12 08:00:00+00:00
1786536000000,64240.04,64500.0,63316.0,63441.47,3959.44035,2026-08-12 12:00:00+00:00
1786550400000,63441.48,63578.0,63310.34,63421.11,1558.61566,2026-08-12 16:00:00+00:00
1786564800000,63421.11,63661.24,63370.0,63479.99,1812.88894,2026-08-12 20:00:00+00:00
1786579200000,63479.99,63717.31,63380.0,63646.99,1584.53762,2026-08-13 00:00:00+00:00
1786593600000,63647.0,64010.0,63591.56,63865.84,1512.6667,2026-08-13 04:00:00+00:00
1786608000000,63865.84,63915.0,63350.0,63484.3,1451.07714,2026-08-13 08:00:00+00:00
1786622400000,63484.31,63999.0,63420.0,63420.01,2120.87883,2026-08-13 12:00:00+00:00
1786636800000,63420.01,63568.97,62802.27,63407.99,3071.89552,2026-08-13 16:00:00+00:00
1786651200000,63408.0,63640.0,63368.0,63490.86,1052.80272,2026-08-13 20:00:00+00:00
1786665600000,63490.86,63617.45,63301.58,63310.0,1474.95395,2026-08-14 00:00:00+00:00
1786680000000,63310.0,63472.5,62920.0,62920.78,2090.34251,2026-08-14 04:00:00+00:00
1786694400000,62920.78,62997.83,62700.0,62868.83,2437.10701,2026-08-14 08:00:00+00:00
1786708800000,62868.83,63089.18,62535.24,62990.95,3460.64272,2026-08-14 12:00:00+00:00
1786723200000,62990.94,63247.05,62830.0,62968.05,1783.03596,2026-08-14 16:00:00+00:00
1786737600000,62968.06,63066.13,62800.0,63043.56,1094.74684,2026-08-14 20:00:00+00:00
1786752000000,63043.56,63187.98,62992.91,63051.25,1121.88969,2026-08-15 00:00:00+00:00
1786766400000,63051.25,63155.76,63027.89,63075.43,1448.06787,2026-08-15 04:00:00+00:00
1786780800000,63075.43,63085.8,62920.0,63022.01,617.28318,2026-08-15 08:00:00+00:00
1786795200000,63022.01,63120.09,62946.58,63100.55,700.44395,2026-08-15 12:00:00+00:00
1786809600000,63100.55,63127.4,63044.37,63126.08,1110.25742,2026-08-15 16:00:00+00:00
1786824000000,63126.07,63175.0,63076.96,63086.01,407.21827,2026-08-15 20:00:00+00:00
1786838400000,63086.01,63151.59,63012.0,63130.0,626.426,2026-08-16 00:00:00+00:00
1786852800000,63130.01,63158.8,63040.0,63061.02,792.70018,2026-08-16 04:00:00+00:00
1786867200000,63061.03,63079.76,62968.45,63013.66,746.76545,2026-08-16 08:00:00+00:00
1786881600000,63013.66,63146.4,62997.77,63146.39,558.13323,2026-08-16 12:00:00+00:00
1786896000000,63146.39,63390.0,63100.89,63108.81,861.07496,2026-08-16 16:00:00+00:00
1786910400000,63108.8,63140.0,62716.0,62900.0,1152.13153,2026-08-16 20:00:00+00:00
1786924800000,62900.0,63520.0,62751.1,63429.21,2170.22745,2026-08-17 00:00:00+00:00
1786939200000,63429.21,63717.17,63429.21,63514.45,2494.00927,2026-08-17 04:00:00+00:00
1786953600000,63514.45,63781.69,63295.0,63631.1,1942.91539,2026-08-17 08:00:00+00:00
1786968000000,63631.11,64227.27,63444.17,64200.0,2930.57098,2026-08-17 12:00:00+00:00
1786982400000,64200.0,64610.01,63979.3,64309.96,3583.96885,2026-08-17 16:00:00+00:00
1786996800000,64309.95,64578.0,64266.0,64532.1,1133.95519,2026-08-17 20:00:00+00:00
1787011200000,64532.11,64568.46,64047.73,64185.01,1731.23124,2026-08-18 00:00:00+00:00
1787025600000,64185.0,64446.0,64090.0,64198.97,3151.98283,2026-08-18 04:00:00+00:00
1787040000000,64198.97,64402.35,64087.98,64351.19,1202.18477,2026-08-18 08:00:00+00:00
1787054400000,64351.18,65058.81,64027.85,64855.06,3687.2214,2026-08-18 12:00:00+00:00
1787068800000,64855.06,64891.81,64642.36,64643.26,1223.7468,2026-08-18 16:00:00+00:00
1787083200000,64643.27,64780.0,64562.25,64725.42,793.54608,2026-08-18 20:00:00+00:00
1787097600000,64725.42,64736.27,64278.0,64330.71,1368.72937,2026-08-19 00:00:00+00:00
1787112000000,64330.7,64409.93,64166.0,64296.0,1822.44544,2026-08-19 04:00:00+00:00
1787126400000,64296.01,64539.05,64255.0,64515.63,1158.29773,2026-08-19 08:00:00+00:00
1787140800000,64515.62,69500.0,64474.86,68554.0,14033.00336,2026-08-19 12:00:00+00:00
1787155200000,68554.0,68997.0,67825.03,68429.44,5078.58687,2026-08-19 16:00:00+00:00
1787169600000,68429.44,70000.0,68390.0,69334.79,5593.23699,2026-08-19 20:00:00+00:00
1787184000000,69334.78,69894.5,68902.22,69195.64,4128.11593,2026-08-20 00:00:00+00:00
1787198400000,69195.64,70022.0,69166.0,69816.45,5427.46046,2026-08-20 04:00:00+00:00
1787212800000,69816.45,72490.0,69772.36,71927.07,11048.6274,2026-08-20 08:00:00+00:00
1787227200000,71927.07,72830.0,71132.0,72470.83,8096.54953,2026-08-20 12:00:00+00:00
1787241600000,72470.84,72966.0,72205.88,72690.76,4379.48083,2026-08-20 16:00:00+00:00
1787256000000,72690.76,73400.0,72498.0,73025.15,2824.55872,2026-08-20 20:00:00+00:00
1787270400000,73027.02,75785.82,73027.02,74510.77,7849.2251,2026-08-21 00:00:00+00:00
1787284800000,74510.77,76916.95,74510.77,76308.65,7121.86416,2026-08-21 04:00:00+00:00
1787299200000,76308.66,79500.0,76235.76,76722.32,12525.47553,2026-08-21 08:00:00+00:00
1787313600000,76722.31,77871.33,76243.04,77221.98,7874.81907,2026-08-21 12:00:00+00:00
1787328000000,77221.98,77722.12,76643.72,77028.94,4866.29326,2026-08-21 16:00:00+00:00
1787342400000,77028.94,78760.68,76863.56,78338.03,4101.88856,2026-08-21 20:00:00+00:00
1787356800000,78338.03,78828.15,77683.37,78410.98,3135.03861,2026-08-22 00:00:00+00:00
1787371200000,78410.98,78818.0,76500.0,77289.18,6027.36717,2026-08-22 04:00:00+00:00
1787385600000,77289.18,77445.6,76533.87,77130.02,3748.00174,2026-08-22 08:00:00+00:00
1787400000000,77130.01,77387.99,76880.0,76978.83,2000.76926,2026-08-22 12:00:00+00:00
1787414400000,76978.83,77547.96,76956.36,77418.25,1412.16364,2026-08-22 16:00:00+00:00
1787428800000,77418.26,77467.53,76772.0,77074.93,2201.16805,2026-08-22 20:00:00+00:00
1787443200000,77074.94,77400.0,76837.0,76927.87,1553.06668,2026-08-23 00:00:00+00:00
1787457600000,76927.87,77036.58,75545.67,76007.13,4450.70459,2026-08-23 04:00:00+00:00
1787472000000,76007.12,77400.0,75952.09,77311.02,2438.39979,2026-08-23 08:00:00+00:00
1787486400000,77311.02,77765.8,76802.0,77156.13,2980.37095,2026-08-23 12:00:00+00:00
1787500800000,77156.14,77487.04,77116.0,77346.01,1664.50999,2026-08-23 16:00:00+00:00
1787515200000,77346.0,78052.85,77200.03,77734.0,2280.17985,2026-08-23 20:00:00+00:00
1787529600000,77734.0,77742.0,76883.61,76933.02,3664.03678,2026-08-24 00:00:00+00:00
1787544000000,76933.02,77790.19,76670.01,77307.15,3503.20007,2026-08-24 04:00:00+00:00
1787558400000,77307.14,78600.0,76838.0,78443.65,3882.01996,2026-08-24 08:00:00+00:00
1787572800000,78443.65,80000.0,77851.9,79100.01,12055.74657,2026-08-24 12:00:00+00:00
1787587200000,79100.01,79877.87,78468.61,78758.0,5362.11449,2026-08-24 16:00:00+00:00
1787601600000,78757.99,79049.4,78560.0,78992.75,1712.17604,2026-08-24 20:00:00+00:00
1787616000000,78992.76,81272.62,78715.63,80488.01,6875.1249,2026-08-25 00:00:00+00:00
1787630400000,80488.01,80923.69,79369.17,79705.79,3945.93467,2026-08-25 04:00:00+00:00
1787644800000,79705.79,80249.0,78888.0,79117.99,3717.84169,2026-08-25 08:00:00+00:00
1787659200000,79118.0,79527.09,78120.74,79502.01,4751.6108,2026-08-25 12:00:00+00:00
1787673600000,79502.01,79563.71,78728.35,78925.95,2595.83028,2026-08-25 16:00:00+00:00
1787688000000,78925.96,79000.0,77851.0,78539.14,2886.1716,2026-08-25 20:00:00+00:00
1787702400000,78539.13,79251.6,78312.0,79088.62,2212.08248,2026-08-26 00:00:00+00:00
1787716800000,79088.61,79206.0,78638.0,78925.56,1973.77004,2026-08-26 04:00:00+00:00
1787731200000,78925.57,79119.37,78244.83,78487.26,2329.51988,2026-08-26 08:00:00+00:00
1787745600000,78487.26,78713.79,77632.58,78011.65,3729.56026,2026-08-26 12:00:00+00:00
1787760000000,78011.64,78650.26,77858.0,78475.49,1989.76733,2026-08-26 16:00:00+00:00
1787774400000,78475.49,79174.12,78200.0,79023.75,2379.05888,2026-08-26 20:00:00+00:00
1787788800000,79023.75,79028.49,78546.13,78830.68,1834.8573,2026-08-27 00:00:00+00:00
1787803200000,78830.68,79095.99,78600.0,79082.17,1224.03365,2026-08-27 04:00:00+00:00
1787817600000,79082.18,80520.0,79048.0,79477.67,4143.28822,2026-08-27 08:00:00+00:00
1787832000000,79477.66,80799.91,78920.0,80302.32,4528.8285,2026-08-27 12:00:00+00:00
1787846400000,80302.32,80848.74,79749.7,79910.19,3109.17529,2026-08-27 16:00:00+00:00
1787860800000,79910.19,80432.36,79882.86,80249.58,1425.35399,2026-08-27 20:00:00+00:00
1787875200000,80249.59,81478.87,79723.02,79810.49,3700.54747,2026-08-28 00:00:00+00:00
1787889600000,79810.48,79999.0,79558.11,79660.0,2266.68768,2026-08-28 04:00:00+00:00
1787904000000,79660.0,79840.0,79001.01,79604.13,2010.80327,2026-08-28 08:00:00+00:00
1787918400000,79604.12,79838.73,78312.64,78331.13,5428.42383,2026-08-28 12:00:00+00:00
1787932800000,78331.13,78404.0,76888.0,77580.03,4754.79211,2026-08-28 16:00:00+00:00
1787947200000,77580.03,77846.72,77255.69,77845.87,1595.1821,2026-08-28 20:00:00+00:00
1787961600000,77845.88,77963.92,77507.16,77507.17,1163.39213,2026-08-29 00:00:00+00:00
1787976000000,77507.17,77716.12,77382.37,77626.01,1664.15625,2026-08-29 04:00:00+00:00
1787990400000,77626.01,77754.23,77487.73,77584.67,991.9736,2026-08-29 08:00:00+00:00
1788004800000,77584.66,78150.0,77506.63,77865.36,1283.2584,2026-08-29 12:00:00+00:00
1788019200000,77865.36,78330.0,77858.29,78182.0,1024.87084,2026-08-29 16:00:00+00:00
1788033600000,78181.99,78298.0,78062.0,78230.0,888.65135,2026-08-29 20:00:00+00:00
1788048000000,78230.0,78330.0,77994.02,78144.68,816.30414,2026-08-30 00:00:00+00:00
1788062400000,78144.68,78310.71,77990.0,78118.0,723.01311,2026-08-30 04:00:00+00:00
1788076800000,78118.0,78242.0,77962.49,78166.0,649.28997,2026-08-30 08:00:00+00:00
1788091200000,78165.99,78966.76,78165.99,78823.63,2296.08087,2026-08-30 12:00:00+00:00
1788105600000,78823.62,79400.0,78721.98,78856.39,1654.26061,2026-08-30 16:00:00+00:00
1788120000000,78856.39,78931.49,77000.0,77682.0,2946.47535,2026-08-30 20:00:00+00:00
1788134400000,77682.0,78185.89,77392.0,77756.71,2131.01907,2026-08-31 00:00:00+00:00
1788148800000,77756.7,78322.56,77458.83,78196.01,2746.00452,2026-08-31 04:00:00+00:00
1788163200000,78196.01,78802.0,77982.0,78315.43,2466.58638,2026-08-31 08:00:00+00:00
1788177600000,78315.43,78777.9,77675.04,78580.42,4388.20343,2026-08-31 12:00:00+00:00
1788192000000,78580.43,79250.0,78494.0,78898.06,2077.9423,2026-08-31 16:00:00+00:00
1788206400000,78898.06,79172.0,78405.01,78581.29,1494.15032,2026-08-31 20:00:00+00:00
1788220800000,78581.3,78900.01,78189.93,78679.01,2030.75476,2026-09-01 00:00:00+00:00
1788235200000,78679.01,79220.61,78500.0,78632.37,1861.50805,2026-09-01 04:00:00+00:00
1788249600000,78632.37,78658.01,77758.69,78098.97,2651.84197,2026-09-01 08:00:00+00:00
1788264000000,78098.96,78424.0,77510.0,77919.06,3120.33071,2026-09-01 12:00:00+00:00
1788278400000,77919.07,77976.0,76420.0,77312.0,3107.9414,2026-09-01 16:00:00+00:00
1788292800000,77312.0,77638.18,76920.36,77439.0,1358.2626,2026-09-01 20:00:00+00:00
1788307200000,77439.01,77792.0,76718.48,77563.5,2069.66828,2026-09-02 00:00:00+00:00
1788321600000,77563.5,77765.99,77294.56,77473.85,1554.71407,2026-09-02 04:00:00+00:00
1788336000000,77473.86,77546.0,76264.0,76828.76,3307.82033,2026-09-02 08:00:00+00:00
1788350400000,76828.75,77490.0,76611.67,77288.98,2775.08568,2026-09-02 12:00:00+00:00
1788364800000,77288.97,77582.0,76950.56,77341.47,2309.35456,2026-09-02 16:00:00+00:00
1788379200000,77341.48,77520.0,77007.36,77340.01,1054.33528,2026-09-02 20:00:00+00:00
1788393600000,77340.01,77900.0,76968.0,77708.0,1810.06511,2026-09-03 00:00:00+00:00
1788408000000,77708.01,78183.91,77101.01,77663.15,2058.03609,2026-09-03 04:00:00+00:00
1788422400000,77663.14,78066.0,77478.0,77948.39,1507.39929,2026-09-03 08:00:00+00:00
1788436800000,77948.39,81370.33,77896.07,81348.0,7602.37953,2026-09-03 12:00:00+00:00
1788451200000,81348.0,81790.0,80613.52,81755.41,3813.87114,2026-09-03 16:00:00+00:00
1788465600000,81755.41,82300.0,80905.05,81270.37,3014.67131,2026-09-03 20:00:00+00:00
1788480000000,81270.37,81427.75,80669.45,80850.0,2106.35935,2026-09-04 00:00:00+00:00
1788494400000,80850.01,81288.0,80573.21,80656.87,2337.64732,2026-09-04 04:00:00+00:00
1788508800000,80656.86,81423.03,80502.87,81224.86,2718.76274,2026-09-04 08:00:00+00:00
1788523200000,81224.86,81350.0,78660.0,79429.33,8378.55183,2026-09-04 12:00:00+00:00
1788537600000,79429.33,79877.07,79378.19,79793.34,2107.66351,2026-09-04 16:00:00+00:00
1788552000000,79793.35,79862.15,79512.0,79660.77,1549.64074,2026-09-04 20:00:00+00:00
1788566400000,79660.77,79721.57,79472.22,79582.0,879.54469,2026-09-05 00:00:00+00:00
1788580800000,79581.99,79763.41,79442.0,79709.96,1299.56191,2026-09-05 04:00:00+00:00
1788595200000,79709.96,79735.97,79568.0,79609.28,1317.25002,2026-09-05 08:00:00+00:00
1788609600000,79609.29,79816.0,79545.96,79806.01,1515.20832,2026-09-05 12:00:00+00:00
1788624000000,79806.0,80200.0,79712.86,79754.0,2187.26566,2026-09-05 16:00:00+00:00
1788638400000,79753.99,79947.99,79694.0,79831.75,1918.4096,2026-09-05 20:00:00+00:00
1788652800000,79831.75,80107.99,79829.98,80028.01,959.7761,2026-09-06 00:00:00+00:00
1788667200000,80028.01,80107.99,79577.0,79805.0,1634.23504,2026-09-06 04:00:00+00:00
1788681600000,79804.68,80020.0,79752.7,79919.17,1709.90126,2026-09-06 08:00:00+00:00
1788696000000,79919.17,80010.0,79233.0,79716.5,1691.87965,2026-09-06 12:00:00+00:00
1788710400000,79716.51,79970.0,79584.73,79829.99,859.21256,2026-09-06 16:00:00+00:00
1788724800000,79830.0,80559.99,79647.04,80341.83,1999.81366,2026-09-06 20:00:00+00:00
1788739200000,80341.83,80443.99,79568.6,79596.39,1737.92416,2026-09-07 00:00:00+00:00
1788753600000,79596.38,79926.04,79001.1,79397.83,2737.571,2026-09-07 04:00:00+00:00
1788768000000,79397.83,79550.0,79282.0,79420.16,1414.08125,2026-09-07 08:00:00+00:00
1788782400000,79420.16,79643.5,78680.0,78821.99,2336.60558,2026-09-07 12:00:00+00:00
1788796800000,78822.0,79419.17,78807.69,79365.82,1219.11153,2026-09-07 16:00:00+00:00
1788811200000,79365.81,79394.92,78781.07,79112.01,1127.16143,2026-09-07 20:00:00+00:00
1788825600000,79112.0,79485.0,78725.1,78906.28,2314.63248,2026-09-08 00:00:00+00:00
1788840000000,78906.27,78929.24,78179.98,78482.0,6753.06421,2026-09-08 04:00:00+00:00
1788854400000,78482.0,78994.5,78271.63,78430.01,2614.92047,2026-09-08 08:00:00+00:00
1788868800000,78430.0,78910.88,77620.01,78904.0,4668.00227,2026-09-08 12:00:00+00:00
1788883200000,78904.0,78978.39,78271.49,78446.0,1484.59996,2026-09-08 16:00:00+00:00
1788897600000,78445.99,78662.75,78406.0,78455.8,1399.84666,2026-09-08 20:00:00+00:00
1788912000000,78455.8,78928.65,78455.79,78638.01,1609.73359,2026-09-09 00:00:00+00:00
1788926400000,78638.01,79400.0,78638.0,79277.43,1973.28668,2026-09-09 04:00:00+00:00
1788940800000,79277.44,79760.0,78725.29,79324.75,2523.95974,2026-09-09 08:00:00+00:00
1788955200000,79324.75,79678.84,78060.03,78596.7,4602.5023,2026-09-09 12:00:00+00:00
1788969600000,78596.7,78938.55,78150.0,78234.94,1739.43655,2026-09-09 16:00:00+00:00
1788984000000,78234.94,78340.01,77770.0,78306.43,1681.00141,2026-09-09 20:00:00+00:00
1788998400000,78306.43,78550.0,77952.0,78328.08,1876.38897,2026-09-10 00:00:00+00:00
1789012800000,78328.08,78564.39,77906.48,78112.0,1876.70487,2026-09-10 04:00:00+00:00
1789027200000,78112.0,78229.22,77688.0,77840.8,2184.29873,2026-09-10 08:00:00+00:00
1789041600000,77840.64,77959.2,76676.07,77250.0,6058.77233,2026-09-10 12:00:00+00:00
1789056000000,77250.0,77544.0,76804.99,77160.83,1862.81881,2026-09-10 16:00:00+00:00
1789070400000,77160.83,77347.45,76464.0,76568.72,1461.38533,2026-09-10 20:00:00+00:00
1789084800000,76568.73,77013.62,76563.01,76891.8,2190.99695,2026-09-11 00:00:00+00:00
1789099200000,76891.81,77431.48,76889.23,77230.7,1495.30957,2026-09-11 04:00:00+00:00
1789113600000,77230.7,77500.0,76746.95,77036.12,1673.60711,2026-09-11 08:00:00+00:00
1789128000000,77036.12,79890.0,76046.58,77732.25,9334.31018,2026-09-11 12:00:00+00:00
1789142400000,77732.25,78068.01,76883.0,77286.01,2837.74262,2026-09-11 16:00:00+00:00
1789156800000,77286.0,77504.01,76967.13,77225.7,2181.31086,2026-09-11 20:00:00+00:00
1789171200000,77225.71,77378.37,77207.65,77268.09,1050.82498,2026-09-12 00:00:00+00:00
1789185600000,77268.09,77359.2,77164.06,77269.55,1868.18666,2026-09-12 04:00:00+00:00
1789200000000,77269.54,77400.75,77269.54,77356.04,911.81159,2026-09-12 08:00:00+00:00
1789214400000,77356.05,77505.67,77255.19,77380.37,1868.75181,2026-09-12 12:00:00+00:00
1789228800000,77380.38,77414.01,77059.75,77114.99,1414.87519,2026-09-12 16:00:00+00:00
1789243200000,77115.0,77300.0,77114.99,77278.73,945.99432,2026-09-12 20:00:00+00:00
1789257600000,77278.73,77341.37,77162.36,77192.01,909.67679,2026-09-13 00:00:00+00:00
1789272000000,77192.0,77325.82,77058.42,77127.99,1137.82395,2026-09-13 04:00:00+00:00
1789286400000,77127.99,77182.0,76500.0,76792.32,1396.22788,2026-09-13 08:00:00+00:00
1789300800000,76792.31,77254.45,76560.0,77134.83,1488.47423,2026-09-13 12:00:00+00:00
1789315200000,77134.82,77413.52,77125.66,77284.0,690.96129,2026-09-13 16:00:00+00:00
1789329600000,77284.01,77450.0,76622.97,76842.01,1336.51952,2026-09-13 20:00:00+00:00
1789344000000,76842.01,77869.82,76388.72,77596.33,3263.31484,2026-09-14 00:00:00+00:00
1789358400000,77596.32,77895.35,77379.41,77892.24,1674.13901,2026-09-14 04:00:00+00:00
1789372800000,77892.24,78374.01,77593.8,77776.0,1944.20806,2026-09-14 08:00:00+00:00
1789387200000,77776.0,78712.29,77481.98,78578.02,3774.64146,2026-09-14 12:00:00+00:00
1789401600000,78578.02,79325.0,78426.17,78982.0,2707.30125,2026-09-14 16:00:00+00:00
1789416000000,78982.01,79600.0,78131.3,78189.21,2049.88509,2026-09-14 20:00:00+00:00
1789430400000,78189.2,78250.46,77658.0,77676.99,1582.25659,2026-09-15 00:00:00+00:00
1789444800000,77676.99,77744.31,76889.22,76930.01,2492.09601,2026-09-15 04:00:00+00:00
1789459200000,76930.0,77223.32,76703.59,76940.01,2305.84645,2026-09-15 08:00:00+00:00
1789473600000,76940.01,77143.15,75605.0,76512.0,6696.64322,2026-09-15 12:00:00+00:00
1789488000000,76512.01,77343.44,74967.97,76186.48,6485.18573,2026-09-15 16:00:00+00:00
1789502400000,76186.48,76245.98,75140.64,75644.48,2120.68934,2026-09-15 20:00:00+00:00
1789516800000,75644.48,76111.0,75457.52,75824.01,1612.51371,2026-09-16 00:00:00+00:00
1789531200000,75824.0,76097.54,75677.64,75766.63,1815.54445,2026-09-16 04:00:00+00:00
1789545600000,75766.62,76304.01,75350.0,76250.0,1984.5471,2026-09-16 08:00:00+00:00
1789560000000,76250.0,76300.0,75423.04,75788.41,2571.68452,2026-09-16 12:00:00+00:00
1789574400000,75788.41,76560.76,75064.82,76080.0,5061.39529,2026-09-16 16:00:00+00:00
1789588800000,76080.0,76422.01,75632.7,76206.01,1842.29924,2026-09-16 20:00:00+00:00
1789603200000,76206.0,76774.08,76055.34,76441.99,1903.83757,2026-09-17 00:00:00+00:00
1789617600000,76442.0,76682.01,76187.0,76462.76,1250.01649,2026-09-17 04:00:00+00:00
1789632000000,76462.77,76770.0,76179.0,76482.0,1544.37385,2026-09-17 08:00:00+00:00
1789646400000,76482.0,77179.47,76000.0,76780.01,3397.26109,2026-09-17 12:00:00+00:00
1789660800000,76780.01,76970.01,76470.4,76594.01,1893.4651,2026-09-17 16:00:00+00:00
1789675200000,76594.01,76732.99,76259.98,76417.01,936.06809,2026-09-17 20:00:00+00:00
1789689600000,76417.01,77597.83,76296.0,77383.47,2587.0135,2026-09-18 00:00:00+00:00
1789704000000,77383.47,77850.0,77216.76,77798.01,3187.0833,2026-09-18 04:00:00+00:00
1789718400000,77798.0,78490.79,77660.0,78062.0,3241.48376,2026-09-18 08:00:00+00:00
1789732800000,78062.01,78182.01,77982.88,78103.44,433.44263,2026-09-18 12:00:00+00:00
