time,open,high,low,close,volume,datetime
1774184400000,68654.83,68957.24,68548.32,68700.02,548.07349,2026-03-22 13:00:00+00:00
1774188000000,68700.02,68915.27,68542.1,68711.66,385.54476,2026-03-22 14:00:00+00:00
1774191600000,68711.66,69005.71,68700.0,68847.96,391.17296,2026-03-22 15:00:00+00:00
1774195200000,68847.97,68885.53,68665.62,68805.58,258.25035,2026-03-22 16:00:00+00:00
1774198800000,68805.58,68848.32,68665.34,68673.02,252.16281,2026-03-22 17:00:00+00:00
1774202400000,68672.85,68743.18,68344.57,68618.58,340.01718,2026-03-22 18:00:00+00:00
1774206000000,68618.57,68626.07,68145.01,68199.93,472.99305,2026-03-22 19:00:00+00:00
1774209600000,68199.93,68498.4,68080.0,68176.46,319.53245,2026-03-22 20:00:00+00:00
1774213200000,68176.47,68228.71,67360.66,67899.97,1535.47353,2026-03-22 21:00:00+00:00
1774216800000,67899.97,68396.94,67571.67,68339.37,856.561,2026-03-22 22:00:00+00:00
1774220400000,68339.38,68474.0,67839.99,67859.0,509.27627,2026-03-22 23:00:00+00:00
1774224000000,67859.0,68161.41,67445.18,67669.99,823.69218,2026-03-23 00:00:00+00:00
1774227600000,67670.0,68157.31,67536.01,67905.0,628.21786,2026-03-23 01:00:00+00:00
1774231200000,67905.0,68400.0,67801.67,68320.72,627.90507,2026-03-23 02:00:00+00:00
1774234800000,68320.72,68585.12,68059.88,68074.6,415.80047,2026-03-23 03:00:00+00:00
1774238400000,68074.6,68550.0,68057.56,68541.0,486.61149,2026-03-23 04:00:00+00:00
1774242000000,68541.0,68915.4,68541.0,68899.92,1162.54953,2026-03-23 05:00:00+00:00
1774245600000,68899.92,68904.42,67698.86,67874.19,1218.88217,2026-03-23 06:00:00+00:00
1774249200000,67874.2,68464.42,67502.48,68333.16,1946.35809,2026-03-23 07:00:00+00:00
1774252800000,68333.16,68696.91,68328.55,68434.26,1238.43118,2026-03-23 08:00:00+00:00
1774256400000,68434.27,68471.11,67916.14,68334.01,382.31585,2026-03-23 09:00:00+00:00
1774260000000,68334.01,68714.28,68299.82,68551.02,494.85509,2026-03-23 10:00:00+00:00
1774263600000,68551.02,71499.0,68544.15,70122.15,7050.35572,2026-03-23 11:00:00+00:00
1774267200000,70122.15,70877.35,69671.95,70752.15,1915.66623,2026-03-23 12:00:00+00:00
1774270800000,70752.14,71587.98,70600.0,71481.13,1712.52184,2026-03-23 13:00:00+00:00
1774274400000,71481.13,71817.09,71127.14,71446.46,1663.17727,2026-03-23 14:00:00+00:00
1774278000000,71446.46,71660.01,70103.21,70131.48,2051.70929,2026-03-23 15:00:00+00:00
1774281600000,70131.48,70753.43,70131.47,70561.54,1367.86918,2026-03-23 16:00:00+00:00
1774285200000,70561.54,71119.09,70363.63,71085.16,673.70407,2026-03-23 17:00:00+00:00
1774288800000,71085.16,71195.21,70879.85,71076.22,593.89042,2026-03-23 18:00:00+00:00
1774292400000,71076.22,71246.01,70649.4,70679.05,615.8582,2026-03-23 19:00:00+00:00
1774296000000,70679.04,70983.33,70559.03,70915.59,394.04509,2026-03-23 20:00:00+00:00
1774299600000,70915.59,70998.0,70827.66,70851.35,222.54858,2026-03-23 21:00:00+00:00
1774303200000,70851.36,70896.76,70520.22,70780.22,279.983,2026-03-23 22:00:00+00:00
1774306800000,70780.22,70998.0,70404.39,70906.45,368.14332,2026-03-23 23:00:00+00:00
1774310400000,70906.45,71099.96,70423.36,70679.2,735.8297,2026-03-24 00:00:00+00:00
1774314000000,70679.2,70891.53,70278.46,70516.57,730.30371,2026-03-24 01:00:00+00:00
1774317600000,70516.57,70698.0,70369.46,70453.37,431.98798,2026-03-24 02:00:00+00:00
1774321200000,70453.38,70583.36,70404.54,70542.9,380.97532,2026-03-24 03:00:00+00:00
1774324800000,70542.9,70741.64,70247.91,70372.44,474.91642,2026-03-24 04:00:00+00:00
1774328400000,70372.45,70374.38,70119.06,70283.85,641.69358,2026-03-24 05:00:00+00:00
1774332000000,70283.84,70572.83,70253.23,70541.38,850.05748,2026-03-24 06:00:00+00:00
1774335600000,70541.39,71400.0,70488.0,71291.7,1722.67702,2026-03-24 07:00:00+00:00
1774339200000,71291.7,71349.1,70850.11,70964.15,725.27631,2026-03-24 08:00:00+00:00
1774342800000,70964.16,71368.61,70851.77,71316.97,511.50447,2026-03-24 09:00:00+00:00
1774346400000,71316.98,71328.59,71078.09,71272.87,680.81546,2026-03-24 10:00:00+00:00
1774350000000,71272.87,71327.26,70964.94,71157.77,560.33228,2026-03-24 11:00:00+00:00
1774353600000,71157.77,71177.66,70860.18,70956.48,460.8181,2026-03-24 12:00:00+00:00
1774357200000,70956.48,71059.59,69968.02,70100.46,1729.62355,2026-03-24 13:00:00+00:00
1774360800000,70100.46,70462.91,69507.34,69869.93,1973.02189,2026-03-24 14:00:00+00:00
1774364400000,69869.93,70255.37,69770.85,69873.04,1419.67177,2026-03-24 15:00:00+00:00
1774368000000,69873.04,70001.92,69340.08,69476.87,889.76128,2026-03-24 16:00:00+00:00
1774371600000,69476.88,69512.73,68923.07,69238.43,1294.24297,2026-03-24 17:00:00+00:00
1774375200000,69238.44,69746.4,69168.64,69430.24,808.06583,2026-03-24 18:00:00+00:00
1774378800000,69430.25,69700.0,69277.04,69377.33,547.42601,2026-03-24 19:00:00+00:00
1774382400000,69377.33,70295.54,69296.15,70093.19,1018.45154,2026-03-24 20:00:00+00:00
1774386000000,70093.19,70400.0,69901.39,70332.93,686.65263,2026-03-24 21:00:00+00:00
1774389600000,70332.93,70586.86,70140.5,70316.96,686.91503,2026-03-24 22:00:00+00:00
1774393200000,70316.96,70832.54,70270.0,70556.74,741.40211,2026-03-24 23:00:00+00:00
1774396800000,70556.74,71100.28,70476.9,70840.75,784.33083,2026-03-25 00:00:00+00:00
1774400400000,70840.75,70977.35,70629.72,70677.18,624.19197,2026-03-25 01:00:00+00:00
1774404000000,70677.19,70781.39,70490.77,70531.09,582.86416,2026-03-25 02:00:00+00:00
1774407600000,70531.1,70808.37,70408.0,70716.7,513.15296,2026-03-25 03:00:00+00:00
1774411200000,70716.7,70977.49,70703.83,70968.64,623.46021,2026-03-25 04:00:00+00:00
1774414800000,70968.64,71345.0,70940.0,71117.66,850.19172,2026-03-25 05:00:00+00:00
1774418400000,71117.65,71260.0,70984.67,70991.83,934.75878,2026-03-25 06:00:00+00:00
1774422000000,70991.82,71270.11,70891.31,70926.88,470.72474,2026-03-25 07:00:00+00:00
1774425600000,70926.88,71503.94,70800.0,71248.39,1150.83138,2026-03-25 08:00:00+00:00
1774429200000,71248.4,71415.12,71101.99,71345.91,598.42707,2026-03-25 09:00:00+00:00
1774432800000,71345.91,71641.91,71291.69,71501.39,485.22161,2026-03-25 10:00:00+00:00
1774436400000,71501.4,72026.09,71470.49,71678.97,1053.03231,2026-03-25 11:00:00+00:00
1774440000000,71678.97,71955.17,71105.43,71715.24,1032.92186,2026-03-25 12:00:00+00:00
1774443600000,71715.24,71963.71,71515.84,71581.42,982.27587,2026-03-25 13:00:00+00:00
1774447200000,71581.42,71699.87,71230.51,71234.28,810.44092,2026-03-25 14:00:00+00:00
1774450800000,71234.28,71301.37,70530.47,70832.99,1384.84596,2026-03-25 15:00:00+00:00
1774454400000,70832.99,71752.88,70719.26,71324.01,1283.82328,2026-03-25 16:00:00+00:00
1774458000000,71324.01,71389.14,70720.38,70779.0,662.98589,2026-03-25 17:00:00+00:00
1774461600000,70778.99,71149.07,70681.07,70810.34,535.29926,2026-03-25 18:00:00+00:00
1774465200000,70810.34,71093.37,70777.51,70883.31,513.05944,2026-03-25 19:00:00+00:00
1774468800000,70883.32,71058.82,70646.34,71009.5,573.58151,2026-03-25 20:00:00+00:00
1774472400000,71009.5,71175.0,70949.3,71035.24,379.86408,2026-03-25 21:00:00+00:00
1774476000000,71035.25,71594.11,70947.61,71369.08,505.87572,2026-03-25 22:00:00+00:00
1774479600000,71369.07,71511.83,71189.55,71336.53,383.33913,2026-03-25 23:00:00+00:00
1774483200000,71336.53,71436.82,71142.38,71299.27,548.42613,2026-03-26 00:00:00+00:00
1774486800000,71299.27,71377.04,71159.06,71252.11,522.16838,2026-03-26 01:00:00+00:00
1774490400000,71252.11,71289.49,70672.37,70893.01,575.89477,2026-03-26 02:00:00+00:00
1774494000000,70893.01,70968.66,70685.69,70921.47,510.5495,2026-03-26 03:00:00+00:00
1774497600000,70921.47,70921.47,70721.46,70772.01,433.11432,2026-03-26 04:00:00+00:00
1774501200000,70772.01,70796.32,69942.96,70016.98,1271.74189,2026-03-26 05:00:00+00:00
1774504800000,70016.97,70152.63,69855.73,70097.18,1016.19011,2026-03-26 06:00:00+00:00
1774508400000,70097.19,70167.6,69805.0,70087.44,713.03812,2026-03-26 07:00:00+00:00
1774512000000,70087.44,70127.69,69806.39,70024.77,510.82818,2026-03-26 08:00:00+00:00
1774515600000,70024.78,70144.44,69409.67,69562.41,1313.07806,2026-03-26 09:00:00+00:00
1774519200000,69562.41,69719.96,69464.58,69517.68,694.15594,2026-03-26 10:00:00+00:00
1774522800000,69517.68,69667.56,69192.96,69276.01,803.66639,2026-03-26 11:00:00+00:00
1774526400000,69276.01,69461.28,69226.34,69436.42,589.82378,2026-03-26 12:00:00+00:00
1774530000000,69436.42,69877.45,69218.0,69646.59,1361.59869,2026-03-26 13:00:00+00:00
1774533600000,69646.59,69837.12,69259.25,69479.92,943.35709,2026-03-26 14:00:00+00:00
1774537200000,69479.91,69497.73,68632.4,69082.64,1805.07582,2026-03-26 15:00:00+00:00
1774540800000,69082.64,69142.94,68823.21,68932.52,949.52674,2026-03-26 16:00:00+00:00
1774544400000,68932.53,69162.0,68377.83,68486.86,1130.52816,2026-03-26 17:00:00+00:00
1774548000000,68486.86,68603.75,68153.0,68497.25,1402.56662,2026-03-26 18:00:00+00:00
1774551600000,68497.25,68681.54,68358.8,68534.36,543.97259,2026-03-26 19:00:00+00:00
1774555200000,68534.37,69478.42,68436.74,69005.21,1707.65634,2026-03-26 20:00:00+00:00
1774558800000,69005.21,69205.43,68879.05,68921.1,598.68777,2026-03-26 21:00:00+00:00
1774562400000,68921.1,69028.89,68603.24,68892.67,484.39394,2026-03-26 22:00:00+00:00
1774566000000,68892.66,68994.16,68640.0,68820.31,390.41835,2026-03-26 23:00:00+00:00
1774569600000,68820.31,68965.15,68531.37,68785.01,634.46014,2026-03-27 00:00:00+00:00
1774573200000,68785.0,69066.51,68700.0,69051.27,555.05692,2026-03-27 01:00:00+00:00
1774576800000,69051.27,69179.05,68862.0,68903.59,948.45642,2026-03-27 02:00:00+00:00
1774580400000,68903.58,68924.0,68668.72,68767.51,576.98772,2026-03-27 03:00:00+00:00
1774584000000,68767.5,68791.4,68304.14,68578.0,846.47748,2026-03-27 04:00:00+00:00
1774587600000,68577.99,68865.88,68511.79,68630.77,773.74806,2026-03-27 05:00:00+00:00
1774591200000,68630.76,68846.0,68567.62,68656.15,672.0882,2026-03-27 06:00:00+00:00
1774594800000,68656.16,68955.53,68399.18,68540.48,1641.76445,2026-03-27 07:00:00+00:00
1774598400000,68540.49,68635.07,67609.29,67920.5,1817.58289,2026-03-27 08:00:00+00:00
1774602000000,67920.51,67960.32,67548.67,67695.81,812.25094,2026-03-27 09:00:00+00:00
1774605600000,67695.81,67778.99,66326.38,66502.41,3012.9263,2026-03-27 10:00:00+00:00
1774609200000,66502.41,66848.05,66231.96,66702.78,1683.20205,2026-03-27 11:00:00+00:00
1774612800000,66702.78,66773.25,66432.19,66619.76,964.55681,2026-03-27 12:00:00+00:00
1774616400000,66619.75,66757.3,66025.0,66188.32,2427.72498,2026-03-27 13:00:00+00:00
1774620000000,66188.31,66404.0,65730.17,66205.06,2475.49917,2026-03-27 14:00:00+00:00
1774623600000,66205.07,66638.25,65958.75,66112.82,2405.26081,2026-03-27 15:00:00+00:00
1774627200000,66112.82,66177.99,65812.43,65979.29,1226.73521,2026-03-27 16:00:00+00:00
1774630800000,65979.29,66290.0,65600.0,65632.92,1002.16119,2026-03-27 17:00:00+00:00
1774634400000,65632.93,65951.96,65548.25,65836.69,915.82085,2026-03-27 18:00:00+00:00
1774638000000,65836.69,66145.0,65700.0,66040.66,818.3401,2026-03-27 19:00:00+00:00
1774641600000,66040.65,66152.51,65817.44,66020.76,511.09525,2026-03-27 20:00:00+00:00
1774645200000,66020.77,66186.01,66013.0,66098.0,636.71362,2026-03-27 21:00:00+00:00
1774648800000,66098.0,66098.01,65920.0,66020.79,739.86415,2026-03-27 22:00:00+00:00
1774652400000,66020.79,66420.75,65970.25,66407.28,504.92186,2026-03-27 23:00:00+00:00
1774656000000,66407.28,66520.46,66293.35,66431.55,499.89072,2026-03-28 00:00:00+00:00
1774659600000,66431.54,66431.55,66056.09,66178.85,613.17173,2026-03-28 01:00:00+00:00
1774663200000,66178.86,66251.67,65932.09,66053.2,490.39923,2026-03-28 02:00:00+00:00
1774666800000,66053.2,66259.66,66053.19,66240.0,705.96536,2026-03-28 03:00:00+00:00
1774670400000,66240.0,66304.72,66110.0,66285.01,452.84284,2026-03-28 04:00:00+00:00
1774674000000,66285.01,66407.96,66202.01,66341.9,675.62625,2026-03-28 05:00:00+00:00
1774677600000,66341.9,66500.0,66308.93,66382.0,485.97016,2026-03-28 06:00:00+00:00
1774681200000,66382.0,66573.61,66379.8,66561.48,737.38217,2026-03-28 07:00:00+00:00
1774684800000,66561.49,66570.09,66387.06,66409.33,708.34892,2026-03-28 08:00:00+00:00
1774688400000,66409.34,66416.77,66243.01,66311.32,634.09125,2026-03-28 09:00:00+00:00
1774692000000,66311.32,66411.79,66124.4,66221.38,306.12343,2026-03-28 10:00:00+00:00
1774695600000,66221.37,66358.0,66201.91,66319.47,223.42305,2026-03-28 11:00:00+00:00
1774699200000,66319.46,66527.01,66240.87,66455.09,344.10648,2026-03-28 12:00:00+00:00
1774702800000,66455.1,67163.99,66407.65,66835.1,1040.57902,2026-03-28 13:00:00+00:00
1774706400000,66835.1,66967.01,66666.66,66742.1,570.49869,2026-03-28 14:00:00+00:00
1774710000000,66742.09,67288.94,66717.15,67014.91,771.68723,2026-03-28 15:00:00+00:00
1774713600000,67014.92,67096.77,66855.24,66926.95,342.70522,2026-03-28 16:00:00+00:00
1774717200000,66926.94,66996.61,66704.0,66846.21,310.89662,2026-03-28 17:00:00+00:00
1774720800000,66846.2,66963.51,66834.87,66908.03,234.04169,2026-03-28 18:00:00+00:00
1774724400000,66908.03,66954.0,66804.71,66916.52,202.96743,2026-03-28 19:00:00+00:00
1774728000000,66916.52,67010.0,66906.0,66906.0,262.72665,2026-03-28 20:00:00+00:00
1774731600000,66906.0,66926.31,66600.01,66685.53,291.07026,2026-03-28 21:00:00+00:00
1774735200000,66685.53,66788.88,66588.22,66755.88,224.47432,2026-03-28 22:00:00+00:00
1774738800000,66755.88,66755.88,66283.38,66377.03,333.40975,2026-03-28 23:00:00+00:00
1774742400000,66377.04,66500.0,66281.4,66487.93,285.17232,2026-03-29 00:00:00+00:00
1774746000000,66487.93,66620.0,66385.88,66569.22,295.19169,2026-03-29 01:00:00+00:00
1774749600000,66569.22,66843.66,66540.96,66818.0,293.83335,2026-03-29 02:00:00+00:00
1774753200000,66818.01,67130.5,66760.48,66912.0,660.9466,2026-03-29 03:00:00+00:00
1774756800000,66912.0,66936.6,66717.51,66735.14,168.5724,2026-03-29 04:00:00+00:00
1774760400000,66735.14,66828.05,66597.1,66771.94,418.44564,2026-03-29 05:00:00+00:00
1774764000000,66771.94,66872.0,66636.0,66738.5,418.74617,2026-03-29 06:00:00+00:00
1774767600000,66738.5,66752.61,66556.78,66671.0,346.10727,2026-03-29 07:00:00+00:00
1774771200000,66671.0,66772.83,66600.0,66724.0,177.06023,2026-03-29 08:00:00+00:00
1774774800000,66724.0,66773.02,66549.54,66634.01,225.04256,2026-03-29 09:00:00+00:00
1774778400000,66634.01,66634.02,66418.0,66502.79,345.865,2026-03-29 10:00:00+00:00
1774782000000,66502.8,66988.01,66502.79,66816.28,336.66276,2026-03-29 11:00:00+00:00
1774785600000,66816.29,66870.34,66703.07,66849.88,185.85649,2026-03-29 12:00:00+00:00
1774789200000,66849.88,66875.24,66524.28,66580.36,359.5639,2026-03-29 13:00:00+00:00
1774792800000,66580.36,66797.01,66461.0,66589.64,372.89659,2026-03-29 14:00:00+00:00
1774796400000,66589.64,66730.6,66334.37,66523.0,518.27098,2026-03-29 15:00:00+00:00
1774800000000,66523.01,66665.05,66435.75,66499.35,232.56305,2026-03-29 16:00:00+00:00
1774803600000,66499.36,66546.0,66158.26,66385.84,329.15631,2026-03-29 17:00:00+00:00
1774807200000,66385.84,66540.43,66321.66,66427.26,147.43013,2026-03-29 18:00:00+00:00
1774810800000,66427.27,66477.81,66323.3,66348.62,285.67371,2026-03-29 19:00:00+00:00
1774814400000,66348.61,66793.83,66348.61,66614.05,280.05501,2026-03-29 20:00:00+00:00
1774818000000,66614.04,66756.51,66509.41,66710.12,220.10647,2026-03-29 21:00:00+00:00
1774821600000,66710.12,66710.12,65000.0,65860.31,2219.11979,2026-03-29 22:00:00+00:00
1774825200000,65860.31,66382.98,65859.91,66010.93,930.51742,2026-03-29 23:00:00+00:00
1774828800000,66010.93,67059.66,65800.59,66280.25,1328.87485,2026-03-30 00:00:00+00:00
1774832400000,66280.24,66834.79,66280.24,66653.74,685.87133,2026-03-30 01:00:00+00:00
1774836000000,66653.74,67450.0,66580.01,67121.01,1220.60217,2026-03-30 02:00:00+00:00
1774839600000,67121.01,67319.33,66977.62,67173.8,466.26604,2026-03-30 03:00:00+00:00
1774843200000,67173.8,67650.01,67167.92,67616.29,809.57231,2026-03-30 04:00:00+00:00
1774846800000,67616.28,67800.0,67442.0,67492.46,627.15632,2026-03-30 05:00:00+00:00
1774850400000,67492.46,67585.97,67278.53,67305.14,721.7835,2026-03-30 06:00:00+00:00
1774854000000,67305.14,67624.39,67227.88,67624.39,584.47106,2026-03-30 07:00:00+00:00
1774857600000,67624.39,67946.02,67604.56,67666.44,1729.15176,2026-03-30 08:00:00+00:00
1774861200000,67666.44,67698.62,67460.0,67495.46,607.44273,2026-03-30 09:00:00+00:00
1774864800000,67495.46,67518.37,67360.41,67488.53,255.63666,2026-03-30 10:00:00+00:00
1774868400000,67488.88,68042.3,67488.88,67680.45,790.86208,2026-03-30 11:00:00+00:00
1774872000000,67680.44,67979.93,67666.17,67899.59,627.65449,2026-03-30 12:00:00+00:00
1774875600000,67899.59,68169.65,67428.57,67529.52,1379.99177,2026-03-30 13:00:00+00:00
1774879200000,67529.52,67864.49,67088.73,67799.54,1205.57197,2026-03-30 14:00:00+00:00
1774882800000,67799.54,67896.89,67407.63,67629.4,964.70473,2026-03-30 15:00:00+00:00
1774886400000,67629.4,67641.65,67222.0,67368.1,660.26793,2026-03-30 16:00:00+00:00
1774890000000,67368.1,67465.2,66650.0,66828.02,917.71373,2026-03-30 17:00:00+00:00
1774893600000,66828.02,66929.18,66508.25,66653.46,498.11738,2026-03-30 18:00:00+00:00
1774897200000,66653.45,66664.57,66233.13,66550.05,597.89786,2026-03-30 19:00:00+00:00
1774900800000,66550.06,66691.48,66523.75,66651.4,324.61202,2026-03-30 20:00:00+00:00
1774904400000,66651.41,66994.17,66587.32,66809.3,481.422,2026-03-30 21:00:00+00:00
1774908000000,66809.3,66989.1,66683.72,66784.98,169.50316,2026-03-30 22:00:00+00:00
1774911600000,66784.97,66797.38,66419.79,66797.37,698.2419,2026-03-30 23:00:00+00:00
1774915200000,66797.38,67303.33,66544.51,67208.75,658.94529,2026-03-31 00:00:00+00:00
1774918800000,67208.74,68408.37,67050.0,67938.54,1458.05548,2026-03-31 01:00:00+00:00
1774922400000,67938.05,68096.87,67775.18,67943.43,435.18783,2026-03-31 02:00:00+00:00
1774926000000,67943.43,68009.99,67648.2,67704.74,387.87365,2026-03-31 03:00:00+00:00
1774929600000,67704.74,67979.38,67405.89,67544.01,1149.88888,2026-03-31 04:00:00+00:00
1774933200000,67544.01,67780.34,67400.0,67681.68,653.43122,2026-03-31 05:00:00+00:00
1774936800000,67681.69,67711.02,67333.33,67492.85,511.27605,2026-03-31 06:00:00+00:00
1774940400000,67492.86,67524.65,67103.32,67367.69,1579.98188,2026-03-31 07:00:00+00:00
1774944000000,67367.7,67496.0,66688.68,66778.33,897.84489,2026-03-31 08:00:00+00:00
1774947600000,66778.34,66924.33,65998.05,66124.99,1512.48446,2026-03-31 09:00:00+00:00
1774951200000,66125.0,66471.08,66100.01,66363.38,788.27557,2026-03-31 10:00:00+00:00
1774954800000,66363.38,66922.58,66240.14,66685.69,989.3859,2026-03-31 11:00:00+00:00
1774958400000,66685.69,66939.9,66520.71,66653.26,539.00678,2026-03-31 12:00:00+00:00
1774962000000,66653.27,67412.11,66653.27,67302.29,1087.22021,2026-03-31 13:00:00+00:00
1774965600000,67302.28,67767.87,66427.53,66587.45,1485.37387,2026-03-31 14:00:00+00:00
1774969200000,66587.46,67283.25,66587.46,66736.8,1025.58837,2026-03-31 15:00:00+00:00
1774972800000,66736.79,68030.19,66729.28,67665.83,1334.03651,2026-03-31 16:00:00+00:00
1774976400000,67665.83,68589.49,67403.81,67526.75,2195.81331,2026-03-31 17:00:00+00:00
1774980000000,67526.76,67947.98,67526.3,67854.05,426.40012,2026-03-31 18:00:00+00:00
1774983600000,67854.04,68029.41,67716.35,67838.8,435.2447,2026-03-31 19:00:00+00:00
1774987200000,67838.79,68267.27,67831.7,68265.53,693.06575,2026-03-31 20:00:00+00:00
1774990800000,68265.53,68410.3,67884.0,68277.99,494.48096,2026-03-31 21:00:00+00:00
1774994400000,68278.0,68341.16,67962.27,68172.87,755.55219,2026-03-31 22:00:00+00:00
1774998000000,68173.59,68371.1,68090.2,68284.48,610.99275,2026-03-31 23:00:00+00:00
1775001600000,68284.49,68343.77,67853.3,68330.75,542.79511,2026-04-01 00:00:00+00:00
1775005200000,68330.76,68378.64,67760.33,67782.73,966.68117,2026-04-01 01:00:00+00:00
1775008800000,67782.74,67913.98,67578.75,67668.89,1114.17912,2026-04-01 02:00:00+00:00
1775012400000,67668.9,68250.0,67668.9,68170.67,551.94514,2026-04-01 03:00:00+00:00
1775016000000,68170.67,68476.26,68005.33,68303.83,711.87735,2026-04-01 04:00:00+00:00
1775019600000,68303.83,68755.51,68150.0,68456.02,817.4812,2026-04-01 05:00:00+00:00
1775023200000,68456.01,69236.78,68456.01,69102.85,1241.29278,2026-04-01 06:00:00+00:00
1775026800000,69102.8,69310.0,68667.02,68692.0,1537.595,2026-04-01 07:00:00+00:00
1775030400000,68692.0,68851.35,68389.21,68670.16,1279.02403,2026-04-01 08:00:00+00:00
1775034000000,68670.15,68733.78,68390.25,68644.0,480.44871,2026-04-01 09:00:00+00:00
1775037600000,68644.01,68662.26,68407.08,68585.55,974.80784,2026-04-01 10:00:00+00:00
1775041200000,68585.55,68736.15,68505.91,68712.52,752.56981,2026-04-01 11:00:00+00:00
1775044800000,68712.52,68786.0,68248.3,68393.6,1365.22557,2026-04-01 12:00:00+00:00
1775048400000,68393.6,68681.25,67918.83,68116.07,1032.06992,2026-04-01 13:00:00+00:00
1775052000000,68116.06,68690.98,68059.38,68593.55,905.1708,2026-04-01 14:00:00+00:00
1775055600000,68593.56,68965.0,68428.94,68918.52,789.38357,2026-04-01 15:00:00+00:00
1775059200000,68918.52,68986.66,68610.0,68816.34,705.16345,2026-04-01 16:00:00+00:00
1775062800000,68816.35,69171.77,68247.17,68266.62,768.87563,2026-04-01 17:00:00+00:00
1775066400000,68266.62,68330.31,67939.28,68084.76,723.37275,2026-04-01 18:00:00+00:00
1775070000000,68084.76,68287.39,68028.19,68176.84,412.79717,2026-04-01 19:00:00+00:00
1775073600000,68176.84,68249.0,67964.48,68191.09,276.10606,2026-04-01 20:00:00+00:00
1775077200000,68191.09,68534.0,68171.56,68362.53,326.52766,2026-04-01 21:00:00+00:00
1775080800000,68362.53,68362.53,68070.38,68122.99,270.47066,2026-04-01 22:00:00+00:00
1775084400000,68122.99,68250.0,67996.89,68113.92,474.3294,2026-04-01 23:00:00+00:00
1775088000000,68113.92,68653.38,68050.0,68600.29,409.1904,2026-04-02 00:00:00+00:00
1775091600000,68600.29,68600.29,67050.84,67359.27,1944.08944,2026-04-02 01:00:00+00:00
1775095200000,67359.27,67359.27,66624.64,66852.99,1169.08434,2026-04-02 02:00:00+00:00
1775098800000,66852.99,66969.54,66500.0,66576.25,767.73135,2026-04-02 03:00:00+00:00
1775102400000,66576.25,66655.46,66217.07,66330.27,889.41375,2026-04-02 04:00:00+00:00
1775106000000,66330.27,66667.92,66311.0,66591.54,966.2787,2026-04-02 05:00:00+00:00
1775109600000,66591.54,66824.95,66548.45,66681.49,493.29026,2026-04-02 06:00:00+00:00
1775113200000,66681.48,66961.26,66557.33,66930.79,645.82875,2026-04-02 07:00:00+00:00
1775116800000,66930.79,66930.79,66180.0,66439.12,781.90752,2026-04-02 08:00:00+00:00
1775120400000,66439.12,66517.43,66294.0,66469.6,483.38047,2026-04-02 09:00:00+00:00
1775124000000,66469.6,66511.79,66229.55,66457.28,452.52391,2026-04-02 10:00:00+00:00
1775127600000,66457.28,66516.06,66167.1,66220.28,1122.63022,2026-04-02 11:00:00+00:00
1775131200000,66220.28,66248.51,65961.66,66052.71,1024.11018,2026-04-02 12:00:00+00:00
1775134800000,66052.71,66285.81,65712.12,66270.87,1225.30288,2026-04-02 13:00:00+00:00
1775138400000,66270.87,67104.86,66168.07,66868.18,1908.17735,2026-04-02 14:00:00+00:00
1775142000000,66868.17,66994.51,66646.36,66852.91,825.60342,2026-04-02 15:00:00+00:00
1775145600000,66852.91,67300.0,66759.28,67095.85,920.46412,2026-04-02 16:00:00+00:00
1775149200000,67095.85,67430.99,66666.66,66679.16,1455.89824,2026-04-02 17:00:00+00:00
1775152800000,66679.16,67065.35,66596.8,66981.99,929.27922,2026-04-02 18:00:00+00:00
1775156400000,66981.99,67109.09,66878.0,66975.99,436.15774,2026-04-02 19:00:00+00:00
1775160000000,66976.0,67100.0,66798.0,66939.25,284.18038,2026-04-02 20:00:00+00:00
1775163600000,66939.25,67012.09,66731.08,66935.93,272.54969,2026-04-02 21:00:00+00:00
1775167200000,66935.94,67037.48,66825.61,66982.48,352.22156,2026-04-02 22:00:00+00:00
1775170800000,66982.48,67096.68,66855.5,66901.99,444.18527,2026-04-02 23:00:00+00:00
1775174400000,66901.99,67000.0,66702.83,66785.86,388.08477,2026-04-03 00:00:00+00:00
1775178000000,66785.87,66905.61,66483.9,66630.0,613.9141,2026-04-03 01:00:00+00:00
1775181600000,66630.01,66750.57,66282.0,66533.81,625.3621,2026-04-03 02:00:00+00:00
1775185200000,66533.82,66724.17,66495.69,66579.97,581.20992,2026-04-03 03:00:00+00:00
1775188800000,66579.98,66699.99,66500.04,66602.66,733.15532,2026-04-03 04:00:00+00:00
1775192400000,66602.67,66808.5,66416.68,66600.35,822.39566,2026-04-03 05:00:00+00:00
1775196000000,66600.35,66800.0,66558.76,66796.79,434.2967,2026-04-03 06:00:00+00:00
1775199600000,66796.8,67247.38,66758.0,67042.08,883.37731,2026-04-03 07:00:00+00:00
1775203200000,67042.08,67288.0,66900.56,66965.39,717.16964,2026-04-03 08:00:00+00:00
1775206800000,66965.39,67007.93,66749.35,66859.58,291.40037,2026-04-03 09:00:00+00:00
1775210400000,66859.58,66898.97,66674.72,66883.08,215.33139,2026-04-03 10:00:00+00:00
1775214000000,66883.09,67057.42,66823.18,67017.44,215.91455,2026-04-03 11:00:00+00:00
1775217600000,67017.43,67370.42,66646.36,66722.16,808.01051,2026-04-03 12:00:00+00:00
1775221200000,66722.16,66735.62,66508.1,66672.0,554.93399,2026-04-03 13:00:00+00:00
1775224800000,66671.99,66990.59,66634.0,66929.81,530.03077,2026-04-03 14:00:00+00:00
1775228400000,66929.8,67028.37,66823.3,66827.15,465.79672,2026-04-03 15:00:00+00:00
1775232000000,66827.15,67069.0,66827.14,67010.46,361.0645,2026-04-03 16:00:00+00:00
1775235600000,67010.45,67067.0,66751.86,66855.01,378.12395,2026-04-03 17:00:00+00:00
1775239200000,66855.0,66930.0,66786.12,66812.03,187.13591,2026-04-03 18:00:00+00:00
1775242800000,66812.04,66911.19,66774.02,66885.74,289.39585,2026-04-03 19:00:00+00:00
1775246400000,66885.73,66919.61,66831.97,66831.98,141.97965,2026-04-03 20:00:00+00:00
1775250000000,66831.97,66970.18,66827.6,66964.21,378.17654,2026-04-03 21:00:00+00:00
1775253600000,66964.21,66970.17,66842.76,66888.76,287.42422,2026-04-03 22:00:00+00:00
1775257200000,66888.76,66964.3,66826.13,66964.3,525.44687,2026-04-03 23:00:00+00:00
1775260800000,66964.29,66968.28,66876.7,66893.39,159.1028,2026-04-04 00:00:00+00:00
1775264400000,66893.4,66924.48,66827.22,66852.0,418.46364,2026-04-04 01:00:00+00:00
1775268000000,66852.0,66919.41,66814.0,66844.83,138.81793,2026-04-04 02:00:00+00:00
1775271600000,66844.84,66910.22,66830.23,66832.18,86.81929,2026-04-04 03:00:00+00:00
1775275200000,66832.18,66876.32,66775.91,66860.73,180.50471,2026-04-04 04:00:00+00:00
1775278800000,66860.73,66936.72,66844.14,66916.29,629.01422,2026-04-04 05:00:00+00:00
1775282400000,66916.3,67049.94,66911.2,67013.24,254.32193,2026-04-04 06:00:00+00:00
1775286000000,67013.25,67052.99,66943.34,67014.96,664.43952,2026-04-04 07:00:00+00:00
1775289600000,67014.95,67057.42,66918.0,66940.0,398.19184,2026-04-04 08:00:00+00:00
1775293200000,66940.0,66994.52,66918.0,66988.05,295.09328,2026-04-04 09:00:00+00:00
1775296800000,66988.06,67167.0,66918.0,67167.0,290.85424,2026-04-04 10:00:00+00:00
1775300400000,67167.0,67232.72,67083.43,67156.93,363.18025,2026-04-04 11:00:00+00:00
1775304000000,67156.93,67185.0,67060.56,67097.87,140.59027,2026-04-04 12:00:00+00:00
1775307600000,67097.87,67267.0,67082.41,67193.44,362.06124,2026-04-04 13:00:00+00:00
1775311200000,67193.45,67223.51,67029.07,67215.24,369.07128,2026-04-04 14:00:00+00:00
1775314800000,67215.24,67562.93,67177.39,67383.66,635.57272,2026-04-04 15:00:00+00:00
1775318400000,67383.66,67520.85,67331.06,67366.68,294.26452,2026-04-04 16:00:00+00:00
1775322000000,67366.68,67416.48,67292.0,67329.4,254.01236,2026-04-04 17:00:00+00:00
1775325600000,67329.41,67380.98,67265.0,67295.47,120.36154,2026-04-04 18:00:00+00:00
1775329200000,67295.47,67543.6,67275.0,67288.42,189.77457,2026-04-04 19:00:00+00:00
1775332800000,67288.42,67295.81,67186.62,67268.4,186.97188,2026-04-04 20:00:00+00:00
1775336400000,67268.4,67504.54,67215.0,67359.2,238.4254,2026-04-04 21:00:00+00:00
1775340000000,67359.21,67470.93,67341.19,67399.92,306.3388,2026-04-04 22:00:00+00:00
1775343600000,67399.91,67399.99,67261.32,67300.42,397.2679,2026-04-04 23:00:00+00:00
1775347200000,67300.42,67307.28,67168.08,67225.0,431.18676,2026-04-05 00:00:00+00:00
1775350800000,67225.0,67230.0,67080.0,67085.0,369.56535,2026-04-05 01:00:00+00:00
1775354400000,67085.0,67174.92,66955.72,67170.16,252.42427,2026-04-05 02:00:00+00:00
1775358000000,67170.17,67188.09,67089.33,67145.98,163.69484,2026-04-05 03:00:00+00:00
1775361600000,67145.98,67188.51,67073.56,67101.65,92.89503,2026-04-05 04:00:00+00:00
1775365200000,67101.65,67154.98,66888.0,66931.65,466.39184,2026-04-05 05:00:00+00:00
1775368800000,66931.65,66940.0,66611.66,66802.24,728.34135,2026-04-05 06:00:00+00:00
1775372400000,66802.24,66914.48,66715.43,66820.64,615.79892,2026-04-05 07:00:00+00:00
1775376000000,66820.64,66940.0,66819.42,66933.18,227.07394,2026-04-05 08:00:00+00:00
1775379600000,66933.18,67048.64,66902.15,67035.15,293.93169,2026-04-05 09:00:00+00:00
1775383200000,67035.15,67150.0,66968.35,67046.01,288.35183,2026-04-05 10:00:00+00:00
1775386800000,67046.01,67087.22,66973.67,66999.0,253.07128,2026-04-05 11:00:00+00:00
1775390400000,66998.99,66999.0,66680.57,66783.58,607.98096,2026-04-05 12:00:00+00:00
1775394000000,66783.59,66918.03,66693.91,66890.7,361.31735,2026-04-05 13:00:00+00:00
1775397600000,66890.7,66963.95,66820.54,66918.03,296.0396,2026-04-05 14:00:00+00:00
1775401200000,66918.03,67856.16,66829.02,67306.64,1471.0776,2026-04-05 15:00:00+00:00
1775404800000,67306.65,67410.0,67173.4,67212.62,356.80623,2026-04-05 16:00:00+00:00
1775408400000,67212.61,67402.0,67187.95,67373.64,168.11139,2026-04-05 17:00:00+00:00
1775412000000,67373.64,67451.78,67281.38,67413.78,210.99631,2026-04-05 18:00:00+00:00
1775415600000,67413.78,67560.45,67276.67,67361.01,229.64378,2026-04-05 19:00:00+00:00
1775419200000,67361.01,67705.74,67332.66,67658.35,338.30366,2026-04-05 20:00:00+00:00
1775422800000,67658.35,67682.42,67408.07,67553.43,435.91664,2026-04-05 21:00:00+00:00
1775426400000,67553.44,68374.75,67347.05,68338.43,1201.92322,2026-04-05 22:00:00+00:00
1775430000000,68338.43,69136.2,68266.13,69034.18,1872.62368,2026-04-05 23:00:00+00:00
1775433600000,69034.18,69588.0,69034.18,69083.78,1917.91608,2026-04-06 00:00:00+00:00
1775437200000,69083.79,69139.63,68787.13,68810.18,991.41564,2026-04-06 01:00:00+00:00
1775440800000,68810.17,69408.39,68776.61,69207.99,951.83494,2026-04-06 02:00:00+00:00
1775444400000,69207.99,69259.06,69056.86,69123.69,641.74895,2026-04-06 03:00:00+00:00
1775448000000,69123.69,69217.68,68980.36,69141.8,640.03746,2026-04-06 04:00:00+00:00
1775451600000,69141.81,69247.0,69086.0,69199.31,664.48642,2026-04-06 05:00:00+00:00
1775455200000,69199.31,69354.26,68806.53,68976.67,805.10068,2026-04-06 06:00:00+00:00
1775458800000,68976.67,69215.37,68821.07,69115.91,705.20265,2026-04-06 07:00:00+00:00
1775462400000,69115.91,69347.85,69081.88,69224.63,514.80546,2026-04-06 08:00:00+00:00
1775466000000,69224.63,70283.32,69214.46,69728.0,2395.68342,2026-04-06 09:00:00+00:00
1775469600000,69728.01,69950.0,69708.13,69770.88,634.91449,2026-04-06 10:00:00+00:00
1775473200000,69770.88,69770.96,69565.01,69614.91,453.63795,2026-04-06 11:00:00+00:00
1775476800000,69614.91,69635.87,69329.23,69366.75,601.7024,2026-04-06 12:00:00+00:00
1775480400000,69366.76,69550.0,69235.09,69428.23,656.60844,2026-04-06 13:00:00+00:00
1775484000000,69428.23,69809.99,69163.86,69654.38,1336.92282,2026-04-06 14:00:00+00:00
1775487600000,69654.39,69973.25,69526.87,69968.87,814.13173,2026-04-06 15:00:00+00:00
1775491200000,69968.87,70351.46,69782.11,69799.14,1291.21899,2026-04-06 16:00:00+00:00
1775494800000,69799.14,69820.0,69282.02,69574.61,914.30002,2026-04-06 17:00:00+00:00
1775498400000,69574.62,69967.78,69479.49,69888.97,537.79955,2026-04-06 18:00:00+00:00
1775502000000,69888.97,69899.99,69583.33,69739.53,431.93913,2026-04-06 19:00:00+00:00
1775505600000,69739.52,69974.08,69625.0,69826.01,372.95882,2026-04-06 20:00:00+00:00
1775509200000,69826.0,69826.0,69423.09,69504.99,366.00988,2026-04-06 21:00:00+00:00
1775512800000,69504.99,69581.92,68811.0,68811.0,578.82627,2026-04-06 22:00:00+00:00
1775516400000,68811.01,68912.97,68300.0,68853.66,1062.40825,2026-04-06 23:00:00+00:00
1775520000000,68853.66,69128.2,68723.81,68775.7,908.20417,2026-04-07 00:00:00+00:00
1775523600000,68775.71,68900.63,68352.52,68400.01,682.14287,2026-04-07 01:00:00+00:00
1775527200000,68400.01,68713.92,68273.34,68674.0,382.32486,2026-04-07 02:00:00+00:00
1775530800000,68674.01,68800.94,68625.59,68779.21,449.64401,2026-04-07 03:00:00+00:00
1775534400000,68779.2,68981.83,68540.84,68854.65,480.37449,2026-04-07 04:00:00+00:00
1775538000000,68854.65,68866.0,68613.2,68669.0,546.70209,2026-04-07 05:00:00+00:00
1775541600000,68669.0,68669.01,68443.0,68568.35,488.73987,2026-04-07 06:00:00+00:00
1775545200000,68568.35,68703.72,68500.0,68624.61,307.81904,2026-04-07 07:00:00+00:00
1775548800000,68624.6,68984.48,68603.6,68936.71,338.93457,2026-04-07 08:00:00+00:00
1775552400000,68936.71,69247.9,68930.04,69150.05,436.92801,2026-04-07 09:00:00+00:00
1775556000000,69150.06,69199.87,68200.0,68237.93,899.01254,2026-04-07 10:00:00+00:00
1775559600000,68237.93,68455.96,68071.96,68345.75,598.71022,2026-04-07 11:00:00+00:00
1775563200000,68345.75,68599.13,68080.0,68392.18,738.67705,2026-04-07 12:00:00+00:00
1775566800000,68392.19,68633.87,68198.12,68231.99,822.0611,2026-04-07 13:00:00+00:00
1775570400000,68231.99,68258.26,67763.64,67860.48,1396.10082,2026-04-07 14:00:00+00:00
1775574000000,67860.49,68268.6,67732.01,68168.1,1084.45539,2026-04-07 15:00:00+00:00
1775577600000,68168.11,68454.23,68085.01,68229.99,654.26405,2026-04-07 16:00:00+00:00
1775581200000,68230.0,69000.0,68198.22,68705.81,1147.70463,2026-04-07 17:00:00+00:00
1775584800000,68705.82,68773.24,68358.1,68442.53,630.41269,2026-04-07 18:00:00+00:00
1775588400000,68442.52,69098.44,68358.1,69011.29,1385.03929,2026-04-07 19:00:00+00:00
1775592000000,69011.29,69535.26,69011.29,69319.39,1097.55478,2026-04-07 20:00:00+00:00
1775595600000,69319.39,70216.68,69311.84,69927.64,1742.03489,2026-04-07 21:00:00+00:00
1775599200000,69927.65,71528.0,69927.65,71514.09,2841.66596,2026-04-07 22:00:00+00:00
1775602800000,71514.1,72761.0,71194.9,71924.22,3690.98922,2026-04-07 23:00:00+00:00
1775606400000,71924.22,72110.65,71541.51,71710.19,1153.45069,2026-04-08 00:00:00+00:00
1775610000000,71710.19,71758.6,71452.68,71476.97,621.6206,2026-04-08 01:00:00+00:00
1775613600000,71476.98,71727.01,71240.99,71364.94,1153.76247,2026-04-08 02:00:00+00:00
1775617200000,71364.95,71479.97,71277.18,71287.39,441.23135,2026-04-08 03:00:00+00:00
1775620800000,71287.39,71676.77,71287.38,71566.18,721.11279,2026-04-08 04:00:00+00:00
1775624400000,71566.66,71831.6,71560.0,71731.1,821.79755,2026-04-08 05:00:00+00:00
1775628000000,71731.1,71941.42,71581.14,71732.69,811.19618,2026-04-08 06:00:00+00:00
1775631600000,71732.7,71902.0,71573.04,71627.59,943.84918,2026-04-08 07:00:00+00:00
1775635200000,71627.59,71831.08,71627.59,71800.0,501.15204,2026-04-08 08:00:00+00:00
1775638800000,71799.99,71955.0,71588.75,71678.87,419.9995,2026-04-08 09:00:00+00:00
1775642400000,71678.87,71790.0,71457.61,71476.98,514.219,2026-04-08 10:00:00+00:00
1775646000000,71476.97,71739.67,71407.77,71675.12,779.27898,2026-04-08 11:00:00+00:00
1775649600000,71675.12,72181.81,71581.76,72071.95,1226.00544,2026-04-08 12:00:00+00:00
1775653200000,72071.95,72857.0,71510.0,71600.01,2821.31683,2026-04-08 13:00:00+00:00
1775656800000,71600.0,71751.42,70707.23,70912.88,1895.54834,2026-04-08 14:00:00+00:00
1775660400000,70912.89,71349.05,70833.3,71310.0,873.16856,2026-04-08 15:00:00+00:00
1775664000000,71309.99,71699.0,71250.93,71602.1,757.94566,2026-04-08 16:00:00+00:00
1775667600000,71602.11,71963.94,71490.55,71888.19,682.09647,2026-04-08 17:00:00+00:00
1775671200000,71888.19,71888.2,71085.22,71099.63,703.75724,2026-04-08 18:00:00+00:00
1775674800000,71099.63,71372.22,71019.0,71318.48,473.49397,2026-04-08 19:00:00+00:00
1775678400000,71318.47,71481.7,71267.91,71372.93,226.24698,2026-04-08 20:00:00+00:00
1775682000000,71372.94,71748.0,71330.86,71551.39,367.89907,2026-04-08 21:00:00+00:00
1775685600000,71551.4,71571.6,71064.84,71064.84,374.67564,2026-04-08 22:00:00+00:00
1775689200000,71064.84,71204.0,70901.89,71069.93,517.86174,2026-04-08 23:00:00+00:00
1775692800000,71069.93,71133.71,70650.0,70815.5,677.85142,2026-04-09 00:00:00+00:00
1775696400000,70815.5,70956.7,70466.0,70928.89,495.03665,2026-04-09 01:00:00+00:00
1775700000000,70928.9,71198.8,70816.36,71060.64,664.15391,2026-04-09 02:00:00+00:00
1775703600000,71060.64,71124.05,70845.27,70992.39,808.25356,2026-04-09 03:00:00+00:00
1775707200000,70992.37,71006.13,70734.77,70782.0,304.15042,2026-04-09 04:00:00+00:00
1775710800000,70781.99,71087.12,70689.38,70984.0,495.401,2026-04-09 05:00:00+00:00
1775714400000,70983.99,71082.71,70809.94,71031.84,538.94746,2026-04-09 06:00:00+00:00
1775718000000,71031.83,71116.0,70955.4,70982.01,922.88611,2026-04-09 07:00:00+00:00
1775721600000,70982.01,71380.0,70865.42,71249.51,562.42694,2026-04-09 08:00:00+00:00
1775725200000,71249.51,71575.0,71109.99,71534.68,512.0201,2026-04-09 09:00:00+00:00
1775728800000,71534.69,71534.69,71276.44,71276.45,304.66693,2026-04-09 10:00:00+00:00
1775732400000,71276.45,71350.0,71038.5,71150.17,446.85377,2026-04-09 11:00:00+00:00
1775736000000,71150.17,71328.79,71040.0,71279.63,382.04593,2026-04-09 12:00:00+00:00
1775739600000,71279.63,71355.24,70629.3,70801.98,696.59545,2026-04-09 13:00:00+00:00
1775743200000,70801.97,71250.39,70522.77,71123.71,873.72309,2026-04-09 14:00:00+00:00
1775746800000,71123.71,72358.0,70929.44,72141.99,2048.75279,2026-04-09 15:00:00+00:00
1775750400000,72142.0,72399.0,71729.66,72080.87,1429.6831,2026-04-09 16:00:00+00:00
1775754000000,72080.86,72550.0,72062.38,72347.49,1415.90923,2026-04-09 17:00:00+00:00
1775757600000,72348.0,72380.7,71747.68,71888.69,560.32535,2026-04-09 18:00:00+00:00
1775761200000,71888.69,72300.0,71750.0,72096.32,607.89039,2026-04-09 19:00:00+00:00
1775764800000,72096.33,72458.31,71985.95,72413.97,497.89389,2026-04-09 20:00:00+00:00
1775768400000,72413.96,72700.0,72142.79,72264.95,771.79321,2026-04-09 21:00:00+00:00
1775772000000,72264.96,73145.0,71945.94,71946.01,1345.32358,2026-04-09 22:00:00+00:00
1775775600000,71946.01,72025.53,71585.25,71787.97,795.83731,2026-04-09 23:00:00+00:00
1775779200000,71787.98,72028.4,71573.35,71963.03,967.9743,2026-04-10 00:00:00+00:00
1775782800000,71963.04,72387.0,71673.48,72157.93,679.67117,2026-04-10 01:00:00+00:00
1775786400000,72157.93,72291.04,71921.59,71965.36,515.54191,2026-04-10 02:00:00+00:00
1775790000000,71965.36,72027.37,71813.73,71868.67,543.68867,2026-04-10 03:00:00+00:00
1775793600000,71868.67,72212.84,71820.47,72117.29,734.17151,2026-04-10 04:00:00+00:00
1775797200000,72117.29,72267.89,72010.4,72127.84,408.69549,2026-04-10 05:00:00+00:00
1775800800000,72127.84,72179.85,71792.01,71805.38,448.00931,2026-04-10 06:00:00+00:00
1775804400000,71805.39,71837.59,71428.0,71481.85,702.39043,2026-04-10 07:00:00+00:00
1775808000000,71481.85,71769.41,71426.15,71606.07,624.89096,2026-04-10 08:00:00+00:00
1775811600000,71606.08,71873.0,71583.47,71787.41,281.02303,2026-04-10 09:00:00+00:00
1775815200000,71787.41,71928.29,71711.6,71910.09,238.63388,2026-04-10 10:00:00+00:00
1775818800000,71910.1,72261.93,71903.69,72127.59,421.17579,2026-04-10 11:00:00+00:00
1775822400000,72127.59,72458.0,72007.5,72258.68,733.4245,2026-04-10 12:00:00+00:00
1775826000000,72258.69,72409.41,71899.51,72321.4,673.2668,2026-04-10 13:00:00+00:00
1775829600000,72321.39,73155.58,72258.0,72909.0,2362.6198,2026-04-10 14:00:00+00:00
1775833200000,72909.0,73289.96,72355.87,72460.51,1324.05053,2026-04-10 15:00:00+00:00
1775836800000,72460.52,73069.4,72387.41,72992.33,733.09003,2026-04-10 16:00:00+00:00
1775840400000,72992.32,73146.0,72802.96,73121.66,454.50524,2026-04-10 17:00:00+00:00
1775844000000,73121.66,73159.81,72880.95,73107.07,597.01721,2026-04-10 18:00:00+00:00
1775847600000,73107.07,73264.76,72900.0,73236.11,713.54118,2026-04-10 19:00:00+00:00
1775851200000,73236.11,73434.0,73051.97,73361.68,872.16866,2026-04-10 20:00:00+00:00
1775854800000,73361.68,73364.47,72934.53,73190.67,654.89865,2026-04-10 21:00:00+00:00
1775858400000,73190.68,73244.03,72700.6,72877.0,798.3469,2026-04-10 22:00:00+00:00
1775862000000,72877.01,72967.79,72791.96,72962.7,889.83693,2026-04-10 23:00:00+00:00
1775865600000,72962.71,72962.71,72787.94,72828.42,801.54149,2026-04-11 00:00:00+00:00
1775869200000,72828.42,72999.99,72670.0,72954.39,320.3002,2026-04-11 01:00:00+00:00
1775872800000,72954.39,73094.89,72910.93,72966.57,288.43552,2026-04-11 02:00:00+00:00
1775876400000,72966.58,73075.34,72814.42,72866.63,227.12944,2026-04-11 03:00:00+00:00
1775880000000,72866.62,72954.28,72681.9,72806.08,298.14959,2026-04-11 04:00:00+00:00
1775883600000,72806.08,72836.55,72679.08,72722.28,222.17067,2026-04-11 05:00:00+00:00
1775887200000,72722.28,72771.32,72612.16,72762.0,590.44339,2026-04-11 06:00:00+00:00
1775890800000,72762.01,72832.0,72672.56,72745.38,321.42327,2026-04-11 07:00:00+00:00
1775894400000,72745.38,72799.57,72638.44,72664.17,263.67236,2026-04-11 08:00:00+00:00
1775898000000,72664.16,72908.0,72617.75,72907.11,306.96352,2026-04-11 09:00:00+00:00
1775901600000,72907.12,72915.95,72760.9,72843.71,224.83128,2026-04-11 10:00:00+00:00
1775905200000,72843.7,72912.0,72826.37,72907.05,109.63598,2026-04-11 11:00:00+00:00
1775908800000,72907.05,72982.4,72814.97,72940.49,180.21756,2026-04-11 12:00:00+00:00
1775912400000,72940.5,72940.5,72513.09,72658.07,493.97275,2026-04-11 13:00:00+00:00
1775916000000,72658.07,72770.91,72609.27,72704.67,212.83973,2026-04-11 14:00:00+00:00
1775919600000,72704.66,72896.03,72678.0,72858.17,246.74388,2026-04-11 15:00:00+00:00
1775923200000,72858.18,73204.74,72812.94,73034.33,656.04744,2026-04-11 16:00:00+00:00
1775926800000,73034.34,73169.04,72942.06,73095.97,269.56328,2026-04-11 17:00:00+00:00
1775930400000,73095.97,73726.13,73032.61,73547.89,856.65701,2026-04-11 18:00:00+00:00
1775934000000,73547.9,73790.0,73472.38,73687.15,595.037,2026-04-11 19:00:00+00:00
1775937600000,73687.16,73689.97,73226.28,73290.43,395.49217,2026-04-11 20:00:00+00:00
1775941200000,73290.43,73548.08,73200.48,73427.04,366.94025,2026-04-11 21:00:00+00:00
1775944800000,73427.04,73574.0,73234.25,73376.01,431.15797,2026-04-11 22:00:00+00:00
1775948400000,73376.01,73376.01,72907.4,73043.16,391.57799,2026-04-11 23:00:00+00:00
1775952000000,73043.16,73117.32,72873.25,73079.96,390.45862,2026-04-12 00:00:00+00:00
1775955600000,73079.96,73137.24,71310.0,71643.69,2072.10202,2026-04-12 01:00:00+00:00
1775959200000,71643.69,71982.46,71352.47,71761.35,839.35622,2026-04-12 02:00:00+00:00
1775962800000,71761.35,71861.33,71593.18,71593.19,790.20901,2026-04-12 03:00:00+00:00
1775966400000,71593.18,71685.31,71444.68,71466.53,611.50691,2026-04-12 04:00:00+00:00
1775970000000,71466.53,71781.0,71417.22,71710.2,667.76838,2026-04-12 05:00:00+00:00
1775973600000,71710.19,71753.33,71633.77,71668.01,377.10612,2026-04-12 06:00:00+00:00
1775977200000,71668.01,71747.31,71588.57,71665.0,313.33908,2026-04-12 07:00:00+00:00
1775980800000,71664.99,71805.85,71595.0,71629.21,922.36362,2026-04-12 08:00:00+00:00
1775984400000,71629.21,71633.01,71488.45,71531.94,372.12981,2026-04-12 09:00:00+00:00
1775988000000,71531.95,71682.72,71357.76,71452.89,274.78665,2026-04-12 10:00:00+00:00
1775991600000,71452.89,71556.12,71412.57,71468.55,211.53603,2026-04-12 11:00:00+00:00
1775995200000,71468.54,71500.0,71077.44,71084.01,608.12473,2026-04-12 12:00:00+00:00
1775998800000,71084.01,71146.03,70866.82,70889.42,708.82478,2026-04-12 13:00:00+00:00
1776002400000,70889.42,71092.78,70700.0,70748.34,541.94034,2026-04-12 14:00:00+00:00
1776006000000,70748.34,70932.0,70604.07,70892.03,502.43194,2026-04-12 15:00:00+00:00
1776009600000,70892.04,70959.51,70821.05,70936.27,259.94883,2026-04-12 16:00:00+00:00
1776013200000,70936.27,71202.0,70900.0,71140.51,322.7326,2026-04-12 17:00:00+00:00
1776016800000,71140.51,71214.08,71056.2,71137.64,176.22609,2026-04-12 18:00:00+00:00
1776020400000,71137.65,71222.58,71078.76,71084.18,233.07874,2026-04-12 19:00:00+00:00
1776024000000,71084.18,71440.0,70956.83,71335.43,622.27061,2026-04-12 20:00:00+00:00
1776027600000,71335.43,71452.0,71163.01,71364.02,234.93742,2026-04-12 21:00:00+00:00
1776031200000,71364.03,71367.85,70505.88,70912.73,908.94869,2026-04-12 22:00:00+00:00
1776034800000,70912.73,70912.73,70571.66,70740.98,510.34077,2026-04-12 23:00:00+00:00
1776038400000,70741.56,71262.63,70615.3,71172.62,546.73984,2026-04-13 00:00:00+00:00
1776042000000,71172.63,71227.28,71027.26,71197.64,720.27854,2026-04-13 01:00:00+00:00
1776045600000,71197.64,71271.78,70986.71,71073.14,270.71272,2026-04-13 02:00:00+00:00
1776049200000,71073.14,71155.42,70917.27,70976.0,348.9161,2026-04-13 03:00:00+00:00
1776052800000,70975.99,71144.0,70854.29,70890.3,584.47308,2026-04-13 04:00:00+00:00
1776056400000,70890.3,70920.0,70672.72,70878.82,533.46945,2026-04-13 05:00:00+00:00
1776060000000,70878.82,71106.54,70878.82,71017.66,697.01918,2026-04-13 06:00:00+00:00
1776063600000,71017.66,71067.91,70685.25,70813.88,859.13978,2026-04-13 07:00:00+00:00
1776067200000,70813.88,70861.01,70566.99,70680.7,334.12518,2026-04-13 08:00:00+00:00
1776070800000,70680.7,70910.68,70678.0,70792.88,250.58431,2026-04-13 09:00:00+00:00
1776074400000,70792.89,70846.9,70688.28,70755.88,177.99631,2026-04-13 10:00:00+00:00
1776078000000,70755.89,70997.12,70736.29,70929.68,260.33899,2026-04-13 11:00:00+00:00
1776081600000,70929.68,71219.8,70758.5,71074.91,460.129,2026-04-13 12:00:00+00:00
1776085200000,71074.92,71700.82,70818.57,71662.65,1544.74455,2026-04-13 13:00:00+00:00
1776088800000,71662.65,72401.0,71375.24,72400.15,2098.23774,2026-04-13 14:00:00+00:00
1776092400000,72400.15,72464.28,71652.65,71866.59,1342.3378,2026-04-13 15:00:00+00:00
1776096000000,71866.59,72437.25,71679.8,72202.36,1514.19404,2026-04-13 16:00:00+00:00
1776099600000,72202.37,72600.0,72069.01,72148.87,1653.64723,2026-04-13 17:00:00+00:00
1776103200000,72148.87,72460.42,72053.78,72424.86,965.95939,2026-04-13 18:00:00+00:00
1776106800000,72424.86,73480.0,72298.93,73322.82,2632.95065,2026-04-13 19:00:00+00:00
1776110400000,73322.0,73394.37,73007.08,73149.36,1081.57049,2026-04-13 20:00:00+00:00
1776114000000,73149.36,73368.08,73072.85,73179.71,387.90227,2026-04-13 21:00:00+00:00
1776117600000,73179.71,74746.61,73172.01,74627.04,3298.60756,2026-04-13 22:00:00+00:00
1776121200000,74627.04,74900.0,74405.64,74417.99,1666.14205,2026-04-13 23:00:00+00:00
1776124800000,74418.0,74517.31,74102.39,74163.82,1276.45858,2026-04-14 00:00:00+00:00
1776128400000,74163.82,74431.0,73954.86,74386.02,1065.1631,2026-04-14 01:00:00+00:00
1776132000000,74386.03,74579.32,74283.2,74330.98,598.05117,2026-04-14 02:00:00+00:00
1776135600000,74330.99,74496.9,74252.35,74444.43,646.36946,2026-04-14 03:00:00+00:00
1776139200000,74444.44,74504.52,74351.55,74387.85,484.30563,2026-04-14 04:00:00+00:00
1776142800000,74387.85,74434.41,74150.6,74210.11,838.40961,2026-04-14 05:00:00+00:00
1776146400000,74210.12,74550.0,74210.12,74522.73,614.57152,2026-04-14 06:00:00+00:00
1776150000000,74522.72,74924.64,74430.92,74546.0,1456.55359,2026-04-14 07:00:00+00:00
1776153600000,74545.99,74910.0,74460.64,74750.0,938.29896,2026-04-14 08:00:00+00:00
1776157200000,74750.0,74830.93,74435.12,74500.0,565.8647,2026-04-14 09:00:00+00:00
1776160800000,74500.0,74617.92,74333.46,74350.01,540.18312,2026-04-14 10:00:00+00:00
1776164400000,74350.01,74450.63,74307.35,74376.52,653.35819,2026-04-14 11:00:00+00:00
1776168000000,74376.52,74485.06,74277.19,74452.0,513.51818,2026-04-14 12:00:00+00:00
1776171600000,74452.0,75532.94,74407.74,75525.94,3246.78739,2026-04-14 13:00:00+00:00
1776175200000,75525.94,76038.0,75013.61,75013.62,4357.56106,2026-04-14 14:00:00+00:00
1776178800000,75013.61,75441.99,74564.34,75317.07,1661.60412,2026-04-14 15:00:00+00:00
1776182400000,75317.06,75688.0,74527.02,74652.2,1265.45725,2026-04-14 16:00:00+00:00
1776186000000,74652.2,74948.78,74244.63,74748.9,985.979,2026-04-14 17:00:00+00:00
1776189600000,74748.89,74814.99,73795.47,74093.19,1613.97962,2026-04-14 18:00:00+00:00
1776193200000,74093.18,74398.43,73882.79,74223.18,1054.69346,2026-04-14 19:00:00+00:00
1776196800000,74223.3,74434.33,74015.53,74102.29,434.25271,2026-04-14 20:00:00+00:00
1776200400000,74102.28,74320.44,73951.64,74277.15,381.06364,2026-04-14 21:00:00+00:00
1776204000000,74277.16,74373.19,73806.09,74023.15,638.74603,2026-04-14 22:00:00+00:00
1776207600000,74023.16,74232.83,74001.08,74131.55,701.71447,2026-04-14 23:00:00+00:00
1776211200000,74131.55,74677.19,74126.32,74568.36,874.99865,2026-04-15 00:00:00+00:00
1776214800000,74568.37,74786.72,74500.0,74613.28,443.16738,2026-04-15 01:00:00+00:00
1776218400000,74613.28,74697.47,74188.0,74322.0,506.95652,2026-04-15 02:00:00+00:00
1776222000000,74322.01,74372.84,74173.75,74345.97,317.62112,2026-04-15 03:00:00+00:00
1776225600000,74345.98,74434.51,74261.47,74340.38,660.47305,2026-04-15 04:00:00+00:00
1776229200000,74340.38,74434.0,73864.01,74021.5,542.04465,2026-04-15 05:00:00+00:00
1776232800000,74021.5,74048.95,73855.49,73891.62,419.09008,2026-04-15 06:00:00+00:00
1776236400000,73891.62,74016.67,73514.0,73730.43,1451.80452,2026-04-15 07:00:00+00:00
1776240000000,73730.43,74181.9,73675.96,74110.51,532.83471,2026-04-15 08:00:00+00:00
1776243600000,74110.52,74176.49,73909.49,74011.69,363.2179,2026-04-15 09:00:00+00:00
1776247200000,74011.7,74250.0,73789.5,73864.75,548.88747,2026-04-15 10:00:00+00:00
1776250800000,73864.76,74256.44,73864.76,74201.78,444.7329,2026-04-15 11:00:00+00:00
1776254400000,74201.78,74466.1,74051.64,74273.77,567.44529,2026-04-15 12:00:00+00:00
1776258000000,74273.77,74434.51,73817.23,74063.92,676.35905,2026-04-15 13:00:00+00:00
1776261600000,74063.91,74506.84,73830.0,74151.81,757.76569,2026-04-15 14:00:00+00:00
1776265200000,74151.81,74299.07,73580.85,73844.08,743.29132,2026-04-15 15:00:00+00:00
1776268800000,73844.07,74176.0,73762.89,73941.09,547.84936,2026-04-15 16:00:00+00:00
1776272400000,73941.09,74242.0,73915.48,74134.95,593.44252,2026-04-15 17:00:00+00:00
1776276000000,74134.95,74399.75,74073.61,74390.29,407.09098,2026-04-15 18:00:00+00:00
1776279600000,74390.29,75281.0,74355.46,75002.6,1179.99077,2026-04-15 19:00:00+00:00
1776283200000,75002.6,75039.92,74512.06,74841.68,570.09892,2026-04-15 20:00:00+00:00
1776286800000,74841.67,74855.16,74540.23,74743.1,310.66035,2026-04-15 21:00:00+00:00
1776290400000,74743.1,75425.0,74740.02,74964.0,653.95001,2026-04-15 22:00:00+00:00
1776294000000,74964.01,74964.01,74620.95,74809.99,311.26846,2026-04-15 23:00:00+00:00
1776297600000,74809.99,74874.93,74451.49,74815.1,636.94865,2026-04-16 00:00:00+00:00
1776301200000,74815.09,74815.09,74454.09,74657.66,240.65148,2026-04-16 01:00:00+00:00
1776304800000,74657.67,75267.85,74601.27,74887.24,589.65615,2026-04-16 02:00:00+00:00
1776308400000,74887.23,75159.26,74865.5,74888.21,470.71966,2026-04-16 03:00:00+00:00
1776312000000,74888.21,75174.38,74728.0,74944.15,513.51186,2026-04-16 04:00:00+00:00
1776315600000,74944.15,75139.82,74900.0,75043.48,359.01217,2026-04-16 05:00:00+00:00
1776319200000,75043.47,75115.12,74853.72,75045.01,604.84284,2026-04-16 06:00:00+00:00
1776322800000,75045.01,75082.78,74636.0,74707.03,708.0609,2026-04-16 07:00:00+00:00
1776326400000,74707.02,74744.35,74500.0,74677.91,669.8621,2026-04-16 08:00:00+00:00
1776330000000,74677.91,74901.5,74594.01,74594.02,316.26697,2026-04-16 09:00:00+00:00
1776333600000,74594.02,74653.12,74277.34,74313.0,526.53069,2026-04-16 10:00:00+00:00
1776337200000,74312.99,74663.27,74285.0,74574.79,1174.6136,2026-04-16 11:00:00+00:00
1776340800000,74574.8,74872.0,74574.79,74624.0,529.55969,2026-04-16 12:00:00+00:00
1776344400000,74624.01,75030.39,73309.85,73788.03,1828.93731,2026-04-16 13:00:00+00:00
1776348000000,73788.03,74197.32,73426.94,73973.33,1331.31817,2026-04-16 14:00:00+00:00
1776351600000,73973.33,74878.99,73934.44,74697.19,1520.20876,2026-04-16 15:00:00+00:00
1776355200000,74697.2,74932.0,74063.0,74175.57,762.35705,2026-04-16 16:00:00+00:00
1776358800000,74175.58,74438.31,73912.23,74343.25,751.1945,2026-04-16 17:00:00+00:00
1776362400000,74343.25,75089.0,74240.0,75026.71,780.63438,2026-04-16 18:00:00+00:00
1776366000000,75026.71,75410.71,74717.97,75342.99,1203.37407,2026-04-16 19:00:00+00:00
1776369600000,75343.0,75534.76,75001.0,75223.47,661.71844,2026-04-16 20:00:00+00:00
1776373200000,75223.48,75286.51,74789.5,74934.24,451.58433,2026-04-16 21:00:00+00:00
1776376800000,74934.24,75117.0,74833.14,74867.92,232.35004,2026-04-16 22:00:00+00:00
1776380400000,74867.92,75177.76,74840.92,75154.29,224.77396,2026-04-16 23:00:00+00:00
1776384000000,75154.28,75154.77,74886.82,74944.98,796.37355,2026-04-17 00:00:00+00:00
1776387600000,74944.99,75034.49,74569.99,74750.0,407.29847,2026-04-17 01:00:00+00:00
1776391200000,74750.0,74802.98,74529.4,74700.0,235.53372,2026-04-17 02:00:00+00:00
1776394800000,74700.0,74839.31,74606.12,74615.82,721.66261,2026-04-17 03:00:00+00:00
1776398400000,74615.82,74871.11,74589.88,74791.39,213.9543,2026-04-17 04:00:00+00:00
1776402000000,74791.39,74801.13,74555.12,74637.77,241.61979,2026-04-17 05:00:00+00:00
1776405600000,74637.77,74950.0,74604.62,74938.52,276.57366,2026-04-17 06:00:00+00:00
1776409200000,74938.53,75089.51,74930.0,75074.77,607.34373,2026-04-17 07:00:00+00:00
1776412800000,75074.76,75881.95,74993.24,75780.38,1494.62708,2026-04-17 08:00:00+00:00
1776416400000,75780.38,76370.25,75518.78,75779.99,2004.70646,2026-04-17 09:00:00+00:00
1776420000000,75779.99,75886.01,75095.93,75278.77,1050.31882,2026-04-17 10:00:00+00:00
1776423600000,75278.77,75609.77,75246.65,75589.7,429.61331,2026-04-17 11:00:00+00:00
1776427200000,75589.7,76265.82,75531.97,76233.05,1128.91448,2026-04-17 12:00:00+00:00
1776430800000,76233.06,77417.61,76061.57,77340.12,5123.01639,2026-04-17 13:00:00+00:00
1776434400000,77340.11,78052.49,77015.39,77886.77,3617.10048,2026-04-17 14:00:00+00:00
1776438000000,77886.77,77999.0,77444.44,77785.02,1975.14451,2026-04-17 15:00:00+00:00
1776441600000,77785.03,78333.0,77705.2,77857.14,1402.18359,2026-04-17 16:00:00+00:00
1776445200000,77857.15,77917.77,77101.49,77520.59,1173.45635,2026-04-17 17:00:00+00:00
1776448800000,77520.59,77565.63,77088.23,77159.89,637.39265,2026-04-17 18:00:00+00:00
1776452400000,77159.88,77473.44,77000.0,77393.58,652.45495,2026-04-17 19:00:00+00:00
1776456000000,77393.58,77611.68,77160.12,77337.64,357.23206,2026-04-17 20:00:00+00:00
1776459600000,77337.64,77494.69,77278.72,77445.73,307.76412,2026-04-17 21:00:00+00:00
1776463200000,77445.74,77510.0,77274.56,77301.25,474.88113,2026-04-17 22:00:00+00:00
1776466800000,77301.25,77302.0,76911.0,77072.0,612.20073,2026-04-17 23:00:00+00:00
1776470400000,77072.01,77258.55,76978.17,77168.0,324.03843,2026-04-18 00:00:00+00:00
1776474000000,77168.22,77330.0,77115.77,77218.07,266.4299,2026-04-18 01:00:00+00:00
1776477600000,77218.06,77420.08,77124.63,77292.52,268.04149,2026-04-18 02:00:00+00:00
1776481200000,77292.53,77296.95,76962.67,77005.47,268.91717,2026-04-18 03:00:00+00:00
1776484800000,77005.47,77162.08,76884.1,77100.74,370.07883,2026-04-18 04:00:00+00:00
1776488400000,77100.73,77278.58,77100.73,77134.66,312.05483,2026-04-18 05:00:00+00:00
1776492000000,77134.66,77217.0,77058.4,77136.01,168.72376,2026-04-18 06:00:00+00:00
1776495600000,77136.01,77136.01,76890.0,76997.8,276.05173,2026-04-18 07:00:00+00:00
1776499200000,76997.79,77048.0,76501.0,76738.63,773.24357,2026-04-18 08:00:00+00:00
1776502800000,76738.62,76738.63,76409.37,76599.89,462.93265,2026-04-18 09:00:00+00:00
1776506400000,76599.89,76599.9,76132.32,76189.56,624.93038,2026-04-18 10:00:00+00:00
1776510000000,76189.55,76189.56,75763.76,76039.05,809.07399,2026-04-18 11:00:00+00:00
1776513600000,76039.06,76300.0,76039.05,76206.97,492.57948,2026-04-18 12:00:00+00:00
1776517200000,76206.98,76212.7,75797.53,76122.87,456.87331,2026-04-18 13:00:00+00:00
1776520800000,76122.88,76288.4,75959.68,76249.99,461.97289,2026-04-18 14:00:00+00:00
1776524400000,76250.0,76363.75,76003.97,76167.34,261.12334,2026-04-18 15:00:00+00:00
1776528000000,76167.33,76211.57,75691.03,75943.35,522.36094,2026-04-18 16:00:00+00:00
1776531600000,75943.34,75958.23,75778.69,75828.51,256.05723,2026-04-18 17:00:00+00:00
1776535200000,75828.51,75844.66,75445.16,75651.78,591.47146,2026-04-18 18:00:00+00:00
1776538800000,75651.78,75796.32,75574.22,75649.85,194.3187,2026-04-18 19:00:00+00:00
1776542400000,75649.86,75834.3,75608.44,75754.78,484.97143,2026-04-18 20:00:00+00:00
1776546000000,75754.77,75839.1,75599.64,75821.34,197.94348,2026-04-18 21:00:00+00:00
1776549600000,75821.35,75873.1,75608.89,75813.53,155.69572,2026-04-18 22:00:00+00:00
1776553200000,75813.53,75891.64,75685.69,75691.76,141.95985,2026-04-18 23:00:00+00:00
1776556800000,75691.76,75847.42,75551.73,75693.01,297.06433,2026-04-19 00:00:00+00:00
1776560400000,75693.0,75798.47,75457.11,75621.95,321.53516,2026-04-19 01:00:00+00:00
1776564000000,75621.96,75722.21,75407.84,75496.0,212.48934,2026-04-19 02:00:00+00:00
1776567600000,75496.01,75637.44,75357.0,75515.77,175.28804,2026-04-19 03:00:00+00:00
1776571200000,75515.76,75782.63,75424.4,75664.62,294.60425,2026-04-19 04:00:00+00:00
1776574800000,75664.62,75687.04,75516.39,75545.6,174.63786,2026-04-19 05:00:00+00:00
1776578400000,75545.6,75545.6,75280.92,75400.09,385.31594,2026-04-19 06:00:00+00:00
1776582000000,75400.09,75400.09,74867.72,75252.34,771.61495,2026-04-19 07:00:00+00:00
1776585600000,75252.33,75299.99,75071.58,75257.6,333.58261,2026-04-19 08:00:00+00:00
1776589200000,75257.59,75265.0,74921.74,75015.0,313.21615,2026-04-19 09:00:00+00:00
1776592800000,75015.0,75243.02,74933.87,75222.45,323.18472,2026-04-19 10:00:00+00:00
1776596400000,75222.46,75641.99,75216.96,75604.11,418.71675,2026-04-19 11:00:00+00:00
1776600000000,75604.11,75700.0,75432.07,75571.6,439.48255,2026-04-19 12:00:00+00:00
1776603600000,75571.61,76240.66,75552.44,75921.75,760.39543,2026-04-19 13:00:00+00:00
1776607200000,75921.75,76147.01,75674.55,76024.01,621.24056,2026-04-19 14:00:00+00:00
1776610800000,76024.02,76155.3,75401.44,75846.63,1097.76631,2026-04-19 15:00:00+00:00
1776614400000,75846.63,75853.26,75311.11,75382.86,403.71917,2026-04-19 16:00:00+00:00
1776618000000,75382.87,75382.87,74638.31,74791.26,795.68148,2026-04-19 17:00:00+00:00
1776621600000,74791.27,74908.62,74608.0,74770.11,531.16281,2026-04-19 18:00:00+00:00
1776625200000,74770.11,75071.61,74770.11,74965.47,306.83274,2026-04-19 19:00:00+00:00
1776628800000,74965.46,74965.47,74427.53,74630.0,452.71123,2026-04-19 20:00:00+00:00
1776632400000,74630.01,74810.0,74368.6,74425.15,383.54881,2026-04-19 21:00:00+00:00
1776636000000,74425.16,74425.16,73762.9,74047.34,1140.3898,2026-04-19 22:00:00+00:00
1776639600000,74047.34,74054.22,73790.0,73801.79,415.64133,2026-04-19 23:00:00+00:00
1776643200000,73801.8,74360.43,73724.31,74280.01,787.93368,2026-04-20 00:00:00+00:00
1776646800000,74280.01,74746.93,74214.67,74595.13,689.61016,2026-04-20 01:00:00+00:00
1776650400000,74595.12,74627.99,74304.84,74410.01,739.68976,2026-04-20 02:00:00+00:00
1776654000000,74410.01,74640.65,74359.04,74634.0,281.2031,2026-04-20 03:00:00+00:00
1776657600000,74634.01,74637.43,74435.19,74567.64,333.76794,2026-04-20 04:00:00+00:00
1776661200000,74567.63,74567.63,74095.18,74264.15,529.73957,2026-04-20 05:00:00+00:00
1776664800000,74264.16,74894.11,74250.0,74786.59,441.3007,2026-04-20 06:00:00+00:00
1776668400000,74786.59,75572.0,74670.86,74837.17,1175.74482,2026-04-20 07:00:00+00:00
1776672000000,74837.18,74998.83,74619.41,74728.91,538.52852,2026-04-20 08:00:00+00:00
1776675600000,74728.92,75233.0,74706.87,75062.77,502.56404,2026-04-20 09:00:00+00:00
1776679200000,75062.77,75404.63,75003.63,75027.26,321.321,2026-04-20 10:00:00+00:00
1776682800000,75027.26,75287.88,74957.51,75192.71,284.12016,2026-04-20 11:00:00+00:00
1776686400000,75192.72,75650.0,75043.86,75289.9,698.85484,2026-04-20 12:00:00+00:00
1776690000000,75289.91,75434.41,74859.11,75269.38,774.09093,2026-04-20 13:00:00+00:00
1776693600000,75269.37,75766.74,74921.42,75034.79,1047.20928,2026-04-20 14:00:00+00:00
1776697200000,75034.79,75772.72,74702.0,75716.77,1196.9526,2026-04-20 15:00:00+00:00
1776700800000,75716.78,75723.99,75299.26,75338.74,630.71705,2026-04-20 16:00:00+00:00
1776704400000,75338.75,75991.47,75289.92,75898.14,642.61045,2026-04-20 17:00:00+00:00
1776708000000,75898.14,76453.19,75898.14,76423.69,1544.76303,2026-04-20 18:00:00+00:00
1776711600000,76423.69,76486.67,76154.49,76296.96,1368.12243,2026-04-20 19:00:00+00:00
1776715200000,76296.97,76558.62,76113.07,76276.17,1418.8575,2026-04-20 20:00:00+00:00
1776718800000,76276.18,76357.2,75784.05,75954.71,523.28232,2026-04-20 21:00:00+00:00
1776722400000,75954.72,76143.71,75904.39,75974.24,220.6417,2026-04-20 22:00:00+00:00
1776726000000,75974.24,75974.24,75617.6,75840.97,301.78476,2026-04-20 23:00:00+00:00
1776729600000,75840.97,76099.19,75700.0,76092.45,428.95831,2026-04-21 00:00:00+00:00
1776733200000,76092.46,76263.4,75866.01,75927.59,391.13593,2026-04-21 01:00:00+00:00
1776736800000,75927.58,75932.7,75580.0,75581.33,536.09341,2026-04-21 02:00:00+00:00
1776740400000,75581.33,75721.12,75474.77,75710.3,256.2515,2026-04-21 03:00:00+00:00
1776744000000,75710.31,75823.49,75600.0,75813.81,259.64273,2026-04-21 04:00:00+00:00
1776747600000,75813.8,75981.1,75782.75,75802.0,321.53858,2026-04-21 05:00:00+00:00
1776751200000,75802.0,76129.95,75703.85,75974.11,408.87339,2026-04-21 06:00:00+00:00
1776754800000,75974.12,76300.0,75814.26,76084.34,1236.72448,2026-04-21 07:00:00+00:00
1776758400000,76084.34,76927.57,76063.98,76507.21,915.23783,2026-04-21 08:00:00+00:00
1776762000000,76507.21,76587.82,76155.0,76362.77,582.67237,2026-04-21 09:00:00+00:00
1776765600000,76362.78,76866.55,76349.59,76746.41,536.34243,2026-04-21 10:00:00+00:00
1776769200000,76746.41,76750.68,76342.0,76452.94,624.94284,2026-04-21 11:00:00+00:00
1776772800000,76452.94,76528.11,75709.03,76009.46,1039.78515,2026-04-21 12:00:00+00:00
1776776400000,76009.46,76179.75,75736.33,75899.98,686.08493,2026-04-21 13:00:00+00:00
1776780000000,75899.98,76595.3,75625.28,75675.05,949.21411,2026-04-21 14:00:00+00:00
1776783600000,75675.04,75979.78,75430.62,75834.65,923.86151,2026-04-21 15:00:00+00:00
1776787200000,75834.66,76190.72,75760.0,75781.18,496.33064,2026-04-21 16:00:00+00:00
1776790800000,75781.19,75912.98,75052.64,75545.62,995.0846,2026-04-21 17:00:00+00:00
1776794400000,75545.62,75668.24,75310.88,75610.21,456.47055,2026-04-21 18:00:00+00:00
1776798000000,75610.21,75919.5,74821.57,75023.43,954.2676,2026-04-21 19:00:00+00:00
1776801600000,75023.43,75859.56,74967.58,75698.51,797.25703,2026-04-21 20:00:00+00:00
1776805200000,75698.51,75777.38,75431.62,75549.99,249.37655,2026-04-21 21:00:00+00:00
1776808800000,75549.99,75650.04,75302.01,75650.04,389.29388,2026-04-21 22:00:00+00:00
1776812400000,75650.03,76425.37,75622.0,76336.15,477.13097,2026-04-21 23:00:00+00:00
1776816000000,76336.14,76500.0,76220.4,76370.45,496.92701,2026-04-22 00:00:00+00:00
1776819600000,76370.46,76416.24,76132.95,76297.99,351.48706,2026-04-22 01:00:00+00:00
1776823200000,76297.99,77645.35,76223.9,77604.71,1622.85639,2026-04-22 02:00:00+00:00
1776826800000,77604.7,77733.11,77397.88,77521.48,956.6528,2026-04-22 03:00:00+00:00
1776830400000,77521.47,77700.0,77364.25,77523.0,547.1578,2026-04-22 04:00:00+00:00
1776834000000,77523.01,78452.18,77450.0,77994.93,2386.48879,2026-04-22 05:00:00+00:00
1776837600000,77994.92,78042.84,77900.0,78010.72,576.88586,2026-04-22 06:00:00+00:00
1776841200000,78010.73,78111.0,77825.0,78012.79,880.5264,2026-04-22 07:00:00+00:00
1776844800000,78012.78,78219.41,77941.59,78010.92,987.44812,2026-04-22 08:00:00+00:00
1776848400000,78010.92,78184.7,77956.76,78001.95,415.39605,2026-04-22 09:00:00+00:00
1776852000000,78001.96,78180.0,77951.17,78157.41,352.72131,2026-04-22 10:00:00+00:00
1776855600000,78157.41,78399.0,78102.0,78300.0,560.88264,2026-04-22 11:00:00+00:00
1776859200000,78300.0,78508.18,78114.04,78236.05,952.94008,2026-04-22 12:00:00+00:00
1776862800000,78236.05,78850.0,78162.64,78840.94,1253.18724,2026-04-22 13:00:00+00:00
1776866400000,78840.94,79174.68,78577.86,79045.75,1847.69509,2026-04-22 14:00:00+00:00
1776870000000,79045.75,79400.0,78837.66,79272.9,1412.004,2026-04-22 15:00:00+00:00
1776873600000,79272.91,79472.82,78632.37,78743.59,1010.97362,2026-04-22 16:00:00+00:00
1776877200000,78743.6,79034.73,78705.71,78900.0,502.31388,2026-04-22 17:00:00+00:00
1776880800000,78900.01,79163.66,78828.76,79022.39,322.94022,2026-04-22 18:00:00+00:00
1776884400000,79022.4,79067.6,78706.81,78846.62,557.30668,2026-04-22 19:00:00+00:00
1776888000000,78846.62,78915.84,78410.0,78436.68,436.66543,2026-04-22 20:00:00+00:00
1776891600000,78436.69,78821.86,78425.0,78762.69,299.34545,2026-04-22 21:00:00+00:00
1776895200000,78762.68,78824.0,78456.15,78607.95,294.6414,2026-04-22 22:00:00+00:00
1776898800000,78607.95,78607.95,78155.83,78178.23,712.06893,2026-04-22 23:00:00+00:00
1776902400000,78178.22,78574.44,77582.17,78424.29,1778.58027,2026-04-23 00:00:00+00:00
1776906000000,78424.3,78472.95,78057.5,78359.23,586.8685,2026-04-23 01:00:00+00:00
1776909600000,78359.71,78359.72,77761.2,77939.92,508.32327,2026-04-23 02:00:00+00:00
1776913200000,77939.91,78025.99,77453.43,77746.46,609.2036,2026-04-23 03:00:00+00:00
1776916800000,77746.47,77949.09,77675.8,77920.09,305.0499,2026-04-23 04:00:00+00:00
1776920400000,77920.09,78110.01,77750.0,78033.87,680.89298,2026-04-23 05:00:00+00:00
1776924000000,78034.0,78339.35,78034.0,78211.43,433.12959,2026-04-23 06:00:00+00:00
1776927600000,78211.43,78248.39,77981.88,78048.62,292.35484,2026-04-23 07:00:00+00:00
1776931200000,78048.61,78175.52,77714.86,77858.35,1135.26875,2026-04-23 08:00:00+00:00
1776934800000,77858.34,77860.8,77440.85,77655.34,772.05261,2026-04-23 09:00:00+00:00
1776938400000,77655.35,77709.16,77174.01,77403.63,1129.48909,2026-04-23 10:00:00+00:00
1776942000000,77403.63,77757.31,77365.57,77704.62,525.42671,2026-04-23 11:00:00+00:00
1776945600000,77704.61,77870.54,77491.18,77870.53,636.21566,2026-04-23 12:00:00+00:00
1776949200000,77870.54,77904.37,77379.92,77532.23,592.70115,2026-04-23 13:00:00+00:00
1776952800000,77532.23,78201.53,77414.0,78180.77,926.52082,2026-04-23 14:00:00+00:00
1776956400000,78180.78,78662.5,77983.25,78376.76,1008.45262,2026-04-23 15:00:00+00:00
1776960000000,78376.77,78509.82,78030.0,78103.72,661.93618,2026-04-23 16:00:00+00:00
1776963600000,78103.72,78184.85,76960.0,77769.21,1724.53866,2026-04-23 17:00:00+00:00
1776967200000,77769.2,78146.75,77678.65,77678.65,731.06838,2026-04-23 18:00:00+00:00
1776970800000,77678.65,77886.88,77592.92,77727.26,830.20485,2026-04-23 19:00:00+00:00
1776974400000,77727.25,78050.0,77637.5,77886.97,391.74493,2026-04-23 20:00:00+00:00
1776978000000,77886.97,78070.0,77800.0,77864.83,211.37751,2026-04-23 21:00:00+00:00
1776981600000,77864.84,78331.0,77864.83,78235.3,271.3302,2026-04-23 22:00:00+00:00
1776985200000,78235.29,78298.01,78030.0,78257.48,228.06394,2026-04-23 23:00:00+00:00
1776988800000,78257.48,78490.83,78172.01,78417.22,451.37457,2026-04-24 00:00:00+00:00
1776992400000,78417.22,78450.0,77952.16,78429.73,533.84795,2026-04-24 01:00:00+00:00
1776996000000,78429.73,78581.93,78067.17,78125.65,425.56297,2026-04-24 02:00:00+00:00
1776999600000,78125.65,78178.4,77555.0,77737.85,639.95986,2026-04-24 03:00:00+00:00
1777003200000,77737.84,77854.57,77482.49,77670.0,605.14416,2026-04-24 04:00:00+00:00
1777006800000,77670.01,78057.65,77457.0,77953.48,423.6718,2026-04-24 05:00:00+00:00
1777010400000,77953.48,77979.54,77761.2,77789.75,280.75336,2026-04-24 06:00:00+00:00
1777014000000,77789.75,77855.67,77543.52,77644.6,696.90666,2026-04-24 07:00:00+00:00
1777017600000,77644.59,78000.0,77550.73,77785.71,731.67499,2026-04-24 08:00:00+00:00
1777021200000,77785.7,77804.23,77402.01,77527.69,621.09775,2026-04-24 09:00:00+00:00
1777024800000,77527.7,77784.0,77444.95,77752.36,379.99202,2026-04-24 10:00:00+00:00
1777028400000,77752.37,78372.58,77752.37,78240.26,1186.36064,2026-04-24 11:00:00+00:00
1777032000000,78240.27,78345.15,78016.51,78275.66,579.40035,2026-04-24 12:00:00+00:00
1777035600000,78275.65,78479.37,77913.27,78093.79,852.96848,2026-04-24 13:00:00+00:00
1777039200000,78093.8,78093.8,77681.74,78037.64,755.72516,2026-04-24 14:00:00+00:00
1777042800000,78037.65,78233.18,77577.22,78038.62,662.02033,2026-04-24 15:00:00+00:00
1777046400000,78038.63,78060.29,77586.86,77777.28,525.06319,2026-04-24 16:00:00+00:00
1777050000000,77776.76,77829.17,77489.6,77681.71,537.36482,2026-04-24 17:00:00+00:00
1777053600000,77681.72,77717.08,77363.63,77618.24,321.31558,2026-04-24 18:00:00+00:00
1777057200000,77618.25,77748.66,77532.46,77628.85,250.57895,2026-04-24 19:00:00+00:00
1777060800000,77628.84,77757.14,77458.0,77718.31,376.29595,2026-04-24 20:00:00+00:00
1777064400000,77718.31,77756.15,77536.48,77536.48,322.69633,2026-04-24 21:00:00+00:00
1777068000000,77536.49,77616.78,77264.08,77328.91,278.27896,2026-04-24 22:00:00+00:00
1777071600000,77328.92,77456.87,77328.92,77437.13,237.08832,2026-04-24 23:00:00+00:00
1777075200000,77437.13,77502.99,77309.92,77456.88,429.63681,2026-04-25 00:00:00+00:00
1777078800000,77456.88,77620.52,77440.8,77541.63,200.07888,2026-04-25 01:00:00+00:00
1777082400000,77541.63,77644.04,77504.43,77607.8,171.0703,2026-04-25 02:00:00+00:00
1777086000000,77607.8,77711.87,77550.27,77679.07,142.22205,2026-04-25 03:00:00+00:00
1777089600000,77679.08,77691.23,77596.37,77619.05,275.21191,2026-04-25 04:00:00+00:00
1777093200000,77619.05,77619.05,77485.51,77510.28,174.55862,2026-04-25 05:00:00+00:00
1777096800000,77510.27,77582.28,77489.35,77503.63,269.54814,2026-04-25 06:00:00+00:00
1777100400000,77503.63,77566.26,77450.0,77501.19,174.69907,2026-04-25 07:00:00+00:00
1777104000000,77501.19,77654.41,77491.36,77643.37,116.50084,2026-04-25 08:00:00+00:00
1777107600000,77643.38,77779.65,77587.1,77714.55,144.65626,2026-04-25 09:00:00+00:00
1777111200000,77714.56,77885.35,77714.55,77787.77,306.44644,2026-04-25 10:00:00+00:00
1777114800000,77787.76,77787.77,77607.03,77682.3,185.59351,2026-04-25 11:00:00+00:00
1777118400000,77682.29,77717.95,77550.61,77557.14,161.82067,2026-04-25 12:00:00+00:00
1777122000000,77557.14,77710.91,77557.14,77691.69,161.65796,2026-04-25 13:00:00+00:00
1777125600000,77691.7,77752.54,77638.0,77656.75,202.75966,2026-04-25 14:00:00+00:00
1777129200000,77656.74,77722.7,77299.89,77330.26,480.35839,2026-04-25 15:00:00+00:00
1777132800000,77330.25,77454.31,77140.23,77397.27,471.60364,2026-04-25 16:00:00+00:00
1777136400000,77397.27,77407.03,77210.96,77245.77,151.09691,2026-04-25 17:00:00+00:00
1777140000000,77245.78,77389.01,77216.29,77313.0,331.13304,2026-04-25 18:00:00+00:00
1777143600000,77313.0,77343.81,77193.79,77330.01,293.84127,2026-04-25 19:00:00+00:00
1777147200000,77330.0,77481.7,77311.05,77479.13,85.63447,2026-04-25 20:00:00+00:00
1777150800000,77479.14,77530.0,77415.2,77525.84,150.55151,2026-04-25 21:00:00+00:00
1777154400000,77525.83,77634.77,77498.81,77557.01,242.12513,2026-04-25 22:00:00+00:00
1777158000000,77557.01,77650.0,77530.0,77625.0,362.30872,2026-04-25 23:00:00+00:00
1777161600000,77625.0,77642.43,77445.94,77502.4,307.91239,2026-04-26 00:00:00+00:00
1777165200000,77502.39,77572.81,77451.16,77461.16,130.56583,2026-04-26 01:00:00+00:00
1777168800000,77461.16,77590.97,77452.07,77512.67,85.92459,2026-04-26 02:00:00+00:00
1777172400000,77512.67,77541.96,77326.51,77400.21,146.77411,2026-04-26 03:00:00+00:00
1777176000000,77400.21,77814.43,77383.46,77774.29,227.07196,2026-04-26 04:00:00+00:00
1777179600000,77774.29,78200.0,77719.77,77983.31,797.06637,2026-04-26 05:00:00+00:00
1777183200000,77983.31,78045.0,77899.45,77999.04,206.01822,2026-04-26 06:00:00+00:00
1777186800000,77999.04,78121.45,77968.36,78102.53,175.6113,2026-04-26 07:00:00+00:00
1777190400000,78102.53,78210.0,78019.65,78032.59,265.96473,2026-04-26 08:00:00+00:00
1777194000000,78032.59,78058.45,77926.59,77999.99,168.80014,2026-04-26 09:00:00+00:00
1777197600000,78000.0,78050.19,77954.0,78002.43,153.3474,2026-04-26 10:00:00+00:00
1777201200000,78002.43,78149.99,78002.42,78101.44,133.58626,2026-04-26 11:00:00+00:00
1777204800000,78101.43,78101.5,77770.0,77833.08,296.93614,2026-04-26 12:00:00+00:00
1777208400000,77833.08,77996.69,77797.13,77977.79,254.46962,2026-04-26 13:00:00+00:00
1777212000000,77977.79,78173.15,77871.85,78095.66,401.66239,2026-04-26 14:00:00+00:00
1777215600000,78095.65,78121.92,77988.89,78049.0,177.4742,2026-04-26 15:00:00+00:00
1777219200000,78049.0,78086.47,77919.42,77919.43,198.96678,2026-04-26 16:00:00+00:00
1777222800000,77919.43,78050.0,77850.0,78018.57,373.25532,2026-04-26 17:00:00+00:00
1777226400000,78018.57,78346.89,77988.11,78283.96,421.27794,2026-04-26 18:00:00+00:00
1777230000000,78283.97,78500.0,78013.76,78221.16,511.56,2026-04-26 19:00:00+00:00
1777233600000,78221.17,78377.77,78158.04,78194.22,172.13709,2026-04-26 20:00:00+00:00
1777237200000,78194.21,78961.0,77843.75,78417.41,977.34524,2026-04-26 21:00:00+00:00
1777240800000,78417.41,78850.3,77953.26,78313.52,710.63176,2026-04-26 22:00:00+00:00
1777244400000,78313.52,78901.63,78041.05,78657.55,669.20184,2026-04-26 23:00:00+00:00
1777248000000,78657.55,79392.4,78400.03,79308.6,1271.22649,2026-04-27 00:00:00+00:00
1777251600000,79309.0,79485.66,78730.71,79283.66,993.09217,2026-04-27 01:00:00+00:00
1777255200000,79283.65,79304.0,79030.91,79130.01,381.22923,2026-04-27 02:00:00+00:00
1777258800000,79130.01,79316.5,79077.81,79105.49,397.44839,2026-04-27 03:00:00+00:00
1777262400000,79105.5,79160.0,78872.42,78924.22,417.67922,2026-04-27 04:00:00+00:00
1777266000000,78924.21,78938.0,77562.63,77785.54,1805.78745,2026-04-27 05:00:00+00:00
1777269600000,77785.55,77871.9,77465.05,77700.12,641.73182,2026-04-27 06:00:00+00:00
1777273200000,77700.12,77734.79,77562.08,77606.6,743.19766,2026-04-27 07:00:00+00:00
1777276800000,77606.59,77816.18,77553.23,77804.34,465.54163,2026-04-27 08:00:00+00:00
1777280400000,77804.34,77980.0,77700.0,77900.01,578.50773,2026-04-27 09:00:00+00:00
1777284000000,77900.01,77935.66,77792.46,77850.01,311.10764,2026-04-27 10:00:00+00:00
1777287600000,77850.01,77885.46,77740.39,77844.26,252.77882,2026-04-27 11:00:00+00:00
1777291200000,77844.25,77867.33,77620.0,77667.36,415.46743,2026-04-27 12:00:00+00:00
1777294800000,77667.36,77966.8,77571.79,77746.74,762.7167,2026-04-27 13:00:00+00:00
1777298400000,77746.74,78265.34,77680.0,77815.25,744.42829,2026-04-27 14:00:00+00:00
1777302000000,77815.26,77827.17,76564.33,76793.09,1882.17067,2026-04-27 15:00:00+00:00
1777305600000,76793.1,76868.01,76546.0,76618.59,809.46498,2026-04-27 16:00:00+00:00
1777309200000,76618.59,76990.43,76618.59,76743.24,874.80558,2026-04-27 17:00:00+00:00
1777312800000,76743.23,76890.99,76668.52,76834.06,361.97331,2026-04-27 18:00:00+00:00
1777316400000,76834.05,76894.7,76459.64,76878.07,598.68003,2026-04-27 19:00:00+00:00
1777320000000,76878.23,77067.8,76844.16,76960.43,310.80766,2026-04-27 20:00:00+00:00
1777323600000,76960.43,76981.53,76786.8,76786.81,223.94467,2026-04-27 21:00:00+00:00
1777327200000,76786.81,77082.78,76763.71,77066.42,364.86359,2026-04-27 22:00:00+00:00
1777330800000,77066.42,77450.0,77018.56,77371.32,438.27302,2026-04-27 23:00:00+00:00
1777334400000,77371.32,77478.0,77210.92,77379.62,327.26244,2026-04-28 00:00:00+00:00
1777338000000,77379.62,77394.1,77038.1,77084.68,404.77602,2026-04-28 01:00:00+00:00
1777341600000,77084.69,77227.03,76672.56,76890.93,437.7548,2026-04-28 02:00:00+00:00
1777345200000,76890.92,76890.92,76672.0,76815.18,278.47081,2026-04-28 03:00:00+00:00
1777348800000,76815.18,76950.0,76701.35,76888.08,274.86374,2026-04-28 04:00:00+00:00
1777352400000,76888.08,77154.0,76811.01,76885.98,510.80129,2026-04-28 05:00:00+00:00
1777356000000,76885.97,77027.91,76588.0,76720.0,465.05641,2026-04-28 06:00:00+00:00
1777359600000,76720.01,76922.22,76424.9,76879.28,1631.99051,2026-04-28 07:00:00+00:00
1777363200000,76879.28,77013.63,76741.12,76858.59,1043.07562,2026-04-28 08:00:00+00:00
1777366800000,76858.59,76863.54,76495.91,76598.0,361.69239,2026-04-28 09:00:00+00:00
1777370400000,76597.99,76692.19,76484.7,76618.35,418.24563,2026-04-28 10:00:00+00:00
1777374000000,76618.35,76649.86,76130.1,76229.0,1019.71842,2026-04-28 11:00:00+00:00
1777377600000,76228.99,76421.94,76168.84,76372.05,652.01316,2026-04-28 12:00:00+00:00
1777381200000,76372.04,76411.72,75924.98,76189.84,1288.525,2026-04-28 13:00:00+00:00
1777384800000,76189.85,76199.99,75666.6,75949.99,1264.2758,2026-04-28 14:00:00+00:00
1777388400000,75950.0,76085.42,75836.88,76066.38,571.95819,2026-04-28 15:00:00+00:00
1777392000000,76066.37,76218.06,75881.28,76125.04,447.54534,2026-04-28 16:00:00+00:00
1777395600000,76125.04,76262.63,75959.05,76187.3,337.12149,2026-04-28 17:00:00+00:00
1777399200000,76187.3,76280.91,76137.86,76242.18,337.48355,2026-04-28 18:00:00+00:00
1777402800000,76242.17,76380.83,76066.35,76330.97,259.65416,2026-04-28 19:00:00+00:00
1777406400000,76330.97,76480.0,76323.71,76463.95,259.71578,2026-04-28 20:00:00+00:00
1777410000000,76463.95,76481.3,76267.61,76357.15,281.17357,2026-04-28 21:00:00+00:00
1777413600000,76357.15,76446.26,76218.0,76242.17,157.60986,2026-04-28 22:00:00+00:00
1777417200000,76242.17,76370.0,76197.02,76342.77,179.93985,2026-04-28 23:00:00+00:00
1777420800000,76342.78,76557.97,76276.0,76512.0,636.88517,2026-04-29 00:00:00+00:00
1777424400000,76511.99,76668.02,76187.75,76571.0,371.48818,2026-04-29 01:00:00+00:00
1777428000000,76571.0,76666.82,76402.72,76531.29,315.29662,2026-04-29 02:00:00+00:00
1777431600000,76531.29,77127.62,76519.94,76994.78,568.25927,2026-04-29 03:00:00+00:00
1777435200000,76994.77,77455.71,76880.0,77269.76,655.24397,2026-04-29 04:00:00+00:00
1777438800000,77269.76,77329.31,77198.07,77288.38,412.95649,2026-04-29 05:00:00+00:00
1777442400000,77288.39,77337.57,76907.07,77031.06,974.38933,2026-04-29 06:00:00+00:00
1777446000000,77031.07,77182.91,77031.06,77053.64,931.98531,2026-04-29 07:00:00+00:00
1777449600000,77053.65,77148.79,76972.32,77046.32,539.09721,2026-04-29 08:00:00+00:00
1777453200000,77046.31,77800.0,76972.32,77642.0,835.54071,2026-04-29 09:00:00+00:00
1777456800000,77642.0,77904.93,77559.19,77619.61,790.81622,2026-04-29 10:00:00+00:00
1777460400000,77619.62,77694.61,77485.81,77590.03,531.7514,2026-04-29 11:00:00+00:00
1777464000000,77590.04,77596.39,76850.0,77143.68,1776.35149,2026-04-29 12:00:00+00:00
1777467600000,77143.68,77240.0,76425.62,76783.43,1000.6949,2026-04-29 13:00:00+00:00
1777471200000,76783.42,76927.69,76489.99,76570.0,1353.72071,2026-04-29 14:00:00+00:00
1777474800000,76570.0,76634.61,75705.32,75924.25,1132.75734,2026-04-29 15:00:00+00:00
1777478400000,75924.24,76125.47,75696.13,75803.54,1021.10079,2026-04-29 16:00:00+00:00
1777482000000,75803.55,76184.01,75803.55,76184.01,549.93434,2026-04-29 17:00:00+00:00
1777485600000,76184.0,76274.8,74937.52,75513.91,1926.88309,2026-04-29 18:00:00+00:00
1777489200000,75513.92,75591.83,75302.31,75563.86,464.5754,2026-04-29 19:00:00+00:00
1777492800000,75563.87,75857.32,75497.43,75676.79,575.31173,2026-04-29 20:00:00+00:00
1777496400000,75676.79,76088.9,75607.7,75933.93,363.06477,2026-04-29 21:00:00+00:00
1777500000000,75933.94,76004.14,75818.14,75927.38,272.33397,2026-04-29 22:00:00+00:00
1777503600000,75927.38,75990.06,75692.33,75780.0,279.49181,2026-04-29 23:00:00+00:00
1777507200000,75780.0,76344.61,75656.03,76248.74,562.71461,2026-04-30 00:00:00+00:00
1777510800000,76248.76,76473.26,76178.73,76232.8,331.53653,2026-04-30 01:00:00+00:00
1777514400000,76232.81,76351.04,75494.7,75704.74,537.06765,2026-04-30 02:00:00+00:00
1777518000000,75704.74,75994.26,75659.85,75928.1,182.12647,2026-04-30 03:00:00+00:00
1777521600000,75928.09,75963.92,75414.57,75497.0,426.96926,2026-04-30 04:00:00+00:00
1777525200000,75497.01,75750.0,75323.65,75600.09,491.70915,2026-04-30 05:00:00+00:00
1777528800000,75600.09,75867.9,75569.99,75753.53,372.15072,2026-04-30 06:00:00+00:00
1777532400000,75753.54,76179.91,75718.5,76161.67,516.75183,2026-04-30 07:00:00+00:00
1777536000000,76161.67,76208.92,76019.57,76058.17,350.94571,2026-04-30 08:00:00+00:00
1777539600000,76058.17,76339.38,76012.6,76097.19,445.01057,2026-04-30 09:00:00+00:00
1777543200000,76097.19,76163.52,75974.93,76028.66,365.18719,2026-04-30 10:00:00+00:00
1777546800000,76028.66,76244.36,75876.29,76059.43,550.88667,2026-04-30 11:00:00+00:00
1777550400000,76059.42,76511.22,76042.75,76308.48,1520.57994,2026-04-30 12:00:00+00:00
1777554000000,76308.48,76669.14,76116.2,76420.44,927.16622,2026-04-30 13:00:00+00:00
1777557600000,76420.45,76597.51,76093.81,76301.24,683.75312,2026-04-30 14:00:00+00:00
1777561200000,76301.25,76653.6,76163.16,76473.6,374.70038,2026-04-30 15:00:00+00:00
1777564800000,76473.6,76484.6,76228.27,76261.03,165.45041,2026-04-30 16:00:00+00:00
1777568400000,76261.04,76328.71,76111.0,76250.01,273.82279,2026-04-30 17:00:00+00:00
1777572000000,76250.0,76468.84,76204.4,76350.0,184.15567,2026-04-30 18:00:00+00:00
1777575600000,76350.0,76514.8,76308.33,76412.8,307.53776,2026-04-30 19:00:00+00:00
1777579200000,76412.8,76568.9,76318.31,76492.46,287.06721,2026-04-30 20:00:00+00:00
1777582800000,76492.45,76535.42,76240.78,76241.78,183.08169,2026-04-30 21:00:00+00:00
1777586400000,76241.77,76449.16,76206.02,76237.06,158.56535,2026-04-30 22:00:00+00:00
1777590000000,76237.07,76380.2,76217.96,76346.57,182.87917,2026-04-30 23:00:00+00:00
1777593600000,76346.58,76591.0,76320.42,76458.05,502.88844,2026-05-01 00:00:00+00:00
1777597200000,76458.06,76776.21,76449.5,76686.13,486.84554,2026-05-01 01:00:00+00:00
1777600800000,76686.12,76744.6,76533.74,76592.54,204.45438,2026-05-01 02:00:00+00:00
1777604400000,76592.54,77453.74,76555.06,77131.08,1056.19913,2026-05-01 03:00:00+00:00
1777608000000,77131.08,77206.38,76653.6,77042.44,995.75921,2026-05-01 04:00:00+00:00
1777611600000,77042.44,77184.96,77033.91,77165.98,283.75111,2026-05-01 05:00:00+00:00
1777615200000,77165.99,77179.53,76882.0,76993.48,439.15205,2026-05-01 06:00:00+00:00
1777618800000,76993.49,77140.36,76957.04,77130.54,633.7325,2026-05-01 07:00:00+00:00
1777622400000,77130.54,77500.0,77048.0,77377.47,697.73561,2026-05-01 08:00:00+00:00
1777626000000,77377.48,77391.99,77200.15,77268.55,355.16559,2026-05-01 09:00:00+00:00
1777629600000,77268.56,77433.72,77146.48,77304.34,330.99244,2026-05-01 10:00:00+00:00
1777633200000,77303.8,77600.0,77263.66,77463.98,584.3796,2026-05-01 11:00:00+00:00
1777636800000,77463.98,78170.2,77408.73,77896.01,1392.97654,2026-05-01 12:00:00+00:00
1777640400000,77896.01,78914.12,77896.0,78737.25,2354.33999,2026-05-01 13:00:00+00:00
1777644000000,78737.26,78871.8,78051.86,78358.75,1970.70152,2026-05-01 14:00:00+00:00
1777647600000,78358.74,78735.92,78176.06,78445.89,1013.17746,2026-05-01 15:00:00+00:00
1777651200000,78445.88,78683.23,78167.53,78214.36,704.68666,2026-05-01 16:00:00+00:00
1777654800000,78214.36,78584.61,78131.02,78552.94,489.31938,2026-05-01 17:00:00+00:00
1777658400000,78552.93,78623.37,78375.53,78423.9,487.76487,2026-05-01 18:00:00+00:00
1777662000000,78423.91,78540.0,78313.16,78360.0,512.65483,2026-05-01 19:00:00+00:00
1777665600000,78360.01,78422.81,77752.0,77880.18,827.52759,2026-05-01 20:00:00+00:00
1777669200000,77880.18,78200.0,77857.97,78199.99,485.72824,2026-05-01 21:00:00+00:00
1777672800000,78200.0,78411.13,78144.7,78153.38,331.97786,2026-05-01 22:00:00+00:00
1777676400000,78153.37,78249.6,78043.28,78231.13,173.55448,2026-05-01 23:00:00+00:00
1777680000000,78231.13,78393.39,78166.48,78341.75,211.29374,2026-05-02 00:00:00+00:00
1777683600000,78341.75,78441.31,78294.19,78355.0,400.98852,2026-05-02 01:00:00+00:00
1777687200000,78355.0,78513.7,78260.95,78353.93,283.69022,2026-05-02 02:00:00+00:00
1777690800000,78353.93,78514.82,78237.25,78400.0,300.16391,2026-05-02 03:00:00+00:00
1777694400000,78399.99,78448.99,78123.53,78175.5,411.85061,2026-05-02 04:00:00+00:00
1777698000000,78175.5,78235.25,78040.0,78174.0,526.60294,2026-05-02 05:00:00+00:00
1777701600000,78174.0,78363.21,78148.24,78327.8,366.5645,2026-05-02 06:00:00+00:00
1777705200000,78327.8,78342.18,78207.2,78220.0,170.02066,2026-05-02 07:00:00+00:00
1777708800000,78220.0,78356.51,78165.3,78315.37,204.83037,2026-05-02 08:00:00+00:00
1777712400000,78315.36,78394.0,78220.0,78293.57,257.64077,2026-05-02 09:00:00+00:00
1777716000000,78293.57,78311.97,78225.22,78249.3,136.41815,2026-05-02 10:00:00+00:00
1777719600000,78249.31,78249.31,78094.43,78143.08,269.24301,2026-05-02 11:00:00+00:00
1777723200000,78143.09,78262.37,78108.41,78211.24,182.77682,2026-05-02 12:00:00+00:00
1777726800000,78211.24,78423.85,78211.24,78367.06,227.00487,2026-05-02 13:00:00+00:00
1777730400000,78367.06,78484.42,78309.84,78423.98,190.15931,2026-05-02 14:00:00+00:00
1777734000000,78423.98,78487.68,78365.96,78487.67,126.14054,2026-05-02 15:00:00+00:00
1777737600000,78487.67,78596.61,78430.07,78455.02,194.42514,2026-05-02 16:00:00+00:00
1777741200000,78455.02,78485.53,78368.24,78398.02,213.39843,2026-05-02 17:00:00+00:00
1777744800000,78398.03,78493.31,78310.54,78466.62,118.15969,2026-05-02 18:00:00+00:00
1777748400000,78466.63,78521.68,78440.11,78486.0,182.05466,2026-05-02 19:00:00+00:00
1777752000000,78486.23,78491.26,78418.32,78451.38,61.92886,2026-05-02 20:00:00+00:00
1777755600000,78451.37,79199.48,78439.51,78719.78,734.53837,2026-05-02 21:00:00+00:00
1777759200000,78719.78,78872.39,78610.46,78832.98,266.49012,2026-05-02 22:00:00+00:00
1777762800000,78832.98,78832.98,78631.9,78686.85,114.49221,2026-05-02 23:00:00+00:00
1777766400000,78686.84,78754.55,78490.61,78542.32,233.96416,2026-05-03 00:00:00+00:00
1777770000000,78542.33,78542.33,78152.25,78240.83,391.01401,2026-05-03 01:00:00+00:00
1777773600000,78240.84,78309.09,78108.75,78171.85,222.42918,2026-05-03 02:00:00+00:00
1777777200000,78171.86,78217.59,78109.94,78203.08,200.3559,2026-05-03 03:00:00+00:00
1777780800000,78203.07,78236.45,78120.0,78163.19,89.71363,2026-05-03 04:00:00+00:00
1777784400000,78163.19,78260.75,78163.17,78249.42,98.09285,2026-05-03 05:00:00+00:00
1777788000000,78249.41,78337.26,78084.08,78288.3,306.94233,2026-05-03 06:00:00+00:00
1777791600000,78288.3,78483.67,78288.29,78363.25,299.42086,2026-05-03 07:00:00+00:00
1777795200000,78363.24,78505.92,78363.24,78387.86,102.01693,2026-05-03 08:00:00+00:00
1777798800000,78387.87,78604.67,78354.53,78529.57,293.1321,2026-05-03 09:00:00+00:00
1777802400000,78529.57,78534.4,78406.97,78408.01,140.79481,2026-05-03 10:00:00+00:00
1777806000000,78408.01,78849.22,78380.0,78656.01,412.8313,2026-05-03 11:00:00+00:00
1777809600000,78656.01,78878.77,78656.0,78747.09,294.28187,2026-05-03 12:00:00+00:00
1777813200000,78747.09,78769.63,78586.99,78670.01,196.40341,2026-05-03 13:00:00+00:00
1777816800000,78670.01,78786.57,78608.7,78741.0,409.96615,2026-05-03 14:00:00+00:00
1777820400000,78741.0,78815.19,78633.4,78668.36,237.20487,2026-05-03 15:00:00+00:00
1777824000000,78668.36,78784.56,78600.0,78654.0,167.53902,2026-05-03 16:00:00+00:00
1777827600000,78654.01,78822.83,78558.65,78725.76,357.9255,2026-05-03 17:00:00+00:00
1777831200000,78725.76,78763.57,78631.61,78739.67,138.18974,2026-05-03 18:00:00+00:00
1777834800000,78739.68,78853.32,78676.67,78760.32,252.60944,2026-05-03 19:00:00+00:00
1777838400000,78760.32,79268.0,78732.04,78915.99,645.7979,2026-05-03 20:00:00+00:00
1777842000000,78915.99,79056.59,78650.0,78831.59,357.48617,2026-05-03 21:00:00+00:00
1777845600000,78831.6,79447.0,78831.6,79177.29,934.95879,2026-05-03 22:00:00+00:00
1777849200000,79177.29,79287.82,78484.42,78568.57,642.72198,2026-05-03 23:00:00+00:00
1777852800000,78568.58,78572.57,78288.88,78547.14,434.86007,2026-05-04 00:00:00+00:00
1777856400000,78547.15,79848.84,78412.49,79769.43,1366.42153,2026-05-04 01:00:00+00:00
1777860000000,79769.43,80420.9,79540.05,80173.3,2278.14954,2026-05-04 02:00:00+00:00
1777863600000,80173.3,80458.0,79926.9,80316.31,1012.18218,2026-05-04 03:00:00+00:00
1777867200000,80316.3,80635.51,80233.04,80332.06,1362.02834,2026-05-04 04:00:00+00:00
1777870800000,80332.06,80395.96,79956.25,80027.26,746.81318,2026-05-04 05:00:00+00:00
1777874400000,80027.26,80048.64,79500.0,79877.9,1103.73906,2026-05-04 06:00:00+00:00
1777878000000,79877.91,79946.33,79672.0,79696.75,419.83178,2026-05-04 07:00:00+00:00
1777881600000,79696.75,79800.0,79602.32,79708.3,435.36516,2026-05-04 08:00:00+00:00
1777885200000,79708.3,79930.0,79647.87,79838.48,473.40316,2026-05-04 09:00:00+00:00
1777888800000,79838.49,79880.0,78202.0,78940.26,4380.72428,2026-05-04 10:00:00+00:00
1777892400000,78940.27,79124.83,78708.87,78793.67,699.54546,2026-05-04 11:00:00+00:00
1777896000000,78793.67,79020.0,78718.55,78857.18,426.01688,2026-05-04 12:00:00+00:00
1777899600000,78857.18,79124.83,78581.74,78790.0,725.07004,2026-05-04 13:00:00+00:00
1777903200000,78790.01,80545.17,78500.0,80216.16,2308.42012,2026-05-04 14:00:00+00:00
1777906800000,80216.15,80367.93,79320.28,80028.85,2458.63305,2026-05-04 15:00:00+00:00
1777910400000,80028.85,80395.68,79619.33,80025.03,1492.78417,2026-05-04 16:00:00+00:00
1777914000000,80025.03,80776.99,80021.5,80390.81,1080.11249,2026-05-04 17:00:00+00:00
1777917600000,80390.8,80439.18,80035.32,80114.91,663.99913,2026-05-04 18:00:00+00:00
1777921200000,80114.91,80138.0,79900.0,80053.31,505.59924,2026-05-04 19:00:00+00:00
1777924800000,80053.31,80154.12,79901.0,79936.7,459.51864,2026-05-04 20:00:00+00:00
1777928400000,79936.7,80383.15,79936.7,80259.17,343.30642,2026-05-04 21:00:00+00:00
1777932000000,80259.18,80397.19,80042.84,80067.23,272.35375,2026-05-04 22:00:00+00:00
1777935600000,80067.22,80067.22,79744.91,79861.01,594.08368,2026-05-04 23:00:00+00:00
1777939200000,79861.01,80183.33,79808.72,80170.66,425.73287,2026-05-05 00:00:00+00:00
1777942800000,80170.66,80385.06,80080.76,80352.0,530.02962,2026-05-05 01:00:00+00:00
1777946400000,80351.99,80900.0,80300.0,80554.68,768.44478,2026-05-05 02:00:00+00:00
1777950000000,80554.69,81083.98,80457.93,80893.08,677.93372,2026-05-05 03:00:00+00:00
1777953600000,80893.08,80982.59,80725.0,80902.44,528.94138,2026-05-05 04:00:00+00:00
1777957200000,80902.44,81323.52,80830.06,80970.0,1011.38606,2026-05-05 05:00:00+00:00
1777960800000,80969.99,81016.42,80800.0,80976.0,389.83367,2026-05-05 06:00:00+00:00
1777964400000,80976.0,81136.59,80826.0,80855.59,1044.4323,2026-05-05 07:00:00+00:00
1777968000000,80855.59,80895.5,80723.2,80815.24,474.4579,2026-05-05 08:00:00+00:00
1777971600000,80815.24,80815.24,80527.76,80586.02,865.34761,2026-05-05 09:00:00+00:00
1777975200000,80586.02,80831.87,80530.82,80823.61,521.10422,2026-05-05 10:00:00+00:00
1777978800000,80823.61,81095.48,80780.0,81014.05,623.66253,2026-05-05 11:00:00+00:00
1777982400000,81014.05,81329.61,80932.54,81279.41,607.82057,2026-05-05 12:00:00+00:00
1777986000000,81279.4,81712.32,81196.0,81330.0,1771.4169,2026-05-05 13:00:00+00:00
1777989600000,81330.0,81500.0,80939.87,81336.59,1282.91373,2026-05-05 14:00:00+00:00
1777993200000,81336.59,81689.2,81235.0,81525.19,899.04049,2026-05-05 15:00:00+00:00
1777996800000,81525.19,81615.33,81050.04,81285.75,707.45267,2026-05-05 16:00:00+00:00
1778000400000,81285.75,81458.26,81185.02,81270.6,280.80669,2026-05-05 17:00:00+00:00
1778004000000,81270.61,81599.0,81270.61,81515.0,427.56223,2026-05-05 18:00:00+00:00
1778007600000,81515.0,81680.0,81407.58,81606.35,364.63717,2026-05-05 19:00:00+00:00
1778011200000,81606.35,81770.0,81510.13,81646.38,724.67261,2026-05-05 20:00:00+00:00
1778014800000,81646.39,81791.48,81305.27,81407.11,618.58873,2026-05-05 21:00:00+00:00
1778018400000,81407.11,81600.0,80817.72,81111.27,921.88572,2026-05-05 22:00:00+00:00
1778022000000,81111.27,81222.03,80790.0,80905.52,479.07578,2026-05-05 23:00:00+00:00
1778025600000,80905.53,81262.28,80731.14,81030.01,876.19915,2026-05-06 00:00:00+00:00
1778029200000,81030.0,81534.23,80996.0,81439.34,803.82574,2026-05-06 01:00:00+00:00
1778032800000,81439.34,81449.04,81047.01,81363.54,621.19491,2026-05-06 02:00:00+00:00
1778036400000,81363.54,81760.84,81358.17,81581.69,710.52364,2026-05-06 03:00:00+00:00
1778040000000,81581.7,81649.99,81270.0,81331.1,575.6413,2026-05-06 04:00:00+00:00
1778043600000,81331.1,81360.3,81060.0,81333.0,592.1865,2026-05-06 05:00:00+00:00
1778047200000,81333.0,81516.9,81211.34,81476.71,524.1354,2026-05-06 06:00:00+00:00
1778050800000,81476.71,81611.0,81307.81,81359.82,608.74333,2026-05-06 07:00:00+00:00
1778054400000,81359.82,81986.0,81328.68,81945.66,1353.41416,2026-05-06 08:00:00+00:00
1778058000000,81945.66,82060.0,81682.7,81997.0,1096.7335,2026-05-06 09:00:00+00:00
1778061600000,81997.0,82390.0,81953.25,82290.04,1302.85091,2026-05-06 10:00:00+00:00
1778065200000,82290.03,82850.0,82261.6,82522.89,1435.93329,2026-05-06 11:00:00+00:00
1778068800000,82522.88,82539.33,82164.61,82220.47,820.9281,2026-05-06 12:00:00+00:00
1778072400000,82220.47,82220.47,81600.0,81670.89,1247.90169,2026-05-06 13:00:00+00:00
1778076000000,81670.9,81980.72,81136.0,81526.73,1615.07708,2026-05-06 14:00:00+00:00
1778079600000,81526.74,81823.0,81316.28,81704.25,824.75333,2026-05-06 15:00:00+00:00
1778083200000,81704.25,81907.51,81431.16,81630.94,983.55485,2026-05-06 16:00:00+00:00
1778086800000,81630.94,81709.32,81394.0,81452.63,417.39237,2026-05-06 17:00:00+00:00
1778090400000,81452.63,81559.17,81271.06,81353.14,451.84587,2026-05-06 18:00:00+00:00
1778094000000,81353.15,81522.41,81200.0,81464.87,517.12437,2026-05-06 19:00:00+00:00
1778097600000,81464.86,81700.0,81302.35,81427.52,436.46876,2026-05-06 20:00:00+00:00
1778101200000,81427.52,81618.77,81294.64,81539.16,310.38464,2026-05-06 21:00:00+00:00
1778104800000,81539.16,81540.91,81240.0,81342.39,229.58883,2026-05-06 22:00:00+00:00
1778108400000,81342.39,81447.3,81000.0,81447.01,442.37224,2026-05-06 23:00:00+00:00
1778112000000,81447.01,81490.03,80980.0,81016.96,407.52958,2026-05-07 00:00:00+00:00
1778115600000,81016.96,81284.67,80830.23,81167.8,565.39571,2026-05-07 01:00:00+00:00
1778119200000,81167.79,81180.74,80883.54,81113.34,749.95215,2026-05-07 02:00:00+00:00
1778122800000,81113.35,81113.35,80834.61,80834.91,345.29566,2026-05-07 03:00:00+00:00
1778126400000,80834.92,80989.59,80725.09,80979.19,387.82747,2026-05-07 04:00:00+00:00
1778130000000,80979.19,81172.27,80974.06,81088.0,355.34634,2026-05-07 05:00:00+00:00
1778133600000,81088.0,81443.21,80874.41,81438.61,613.68575,2026-05-07 06:00:00+00:00
1778137200000,81438.62,81708.32,81390.3,81518.58,681.98013,2026-05-07 07:00:00+00:00
1778140800000,81518.57,81590.0,81194.74,81231.24,647.38206,2026-05-07 08:00:00+00:00
1778144400000,81231.25,81231.25,80852.33,80929.0,659.04219,2026-05-07 09:00:00+00:00
1778148000000,80929.0,80997.0,80572.4,80850.75,690.56353,2026-05-07 10:00:00+00:00
1778151600000,80850.76,81041.15,80786.5,80866.65,367.10915,2026-05-07 11:00:00+00:00
1778155200000,80866.65,81180.0,80846.87,81162.01,429.19223,2026-05-07 12:00:00+00:00
1778158800000,81162.0,81162.01,80260.98,80503.68,1211.56578,2026-05-07 13:00:00+00:00
1778162400000,80503.69,80685.7,80046.0,80171.38,1538.09475,2026-05-07 14:00:00+00:00
1778166000000,80171.37,80271.42,79699.52,79890.63,1647.8103,2026-05-07 15:00:00+00:00
1778169600000,79890.0,80020.0,79646.79,79801.08,1424.92395,2026-05-07 16:00:00+00:00
1778173200000,79801.08,80135.17,79500.0,80094.52,919.74045,2026-05-07 17:00:00+00:00
1778176800000,80094.52,80269.06,80004.4,80200.59,527.27769,2026-05-07 18:00:00+00:00
1778180400000,80200.6,80224.0,79934.3,80146.11,443.20216,2026-05-07 19:00:00+00:00
1778184000000,80146.77,80371.23,79859.51,79879.99,400.51449,2026-05-07 20:00:00+00:00
1778187600000,79880.0,79934.92,79660.0,79735.01,401.75461,2026-05-07 21:00:00+00:00
1778191200000,79735.0,79990.0,79582.95,79919.01,495.14556,2026-05-07 22:00:00+00:00
1778194800000,79919.0,80068.03,79871.98,80006.0,244.47169,2026-05-07 23:00:00+00:00
1778198400000,80006.0,80142.84,79729.72,79831.99,958.06006,2026-05-08 00:00:00+00:00
1778202000000,79831.98,79900.11,79612.63,79740.01,539.33838,2026-05-08 01:00:00+00:00
1778205600000,79740.01,79761.61,79316.99,79488.46,1066.54641,2026-05-08 02:00:00+00:00
1778209200000,79488.47,79666.66,79181.48,79578.85,529.79179,2026-05-08 03:00:00+00:00
1778212800000,79578.84,79748.0,79551.26,79655.23,317.73705,2026-05-08 04:00:00+00:00
1778216400000,79655.22,79778.95,79600.0,79600.01,307.79364,2026-05-08 05:00:00+00:00
1778220000000,79600.01,79654.0,79411.0,79525.76,792.09671,2026-05-08 06:00:00+00:00
1778223600000,79525.77,79727.0,79248.58,79682.4,992.93778,2026-05-08 07:00:00+00:00
1778227200000,79682.4,79987.27,79666.05,79886.01,628.59636,2026-05-08 08:00:00+00:00
1778230800000,79886.0,80061.17,79794.88,79872.72,481.81051,2026-05-08 09:00:00+00:00
1778234400000,79872.72,80278.92,79788.01,80212.56,650.80764,2026-05-08 10:00:00+00:00
1778238000000,80212.55,80340.94,80127.54,80231.22,586.98252,2026-05-08 11:00:00+00:00
1778241600000,80231.22,80500.0,79966.14,80025.82,831.54339,2026-05-08 12:00:00+00:00
1778245200000,80025.81,80095.99,79549.54,79647.8,1091.58342,2026-05-08 13:00:00+00:00
1778248800000,79647.81,80441.79,79647.8,80150.97,1005.3745,2026-05-08 14:00:00+00:00
1778252400000,80150.97,80200.0,79625.0,80142.14,812.90032,2026-05-08 15:00:00+00:00
1778256000000,80142.13,80182.18,79741.3,79802.34,665.763,2026-05-08 16:00:00+00:00
1778259600000,79802.35,80261.87,79738.75,80060.0,1502.98426,2026-05-08 17:00:00+00:00
1778263200000,80060.0,80299.99,80059.99,80078.4,470.37331,2026-05-08 18:00:00+00:00
1778266800000,80078.39,80181.66,79954.54,80179.94,408.77976,2026-05-08 19:00:00+00:00
1778270400000,80180.0,80299.93,80089.76,80133.09,330.63666,2026-05-08 20:00:00+00:00
1778274000000,80133.08,80264.0,80116.32,80263.99,269.62208,2026-05-08 21:00:00+00:00
1778277600000,80264.0,80409.09,80238.42,80262.0,318.15524,2026-05-08 22:00:00+00:00
1778281200000,80262.0,80299.27,80111.02,80193.17,441.0953,2026-05-08 23:00:00+00:00
1778284800000,80193.18,80240.87,80129.85,80238.76,206.53644,2026-05-09 00:00:00+00:00
1778288400000,80238.75,80446.58,80217.46,80327.75,266.81337,2026-05-09 01:00:00+00:00
1778292000000,80327.75,80477.47,80327.75,80417.87,231.63268,2026-05-09 02:00:00+00:00
1778295600000,80417.88,80550.67,80307.76,80383.95,388.12699,2026-05-09 03:00:00+00:00
1778299200000,80383.96,80666.66,80373.55,80379.9,404.43634,2026-05-09 04:00:00+00:00
1778302800000,80379.9,80480.49,80343.0,80379.49,360.73513,2026-05-09 05:00:00+00:00
1778306400000,80379.5,80428.01,80201.6,80263.92,270.37474,2026-05-09 06:00:00+00:00
1778310000000,80263.93,80309.05,80135.0,80228.89,445.94164,2026-05-09 07:00:00+00:00
1778313600000,80228.88,80452.44,80220.0,80407.12,297.06841,2026-05-09 08:00:00+00:00
1778317200000,80407.12,80415.83,80214.0,80242.53,211.41081,2026-05-09 09:00:00+00:00
1778320800000,80242.54,80346.94,80166.26,80264.02,234.54075,2026-05-09 10:00:00+00:00
1778324400000,80264.01,80366.07,80256.95,80345.46,266.71827,2026-05-09 11:00:00+00:00
1778328000000,80345.47,80416.21,80274.03,80397.97,357.45715,2026-05-09 12:00:00+00:00
1778331600000,80397.97,80422.0,80318.7,80391.18,341.73909,2026-05-09 13:00:00+00:00
1778335200000,80391.18,80426.9,80254.71,80332.22,322.24573,2026-05-09 14:00:00+00:00
1778338800000,80332.23,80600.0,80234.0,80527.92,418.47876,2026-05-09 15:00:00+00:00
1778342400000,80527.92,80777.0,80487.4,80625.01,546.55445,2026-05-09 16:00:00+00:00
1778346000000,80625.0,80928.56,80625.0,80812.7,430.13867,2026-05-09 17:00:00+00:00
1778349600000,80812.69,81080.0,80787.39,80907.65,339.35386,2026-05-09 18:00:00+00:00
1778353200000,80907.66,80958.0,80776.99,80938.53,217.80867,2026-05-09 19:00:00+00:00
1778356800000,80938.53,80938.53,80744.98,80805.5,144.14004,2026-05-09 20:00:00+00:00
1778360400000,80805.51,80896.0,80744.98,80780.83,149.85415,2026-05-09 21:00:00+00:00
1778364000000,80780.83,80823.24,80670.01,80782.38,199.54802,2026-05-09 22:00:00+00:00
1778367600000,80782.38,80850.0,80621.88,80678.4,496.76761,2026-05-09 23:00:00+00:00
1778371200000,80678.41,80770.51,80610.64,80680.04,346.27712,2026-05-10 00:00:00+00:00
1778374800000,80680.03,80690.73,80572.77,80685.56,410.62072,2026-05-10 01:00:00+00:00
1778378400000,80685.55,80790.0,80611.0,80777.42,290.59888,2026-05-10 02:00:00+00:00
1778382000000,80777.42,80887.15,80709.59,80775.0,284.77121,2026-05-10 03:00:00+00:00
1778385600000,80774.99,80840.0,80722.78,80759.93,253.45188,2026-05-10 04:00:00+00:00
1778389200000,80759.93,80816.52,80682.0,80700.77,372.73913,2026-05-10 05:00:00+00:00
1778392800000,80700.76,80753.04,80658.97,80733.75,211.5502,2026-05-10 06:00:00+00:00
1778396400000,80733.75,80827.14,80720.1,80736.03,400.67517,2026-05-10 07:00:00+00:00
1778400000000,80736.03,80909.65,80715.33,80830.33,252.36808,2026-05-10 08:00:00+00:00
1778403600000,80830.34,80913.8,80756.53,80807.96,237.31778,2026-05-10 09:00:00+00:00
1778407200000,80807.95,80883.48,80691.0,80873.79,279.49023,2026-05-10 10:00:00+00:00
1778410800000,80873.8,80975.4,80750.0,80821.21,339.53296,2026-05-10 11:00:00+00:00
1778414400000,80821.21,80950.0,80784.2,80927.72,235.68491,2026-05-10 12:00:00+00:00
1778418000000,80927.71,81000.01,80865.44,80971.67,254.25083,2026-05-10 13:00:00+00:00
1778421600000,80971.66,80999.36,80816.22,80990.11,372.4586,2026-05-10 14:00:00+00:00
1778425200000,80990.11,81442.81,80936.0,81418.01,780.28503,2026-05-10 15:00:00+00:00
1778428800000,81418.01,81500.0,81200.0,81378.25,595.22707,2026-05-10 16:00:00+00:00
1778432400000,81378.25,81583.11,81220.0,81476.18,599.74468,2026-05-10 17:00:00+00:00
1778436000000,81476.18,81493.11,81231.14,81271.96,268.90805,2026-05-10 18:00:00+00:00
1778439600000,81271.96,81481.92,81148.0,81437.83,334.34752,2026-05-10 19:00:00+00:00
1778443200000,81437.83,81459.66,80279.77,80734.88,1021.73969,2026-05-10 20:00:00+00:00
1778446800000,80734.88,80944.44,80571.97,80720.47,691.73163,2026-05-10 21:00:00+00:00
1778450400000,80720.47,82171.96,80666.66,82044.49,1804.86462,2026-05-10 22:00:00+00:00
1778454000000,82044.49,82479.32,82044.49,82210.07,1395.68283,2026-05-10 23:00:00+00:00
1778457600000,82210.07,82380.0,81280.0,81471.13,1294.00066,2026-05-11 00:00:00+00:00
1778461200000,81471.13,81744.85,81291.23,81501.72,495.92379,2026-05-11 01:00:00+00:00
1778464800000,81501.73,81572.4,81117.64,81169.08,491.97068,2026-05-11 02:00:00+00:00
1778468400000,81169.09,81188.97,80525.0,80736.01,857.95581,2026-05-11 03:00:00+00:00
1778472000000,80736.0,80879.12,80639.99,80824.61,378.47076,2026-05-11 04:00:00+00:00
1778475600000,80824.61,80981.8,80761.73,80832.33,423.68877,2026-05-11 05:00:00+00:00
1778479200000,80832.34,81049.51,80762.0,80822.86,296.00491,2026-05-11 06:00:00+00:00
1778482800000,80822.86,80840.3,80663.11,80740.4,496.93812,2026-05-11 07:00:00+00:00
1778486400000,80740.4,80863.42,80621.87,80767.97,463.92135,2026-05-11 08:00:00+00:00
1778490000000,80767.97,80997.63,80758.3,80966.57,330.83757,2026-05-11 09:00:00+00:00
1778493600000,80966.58,81200.0,80940.0,80940.0,488.26383,2026-05-11 10:00:00+00:00
1778497200000,80940.0,81196.95,80900.0,81196.94,356.37085,2026-05-11 11:00:00+00:00
1778500800000,81196.95,81356.46,81029.77,81054.65,485.8963,2026-05-11 12:00:00+00:00
1778504400000,81054.65,81332.29,80739.63,81072.0,767.39683,2026-05-11 13:00:00+00:00
1778508000000,81072.01,81252.72,80462.97,80953.38,767.64104,2026-05-11 14:00:00+00:00
1778511600000,80953.39,81458.0,80826.02,81445.9,647.30001,2026-05-11 15:00:00+00:00
1778515200000,81445.89,81910.35,81344.72,81575.85,1113.46844,2026-05-11 16:00:00+00:00
1778518800000,81575.84,82071.77,81369.42,81941.09,565.28919,2026-05-11 17:00:00+00:00
1778522400000,81941.09,82137.26,81836.15,81858.96,536.09834,2026-05-11 18:00:00+00:00
1778526000000,81858.97,82091.11,81739.09,81961.99,458.6097,2026-05-11 19:00:00+00:00
1778529600000,81961.99,82078.91,81758.5,81821.02,322.40099,2026-05-11 20:00:00+00:00
1778533200000,81821.03,81906.35,81600.0,81821.18,268.82965,2026-05-11 21:00:00+00:00
1778536800000,81821.18,81969.99,81729.99,81833.92,366.43361,2026-05-11 22:00:00+00:00
1778540400000,81833.92,81833.92,81596.31,81745.65,278.04936,2026-05-11 23:00:00+00:00
1778544000000,81745.66,81788.0,81478.75,81545.2,419.66559,2026-05-12 00:00:00+00:00
1778547600000,81545.2,81615.67,80714.28,81199.18,866.00547,2026-05-12 01:00:00+00:00
1778551200000,81199.18,81332.29,81087.63,81249.93,386.77691,2026-05-12 02:00:00+00:00
1778554800000,81249.93,81294.42,81024.41,81058.8,187.87319,2026-05-12 03:00:00+00:00
1778558400000,81058.79,81303.99,81000.0,81240.01,398.28206,2026-05-12 04:00:00+00:00
1778562000000,81240.01,81305.24,81181.56,81224.03,329.93857,2026-05-12 05:00:00+00:00
1778565600000,81224.04,81300.0,81010.01,81022.44,448.36294,2026-05-12 06:00:00+00:00
1778569200000,81022.44,81137.27,80800.77,80865.4,603.31882,2026-05-12 07:00:00+00:00
1778572800000,80865.4,80964.13,80760.53,80843.31,478.61372,2026-05-12 08:00:00+00:00
1778576400000,80843.3,80963.35,80720.0,80837.15,506.71585,2026-05-12 09:00:00+00:00
1778580000000,80837.15,80848.27,80601.27,80666.37,487.71377,2026-05-12 10:00:00+00:00
1778583600000,80666.38,80785.38,80496.57,80784.87,500.02112,2026-05-12 11:00:00+00:00
1778587200000,80784.86,80999.0,80619.19,80881.26,585.87948,2026-05-12 12:00:00+00:00
1778590800000,80881.25,80928.26,80397.07,80466.91,795.94705,2026-05-12 13:00:00+00:00
1778594400000,80466.91,80888.01,80397.88,80540.0,865.59094,2026-05-12 14:00:00+00:00
1778598000000,80540.0,80676.78,80188.65,80336.01,958.32005,2026-05-12 15:00:00+00:00
1778601600000,80336.01,80435.99,79843.59,80000.01,1473.4545,2026-05-12 16:00:00+00:00
1778605200000,80000.01,80593.06,79951.05,80527.69,486.64257,2026-05-12 17:00:00+00:00
1778608800000,80527.69,80763.81,80430.0,80679.12,367.3581,2026-05-12 18:00:00+00:00
1778612400000,80679.11,80874.42,80679.11,80834.64,346.22158,2026-05-12 19:00:00+00:00
1778616000000,80835.3,80896.25,80642.85,80696.87,292.49967,2026-05-12 20:00:00+00:00
1778619600000,80696.87,80738.0,80497.0,80587.44,202.53849,2026-05-12 21:00:00+00:00
1778623200000,80587.45,80791.94,80587.45,80656.43,151.10909,2026-05-12 22:00:00+00:00
1778626800000,80656.44,80714.0,80439.91,80504.47,247.40723,2026-05-12 23:00:00+00:00
1778630400000,80504.47,80768.95,80412.15,80718.0,230.81443,2026-05-13 00:00:00+00:00
1778634000000,80718.0,81195.69,80683.12,81006.0,633.76198,2026-05-13 01:00:00+00:00
1778637600000,81005.99,81281.66,80934.69,81050.0,333.93602,2026-05-13 02:00:00+00:00
1778641200000,81050.0,81299.99,80976.27,81249.99,377.40594,2026-05-13 03:00:00+00:00
1778644800000,81249.99,81281.07,81124.87,81231.96,253.70329,2026-05-13 04:00:00+00:00
1778648400000,81231.96,81247.22,80999.99,81019.99,266.87053,2026-05-13 05:00:00+00:00
1778652000000,81020.0,81160.36,80972.94,80980.05,499.1653,2026-05-13 06:00:00+00:00
1778655600000,80980.06,81049.01,80889.12,81026.92,476.02435,2026-05-13 07:00:00+00:00
1778659200000,81026.92,81200.0,80943.63,81196.57,372.92514,2026-05-13 08:00:00+00:00
1778662800000,81196.57,81324.64,81137.77,81291.38,435.50222,2026-05-13 09:00:00+00:00
1778666400000,81291.37,81298.5,80809.01,80809.01,364.76288,2026-05-13 10:00:00+00:00
1778670000000,80809.01,80843.87,80494.98,80501.22,668.09274,2026-05-13 11:00:00+00:00
1778673600000,80501.22,80592.65,79852.0,80202.78,1194.36751,2026-05-13 12:00:00+00:00
1778677200000,80202.78,80345.45,79576.47,79656.01,1205.27854,2026-05-13 13:00:00+00:00
1778680800000,79656.01,79898.0,79481.56,79756.01,942.38578,2026-05-13 14:00:00+00:00
1778684400000,79756.02,79856.08,78807.22,78827.21,1731.43058,2026-05-13 15:00:00+00:00
1778688000000,78827.21,79222.22,78754.65,79108.39,1522.11383,2026-05-13 16:00:00+00:00
1778691600000,79108.39,79556.36,79100.0,79514.97,611.40519,2026-05-13 17:00:00+00:00
1778695200000,79514.97,79800.0,79514.97,79598.15,747.58594,2026-05-13 18:00:00+00:00
1778698800000,79598.15,79646.29,79400.0,79642.41,463.49581,2026-05-13 19:00:00+00:00
1778702400000,79642.41,79760.0,79622.7,79698.95,225.22286,2026-05-13 20:00:00+00:00
1778706000000,79698.95,79705.73,79340.39,79398.54,418.00056,2026-05-13 21:00:00+00:00
1778709600000,79398.54,79470.0,79228.0,79428.46,338.28664,2026-05-13 22:00:00+00:00
1778713200000,79428.46,79499.01,79233.83,79313.61,497.51837,2026-05-13 23:00:00+00:00
1778716800000,79313.61,79681.73,79308.0,79580.0,443.66772,2026-05-14 00:00:00+00:00
1778720400000,79580.0,79681.73,79409.42,79604.6,369.48629,2026-05-14 01:00:00+00:00
1778724000000,79604.61,79676.11,79222.22,79370.24,684.03959,2026-05-14 02:00:00+00:00
1778727600000,79370.24,79460.0,78922.0,79044.85,712.36112,2026-05-14 03:00:00+00:00
1778731200000,79044.86,79474.41,78982.06,79451.63,437.35487,2026-05-14 04:00:00+00:00
1778734800000,79451.62,79998.0,79359.49,79809.16,850.16622,2026-05-14 05:00:00+00:00
1778738400000,79809.15,79953.35,79769.12,79804.71,301.13354,2026-05-14 06:00:00+00:00
1778742000000,79804.72,79937.59,79702.05,79745.98,480.32483,2026-05-14 07:00:00+00:00
1778745600000,79745.99,79936.98,79644.44,79821.56,652.77033,2026-05-14 08:00:00+00:00
1778749200000,79821.55,79905.99,79569.81,79635.52,445.75367,2026-05-14 09:00:00+00:00
1778752800000,79635.53,79756.98,79409.42,79570.01,384.95969,2026-05-14 10:00:00+00:00
1778756400000,79570.01,79600.0,79234.0,79258.27,362.97846,2026-05-14 11:00:00+00:00
1778760000000,79258.27,79775.02,79230.31,79767.11,526.41242,2026-05-14 12:00:00+00:00
1778763600000,79767.1,80059.71,79670.88,79701.73,1000.54213,2026-05-14 13:00:00+00:00
1778767200000,79701.73,81020.0,79561.52,80964.85,1882.78042,2026-05-14 14:00:00+00:00
1778770800000,80964.84,81332.23,80816.08,81301.23,2292.36231,2026-05-14 15:00:00+00:00
1778774400000,81301.22,81904.44,81080.25,81888.4,2732.81932,2026-05-14 16:00:00+00:00
1778778000000,81888.4,82048.13,81271.0,81668.48,1967.47911,2026-05-14 17:00:00+00:00
1778781600000,81668.49,81949.15,81440.38,81581.99,1012.7972,2026-05-14 18:00:00+00:00
1778785200000,81582.0,81718.73,81330.12,81419.74,566.84044,2026-05-14 19:00:00+00:00
1778788800000,81419.75,81590.19,81166.22,81412.04,471.62836,2026-05-14 20:00:00+00:00
1778792400000,81412.05,81526.08,81268.38,81396.61,292.07185,2026-05-14 21:00:00+00:00
1778796000000,81396.61,81559.71,81335.48,81456.0,322.84736,2026-05-14 22:00:00+00:00
1778799600000,81456.0,81456.0,81059.93,81089.99,534.29082,2026-05-14 23:00:00+00:00
1778803200000,81090.0,81664.45,81068.52,81518.67,578.5498,2026-05-15 00:00:00+00:00
1778806800000,81518.66,81612.73,81106.2,81131.01,538.82284,2026-05-15 01:00:00+00:00
1778810400000,81131.0,81350.0,80750.0,81299.14,829.4016,2026-05-15 02:00:00+00:00
1778814000000,81299.14,81340.81,80930.82,81059.15,506.95135,2026-05-15 03:00:00+00:00
1778817600000,81059.15,81100.0,80709.09,80724.71,367.57246,2026-05-15 04:00:00+00:00
1778821200000,80724.71,80882.45,80314.0,80360.01,1029.21412,2026-05-15 05:00:00+00:00
1778824800000,80360.01,80644.5,80314.01,80580.0,815.53271,2026-05-15 06:00:00+00:00
1778828400000,80580.0,81003.37,80559.88,80814.88,878.78211,2026-05-15 07:00:00+00:00
1778832000000,80814.88,80822.95,80415.84,80638.0,538.63644,2026-05-15 08:00:00+00:00
1778835600000,80638.0,80670.51,80369.0,80489.8,471.66166,2026-05-15 09:00:00+00:00
1778839200000,80489.81,80776.33,80407.6,80716.23,444.96934,2026-05-15 10:00:00+00:00
1778842800000,80716.22,80750.56,80590.08,80628.53,250.99223,2026-05-15 11:00:00+00:00
1778846400000,80628.52,80635.44,80340.83,80385.11,535.00082,2026-05-15 12:00:00+00:00
1778850000000,80385.1,80385.11,78698.69,78758.59,3101.88518,2026-05-15 13:00:00+00:00
1778853600000,78758.59,79353.32,78659.0,79150.37,1965.21031,2026-05-15 14:00:00+00:00
1778857200000,79150.36,79369.36,79013.81,79150.27,606.4731,2026-05-15 15:00:00+00:00
1778860800000,79150.26,79382.3,79131.01,79294.31,514.78679,2026-05-15 16:00:00+00:00
1778864400000,79294.31,79504.83,79224.0,79460.0,478.80422,2026-05-15 17:00:00+00:00
1778868000000,79460.0,79561.94,79170.47,79284.0,544.01093,2026-05-15 18:00:00+00:00
1778871600000,79284.01,79290.0,79051.0,79146.5,421.75884,2026-05-15 19:00:00+00:00
1778875200000,79146.5,79217.07,79000.0,79123.12,224.44355,2026-05-15 20:00:00+00:00
1778878800000,79123.13,79200.0,78911.42,78973.5,682.32127,2026-05-15 21:00:00+00:00
1778882400000,78973.5,79145.44,78973.49,79107.38,347.86808,2026-05-15 22:00:00+00:00
1778886000000,79107.38,79161.86,79077.96,79113.21,677.62104,2026-05-15 23:00:00+00:00
1778889600000,79113.2,79227.77,79075.09,79111.92,314.0124,2026-05-16 00:00:00+00:00
1778893200000,79111.92,79186.05,79010.0,79168.0,357.20294,2026-05-16 01:00:00+00:00
1778896800000,79168.0,79211.77,79080.1,79155.54,208.30505,2026-05-16 02:00:00+00:00
1778900400000,79155.55,79187.71,79059.77,79083.18,368.66241,2026-05-16 03:00:00+00:00
1778904000000,79083.19,79129.71,78860.0,79035.26,321.76822,2026-05-16 04:00:00+00:00
1778907600000,79035.25,79039.49,78933.63,79027.37,183.05543,2026-05-16 05:00:00+00:00
1778911200000,79027.36,79047.94,78459.87,78648.0,632.26156,2026-05-16 06:00:00+00:00
1778914800000,78648.0,78651.63,78066.0,78369.77,1267.74437,2026-05-16 07:00:00+00:00
1778918400000,78369.78,78530.52,78334.21,78426.56,379.04319,2026-05-16 08:00:00+00:00
1778922000000,78426.55,78440.81,77906.1,78083.48,1104.4311,2026-05-16 09:00:00+00:00
1778925600000,78083.47,78101.43,77640.0,77960.0,1759.70594,2026-05-16 10:00:00+00:00
1778929200000,77959.99,78193.88,77959.99,78081.71,602.9198,2026-05-16 11:00:00+00:00
1778932800000,78080.46,78133.38,77918.62,78007.23,791.53177,2026-05-16 12:00:00+00:00
1778936400000,78007.24,78014.6,77833.4,78014.6,830.86287,2026-05-16 13:00:00+00:00
1778940000000,78014.6,78346.0,77895.2,78130.55,729.04785,2026-05-16 14:00:00+00:00
1778943600000,78130.55,78285.0,78078.22,78238.67,332.91477,2026-05-16 15:00:00+00:00
1778947200000,78238.68,78364.65,78119.72,78205.96,328.10255,2026-05-16 16:00:00+00:00
1778950800000,78205.96,78320.41,78199.0,78201.5,350.20669,2026-05-16 17:00:00+00:00
1778954400000,78201.5,78327.75,78142.99,78229.81,310.63405,2026-05-16 18:00:00+00:00
1778958000000,78229.82,78314.69,78204.22,78259.66,271.10252,2026-05-16 19:00:00+00:00
1778961600000,78259.67,78318.94,78201.42,78261.0,194.3429,2026-05-16 20:00:00+00:00
1778965200000,78261.0,78308.33,78206.85,78265.73,237.27188,2026-05-16 21:00:00+00:00
1778968800000,78265.73,78279.28,78171.02,78186.25,128.79242,2026-05-16 22:00:00+00:00
1778972400000,78186.25,78267.46,78125.32,78148.05,128.93924,2026-05-16 23:00:00+00:00
1778976000000,78148.05,78243.19,77812.0,77945.85,311.59646,2026-05-17 00:00:00+00:00
1778979600000,77945.85,78114.0,77721.19,77725.71,516.53667,2026-05-17 01:00:00+00:00
1778983200000,77725.72,77938.0,77725.71,77895.51,256.64293,2026-05-17 02:00:00+00:00
1778986800000,77895.5,78079.3,77888.0,78028.88,200.15322,2026-05-17 03:00:00+00:00
1778990400000,78028.88,78203.93,78003.35,78158.09,375.99093,2026-05-17 04:00:00+00:00
1778994000000,78158.08,78323.96,78102.42,78121.41,258.98839,2026-05-17 05:00:00+00:00
1778997600000,78121.41,78204.01,78017.0,78104.8,136.86954,2026-05-17 06:00:00+00:00
1779001200000,78104.79,78208.69,78053.79,78180.01,180.24659,2026-05-17 07:00:00+00:00
1779004800000,78180.0,78200.91,78033.01,78089.8,117.37418,2026-05-17 08:00:00+00:00
1779008400000,78089.8,78293.97,78073.52,78249.33,196.43485,2026-05-17 09:00:00+00:00
1779012000000,78249.33,78599.99,78249.03,78465.99,564.92985,2026-05-17 10:00:00+00:00
1779015600000,78465.99,78473.82,78289.0,78415.99,257.4445,2026-05-17 11:00:00+00:00
1779019200000,78415.99,78550.0,78333.8,78364.83,254.43689,2026-05-17 12:00:00+00:00
1779022800000,78364.83,78364.83,78173.15,78202.91,260.27625,2026-05-17 13:00:00+00:00
1779026400000,78202.91,78217.33,77850.0,78051.51,397.56893,2026-05-17 14:00:00+00:00
1779030000000,78051.51,78119.42,77920.76,78051.41,203.63392,2026-05-17 15:00:00+00:00
1779033600000,78051.42,78193.66,78025.23,78034.36,142.87987,2026-05-17 16:00:00+00:00
1779037200000,78034.37,78092.44,77856.69,78089.98,296.4389,2026-05-17 17:00:00+00:00
1779040800000,78089.99,78271.59,78014.33,78268.05,172.43416,2026-05-17 18:00:00+00:00
1779044400000,78268.04,78468.46,78209.96,78415.3,225.32283,2026-05-17 19:00:00+00:00
1779048000000,78415.29,78435.32,78248.8,78277.36,205.39109,2026-05-17 20:00:00+00:00
1779051600000,78277.36,78485.36,78243.5,78405.72,293.90051,2026-05-17 21:00:00+00:00
1779055200000,78405.72,78414.16,77830.0,77997.24,585.78673,2026-05-17 22:00:00+00:00
1779058800000,77997.24,78008.18,76735.16,77457.67,2031.42401,2026-05-17 23:00:00+00:00
1779062400000,77457.67,77477.99,76916.6,77209.95,1062.83033,2026-05-18 00:00:00+00:00
1779066000000,77209.95,77291.54,76744.95,77109.22,771.47833,2026-05-18 01:00:00+00:00
1779069600000,77109.21,77222.03,76707.61,76835.41,544.67309,2026-05-18 02:00:00+00:00
1779073200000,76835.41,77030.42,76817.14,76924.65,509.0298,2026-05-18 03:00:00+00:00
1779076800000,76924.66,77069.77,76772.01,77038.49,354.48166,2026-05-18 04:00:00+00:00
1779080400000,77038.49,77080.93,76884.33,76931.4,586.83852,2026-05-18 05:00:00+00:00
1779084000000,76931.4,76967.8,76583.33,76912.52,621.71728,2026-05-18 06:00:00+00:00
1779087600000,76912.53,77089.29,76771.53,77073.69,1139.6298,2026-05-18 07:00:00+00:00
1779091200000,77073.69,77181.88,76890.34,77040.42,562.21651,2026-05-18 08:00:00+00:00
1779094800000,77040.43,77048.14,76877.17,76933.16,365.74952,2026-05-18 09:00:00+00:00
1779098400000,76933.17,76957.35,76716.99,76764.74,432.20236,2026-05-18 10:00:00+00:00
1779102000000,76764.75,77403.48,76668.58,77285.83,692.38548,2026-05-18 11:00:00+00:00
1779105600000,77285.83,77800.0,77275.96,77639.98,980.76582,2026-05-18 12:00:00+00:00
1779109200000,77639.99,77639.99,76695.31,76937.7,1116.5633,2026-05-18 13:00:00+00:00
1779112800000,76937.7,76954.25,76230.02,76393.65,2158.59337,2026-05-18 14:00:00+00:00
1779116400000,76393.66,76485.29,76051.0,76409.46,1960.17489,2026-05-18 15:00:00+00:00
1779120000000,76409.46,76665.68,76218.0,76410.01,1252.9383,2026-05-18 16:00:00+00:00
1779123600000,76410.0,76757.21,76366.13,76706.39,450.87486,2026-05-18 17:00:00+00:00
1779127200000,76706.38,76706.38,76144.24,76252.5,779.57136,2026-05-18 18:00:00+00:00
1779130800000,76252.01,76995.0,76235.0,76928.0,812.47229,2026-05-18 19:00:00+00:00
1779134400000,76928.0,77182.14,76874.73,76909.92,463.85785,2026-05-18 20:00:00+00:00
1779138000000,76909.92,77174.23,76800.0,77103.05,491.7356,2026-05-18 21:00:00+00:00
1779141600000,77103.04,77222.79,76937.19,77078.22,359.68174,2026-05-18 22:00:00+00:00
1779145200000,77078.22,77160.79,76948.8,77001.87,275.05472,2026-05-18 23:00:00+00:00
1779148800000,77001.88,77414.62,76955.99,77140.87,556.43712,2026-05-19 00:00:00+00:00
1779152400000,77140.86,77156.2,76667.0,76667.01,769.46148,2026-05-19 01:00:00+00:00
1779156000000,76667.01,76997.33,76487.83,76617.47,469.02583,2026-05-19 02:00:00+00:00
1779159600000,76617.46,76867.23,76586.11,76787.11,211.83571,2026-05-19 03:00:00+00:00
1779163200000,76787.1,76943.75,76700.0,76927.25,239.72033,2026-05-19 04:00:00+00:00
1779166800000,76927.25,77000.0,76644.98,76911.24,392.43215,2026-05-19 05:00:00+00:00
1779170400000,76911.25,77108.68,76886.13,77029.4,386.11356,2026-05-19 06:00:00+00:00
1779174000000,77029.41,77278.57,76974.72,77233.69,490.1935,2026-05-19 07:00:00+00:00
1779177600000,77233.68,77317.02,76972.96,77048.71,465.92336,2026-05-19 08:00:00+00:00
1779181200000,77048.72,77074.05,76709.29,76818.8,385.08727,2026-05-19 09:00:00+00:00
1779184800000,76818.8,77103.97,76704.0,77041.87,464.38738,2026-05-19 10:00:00+00:00
1779188400000,77041.87,77076.53,76633.83,76714.62,430.29111,2026-05-19 11:00:00+00:00
1779192000000,76714.61,76982.89,76650.06,76940.21,257.11004,2026-05-19 12:00:00+00:00
1779195600000,76940.2,77048.72,76596.0,76872.75,906.63403,2026-05-19 13:00:00+00:00
1779199200000,76872.74,77023.75,76144.71,76392.43,1426.24149,2026-05-19 14:00:00+00:00
1779202800000,76392.43,76675.76,76337.97,76521.23,773.78391,2026-05-19 15:00:00+00:00
1779206400000,76521.24,76911.0,76407.72,76894.59,568.91388,2026-05-19 16:00:00+00:00
1779210000000,76894.59,77015.41,76759.39,76856.76,442.15826,2026-05-19 17:00:00+00:00
1779213600000,76856.76,76947.2,76744.8,76803.28,282.19478,2026-05-19 18:00:00+00:00
1779217200000,76803.28,77065.8,76765.14,76818.74,341.73224,2026-05-19 19:00:00+00:00
1779220800000,76818.73,77040.24,76818.73,77022.23,147.68289,2026-05-19 20:00:00+00:00
1779224400000,77022.22,77040.83,76973.76,76982.34,185.29058,2026-05-19 21:00:00+00:00
1779228000000,76982.34,76982.34,76642.95,76712.21,233.07768,2026-05-19 22:00:00+00:00
1779231600000,76712.22,76980.07,76670.52,76834.36,199.1312,2026-05-19 23:00:00+00:00
1779235200000,76834.36,76896.5,76516.74,76788.83,236.25061,2026-05-20 00:00:00+00:00
1779238800000,76788.83,76922.46,76536.59,76820.98,358.53384,2026-05-20 01:00:00+00:00
1779242400000,76820.98,76909.62,76600.0,76690.42,293.25018,2026-05-20 02:00:00+00:00
1779246000000,76690.42,76829.61,76604.99,76723.54,673.76637,2026-05-20 03:00:00+00:00
1779249600000,76723.55,76836.82,76692.0,76780.37,365.31048,2026-05-20 04:00:00+00:00
1779253200000,76780.37,77320.0,76780.37,77196.99,973.23466,2026-05-20 05:00:00+00:00
1779256800000,77196.99,77422.0,77179.93,77414.11,528.12463,2026-05-20 06:00:00+00:00
1779260400000,77414.1,77472.21,77241.13,77282.64,351.42212,2026-05-20 07:00:00+00:00
1779264000000,77282.65,77635.52,77210.33,77458.04,548.89961,2026-05-20 08:00:00+00:00
1779267600000,77458.05,77543.59,77365.94,77485.13,360.90275,2026-05-20 09:00:00+00:00
1779271200000,77485.14,77663.0,77485.14,77517.45,409.79863,2026-05-20 10:00:00+00:00
1779274800000,77517.46,77569.1,77328.2,77382.49,362.81092,2026-05-20 11:00:00+00:00
1779278400000,77382.5,77748.05,77365.52,77617.26,377.41047,2026-05-20 12:00:00+00:00
1779282000000,77617.26,77650.62,76968.05,77204.61,682.21238,2026-05-20 13:00:00+00:00
1779285600000,77204.61,77574.29,76891.61,77446.08,1202.39421,2026-05-20 14:00:00+00:00
1779289200000,77446.01,77853.04,77300.0,77455.46,777.75101,2026-05-20 15:00:00+00:00
1779292800000,77455.45,77557.0,77018.38,77338.6,407.4641,2026-05-20 16:00:00+00:00
1779296400000,77338.6,77713.66,77230.86,77568.95,501.34929,2026-05-20 17:00:00+00:00
1779300000000,77568.95,77634.52,77398.63,77415.09,414.50917,2026-05-20 18:00:00+00:00
1779303600000,77415.09,77709.68,77350.71,77667.49,388.96569,2026-05-20 19:00:00+00:00
1779307200000,77667.49,77760.0,77476.19,77720.01,357.7103,2026-05-20 20:00:00+00:00
1779310800000,77720.01,77766.6,77500.0,77500.01,158.00627,2026-05-20 21:00:00+00:00
1779314400000,77500.01,77504.69,77226.61,77504.69,367.95652,2026-05-20 22:00:00+00:00
1779318000000,77504.69,77559.34,77386.93,77552.23,198.22886,2026-05-20 23:00:00+00:00
1779321600000,77552.24,78071.42,77525.0,77967.09,547.83434,2026-05-21 00:00:00+00:00
1779325200000,77967.09,78173.15,77800.0,77863.85,453.71737,2026-05-21 01:00:00+00:00
1779328800000,77863.85,78100.0,77820.1,77955.78,820.7986,2026-05-21 02:00:00+00:00
1779332400000,77955.78,78098.85,77908.0,78078.72,441.60659,2026-05-21 03:00:00+00:00
1779336000000,78078.72,78180.01,77965.36,78035.8,365.79347,2026-05-21 04:00:00+00:00
1779339600000,78035.8,78147.07,77714.94,77828.0,390.37362,2026-05-21 05:00:00+00:00
1779343200000,77828.0,77873.15,77533.45,77622.14,317.41875,2026-05-21 06:00:00+00:00
1779346800000,77622.14,77901.06,77521.0,77889.01,380.5065,2026-05-21 07:00:00+00:00
1779350400000,77889.01,78200.0,77885.53,77924.63,493.4737,2026-05-21 08:00:00+00:00
1779354000000,77924.63,77977.53,77633.02,77633.02,277.92731,2026-05-21 09:00:00+00:00
1779357600000,77633.03,77678.01,77190.09,77198.08,783.43483,2026-05-21 10:00:00+00:00
1779361200000,77198.09,77372.0,77147.15,77189.1,380.03818,2026-05-21 11:00:00+00:00
1779364800000,77189.1,77363.32,77080.72,77278.53,382.67307,2026-05-21 12:00:00+00:00
1779368400000,77278.52,77358.05,76719.47,77122.68,862.17497,2026-05-21 13:00:00+00:00
1779372000000,77122.67,77240.82,76788.8,76984.61,697.95187,2026-05-21 14:00:00+00:00
1779375600000,76984.61,77402.12,76900.0,77259.46,411.10449,2026-05-21 15:00:00+00:00
1779379200000,77259.45,77344.01,77008.75,77207.93,404.33559,2026-05-21 16:00:00+00:00
1779382800000,77207.92,78098.16,77181.83,77869.38,1291.96294,2026-05-21 17:00:00+00:00
1779386400000,77869.38,77922.01,77230.0,77387.74,559.91554,2026-05-21 18:00:00+00:00
1779390000000,77387.74,77802.51,77365.97,77690.56,437.10444,2026-05-21 19:00:00+00:00
1779393600000,77690.56,77804.75,77647.75,77705.81,144.76199,2026-05-21 20:00:00+00:00
1779397200000,77705.8,77813.35,77645.4,77672.29,182.97007,2026-05-21 21:00:00+00:00
1779400800000,77672.3,77750.61,77555.33,77628.0,130.38276,2026-05-21 22:00:00+00:00
1779404400000,77628.01,77745.39,77534.43,77615.52,159.99742,2026-05-21 23:00:00+00:00
1779408000000,77615.52,77628.38,77369.49,77373.57,228.62269,2026-05-22 00:00:00+00:00
1779411600000,77373.57,77673.5,77327.28,77616.0,252.86608,2026-05-22 01:00:00+00:00
1779415200000,77616.0,77728.01,77593.16,77673.36,244.81122,2026-05-22 02:00:00+00:00
1779418800000,77673.37,77817.8,77673.36,77779.98,158.00162,2026-05-22 03:00:00+00:00
1779422400000,77779.98,77900.0,77637.99,77655.42,475.76681,2026-05-22 04:00:00+00:00
1779426000000,77655.43,77726.0,77454.56,77489.0,344.3172,2026-05-22 05:00:00+00:00
1779429600000,77489.0,77525.85,77370.4,77423.41,542.83384,2026-05-22 06:00:00+00:00
1779433200000,77423.41,77543.38,77288.77,77408.06,393.92568,2026-05-22 07:00:00+00:00
1779436800000,77408.07,77535.0,77216.0,77267.38,509.65577,2026-05-22 08:00:00+00:00
1779440400000,77267.39,77360.0,77200.0,77307.11,276.32946,2026-05-22 09:00:00+00:00
1779444000000,77307.12,77363.01,77261.73,77312.0,275.0182,2026-05-22 10:00:00+00:00
1779447600000,77311.99,77430.55,77184.45,77428.84,375.5311,2026-05-22 11:00:00+00:00
1779451200000,77428.83,77584.94,77395.45,77533.9,317.41573,2026-05-22 12:00:00+00:00
1779454800000,77533.91,77547.56,77130.99,77290.01,419.18989,2026-05-22 13:00:00+00:00
1779458400000,77290.0,77290.0,76751.0,76774.23,1004.6619,2026-05-22 14:00:00+00:00
1779462000000,76774.23,77030.64,76570.0,76790.59,872.56913,2026-05-22 15:00:00+00:00
1779465600000,76790.6,77006.69,76767.0,76950.68,481.05047,2026-05-22 16:00:00+00:00
1779469200000,76950.67,77093.72,76750.0,76750.0,322.37426,2026-05-22 17:00:00+00:00
1779472800000,76750.01,76898.0,76101.0,76537.47,809.74159,2026-05-22 18:00:00+00:00
1779476400000,76537.47,76590.68,75668.76,75860.44,1201.88912,2026-05-22 19:00:00+00:00
1779480000000,75860.44,76080.95,75826.0,75984.47,415.32736,2026-05-22 20:00:00+00:00
1779483600000,75984.47,76087.85,75926.2,75978.83,349.85112,2026-05-22 21:00:00+00:00
1779487200000,75978.83,75978.84,75558.28,75737.52,473.52886,2026-05-22 22:00:00+00:00
1779490800000,75737.53,75881.18,75359.18,75539.5,527.08224,2026-05-22 23:00:00+00:00
1779494400000,75539.5,75635.59,75220.0,75352.64,828.38332,2026-05-23 00:00:00+00:00
1779498000000,75352.64,75500.0,75350.0,75489.84,466.00374,2026-05-23 01:00:00+00:00
1779501600000,75489.83,75581.27,75417.56,75572.07,334.42834,2026-05-23 02:00:00+00:00
1779505200000,75572.07,75664.62,75563.33,75635.22,267.29386,2026-05-23 03:00:00+00:00
1779508800000,75635.22,75650.63,75507.01,75539.77,198.6031,2026-05-23 04:00:00+00:00
1779512400000,75539.77,75562.4,75469.89,75482.68,267.20559,2026-05-23 05:00:00+00:00
1779516000000,75482.68,75501.09,75394.54,75398.33,189.47214,2026-05-23 06:00:00+00:00
1779519600000,75398.33,75443.44,74289.6,74609.36,2035.70931,2026-05-23 07:00:00+00:00
1779523200000,74609.37,74746.67,74303.56,74684.3,963.9472,2026-05-23 08:00:00+00:00
1779526800000,74684.29,74752.45,74624.5,74656.91,431.5071,2026-05-23 09:00:00+00:00
1779530400000,74656.91,74797.01,74656.91,74705.0,625.72233,2026-05-23 10:00:00+00:00
1779534000000,74705.0,74873.55,74704.99,74789.99,487.9196,2026-05-23 11:00:00+00:00
1779537600000,74789.99,74798.41,74660.05,74753.93,570.81814,2026-05-23 12:00:00+00:00
1779541200000,74753.94,75262.86,74753.93,75213.9,815.89889,2026-05-23 13:00:00+00:00
1779544800000,75213.9,75726.3,75108.15,75537.72,922.06012,2026-05-23 14:00:00+00:00
1779548400000,75537.73,75676.0,75405.4,75520.0,634.72295,2026-05-23 15:00:00+00:00
1779552000000,75519.99,75638.62,75415.17,75444.7,411.95204,2026-05-23 16:00:00+00:00
1779555600000,75444.71,75522.0,75371.72,75488.18,566.20129,2026-05-23 17:00:00+00:00
1779559200000,75488.17,75986.24,75472.04,75845.82,429.21806,2026-05-23 18:00:00+00:00
1779562800000,75845.82,76012.22,75780.9,75983.45,364.9012,2026-05-23 19:00:00+00:00
1779566400000,75983.45,77300.0,75953.94,77287.58,1242.58285,2026-05-23 20:00:00+00:00
1779570000000,77286.08,77404.18,76538.04,76804.99,1147.59506,2026-05-23 21:00:00+00:00
1779573600000,76805.0,76885.0,76396.06,76584.45,464.30329,2026-05-23 22:00:00+00:00
1779577200000,76584.45,76822.0,76538.36,76752.01,420.43862,2026-05-23 23:00:00+00:00
1779580800000,76752.0,76930.65,76629.02,76835.16,392.54327,2026-05-24 00:00:00+00:00
1779584400000,76835.16,76921.45,76754.53,76890.04,225.24128,2026-05-24 01:00:00+00:00
1779588000000,76890.04,76968.04,76704.32,76830.0,185.87406,2026-05-24 02:00:00+00:00
1779591600000,76830.01,77011.62,76738.5,76750.0,248.04543,2026-05-24 03:00:00+00:00
1779595200000,76750.01,76858.26,76730.0,76786.5,163.64327,2026-05-24 04:00:00+00:00
1779598800000,76786.5,76861.78,76651.59,76822.23,202.16815,2026-05-24 05:00:00+00:00
1779602400000,76822.23,77065.94,76716.02,76987.58,257.8917,2026-05-24 06:00:00+00:00
1779606000000,76987.58,77014.24,76786.2,76799.99,193.96514,2026-05-24 07:00:00+00:00
1779609600000,76799.99,76861.77,76734.42,76830.69,226.94949,2026-05-24 08:00:00+00:00
1779613200000,76830.69,77046.67,76821.86,77020.53,369.92973,2026-05-24 09:00:00+00:00
1779616800000,77020.54,77543.15,76927.04,77190.74,863.69953,2026-05-24 10:00:00+00:00
1779620400000,77190.73,77356.62,77190.73,77320.06,285.66801,2026-05-24 11:00:00+00:00
1779624000000,77320.06,77325.72,77044.73,77118.73,271.94108,2026-05-24 12:00:00+00:00
1779627600000,77118.72,77127.54,76688.89,76802.23,474.39799,2026-05-24 13:00:00+00:00
1779631200000,76802.23,76840.01,76195.36,76465.16,837.87651,2026-05-24 14:00:00+00:00
1779634800000,76465.15,76539.38,76362.78,76371.59,398.04105,2026-05-24 15:00:00+00:00
1779638400000,76371.59,76734.3,76371.59,76671.7,359.46109,2026-05-24 16:00:00+00:00
1779642000000,76671.69,76799.99,76566.15,76693.34,249.31214,2026-05-24 17:00:00+00:00
1779645600000,76693.34,76788.01,76596.0,76665.73,148.14196,2026-05-24 18:00:00+00:00
1779649200000,76665.72,76783.51,76611.17,76773.34,125.12918,2026-05-24 19:00:00+00:00
1779652800000,76773.33,76796.18,76596.37,76668.4,560.38206,2026-05-24 20:00:00+00:00
1779656400000,76668.41,76748.12,76108.0,76151.14,497.80071,2026-05-24 21:00:00+00:00
1779660000000,76151.14,77012.01,76132.0,76803.99,543.11534,2026-05-24 22:00:00+00:00
1779663600000,76803.99,77225.97,76803.99,77064.96,316.78339,2026-05-24 23:00:00+00:00
1779667200000,77064.96,77288.0,77064.95,77153.01,281.30951,2026-05-25 00:00:00+00:00
1779670800000,77153.01,77245.67,76914.25,76945.27,574.42489,2026-05-25 01:00:00+00:00
1779674400000,76945.28,77485.0,76945.28,77108.77,313.96478,2026-05-25 02:00:00+00:00
1779678000000,77108.77,77169.88,77002.3,77026.67,198.70522,2026-05-25 03:00:00+00:00
1779681600000,77026.68,77450.0,76990.78,77391.07,251.77406,2026-05-25 04:00:00+00:00
1779685200000,77391.07,77498.0,77324.0,77407.0,306.77798,2026-05-25 05:00:00+00:00
1779688800000,77406.99,77650.0,77222.22,77419.87,413.85927,2026-05-25 06:00:00+00:00
1779692400000,77419.87,77520.0,77184.62,77401.12,376.11814,2026-05-25 07:00:00+00:00
1779696000000,77401.11,77469.64,77280.32,77456.94,352.6298,2026-05-25 08:00:00+00:00
1779699600000,77456.94,77699.97,77425.17,77604.56,369.10396,2026-05-25 09:00:00+00:00
1779703200000,77604.56,77681.37,77490.37,77545.65,283.53522,2026-05-25 10:00:00+00:00
1779706800000,77545.65,77545.65,77333.33,77357.5,209.17805,2026-05-25 11:00:00+00:00
1779710400000,77357.5,77440.46,77286.5,77367.98,261.28583,2026-05-25 12:00:00+00:00
1779714000000,77367.98,77450.0,77286.5,77341.05,199.52985,2026-05-25 13:00:00+00:00
1779717600000,77341.05,77773.69,77304.84,77714.0,603.07815,2026-05-25 14:00:00+00:00
1779721200000,77713.99,77905.52,77557.0,77628.82,499.50313,2026-05-25 15:00:00+00:00
1779724800000,77628.82,77807.29,77508.88,77735.69,342.64397,2026-05-25 16:00:00+00:00
1779728400000,77735.69,77804.48,77550.39,77564.01,278.21782,2026-05-25 17:00:00+00:00
1779732000000,77564.0,77658.01,77543.38,77543.39,204.7646,2026-05-25 18:00:00+00:00
1779735600000,77543.39,77543.39,77343.61,77441.86,295.53937,2026-05-25 19:00:00+00:00
1779739200000,77441.85,77500.0,77220.0,77273.06,314.11527,2026-05-25 20:00:00+00:00
1779742800000,77273.06,77396.08,77273.05,77367.03,183.92616,2026-05-25 21:00:00+00:00
1779746400000,77367.03,77449.94,77019.82,77116.21,395.72227,2026-05-25 22:00:00+00:00
1779750000000,77116.21,77367.44,77072.36,77322.01,162.61467,2026-05-25 23:00:00+00:00
1779753600000,77322.01,77345.0,76575.49,76792.71,686.17714,2026-05-26 00:00:00+00:00
1779757200000,76792.24,76888.01,76590.9,76756.98,342.05131,2026-05-26 01:00:00+00:00
1779760800000,76756.98,76810.0,76512.98,76660.0,721.43857,2026-05-26 02:00:00+00:00
1779764400000,76660.0,76705.71,76475.59,76664.01,396.14567,2026-05-26 03:00:00+00:00
1779768000000,76664.0,76817.28,76606.79,76749.5,392.59093,2026-05-26 04:00:00+00:00
1779771600000,76749.51,76989.23,76704.8,76930.01,556.0432,2026-05-26 05:00:00+00:00
1779775200000,76930.0,77059.74,76775.0,76908.01,658.30833,2026-05-26 06:00:00+00:00
1779778800000,76908.0,76924.55,76603.73,76730.84,436.26184,2026-05-26 07:00:00+00:00
1779782400000,76730.84,76852.01,76693.21,76726.37,246.06951,2026-05-26 08:00:00+00:00
1779786000000,76726.37,76804.0,76649.79,76672.19,350.5237,2026-05-26 09:00:00+00:00
1779789600000,76672.2,77621.75,76586.94,77430.0,897.13516,2026-05-26 10:00:00+00:00
1779793200000,77430.0,77516.93,77174.94,77183.55,403.26795,2026-05-26 11:00:00+00:00
1779796800000,77183.56,77232.52,76877.94,77132.5,402.68245,2026-05-26 12:00:00+00:00
1779800400000,77132.51,77464.01,76691.88,77231.56,659.9668,2026-05-26 13:00:00+00:00
1779804000000,77231.56,78080.0,76724.63,76908.01,2020.17697,2026-05-26 14:00:00+00:00
1779807600000,76908.01,77012.0,76272.63,76518.1,1751.25838,2026-05-26 15:00:00+00:00
1779811200000,76518.1,76710.01,76209.58,76558.0,2070.02098,2026-05-26 16:00:00+00:00
1779814800000,76558.0,76649.91,75850.0,75935.08,1190.65802,2026-05-26 17:00:00+00:00
1779818400000,75935.09,76273.66,75779.3,75840.55,846.30902,2026-05-26 18:00:00+00:00
1779822000000,75840.55,76104.49,75805.23,76052.0,581.71052,2026-05-26 19:00:00+00:00
1779825600000,76052.0,76180.0,75982.64,76106.86,324.41575,2026-05-26 20:00:00+00:00
1779829200000,76106.86,76117.31,75850.0,75890.0,275.58323,2026-05-26 21:00:00+00:00
1779832800000,75890.0,75998.94,75677.97,75749.02,428.12169,2026-05-26 22:00:00+00:00
1779836400000,75749.02,75986.45,75749.02,75930.01,316.55917,2026-05-26 23:00:00+00:00
1779840000000,75930.01,76089.7,75872.71,76085.01,780.41682,2026-05-27 00:00:00+00:00
1779843600000,76085.0,76104.02,75824.0,75877.44,573.72878,2026-05-27 01:00:00+00:00
1779847200000,75877.44,75890.59,75682.99,75879.0,437.25803,2026-05-27 02:00:00+00:00
1779850800000,75879.01,75966.91,75607.62,75683.0,612.84746,2026-05-27 03:00:00+00:00
1779854400000,75683.0,75706.77,75310.9,75579.01,817.05359,2026-05-27 04:00:00+00:00
1779858000000,75579.01,75739.36,75579.0,75697.99,490.56114,2026-05-27 05:00:00+00:00
1779861600000,75697.99,75900.0,75690.01,75838.65,482.86494,2026-05-27 06:00:00+00:00
1779865200000,75838.65,75980.0,75764.0,75977.17,433.92885,2026-05-27 07:00:00+00:00
1779868800000,75977.16,76071.41,75843.02,75873.24,308.77238,2026-05-27 08:00:00+00:00
1779872400000,75873.25,75978.01,75710.76,75912.6,294.26595,2026-05-27 09:00:00+00:00
1779876000000,75912.61,76043.94,75880.0,75909.82,372.61961,2026-05-27 10:00:00+00:00
1779879600000,75909.82,76029.24,75754.1,75769.18,316.01081,2026-05-27 11:00:00+00:00
1779883200000,75769.18,76174.15,75575.75,75688.0,621.24106,2026-05-27 12:00:00+00:00
1779886800000,75688.01,75760.0,74866.18,75073.4,2200.23684,2026-05-27 13:00:00+00:00
1779890400000,75073.4,75274.11,74758.33,75031.92,1567.20208,2026-05-27 14:00:00+00:00
1779894000000,75031.92,75502.29,74983.77,75326.01,797.5234,2026-05-27 15:00:00+00:00
1779897600000,75326.02,75408.01,75000.0,75304.01,632.49097,2026-05-27 16:00:00+00:00
1779901200000,75304.01,75344.01,74685.58,74860.42,1103.99219,2026-05-27 17:00:00+00:00
1779904800000,74860.42,75032.01,74663.45,75026.67,549.25309,2026-05-27 18:00:00+00:00
1779908400000,75026.67,75105.17,74952.36,75066.08,879.80197,2026-05-27 19:00:00+00:00
1779912000000,75066.09,75415.81,75056.25,75274.58,389.41476,2026-05-27 20:00:00+00:00
1779915600000,75274.58,75274.58,74341.76,74473.01,653.21971,2026-05-27 21:00:00+00:00
1779919200000,74473.01,74775.5,74260.91,74418.13,624.64107,2026-05-27 22:00:00+00:00
1779922800000,74418.12,74572.0,74243.99,74449.3,938.42933,2026-05-27 23:00:00+00:00
1779926400000,74449.31,74580.0,74366.89,74570.66,476.29695,2026-05-28 00:00:00+00:00
1779930000000,74570.67,74590.77,74156.0,74344.08,653.98384,2026-05-28 01:00:00+00:00
1779933600000,74344.07,74400.0,74127.57,74287.42,717.91596,2026-05-28 02:00:00+00:00
1779937200000,74287.43,74380.39,73060.59,73258.01,3879.74728,2026-05-28 03:00:00+00:00
1779940800000,73258.0,73260.01,72728.85,73181.95,1588.42564,2026-05-28 04:00:00+00:00
1779944400000,73181.95,73181.95,72908.67,72990.87,850.50171,2026-05-28 05:00:00+00:00
1779948000000,72990.87,73213.11,72761.11,73202.7,1248.76931,2026-05-28 06:00:00+00:00
1779951600000,73202.71,73512.14,73158.0,73498.0,1111.91354,2026-05-28 07:00:00+00:00
1779955200000,73498.0,73500.0,73193.13,73325.88,567.79073,2026-05-28 08:00:00+00:00
1779958800000,73325.88,73560.0,73261.6,73541.24,547.18862,2026-05-28 09:00:00+00:00
1779962400000,73541.25,73616.0,73349.91,73400.01,495.53335,2026-05-28 10:00:00+00:00
1779966000000,73400.01,73532.01,73319.36,73505.66,383.87102,2026-05-28 11:00:00+00:00
1779969600000,73505.65,73580.75,73245.56,73518.01,454.53291,2026-05-28 12:00:00+00:00
1779973200000,73518.01,73574.6,72771.64,73022.02,1277.58759,2026-05-28 13:00:00+00:00
1779976800000,73022.01,73573.21,72582.82,73033.06,2189.6201,2026-05-28 14:00:00+00:00
1779980400000,73033.06,73180.01,72700.0,72928.73,710.64433,2026-05-28 15:00:00+00:00
1779984000000,72928.73,73440.67,72741.4,73440.67,821.59668,2026-05-28 16:00:00+00:00
1779987600000,73440.66,73734.72,73316.31,73554.82,737.45631,2026-05-28 17:00:00+00:00
1779991200000,73554.81,73749.69,73514.57,73652.88,517.48323,2026-05-28 18:00:00+00:00
1779994800000,73652.87,73652.88,73381.81,73419.32,447.75042,2026-05-28 19:00:00+00:00
1779998400000,73419.31,73721.45,73241.48,73579.99,441.85746,2026-05-28 20:00:00+00:00
1780002000000,73580.0,73926.22,73560.45,73817.31,386.07817,2026-05-28 21:00:00+00:00
1780005600000,73817.31,73949.22,73448.55,73464.8,445.66881,2026-05-28 22:00:00+00:00
1780009200000,73464.8,73714.9,73464.79,73617.51,321.8063,2026-05-28 23:00:00+00:00
1780012800000,73617.52,73854.77,73617.51,73716.37,592.13944,2026-05-29 00:00:00+00:00
1780016400000,73716.37,73868.33,73463.52,73586.83,543.44041,2026-05-29 01:00:00+00:00
1780020000000,73586.83,73646.68,73189.11,73225.06,716.13416,2026-05-29 02:00:00+00:00
1780023600000,73225.07,73456.63,73225.07,73301.52,271.59006,2026-05-29 03:00:00+00:00
1780027200000,73301.53,73508.97,73210.21,73507.69,462.74907,2026-05-29 04:00:00+00:00
1780030800000,73507.68,73719.39,73500.0,73706.0,814.3098,2026-05-29 05:00:00+00:00
1780034400000,73706.0,73939.19,73641.05,73786.32,283.07172,2026-05-29 06:00:00+00:00
1780038000000,73786.32,73830.01,73373.37,73528.56,1081.6764,2026-05-29 07:00:00+00:00
1780041600000,73528.55,73835.58,73524.0,73653.4,690.03943,2026-05-29 08:00:00+00:00
1780045200000,73653.4,73902.85,73649.58,73744.96,506.90617,2026-05-29 09:00:00+00:00
1780048800000,73744.96,73749.53,73588.13,73634.64,583.75086,2026-05-29 10:00:00+00:00
1780052400000,73634.64,73700.41,73341.85,73487.98,417.09649,2026-05-29 11:00:00+00:00
1780056000000,73487.98,73487.98,73202.0,73295.73,419.42757,2026-05-29 12:00:00+00:00
1780059600000,73295.73,73346.04,72900.46,73135.7,883.40251,2026-05-29 13:00:00+00:00
1780063200000,73135.7,73198.17,72512.49,73096.85,1512.76179,2026-05-29 14:00:00+00:00
1780066800000,73096.84,74200.0,73008.98,73808.26,1809.3402,2026-05-29 15:00:00+00:00
1780070400000,73808.25,74124.73,73565.73,74056.5,1160.72957,2026-05-29 16:00:00+00:00
1780074000000,74056.49,74514.1,73925.33,73980.94,2917.46541,2026-05-29 17:00:00+00:00
1780077600000,73980.94,74065.29,73187.25,73374.52,1065.50146,2026-05-29 18:00:00+00:00
1780081200000,73374.51,73727.95,73239.36,73520.28,453.16949,2026-05-29 19:00:00+00:00
1780084800000,73520.29,73760.0,73514.0,73673.61,155.12213,2026-05-29 20:00:00+00:00
1780088400000,73673.62,73844.0,73408.8,73409.27,412.83689,2026-05-29 21:00:00+00:00
1780092000000,73409.27,73571.81,73379.79,73483.52,662.8477,2026-05-29 22:00:00+00:00
1780095600000,73483.51,73510.0,73320.0,73460.78,271.23268,2026-05-29 23:00:00+00:00
1780099200000,73460.78,73579.82,73408.62,73498.8,545.20652,2026-05-30 00:00:00+00:00
1780102800000,73498.8,73663.08,73472.8,73657.9,386.87772,2026-05-30 01:00:00+00:00
1780106400000,73657.9,73786.7,73613.85,73786.69,268.52358,2026-05-30 02:00:00+00:00
1780110000000,73786.7,73796.43,73524.01,73524.01,339.03494,2026-05-30 03:00:00+00:00
1780113600000,73524.01,73575.0,73216.0,73402.84,466.81865,2026-05-30 04:00:00+00:00
1780117200000,73402.85,73635.0,73346.85,73604.99,464.14797,2026-05-30 05:00:00+00:00
1780120800000,73604.99,73709.91,73530.0,73584.99,331.33867,2026-05-30 06:00:00+00:00
1780124400000,73584.99,73588.2,73486.0,73548.6,225.56478,2026-05-30 07:00:00+00:00
1780128000000,73548.6,73567.59,73500.02,73530.07,274.14087,2026-05-30 08:00:00+00:00
1780131600000,73530.07,73615.47,73503.07,73615.46,201.26346,2026-05-30 09:00:00+00:00
1780135200000,73615.46,73680.75,73592.57,73655.85,283.9706,2026-05-30 10:00:00+00:00
1780138800000,73655.85,73655.86,73564.62,73602.02,317.1037,2026-05-30 11:00:00+00:00
1780142400000,73602.01,73717.07,73594.4,73698.18,369.235,2026-05-30 12:00:00+00:00
1780146000000,73698.17,73837.06,73676.1,73829.31,249.39427,2026-05-30 13:00:00+00:00
1780149600000,73829.31,74100.0,73820.91,73929.11,565.07041,2026-05-30 14:00:00+00:00
1780153200000,73929.11,74042.88,73836.7,73930.14,301.39896,2026-05-30 15:00:00+00:00
1780156800000,73930.13,73985.84,73880.1,73934.99,193.46997,2026-05-30 16:00:00+00:00
1780160400000,73935.0,74047.26,73811.3,74020.07,308.74992,2026-05-30 17:00:00+00:00
1780164000000,74020.06,74143.76,73945.0,74043.38,188.56655,2026-05-30 18:00:00+00:00
1780167600000,74043.39,74072.0,73971.3,74016.65,145.42131,2026-05-30 19:00:00+00:00
1780171200000,74016.64,74016.65,73926.68,73979.84,104.9948,2026-05-30 20:00:00+00:00
1780174800000,73979.85,74054.0,73929.07,73981.99,224.4707,2026-05-30 21:00:00+00:00
1780178400000,73981.99,73982.0,73796.01,73883.3,391.66756,2026-05-30 22:00:00+00:00
1780182000000,73883.3,73995.98,73781.3,73884.38,368.97818,2026-05-30 23:00:00+00:00
1780185600000,73884.38,74041.72,73858.56,74038.2,241.35407,2026-05-31 00:00:00+00:00
1780189200000,74038.2,74275.66,74028.64,74058.01,363.47802,2026-05-31 01:00:00+00:00
1780192800000,74058.01,74243.94,73890.49,74090.84,304.8567,2026-05-31 02:00:00+00:00
1780196400000,74090.84,74226.78,74074.05,74150.64,189.87382,2026-05-31 03:00:00+00:00
1780200000000,74150.64,74221.33,74109.0,74178.4,194.38913,2026-05-31 04:00:00+00:00
1780203600000,74178.41,74207.2,74055.16,74055.98,231.70947,2026-05-31 05:00:00+00:00
1780207200000,74055.99,74109.39,73985.34,74054.87,141.21825,2026-05-31 06:00:00+00:00
1780210800000,74054.86,74054.87,73836.0,73871.24,302.07421,2026-05-31 07:00:00+00:00
1780214400000,73871.25,73980.0,73850.05,73937.61,348.32905,2026-05-31 08:00:00+00:00
1780218000000,73937.62,74024.0,73813.44,73841.79,323.04158,2026-05-31 09:00:00+00:00
1780221600000,73841.79,73900.0,73699.2,73900.0,400.29833,2026-05-31 10:00:00+00:00
1780225200000,73900.0,73972.0,73899.99,73937.79,178.9239,2026-05-31 11:00:00+00:00
1780228800000,73937.63,73995.88,73874.0,73920.0,222.22652,2026-05-31 12:00:00+00:00
1780232400000,73920.0,74023.99,73807.43,73872.8,178.44734,2026-05-31 13:00:00+00:00
1780236000000,73872.8,73872.8,73483.05,73602.17,681.72491,2026-05-31 14:00:00+00:00
1780239600000,73602.18,73775.79,73588.8,73655.21,266.93299,2026-05-31 15:00:00+00:00
1780243200000,73655.2,73730.0,73400.0,73526.14,319.75425,2026-05-31 16:00:00+00:00
1780246800000,73526.15,73734.0,73466.67,73709.44,195.46974,2026-05-31 17:00:00+00:00
1780250400000,73709.43,73713.34,73585.49,73603.69,214.37074,2026-05-31 18:00:00+00:00
1780254000000,73603.68,73649.93,73456.48,73563.42,255.80848,2026-05-31 19:00:00+00:00
1780257600000,73563.41,73760.0,73563.41,73739.66,381.5641,2026-05-31 20:00:00+00:00
1780261200000,73739.67,73924.0,73626.67,73892.52,391.01047,2026-05-31 21:00:00+00:00
1780264800000,73892.52,73997.56,73686.0,73944.62,284.29172,2026-05-31 22:00:00+00:00
1780268400000,73944.62,74198.0,73500.0,73674.39,375.30928,2026-05-31 23:00:00+00:00
1780272000000,73674.39,74092.0,73654.06,73885.0,366.4897,2026-06-01 00:00:00+00:00
1780275600000,73885.01,73916.01,73278.02,73292.92,464.54265,2026-06-01 01:00:00+00:00
1780279200000,73292.92,73892.52,73222.0,73790.0,506.50025,2026-06-01 02:00:00+00:00
1780282800000,73789.99,74019.58,73735.47,73769.06,460.44243,2026-06-01 03:00:00+00:00
1780286400000,73769.06,73841.37,73348.74,73536.01,335.64727,2026-06-01 04:00:00+00:00
1780290000000,73536.01,73541.48,73328.32,73350.0,404.19791,2026-06-01 05:00:00+00:00
1780293600000,73349.99,73368.0,72950.01,73135.74,740.28999,2026-06-01 06:00:00+00:00
1780297200000,73135.75,73203.85,72704.0,72818.0,833.64063,2026-06-01 07:00:00+00:00
1780300800000,72818.0,72921.38,72610.03,72902.65,751.49608,2026-06-01 08:00:00+00:00
1780304400000,72902.64,73095.64,72600.0,72880.0,2061.2162,2026-06-01 09:00:00+00:00
1780308000000,72880.0,72900.73,72592.27,72748.88,482.4874,2026-06-01 10:00:00+00:00
1780311600000,72748.88,72768.11,72290.0,72479.99,769.61036,2026-06-01 11:00:00+00:00
1780315200000,72480.0,72610.0,71902.98,72221.73,1854.73885,2026-06-01 12:00:00+00:00
1780318800000,72221.74,72243.52,71389.88,71711.89,3036.53496,2026-06-01 13:00:00+00:00
1780322400000,71711.89,71887.6,71363.43,71567.91,2060.71568,2026-06-01 14:00:00+00:00
1780326000000,71567.91,71677.55,71066.33,71129.62,1656.46415,2026-06-01 15:00:00+00:00
1780329600000,71129.62,71599.95,70686.68,71564.01,2820.57409,2026-06-01 16:00:00+00:00
1780333200000,71564.01,71800.73,71469.64,71646.01,999.45739,2026-06-01 17:00:00+00:00
1780336800000,71646.0,71687.28,71382.0,71498.64,667.35668,2026-06-01 18:00:00+00:00
1780340400000,71498.64,71666.0,71386.0,71595.24,432.84579,2026-06-01 19:00:00+00:00
1780344000000,71595.24,71690.0,71419.64,71446.0,273.2723,2026-06-01 20:00:00+00:00
1780347600000,71445.99,71449.98,70941.95,71038.01,573.85796,2026-06-01 21:00:00+00:00
1780351200000,71038.01,71460.0,70840.9,71408.0,770.63523,2026-06-01 22:00:00+00:00
1780354800000,71407.99,71583.29,71225.29,71408.9,598.07789,2026-06-01 23:00:00+00:00
1780358400000,71408.9,71408.9,71100.0,71289.23,677.70318,2026-06-02 00:00:00+00:00
1780362000000,71289.24,71372.0,70607.57,70652.47,1034.85247,2026-06-02 01:00:00+00:00
1780365600000,70652.47,70880.63,70111.0,70846.49,1320.1444,2026-06-02 02:00:00+00:00
1780369200000,70846.48,71041.04,70806.0,70953.69,492.94753,2026-06-02 03:00:00+00:00
1780372800000,70953.7,71048.0,70713.54,70810.0,489.36754,2026-06-02 04:00:00+00:00
1780376400000,70810.0,70847.66,70267.79,70268.96,832.11781,2026-06-02 05:00:00+00:00
1780380000000,70268.97,70442.0,69958.49,70106.31,1507.14949,2026-06-02 06:00:00+00:00
1780383600000,70106.31,70275.86,69733.0,70118.42,1388.79813,2026-06-02 07:00:00+00:00
1780387200000,70118.42,70172.0,69705.3,69821.99,944.6499,2026-06-02 08:00:00+00:00
1780390800000,69822.0,69849.0,69324.65,69426.01,1499.21853,2026-06-02 09:00:00+00:00
1780394400000,69426.01,69756.0,69336.98,69652.19,904.86792,2026-06-02 10:00:00+00:00
1780398000000,69652.18,69659.47,69397.83,69461.72,417.59402,2026-06-02 11:00:00+00:00
1780401600000,69461.73,69548.13,68989.61,69010.42,1382.26152,2026-06-02 12:00:00+00:00
1780405200000,69010.41,69180.0,68757.03,68811.91,1762.82906,2026-06-02 13:00:00+00:00
1780408800000,68809.93,68836.0,67617.85,68019.3,3845.79627,2026-06-02 14:00:00+00:00
1780412400000,68019.3,68094.6,67076.0,67304.28,2543.79469,2026-06-02 15:00:00+00:00
1780416000000,67304.29,68146.3,67228.45,67413.44,1789.92962,2026-06-02 16:00:00+00:00
1780419600000,67413.44,67837.53,67378.0,67492.34,905.8915,2026-06-02 17:00:00+00:00
1780423200000,67492.34,67661.7,67124.2,67341.99,926.14597,2026-06-02 18:00:00+00:00
1780426800000,67341.99,67498.0,66432.0,67315.14,2333.17121,2026-06-02 19:00:00+00:00
1780430400000,67315.14,67689.65,66911.2,67587.77,1637.61606,2026-06-02 20:00:00+00:00
1780434000000,67587.78,67923.24,67412.0,67566.01,765.53933,2026-06-02 21:00:00+00:00
1780437600000,67566.01,67566.01,66244.02,66385.2,1856.41667,2026-06-02 22:00:00+00:00
1780441200000,66385.2,66868.62,66193.0,66760.83,1599.39304,2026-06-02 23:00:00+00:00
1780444800000,66760.84,67204.15,66654.0,66938.01,1238.50805,2026-06-03 00:00:00+00:00
1780448400000,66938.01,67050.0,66472.65,66920.0,973.29949,2026-06-03 01:00:00+00:00
1780452000000,66920.0,66920.01,66586.17,66620.01,773.38787,2026-06-03 02:00:00+00:00
1780455600000,66620.0,66653.67,65426.34,65849.9,2891.72624,2026-06-03 03:00:00+00:00
1780459200000,65849.9,66623.44,65834.0,66465.98,1263.85794,2026-06-03 04:00:00+00:00
1780462800000,66465.99,67398.28,66465.99,67330.01,1773.95829,2026-06-03 05:00:00+00:00
1780466400000,67330.0,67516.0,66962.95,66983.27,1658.04956,2026-06-03 06:00:00+00:00
1780470000000,66983.27,67334.4,66872.01,67220.03,1003.46306,2026-06-03 07:00:00+00:00
1780473600000,67220.03,67264.34,66974.0,67028.0,1273.47385,2026-06-03 08:00:00+00:00
1780477200000,67028.01,67322.0,66656.48,67075.17,1438.06157,2026-06-03 09:00:00+00:00
1780480800000,67075.18,67476.69,67068.51,67294.52,639.46259,2026-06-03 10:00:00+00:00
1780484400000,67294.51,67366.82,67056.58,67067.37,489.69833,2026-06-03 11:00:00+00:00
1780488000000,67067.37,67163.82,66782.65,67078.72,856.74966,2026-06-03 12:00:00+00:00
1780491600000,67078.72,67244.62,66635.0,66906.01,1223.17247,2026-06-03 13:00:00+00:00
1780495200000,66906.0,66990.66,66643.96,66864.95,936.44379,2026-06-03 14:00:00+00:00
1780498800000,66864.95,66898.0,66076.0,66076.01,1521.34921,2026-06-03 15:00:00+00:00
1780502400000,66076.01,66373.18,65555.0,66061.83,1633.14277,2026-06-03 16:00:00+00:00
1780506000000,66061.83,66189.8,65704.8,65964.08,810.29365,2026-06-03 17:00:00+00:00
1780509600000,65964.08,66161.24,65744.01,66036.57,600.59221,2026-06-03 18:00:00+00:00
1780513200000,66036.56,66054.0,65251.0,65462.0,1198.70968,2026-06-03 19:00:00+00:00
1780516800000,65461.99,65614.74,64766.0,65007.27,1892.05101,2026-06-03 20:00:00+00:00
1780520400000,65007.27,65860.0,64960.87,65768.88,1254.10382,2026-06-03 21:00:00+00:00
1780524000000,65768.89,65841.23,64778.15,64912.98,974.52056,2026-06-03 22:00:00+00:00
1780527600000,64912.97,64979.99,64092.49,64142.75,1820.23083,2026-06-03 23:00:00+00:00
1780531200000,64142.75,64428.0,63000.0,63344.97,3512.79677,2026-06-04 00:00:00+00:00
1780534800000,63344.98,63500.0,62100.01,62178.1,4759.0413,2026-06-04 01:00:00+00:00
1780538400000,62178.1,63622.7,61383.56,63231.99,6283.29826,2026-06-04 02:00:00+00:00
1780542000000,63232.0,64540.3,63218.48,64363.49,2402.09774,2026-06-04 03:00:00+00:00
1780545600000,64363.49,64764.32,64265.73,64399.99,1421.62502,2026-06-04 04:00:00+00:00
1780549200000,64399.99,64400.0,63648.01,63955.47,1272.84935,2026-06-04 05:00:00+00:00
1780552800000,63955.48,64481.22,63892.0,64027.99,802.33437,2026-06-04 06:00:00+00:00
1780556400000,64027.99,64062.81,63492.89,63603.15,1503.87893,2026-06-04 07:00:00+00:00
1780560000000,63603.15,63904.63,63245.9,63629.99,1570.23316,2026-06-04 08:00:00+00:00
1780563600000,63629.99,63644.0,62703.33,63266.0,2329.3282,2026-06-04 09:00:00+00:00
1780567200000,63266.01,63276.0,62301.21,62420.0,3046.35677,2026-06-04 10:00:00+00:00
1780570800000,62420.01,62833.82,62205.0,62545.99,1649.57305,2026-06-04 11:00:00+00:00
1780574400000,62546.0,63966.48,62392.0,63766.82,1740.31399,2026-06-04 12:00:00+00:00
1780578000000,63766.82,64244.0,63068.41,64230.0,2087.69891,2026-06-04 13:00:00+00:00
1780581600000,64230.0,64494.92,63785.33,63958.97,1314.7717,2026-06-04 14:00:00+00:00
1780585200000,63958.97,64404.0,63691.7,63896.17,1043.20477,2026-06-04 15:00:00+00:00
1780588800000,63896.16,63920.0,63456.0,63563.51,778.5809,2026-06-04 16:00:00+00:00
1780592400000,63563.51,63722.0,62944.91,63540.97,1048.08269,2026-06-04 17:00:00+00:00
1780596000000,63540.96,64110.28,63149.76,63819.62,1198.01807,2026-06-04 18:00:00+00:00
1780599600000,63819.62,64163.93,63544.0,63629.38,699.04403,2026-06-04 19:00:00+00:00
1780603200000,63629.38,63653.2,63182.84,63638.4,753.64631,2026-06-04 20:00:00+00:00
1780606800000,63638.4,63876.0,63106.04,63286.21,982.36997,2026-06-04 21:00:00+00:00
1780610400000,63286.21,63772.0,63194.0,63735.43,816.54763,2026-06-04 22:00:00+00:00
1780614000000,63735.42,63918.0,63376.0,63885.99,561.48382,2026-06-04 23:00:00+00:00
1780617600000,63885.99,63978.0,63396.57,63426.72,799.55012,2026-06-05 00:00:00+00:00
1780621200000,63426.73,63566.0,63052.0,63374.67,974.10885,2026-06-05 01:00:00+00:00
1780624800000,63374.67,63436.0,62588.77,62617.72,1167.70132,2026-06-05 02:00:00+00:00
1780628400000,62617.72,62888.0,62339.0,62730.0,1221.6378,2026-06-05 03:00:00+00:00
1780632000000,62730.0,63646.0,62487.24,63615.23,1133.49083,2026-06-05 04:00:00+00:00
1780635600000,63615.22,63688.0,62278.0,62329.35,1503.31179,2026-06-05 05:00:00+00:00
1780639200000,62329.36,62634.53,61126.01,61946.57,5277.47749,2026-06-05 06:00:00+00:00
1780642800000,61946.57,63116.0,61378.38,63115.99,2819.14343,2026-06-05 07:00:00+00:00
1780646400000,63115.99,63120.98,62288.88,62454.64,1381.33567,2026-06-05 08:00:00+00:00
1780650000000,62454.64,63259.9,62442.0,62860.09,970.2531,2026-06-05 09:00:00+00:00
1780653600000,62860.09,62931.81,62375.0,62536.87,753.84533,2026-06-05 10:00:00+00:00
1780657200000,62536.87,62644.48,61964.98,61964.99,1191.72996,2026-06-05 11:00:00+00:00
1780660800000,61964.99,62457.86,61620.47,61959.73,1931.26312,2026-06-05 12:00:00+00:00
1780664400000,61959.72,62326.0,60732.35,60732.36,3644.72891,2026-06-05 13:00:00+00:00
1780668000000,60732.36,61227.98,60334.97,60868.97,4753.25938,2026-06-05 14:00:00+00:00
1780671600000,60868.98,61126.0,60000.0,60438.01,4471.76201,2026-06-05 15:00:00+00:00
1780675200000,60438.0,61547.24,59786.0,61394.39,5595.70288,2026-06-05 16:00:00+00:00
1780678800000,61394.38,61508.85,60660.0,60813.99,1735.74281,2026-06-05 17:00:00+00:00
1780682400000,60814.0,60950.0,59141.0,59395.99,3853.37743,2026-06-05 18:00:00+00:00
1780686000000,59396.0,60459.41,59130.91,60300.24,2562.76919,2026-06-05 19:00:00+00:00
1780689600000,60300.24,61787.01,59940.01,61620.01,2519.32621,2026-06-05 20:00:00+00:00
1780693200000,61620.01,62000.0,61444.2,61670.38,1754.60125,2026-06-05 21:00:00+00:00
1780696800000,61670.38,61966.0,61207.82,61584.49,1799.61028,2026-06-05 22:00:00+00:00
1780700400000,61584.49,61776.0,60518.0,61056.47,1211.55891,2026-06-05 23:00:00+00:00
1780704000000,61056.47,61530.05,61045.01,61273.29,769.28059,2026-06-06 00:00:00+00:00
1780707600000,61273.29,61380.0,60954.36,61058.95,701.07746,2026-06-06 01:00:00+00:00
1780711200000,61058.95,61176.0,60678.0,60951.64,778.33004,2026-06-06 02:00:00+00:00
1780714800000,60951.63,60966.86,60520.0,60687.04,696.39105,2026-06-06 03:00:00+00:00
1780718400000,60687.05,60866.0,59500.0,60101.27,2161.93035,2026-06-06 04:00:00+00:00
1780722000000,60101.28,61062.0,59621.22,60942.38,2141.23088,2026-06-06 05:00:00+00:00
1780725600000,60942.37,61276.95,60681.0,60786.96,2095.10137,2026-06-06 06:00:00+00:00
1780729200000,60786.96,61229.17,60733.14,61004.95,664.31126,2026-06-06 07:00:00+00:00
1780732800000,61004.95,61500.0,60884.0,61264.0,724.69988,2026-06-06 08:00:00+00:00
1780736400000,61264.0,61322.0,60875.55,60981.24,580.05282,2026-06-06 09:00:00+00:00
1780740000000,60981.24,60981.24,60198.0,60593.0,1404.76206,2026-06-06 10:00:00+00:00
1780743600000,60593.0,60968.0,60552.95,60802.91,764.0429,2026-06-06 11:00:00+00:00
1780747200000,60802.9,61185.26,60641.2,61030.63,669.86406,2026-06-06 12:00:00+00:00
1780750800000,61030.63,61100.0,60701.41,60801.2,565.41708,2026-06-06 13:00:00+00:00
1780754400000,60801.2,61016.0,60768.0,60791.05,409.85585,2026-06-06 14:00:00+00:00
1780758000000,60791.06,60929.2,60396.0,60784.0,646.3582,2026-06-06 15:00:00+00:00
1780761600000,60784.01,60971.24,60466.56,60774.0,524.00441,2026-06-06 16:00:00+00:00
1780765200000,60774.0,60844.0,60501.0,60576.2,599.85374,2026-06-06 17:00:00+00:00
1780768800000,60576.19,60754.74,60393.96,60637.21,975.00187,2026-06-06 18:00:00+00:00
1780772400000,60637.2,60786.0,60536.0,60600.01,348.13504,2026-06-06 19:00:00+00:00
1780776000000,60600.0,60756.0,60522.0,60711.69,328.01265,2026-06-06 20:00:00+00:00
1780779600000,60711.69,61000.0,60707.93,60751.21,311.33205,2026-06-06 21:00:00+00:00
1780783200000,60751.22,60818.0,60429.09,60543.53,374.15284,2026-06-06 22:00:00+00:00
1780786800000,60543.52,60942.75,60543.52,60884.62,562.39032,2026-06-06 23:00:00+00:00
1780790400000,60884.62,60987.99,60746.0,60782.01,680.4546,2026-06-07 00:00:00+00:00
1780794000000,60782.0,61664.13,60758.0,61479.75,1285.5692,2026-06-07 01:00:00+00:00
1780797600000,61479.75,61568.0,61184.0,61506.74,523.36778,2026-06-07 02:00:00+00:00
1780801200000,61506.73,61778.33,61416.1,61701.07,469.79753,2026-06-07 03:00:00+00:00
1780804800000,61701.06,61907.07,61482.46,61890.92,486.27163,2026-06-07 04:00:00+00:00
1780808400000,61890.92,62159.0,61647.0,61748.1,1139.66042,2026-06-07 05:00:00+00:00
1780812000000,61748.11,62272.0,61619.4,62101.0,1749.1221,2026-06-07 06:00:00+00:00
1780815600000,62101.01,62416.26,61983.46,62404.73,1528.1498,2026-06-07 07:00:00+00:00
1780819200000,62404.72,62960.0,62259.37,62855.01,2005.84536,2026-06-07 08:00:00+00:00
1780822800000,62855.0,62900.0,62374.63,62530.0,1248.753,2026-06-07 09:00:00+00:00
1780826400000,62530.0,62570.31,62298.39,62370.52,674.16526,2026-06-07 10:00:00+00:00
1780830000000,62370.53,62754.45,62359.44,62621.96,794.29873,2026-06-07 11:00:00+00:00
1780833600000,62621.97,62643.97,61577.12,61900.67,1957.0674,2026-06-07 12:00:00+00:00
1780837200000,61900.66,61907.64,61649.12,61700.13,1146.18923,2026-06-07 13:00:00+00:00
1780840800000,61700.14,62312.67,61696.98,61905.49,923.54392,2026-06-07 14:00:00+00:00
1780844400000,61905.49,62219.92,61674.51,62093.99,527.33835,2026-06-07 15:00:00+00:00
1780848000000,62093.99,62332.0,61966.0,62083.64,482.9603,2026-06-07 16:00:00+00:00
1780851600000,62083.64,62330.0,62046.62,62160.01,573.97699,2026-06-07 17:00:00+00:00
1780855200000,62160.01,62296.0,62022.0,62030.14,373.61361,2026-06-07 18:00:00+00:00
1780858800000,62030.15,62036.78,61184.0,61328.0,1046.65633,2026-06-07 19:00:00+00:00
1780862400000,61327.99,61962.47,61217.17,61878.01,569.10903,2026-06-07 20:00:00+00:00
1780866000000,61878.0,62017.71,61652.01,61778.41,374.19369,2026-06-07 21:00:00+00:00
1780869600000,61778.42,64234.68,61728.11,62865.87,4892.75492,2026-06-07 22:00:00+00:00
1780873200000,62865.87,63444.11,62803.42,63332.01,1159.24525,2026-06-07 23:00:00+00:00
1780876800000,63332.01,63863.06,63138.37,63631.42,1255.61981,2026-06-08 00:00:00+00:00
1780880400000,63631.43,63643.99,62720.86,63211.41,1129.10442,2026-06-08 01:00:00+00:00
1780884000000,63211.41,63260.0,62918.0,63129.93,502.88284,2026-06-08 02:00:00+00:00
1780887600000,63129.94,63458.0,62978.36,63130.12,427.85473,2026-06-08 03:00:00+00:00
1780891200000,63130.12,63171.1,62657.07,62684.61,553.63898,2026-06-08 04:00:00+00:00
1780894800000,62684.61,62825.27,62408.0,62764.0,674.10723,2026-06-08 05:00:00+00:00
1780898400000,62763.99,63144.0,62734.0,62988.03,629.53051,2026-06-08 06:00:00+00:00
1780902000000,62988.58,63350.0,62812.0,63283.99,976.9078,2026-06-08 07:00:00+00:00
1780905600000,63284.0,63284.0,62992.01,63132.83,490.75057,2026-06-08 08:00:00+00:00
1780909200000,63132.84,63577.86,63128.47,63502.0,706.93226,2026-06-08 09:00:00+00:00
1780912800000,63501.99,63568.19,63096.88,63172.3,982.6729,2026-06-08 10:00:00+00:00
1780916400000,63172.3,63873.08,63058.0,63479.61,1572.11873,2026-06-08 11:00:00+00:00
1780920000000,63479.62,63933.18,62718.3,63872.0,2589.09295,2026-06-08 12:00:00+00:00
1780923600000,63872.0,63943.56,63362.1,63758.0,1304.57724,2026-06-08 13:00:00+00:00
1780927200000,63758.0,64077.57,63560.68,63964.08,1937.84618,2026-06-08 14:00:00+00:00
1780930800000,63964.07,64200.0,63711.0,63774.48,2295.29096,2026-06-08 15:00:00+00:00
1780934400000,63774.48,64046.86,63472.0,63532.01,873.93622,2026-06-08 16:00:00+00:00
1780938000000,63532.01,63646.0,63268.01,63550.0,1044.76064,2026-06-08 17:00:00+00:00
1780941600000,63549.99,63690.0,63339.98,63466.83,414.77155,2026-06-08 18:00:00+00:00
1780945200000,63466.83,63596.0,63356.0,63372.01,379.67287,2026-06-08 19:00:00+00:00
1780948800000,63372.01,63485.49,63160.31,63485.49,793.95609,2026-06-08 20:00:00+00:00
1780952400000,63485.49,63850.0,63483.41,63728.96,413.19539,2026-06-08 21:00:00+00:00
1780956000000,63728.96,63728.96,63210.0,63440.01,571.04903,2026-06-08 22:00:00+00:00
1780959600000,63440.0,63594.0,62978.66,63085.99,533.11634,2026-06-08 23:00:00+00:00
1780963200000,63086.0,63184.0,62423.07,62562.0,1868.43384,2026-06-09 00:00:00+00:00
1780966800000,62562.0,62879.1,62546.62,62764.01,752.22836,2026-06-09 01:00:00+00:00
1780970400000,62764.0,62874.0,62544.11,62868.0,357.79841,2026-06-09 02:00:00+00:00
1780974000000,62867.99,62979.94,62702.0,62875.17,780.82683,2026-06-09 03:00:00+00:00
1780977600000,62875.18,63424.0,62748.0,63242.36,1115.32376,2026-06-09 04:00:00+00:00
1780981200000,63242.36,63526.01,63120.24,63338.68,946.88593,2026-06-09 05:00:00+00:00
1780984800000,63338.69,63506.0,63230.0,63300.0,975.96129,2026-06-09 06:00:00+00:00
1780988400000,63300.0,63443.6,63012.0,63198.44,669.83742,2026-06-09 07:00:00+00:00
1780992000000,63198.44,63208.86,62769.52,62849.75,844.01531,2026-06-09 08:00:00+00:00
1780995600000,62849.75,62944.43,62590.0,62715.37,709.2584,2026-06-09 09:00:00+00:00
1780999200000,62715.37,62835.37,62596.0,62786.01,503.06926,2026-06-09 10:00:00+00:00
1781002800000,62786.0,62818.0,62498.75,62711.12,472.29218,2026-06-09 11:00:00+00:00
1781006400000,62711.12,62895.18,62421.24,62645.15,693.6037,2026-06-09 12:00:00+00:00
1781010000000,62645.14,62738.0,62140.0,62273.61,1172.01624,2026-06-09 13:00:00+00:00
1781013600000,62273.62,62395.01,61148.07,61541.95,2741.42922,2026-06-09 14:00:00+00:00
1781017200000,61541.95,61706.86,61037.0,61131.84,1576.3984,2026-06-09 15:00:00+00:00
1781020800000,61131.85,61484.67,60780.0,61390.51,2117.17514,2026-06-09 16:00:00+00:00
1781024400000,61390.51,61889.0,61390.51,61692.01,925.52892,2026-06-09 17:00:00+00:00
1781028000000,61692.01,61964.0,61602.0,61792.01,528.51144,2026-06-09 18:00:00+00:00
1781031600000,61792.0,62103.39,61722.0,62098.09,436.3094,2026-06-09 19:00:00+00:00
1781035200000,62098.09,62272.0,61954.39,62160.0,406.81988,2026-06-09 20:00:00+00:00
1781038800000,62159.99,62176.86,61698.0,61761.2,425.20913,2026-06-09 21:00:00+00:00
1781042400000,61761.21,61976.0,61666.66,61717.5,276.69194,2026-06-09 22:00:00+00:00
1781046000000,61717.5,61878.0,61556.0,61730.0,340.59519,2026-06-09 23:00:00+00:00
1781049600000,61730.0,61930.0,61440.0,61923.16,538.2675,2026-06-10 00:00:00+00:00
1781053200000,61923.16,61974.7,61590.0,61714.0,336.41204,2026-06-10 01:00:00+00:00
1781056800000,61714.0,61837.67,61235.29,61302.36,512.06602,2026-06-10 02:00:00+00:00
1781060400000,61302.37,61594.0,61286.0,61549.64,334.76343,2026-06-10 03:00:00+00:00
1781064000000,61549.64,61560.0,61182.65,61295.99,306.03442,2026-06-10 04:00:00+00:00
1781067600000,61296.0,61400.01,61080.0,61361.17,464.90737,2026-06-10 05:00:00+00:00
1781071200000,61361.17,61521.99,61145.5,61472.89,511.66925,2026-06-10 06:00:00+00:00
1781074800000,61472.89,61813.34,61440.0,61687.56,937.80783,2026-06-10 07:00:00+00:00
1781078400000,61687.56,61736.0,61168.0,61261.55,739.92297,2026-06-10 08:00:00+00:00
1781082000000,61261.56,61421.46,60755.0,61334.94,906.84186,2026-06-10 09:00:00+00:00
1781085600000,61334.95,61456.0,61151.4,61386.09,340.43647,2026-06-10 10:00:00+00:00
1781089200000,61386.09,61430.0,60867.19,61034.04,826.04256,2026-06-10 11:00:00+00:00
1781092800000,61034.04,61950.0,60960.0,61564.01,1340.16125,2026-06-10 12:00:00+00:00
1781096400000,61564.0,62446.0,61444.87,62146.42,1199.64944,2026-06-10 13:00:00+00:00
1781100000000,62146.43,62258.01,61814.79,62195.99,902.47236,2026-06-10 14:00:00+00:00
1781103600000,62195.99,62857.99,61852.0,62639.23,1341.51604,2026-06-10 15:00:00+00:00
1781107200000,62639.23,62646.0,61930.0,62219.33,748.11357,2026-06-10 16:00:00+00:00
1781110800000,62219.33,62360.0,61654.54,61969.99,885.28682,2026-06-10 17:00:00+00:00
1781114400000,61969.99,62162.9,61588.8,61882.0,641.1773,2026-06-10 18:00:00+00:00
1781118000000,61881.99,62062.98,61673.79,61942.44,400.79146,2026-06-10 19:00:00+00:00
1781121600000,61942.45,61949.21,61688.0,61805.51,307.34434,2026-06-10 20:00:00+00:00
1781125200000,61805.5,61805.51,61179.19,61356.18,571.34637,2026-06-10 21:00:00+00:00
1781128800000,61356.18,61574.0,61104.24,61381.46,578.03926,2026-06-10 22:00:00+00:00
1781132400000,61381.46,61604.0,61166.0,61510.99,327.64659,2026-06-10 23:00:00+00:00
1781136000000,61510.99,61974.7,61510.99,61812.0,597.44488,2026-06-11 00:00:00+00:00
1781139600000,61812.0,62378.0,61812.0,62206.01,839.43174,2026-06-11 01:00:00+00:00
1781143200000,62206.01,62304.0,61944.19,62148.0,429.18601,2026-06-11 02:00:00+00:00
1781146800000,62148.01,62848.0,62012.0,62689.48,986.08995,2026-06-11 03:00:00+00:00
1781150400000,62689.47,62854.0,62546.34,62726.86,589.32674,2026-06-11 04:00:00+00:00
1781154000000,62726.85,62726.86,62556.84,62610.0,295.46093,2026-06-11 05:00:00+00:00
1781157600000,62610.0,62997.53,62544.89,62772.0,1198.75098,2026-06-11 06:00:00+00:00
1781161200000,62772.01,62842.92,62612.01,62719.39,399.47563,2026-06-11 07:00:00+00:00
1781164800000,62719.39,63050.0,62719.38,62957.99,546.92925,2026-06-11 08:00:00+00:00
1781168400000,62958.0,62989.97,62790.0,62927.49,401.22464,2026-06-11 09:00:00+00:00
1781172000000,62927.49,63214.97,62789.62,63148.0,666.36315,2026-06-11 10:00:00+00:00
1781175600000,63148.0,63257.21,63040.01,63108.0,563.58106,2026-06-11 11:00:00+00:00
1781179200000,63108.01,63190.0,62500.0,63010.01,1835.01045,2026-06-11 12:00:00+00:00
1781182800000,63010.0,63239.43,62677.84,63077.57,1087.23984,2026-06-11 13:00:00+00:00
1781186400000,63077.71,63100.0,62732.6,62734.02,782.87001,2026-06-11 14:00:00+00:00
1781190000000,62734.02,62887.88,62518.1,62749.44,633.18968,2026-06-11 15:00:00+00:00
1781193600000,62749.44,62842.0,62548.79,62582.45,564.46406,2026-06-11 16:00:00+00:00
1781197200000,62582.45,63655.83,62348.0,63644.19,1821.97042,2026-06-11 17:00:00+00:00
1781200800000,63644.18,63788.0,63324.35,63461.12,793.20489,2026-06-11 18:00:00+00:00
1781204400000,63461.12,63933.02,63390.0,63605.68,946.18552,2026-06-11 19:00:00+00:00
1781208000000,63605.69,63663.4,63270.0,63393.67,556.54606,2026-06-11 20:00:00+00:00
1781211600000,63393.67,63599.99,63393.66,63519.99,269.29173,2026-06-11 21:00:00+00:00
1781215200000,63519.99,63670.0,63462.0,63500.01,226.24918,2026-06-11 22:00:00+00:00
1781218800000,63500.0,63700.0,63362.0,63625.99,351.45962,2026-06-11 23:00:00+00:00
1781222400000,63626.0,63810.01,63520.86,63648.8,1229.6005,2026-06-12 00:00:00+00:00
1781226000000,63648.8,63648.8,63301.53,63426.2,745.50942,2026-06-12 01:00:00+00:00
1781229600000,63426.21,63779.11,63426.2,63624.07,398.45121,2026-06-12 02:00:00+00:00
1781233200000,63624.07,63649.99,63357.7,63524.82,280.54894,2026-06-12 03:00:00+00:00
1781236800000,63524.81,63863.98,63426.48,63700.0,742.01132,2026-06-12 04:00:00+00:00
1781240400000,63700.0,63721.31,63310.0,63358.2,603.70673,2026-06-12 05:00:00+00:00
1781244000000,63358.2,63411.5,62829.81,62980.45,1027.41759,2026-06-12 06:00:00+00:00
1781247600000,62980.46,63211.74,62956.0,63100.8,852.55681,2026-06-12 07:00:00+00:00
1781251200000,63100.8,63615.84,63100.8,63470.81,600.81984,2026-06-12 08:00:00+00:00
1781254800000,63470.81,63953.84,63438.0,63752.93,524.52211,2026-06-12 09:00:00+00:00
1781258400000,63752.93,63852.0,63588.34,63702.01,872.53513,2026-06-12 10:00:00+00:00
1781262000000,63702.01,63884.49,63684.44,63766.01,380.80932,2026-06-12 11:00:00+00:00
1781265600000,63766.01,63775.0,63378.0,63465.51,515.59574,2026-06-12 12:00:00+00:00
1781269200000,63465.52,63532.59,63045.29,63229.1,851.49099,2026-06-12 13:00:00+00:00
1781272800000,63229.1,64000.0,63190.0,63999.99,1065.08825,2026-06-12 14:00:00+00:00
1781276400000,63999.99,64394.44,63551.9,63593.02,1669.96199,2026-06-12 15:00:00+00:00
1781280000000,63593.02,63996.0,63510.16,63982.48,776.01025,2026-06-12 16:00:00+00:00
1781283600000,63982.48,64111.1,63745.99,63865.44,456.29271,2026-06-12 17:00:00+00:00
1781287200000,63865.45,63934.34,63686.0,63694.0,561.84193,2026-06-12 18:00:00+00:00
1781290800000,63694.01,63830.93,63589.27,63589.27,462.65176,2026-06-12 19:00:00+00:00
1781294400000,63589.28,63696.41,63400.0,63449.0,328.72463,2026-06-12 20:00:00+00:00
1781298000000,63449.01,63624.62,63440.01,63472.0,330.50626,2026-06-12 21:00:00+00:00
1781301600000,63471.99,63658.0,63471.99,63502.0,711.15075,2026-06-12 22:00:00+00:00
1781305200000,63502.0,63580.01,63426.83,63580.01,409.24822,2026-06-12 23:00:00+00:00
1781308800000,63580.0,63652.11,63507.39,63600.01,578.94188,2026-06-13 00:00:00+00:00
1781312400000,63600.01,63840.0,63600.01,63837.89,509.63359,2026-06-13 01:00:00+00:00
1781316000000,63837.88,63837.89,63558.0,63646.01,450.79285,2026-06-13 02:00:00+00:00
1781319600000,63646.01,63720.88,63418.66,63532.0,268.55023,2026-06-13 03:00:00+00:00
1781323200000,63532.0,63663.91,63484.0,63512.01,144.15296,2026-06-13 04:00:00+00:00
1781326800000,63512.01,63596.0,63493.16,63584.03,658.62782,2026-06-13 05:00:00+00:00
1781330400000,63584.03,63740.0,63550.51,63735.74,299.54013,2026-06-13 06:00:00+00:00
1781334000000,63736.0,63883.47,63674.98,63846.0,436.97737,2026-06-13 07:00:00+00:00
1781337600000,63845.99,63910.0,63766.18,63806.0,227.43934,2026-06-13 08:00:00+00:00
1781341200000,63806.0,63867.65,63742.57,63743.12,301.95833,2026-06-13 09:00:00+00:00
1781344800000,63743.13,63908.48,63726.57,63843.01,188.76787,2026-06-13 10:00:00+00:00
1781348400000,63843.01,63984.53,63843.01,63971.28,479.05156,2026-06-13 11:00:00+00:00
1781352000000,63971.28,64214.0,63921.33,64133.12,878.04841,2026-06-13 12:00:00+00:00
1781355600000,64133.12,64245.88,64060.0,64102.69,499.73169,2026-06-13 13:00:00+00:00
1781359200000,64102.61,64233.73,64090.09,64220.97,206.46033,2026-06-13 14:00:00+00:00
1781362800000,64220.96,64350.0,64186.97,64296.15,584.92205,2026-06-13 15:00:00+00:00
1781366400000,64296.15,64307.52,63920.05,64029.17,720.7481,2026-06-13 16:00:00+00:00
1781370000000,64029.17,64120.0,63944.0,63971.19,301.75645,2026-06-13 17:00:00+00:00
1781373600000,63971.2,64282.19,63971.19,64161.46,278.72154,2026-06-13 18:00:00+00:00
1781377200000,64161.46,64333.62,64152.0,64296.59,308.7181,2026-06-13 19:00:00+00:00
1781380800000,64296.59,64296.6,64226.83,64278.31,179.3189,2026-06-13 20:00:00+00:00
1781384400000,64278.31,64762.77,64226.38,64471.04,552.39519,2026-06-13 21:00:00+00:00
1781388000000,64471.04,64556.0,64383.61,64456.47,316.2712,2026-06-13 22:00:00+00:00
1781391600000,64456.46,64596.99,64382.42,64458.01,589.21574,2026-06-13 23:00:00+00:00
1781395200000,64458.01,64579.03,64380.7,64565.0,595.05205,2026-06-14 00:00:00+00:00
1781398800000,64565.01,64710.0,64507.25,64563.0,821.19702,2026-06-14 01:00:00+00:00
1781402400000,64563.0,64636.0,64476.01,64490.01,260.23317,2026-06-14 02:00:00+00:00
1781406000000,64490.01,64545.4,64466.0,64545.3,155.67419,2026-06-14 03:00:00+00:00
1781409600000,64545.3,64563.48,64325.61,64339.07,253.74802,2026-06-14 04:00:00+00:00
1781413200000,64339.07,64411.2,64293.41,64338.0,429.46847,2026-06-14 05:00:00+00:00
1781416800000,64338.0,64487.8,64232.12,64286.1,839.75348,2026-06-14 06:00:00+00:00
1781420400000,64286.1,64445.95,64214.0,64429.39,256.82492,2026-06-14 07:00:00+00:00
1781424000000,64429.39,64513.82,64392.0,64456.33,192.66954,2026-06-14 08:00:00+00:00
1781427600000,64456.33,64617.99,64321.18,64616.0,237.3813,2026-06-14 09:00:00+00:00
1781431200000,64616.0,64664.0,64498.01,64521.13,184.13016,2026-06-14 10:00:00+00:00
1781434800000,64521.13,64641.9,64460.0,64546.0,228.11339,2026-06-14 11:00:00+00:00
1781438400000,64546.01,64560.66,64295.06,64327.53,334.09454,2026-06-14 12:00:00+00:00
1781442000000,64327.54,64398.14,64244.0,64317.99,308.61157,2026-06-14 13:00:00+00:00
1781445600000,64318.0,64341.43,63866.66,63983.55,781.47067,2026-06-14 14:00:00+00:00
1781449200000,63983.56,64153.75,63980.35,64025.07,366.74561,2026-06-14 15:00:00+00:00
1781452800000,64025.06,64208.92,63936.0,63942.63,256.58722,2026-06-14 16:00:00+00:00
1781456400000,63942.63,64019.38,63694.11,63732.64,617.57994,2026-06-14 17:00:00+00:00
1781460000000,63732.65,63813.3,63678.83,63813.3,258.88821,2026-06-14 18:00:00+00:00
1781463600000,63813.3,63861.86,63734.71,63802.0,107.594,2026-06-14 19:00:00+00:00
1781467200000,63801.99,64092.4,63794.09,64008.64,243.2036,2026-06-14 20:00:00+00:00
1781470800000,64008.64,65666.0,64007.24,65311.59,2955.01268,2026-06-14 21:00:00+00:00
1781474400000,65311.59,65580.0,64946.12,65426.78,1554.15469,2026-06-14 22:00:00+00:00
1781478000000,65426.78,65800.0,65256.21,65746.45,964.84531,2026-06-14 23:00:00+00:00
1781481600000,65746.45,65923.0,65480.69,65625.99,1043.52596,2026-06-15 00:00:00+00:00
1781485200000,65626.0,65734.87,65354.0,65525.0,855.38843,2026-06-15 01:00:00+00:00
1781488800000,65525.01,65775.15,65415.02,65472.01,587.73145,2026-06-15 02:00:00+00:00
1781492400000,65472.01,65995.0,65422.83,65927.1,767.65798,2026-06-15 03:00:00+00:00
1781496000000,65927.11,65927.11,65633.28,65644.01,564.25779,2026-06-15 04:00:00+00:00
1781499600000,65644.0,65872.0,65611.01,65858.01,477.26671,2026-06-15 05:00:00+00:00
1781503200000,65858.0,65967.27,65775.45,65812.01,365.24859,2026-06-15 06:00:00+00:00
1781506800000,65812.01,66000.0,65628.45,65674.76,574.31747,2026-06-15 07:00:00+00:00
1781510400000,65674.76,65800.0,65620.0,65662.01,363.0048,2026-06-15 08:00:00+00:00
1781514000000,65662.0,65779.5,65512.0,65596.86,344.30264,2026-06-15 09:00:00+00:00
1781517600000,65596.86,65973.15,65584.37,65917.37,544.78922,2026-06-15 10:00:00+00:00
1781521200000,65917.37,66385.12,65832.78,66233.9,1293.72734,2026-06-15 11:00:00+00:00
1781524800000,66233.89,66600.91,66106.0,66563.49,987.26981,2026-06-15 12:00:00+00:00
1781528400000,66563.48,66949.22,66412.0,66447.05,1919.26303,2026-06-15 13:00:00+00:00
1781532000000,66447.06,66675.83,66251.58,66591.55,940.8464,2026-06-15 14:00:00+00:00
1781535600000,66591.54,67292.15,66580.42,67292.14,1466.9579,2026-06-15 15:00:00+00:00
1781539200000,67292.15,67292.15,67088.83,67157.99,1096.95936,2026-06-15 16:00:00+00:00
1781542800000,67158.0,67158.0,66585.26,66851.79,1340.24388,2026-06-15 17:00:00+00:00
1781546400000,66851.8,66933.86,66715.61,66766.12,590.69175,2026-06-15 18:00:00+00:00
1781550000000,66766.13,66889.85,66348.0,66614.35,780.39583,2026-06-15 19:00:00+00:00
1781553600000,66615.98,66681.3,66489.86,66519.98,339.47285,2026-06-15 20:00:00+00:00
1781557200000,66519.99,66567.38,66314.34,66368.15,347.81382,2026-06-15 21:00:00+00:00
1781560800000,66368.15,66476.64,66076.56,66206.34,520.15584,2026-06-15 22:00:00+00:00
1781564400000,66206.34,66368.0,66116.59,66328.74,448.51217,2026-06-15 23:00:00+00:00
1781568000000,66328.74,66463.26,66242.0,66250.0,457.62239,2026-06-16 00:00:00+00:00
1781571600000,66250.0,66418.01,66248.93,66346.52,456.63949,2026-06-16 01:00:00+00:00
1781575200000,66346.51,66367.69,65678.14,65741.99,964.73227,2026-06-16 02:00:00+00:00
1781578800000,65742.0,66166.61,65650.0,66165.21,802.10485,2026-06-16 03:00:00+00:00
1781582400000,66165.21,66301.83,65802.0,65840.09,694.50218,2026-06-16 04:00:00+00:00
1781586000000,65840.1,66150.22,65840.09,66045.0,739.41945,2026-06-16 05:00:00+00:00
1781589600000,66044.99,66572.99,66044.99,66446.0,556.56171,2026-06-16 06:00:00+00:00
1781593200000,66446.01,66527.23,66300.1,66372.0,385.79165,2026-06-16 07:00:00+00:00
1781596800000,66372.0,66992.0,66345.06,66899.61,688.96018,2026-06-16 08:00:00+00:00
1781600400000,66899.61,66923.99,66474.74,66510.0,600.75927,2026-06-16 09:00:00+00:00
1781604000000,66510.01,66778.0,66486.38,66514.0,387.22813,2026-06-16 10:00:00+00:00
1781607600000,66514.01,66643.23,66368.36,66481.73,467.239,2026-06-16 11:00:00+00:00
1781611200000,66481.73,66818.0,66368.0,66429.83,562.31913,2026-06-16 12:00:00+00:00
1781614800000,66429.84,66463.13,65928.16,66052.0,1347.85119,2026-06-16 13:00:00+00:00
1781618400000,66052.01,66265.8,65360.92,65654.9,1491.76291,2026-06-16 14:00:00+00:00
1781622000000,65654.9,65999.78,65614.3,65859.76,788.81576,2026-06-16 15:00:00+00:00
1781625600000,65859.76,65953.97,65706.0,65758.07,338.72091,2026-06-16 16:00:00+00:00
1781629200000,65758.07,66011.47,65710.34,65978.79,383.38742,2026-06-16 17:00:00+00:00
1781632800000,65978.78,66248.69,65802.0,65847.99,522.72648,2026-06-16 18:00:00+00:00
1781636400000,65848.0,65848.0,65560.0,65675.88,617.37667,2026-06-16 19:00:00+00:00
1781640000000,65675.89,65865.92,65592.0,65854.0,261.11445,2026-06-16 20:00:00+00:00
1781643600000,65854.0,65938.0,65654.9,65776.97,351.42219,2026-06-16 21:00:00+00:00
1781647200000,65776.97,65882.0,65680.0,65780.0,228.62751,2026-06-16 22:00:00+00:00
1781650800000,65780.01,65834.19,65626.9,65675.01,206.37282,2026-06-16 23:00:00+00:00
1781654400000,65675.02,65848.0,65675.02,65700.0,332.30374,2026-06-17 00:00:00+00:00
1781658000000,65700.0,65956.56,65477.5,65940.0,549.42502,2026-06-17 01:00:00+00:00
1781661600000,65940.0,66200.0,65788.0,65904.0,974.93815,2026-06-17 02:00:00+00:00
1781665200000,65903.99,65904.0,65703.45,65851.99,563.57309,2026-06-17 03:00:00+00:00
1781668800000,65852.0,66048.19,65788.31,65892.0,473.33682,2026-06-17 04:00:00+00:00
1781672400000,65892.01,65978.0,65746.51,65836.3,536.04504,2026-06-17 05:00:00+00:00
1781676000000,65836.3,65896.45,65582.63,65624.0,378.80773,2026-06-17 06:00:00+00:00
1781679600000,65624.01,65710.0,65251.0,65539.5,697.28548,2026-06-17 07:00:00+00:00
1781683200000,65539.51,65574.0,64833.07,64926.02,992.25057,2026-06-17 08:00:00+00:00
1781686800000,64926.02,65076.76,64842.01,64909.44,859.97592,2026-06-17 09:00:00+00:00
1781690400000,64909.44,64993.97,64768.0,64798.0,597.7384,2026-06-17 10:00:00+00:00
1781694000000,64798.0,64868.21,64565.0,64810.01,641.24645,2026-06-17 11:00:00+00:00
1781697600000,64810.01,65108.0,64590.53,65040.88,557.73466,2026-06-17 12:00:00+00:00
1781701200000,65040.88,65369.53,64850.0,65278.0,961.56723,2026-06-17 13:00:00+00:00
1781704800000,65278.0,65461.38,64772.72,65101.45,799.61288,2026-06-17 14:00:00+00:00
1781708400000,65101.45,65855.66,64987.74,65752.0,1172.17515,2026-06-17 15:00:00+00:00
1781712000000,65751.99,66445.93,65722.0,65864.12,1421.90632,2026-06-17 16:00:00+00:00
1781715600000,65864.13,66191.98,65800.0,66104.08,377.59846,2026-06-17 17:00:00+00:00
1781719200000,66107.99,66107.99,64800.0,65516.0,2242.57142,2026-06-17 18:00:00+00:00
1781722800000,65516.0,65666.0,63998.35,64301.85,2173.5643,2026-06-17 19:00:00+00:00
1781726400000,64301.85,64488.96,64181.33,64434.36,504.85432,2026-06-17 20:00:00+00:00
1781730000000,64434.36,64452.0,64142.0,64257.77,458.08471,2026-06-17 21:00:00+00:00
1781733600000,64257.77,64434.84,63915.77,64300.01,492.23769,2026-06-17 22:00:00+00:00
1781737200000,64300.01,64529.2,64248.0,64509.4,289.82054,2026-06-17 23:00:00+00:00
1781740800000,64509.4,64702.0,64457.67,64468.01,396.7915,2026-06-18 00:00:00+00:00
1781744400000,64468.01,64806.0,64466.3,64548.74,382.95414,2026-06-18 01:00:00+00:00
1781748000000,64548.75,64776.66,64488.0,64689.5,323.93999,2026-06-18 02:00:00+00:00
1781751600000,64689.5,64689.5,64267.86,64282.82,548.57792,2026-06-18 03:00:00+00:00
1781755200000,64282.82,64347.09,63826.93,63883.41,831.20199,2026-06-18 04:00:00+00:00
1781758800000,63883.26,64020.0,63696.29,63994.0,597.91477,2026-06-18 05:00:00+00:00
1781762400000,63994.0,64134.33,63850.0,64083.41,767.55142,2026-06-18 06:00:00+00:00
1781766000000,64084.0,64510.5,64015.42,64510.44,524.85633,2026-06-18 07:00:00+00:00
1781769600000,64510.45,64646.75,64378.25,64399.92,714.20438,2026-06-18 08:00:00+00:00
1781773200000,64399.93,64478.0,64196.14,64199.53,300.31875,2026-06-18 09:00:00+00:00
1781776800000,64199.53,64223.79,63910.0,64078.61,445.57306,2026-06-18 10:00:00+00:00
1781780400000,64078.61,64196.0,63878.14,63974.4,378.00473,2026-06-18 11:00:00+00:00
1781784000000,63974.4,64402.01,63922.0,64378.07,417.60478,2026-06-18 12:00:00+00:00
1781787600000,64378.06,64445.19,63800.0,63984.0,984.80789,2026-06-18 13:00:00+00:00
1781791200000,63983.99,64203.66,63587.3,63816.61,998.41474,2026-06-18 14:00:00+00:00
1781794800000,63816.61,63825.99,62293.76,62369.44,2793.66043,2026-06-18 15:00:00+00:00
1781798400000,62369.43,62814.0,62349.42,62688.0,1271.71361,2026-06-18 16:00:00+00:00
1781802000000,62688.0,62750.0,62272.07,62606.0,1003.68212,2026-06-18 17:00:00+00:00
1781805600000,62606.0,62959.75,62580.01,62708.92,727.06223,2026-06-18 18:00:00+00:00
1781809200000,62708.93,63008.33,62636.0,62950.79,577.63764,2026-06-18 19:00:00+00:00
1781812800000,62950.79,63274.19,62950.79,63086.0,684.93429,2026-06-18 20:00:00+00:00
1781816400000,63086.0,63121.81,62870.39,62971.32,466.34172,2026-06-18 21:00:00+00:00
1781820000000,62971.32,62990.0,62742.0,62885.85,290.36064,2026-06-18 22:00:00+00:00
1781823600000,62885.84,62985.12,62756.6,62958.01,507.48754,2026-06-18 23:00:00+00:00
1781827200000,62958.01,63086.0,62840.0,63020.0,786.22825,2026-06-19 00:00:00+00:00
1781830800000,63020.0,63100.0,62852.01,63021.86,542.43308,2026-06-19 01:00:00+00:00
1781834400000,63021.86,63110.29,62893.71,63006.0,304.818,2026-06-19 02:00:00+00:00
1781838000000,63006.01,63029.64,62386.9,62773.51,835.4402,2026-06-19 03:00:00+00:00
1781841600000,62773.52,62916.66,62409.55,62452.01,390.96231,2026-06-19 04:00:00+00:00
1781845200000,62452.01,62744.92,62452.0,62739.2,361.83315,2026-06-19 05:00:00+00:00
1781848800000,62739.2,62914.73,62728.0,62894.08,252.94439,2026-06-19 06:00:00+00:00
1781852400000,62894.09,62917.32,62504.27,62629.99,636.21109,2026-06-19 07:00:00+00:00
1781856000000,62630.0,62782.0,62533.33,62603.99,431.84041,2026-06-19 08:00:00+00:00
1781859600000,62604.0,62654.0,62316.44,62390.0,921.6732,2026-06-19 09:00:00+00:00
1781863200000,62390.01,62587.27,62383.76,62533.25,761.99981,2026-06-19 10:00:00+00:00
1781866800000,62533.24,62684.0,62452.52,62626.0,1001.15104,2026-06-19 11:00:00+00:00
1781870400000,62626.0,62872.99,62353.0,62830.01,630.52118,2026-06-19 12:00:00+00:00
1781874000000,62830.01,63415.0,62666.0,63210.0,1078.35943,2026-06-19 13:00:00+00:00
1781877600000,63210.0,63419.27,63010.0,63203.53,665.42698,2026-06-19 14:00:00+00:00
1781881200000,63203.54,63283.86,63019.26,63214.01,527.206,2026-06-19 15:00:00+00:00
1781884800000,63214.01,63387.8,62918.98,62971.99,1021.4111,2026-06-19 16:00:00+00:00
1781888400000,62972.0,63263.49,62866.99,63198.01,840.75861,2026-06-19 17:00:00+00:00
1781892000000,63198.0,63201.95,62991.37,63110.01,341.96414,2026-06-19 18:00:00+00:00
1781895600000,63110.01,63140.0,62942.0,63021.6,283.46164,2026-06-19 19:00:00+00:00
1781899200000,63021.6,63274.0,62958.59,63250.01,217.92541,2026-06-19 20:00:00+00:00
1781902800000,63250.01,63275.64,63060.0,63075.98,181.69443,2026-06-19 21:00:00+00:00
1781906400000,63075.99,63369.48,63048.0,63315.28,541.93138,2026-06-19 22:00:00+00:00
1781910000000,63315.29,63666.0,63276.0,63543.91,689.22877,2026-06-19 23:00:00+00:00
1781913600000,63543.9,63777.0,63470.0,63530.01,640.14667,2026-06-20 00:00:00+00:00
1781917200000,63530.01,63616.23,63404.0,63586.28,348.64849,2026-06-20 01:00:00+00:00
1781920800000,63586.27,63586.27,63336.01,63340.57,358.87789,2026-06-20 02:00:00+00:00
1781924400000,63340.58,63510.0,63320.14,63476.79,268.88477,2026-06-20 03:00:00+00:00
1781928000000,63476.79,63613.59,63402.0,63583.53,228.62975,2026-06-20 04:00:00+00:00
1781931600000,63583.53,63907.07,63543.46,63678.07,477.24749,2026-06-20 05:00:00+00:00
1781935200000,63678.07,63761.99,63640.36,63744.61,191.88822,2026-06-20 06:00:00+00:00
1781938800000,63744.61,63800.0,63594.37,63655.21,448.4829,2026-06-20 07:00:00+00:00
1781942400000,63655.21,63664.39,63392.41,63417.97,547.04803,2026-06-20 08:00:00+00:00
1781946000000,63417.98,63787.74,63417.98,63741.16,349.02093,2026-06-20 09:00:00+00:00
1781949600000,63741.16,63777.5,63592.44,63674.7,270.1692,2026-06-20 10:00:00+00:00
1781953200000,63674.71,63798.76,63620.74,63688.0,315.13807,2026-06-20 11:00:00+00:00
1781956800000,63688.0,63785.76,63537.99,63655.09,292.10361,2026-06-20 12:00:00+00:00
1781960400000,63655.1,63655.1,63278.0,63397.78,412.69589,2026-06-20 13:00:00+00:00
1781964000000,63397.77,64150.0,63184.21,63949.9,1101.98952,2026-06-20 14:00:00+00:00
1781967600000,63949.9,64388.0,63836.0,64160.04,916.57166,2026-06-20 15:00:00+00:00
1781971200000,64160.04,64167.26,63902.58,64034.31,403.42996,2026-06-20 16:00:00+00:00
1781974800000,64034.31,64041.07,63730.21,63834.7,482.18112,2026-06-20 17:00:00+00:00
1781978400000,63834.7,63928.4,63788.0,63805.89,119.99479,2026-06-20 18:00:00+00:00
1781982000000,63805.9,63968.0,63798.0,63936.0,173.41555,2026-06-20 19:00:00+00:00
1781985600000,63935.99,63981.09,63853.31,63925.99,210.00109,2026-06-20 20:00:00+00:00
1781989200000,63926.0,64092.91,63918.29,64012.4,272.00511,2026-06-20 21:00:00+00:00
1781992800000,64012.39,64350.0,63978.12,64272.01,446.43904,2026-06-20 22:00:00+00:00
1781996400000,64272.0,64336.91,64250.02,64298.01,247.09349,2026-06-20 23:00:00+00:00
1782000000000,64298.01,64322.91,64237.31,64294.0,425.19081,2026-06-21 00:00:00+00:00
1782003600000,64294.0,64323.68,64206.17,64248.0,486.06931,2026-06-21 01:00:00+00:00
1782007200000,64248.0,64275.12,64216.05,64241.25,230.0633,2026-06-21 02:00:00+00:00
1782010800000,64241.26,64472.99,64234.0,64426.0,409.22163,2026-06-21 03:00:00+00:00
1782014400000,64426.0,64588.0,64269.45,64276.12,379.39058,2026-06-21 04:00:00+00:00
1782018000000,64276.12,64365.43,64225.6,64256.55,166.55047,2026-06-21 05:00:00+00:00
1782021600000,64256.56,64323.99,64200.0,64303.46,142.55901,2026-06-21 06:00:00+00:00
1782025200000,64303.47,64303.47,64173.08,64191.07,302.97907,2026-06-21 07:00:00+00:00
1782028800000,64191.06,64228.0,63900.17,64014.0,328.07237,2026-06-21 08:00:00+00:00
1782032400000,64014.0,64246.0,63961.28,64209.16,221.03822,2026-06-21 09:00:00+00:00
1782036000000,64209.16,64408.0,64204.0,64365.99,286.23088,2026-06-21 10:00:00+00:00
1782039600000,64366.0,64483.95,64112.01,64176.0,438.27788,2026-06-21 11:00:00+00:00
1782043200000,64176.0,64235.13,63952.0,64200.0,359.32606,2026-06-21 12:00:00+00:00
1782046800000,64200.0,64200.0,64020.01,64146.0,161.65202,2026-06-21 13:00:00+00:00
1782050400000,64146.0,64154.0,64004.0,64145.97,189.32902,2026-06-21 14:00:00+00:00
1782054000000,64145.97,64355.88,64120.0,64224.0,390.79222,2026-06-21 15:00:00+00:00
1782057600000,64224.0,64254.38,64046.0,64145.31,236.79134,2026-06-21 16:00:00+00:00
1782061200000,64145.32,64221.44,64080.0,64151.46,205.04149,2026-06-21 17:00:00+00:00
1782064800000,64151.47,64240.0,63933.47,64213.81,270.92869,2026-06-21 18:00:00+00:00
1782068400000,64213.82,64298.84,64168.73,64207.12,189.28721,2026-06-21 19:00:00+00:00
1782072000000,64207.13,64271.21,63700.0,63848.0,420.72845,2026-06-21 20:00:00+00:00
1782075600000,63848.0,63969.59,63510.0,63808.01,752.88497,2026-06-21 21:00:00+00:00
1782079200000,63808.0,63864.0,63575.04,63801.59,437.50041,2026-06-21 22:00:00+00:00
1782082800000,63801.6,63801.6,63270.0,63311.99,604.75792,2026-06-21 23:00:00+00:00
1782086400000,63312.0,64094.0,63312.0,63896.01,709.82748,2026-06-22 00:00:00+00:00
1782090000000,63896.0,64823.52,63850.8,64606.0,1331.90666,2026-06-22 01:00:00+00:00
1782093600000,64606.0,64663.99,64250.0,64257.99,370.38632,2026-06-22 02:00:00+00:00
1782097200000,64258.0,64459.44,63894.98,63974.01,796.48727,2026-06-22 03:00:00+00:00
1782100800000,63974.01,64116.44,63868.41,64100.02,327.45142,2026-06-22 04:00:00+00:00
1782104400000,64100.01,64344.17,64088.64,64247.74,1091.63692,2026-06-22 05:00:00+00:00
1782108000000,64247.74,64326.0,63946.0,63989.95,416.9007,2026-06-22 06:00:00+00:00
1782111600000,63989.96,64397.57,63968.23,64211.19,352.4108,2026-06-22 07:00:00+00:00
1782115200000,64211.2,64350.58,64044.0,64165.99,368.11506,2026-06-22 08:00:00+00:00
1782118800000,64166.0,64256.2,64052.17,64145.39,200.06309,2026-06-22 09:00:00+00:00
1782122400000,64145.4,64272.0,64065.18,64139.21,240.0862,2026-06-22 10:00:00+00:00
1782126000000,64139.21,64768.46,64097.08,64657.22,1063.60877,2026-06-22 11:00:00+00:00
1782129600000,64657.22,65222.45,64579.08,65149.57,1156.05989,2026-06-22 12:00:00+00:00
1782133200000,65149.58,65589.76,64945.53,65578.0,1368.64481,2026-06-22 13:00:00+00:00
1782136800000,65577.99,65622.83,64835.0,64980.39,1096.28772,2026-06-22 14:00:00+00:00
1782140400000,64980.39,65146.0,64757.11,64836.95,593.12998,2026-06-22 15:00:00+00:00
1782144000000,64836.95,64862.0,64519.0,64719.77,680.43904,2026-06-22 16:00:00+00:00
1782147600000,64719.77,64769.98,64388.16,64602.0,523.74444,2026-06-22 17:00:00+00:00
1782151200000,64602.0,64730.15,64311.0,64334.01,548.78709,2026-06-22 18:00:00+00:00
1782154800000,64334.01,64499.28,64276.0,64472.0,579.92511,2026-06-22 19:00:00+00:00
1782158400000,64472.51,64659.43,64356.95,64433.8,399.51938,2026-06-22 20:00:00+00:00
1782162000000,64433.8,64480.0,64134.39,64320.57,263.4342,2026-06-22 21:00:00+00:00
1782165600000,64320.57,64396.45,63804.59,63971.12,510.07647,2026-06-22 22:00:00+00:00
1782169200000,63971.13,64053.33,63877.61,64020.01,434.17969,2026-06-22 23:00:00+00:00
1782172800000,64020.01,64162.02,63828.93,64154.99,679.20038,2026-06-23 00:00:00+00:00
1782176400000,64154.99,64273.09,63893.33,64156.0,540.18098,2026-06-23 01:00:00+00:00
1782180000000,64156.0,64275.38,64042.01,64204.01,319.7542,2026-06-23 02:00:00+00:00
1782183600000,64204.01,64204.01,63968.42,64065.35,236.76285,2026-06-23 03:00:00+00:00
1782187200000,64065.34,64095.55,63612.62,63623.02,408.1299,2026-06-23 04:00:00+00:00
1782190800000,63623.03,63728.0,63342.34,63400.0,850.99416,2026-06-23 05:00:00+00:00
1782194400000,63400.0,63400.0,62568.9,62936.01,1620.65692,2026-06-23 06:00:00+00:00
1782198000000,62936.01,63095.0,62872.0,62886.03,1074.96381,2026-06-23 07:00:00+00:00
1782201600000,62886.04,62945.08,61938.0,62385.99,4988.90507,2026-06-23 08:00:00+00:00
1782205200000,62386.0,62528.13,62350.44,62386.0,613.23414,2026-06-23 09:00:00+00:00
1782208800000,62386.0,62586.0,62247.2,62328.01,387.47153,2026-06-23 10:00:00+00:00
1782212400000,62328.01,62643.99,62328.0,62507.06,456.80185,2026-06-23 11:00:00+00:00
1782216000000,62507.05,62558.0,62189.42,62256.6,873.94501,2026-06-23 12:00:00+00:00
1782219600000,62256.61,62538.72,61960.0,62475.99,1294.09387,2026-06-23 13:00:00+00:00
1782223200000,62476.0,62855.98,62406.25,62493.63,1302.27666,2026-06-23 14:00:00+00:00
1782226800000,62493.63,62507.99,62198.0,62487.79,630.16435,2026-06-23 15:00:00+00:00
1782230400000,62487.79,62846.0,62428.01,62558.0,728.22737,2026-06-23 16:00:00+00:00
1782234000000,62558.0,62693.48,62327.95,62358.02,533.28034,2026-06-23 17:00:00+00:00
1782237600000,62358.03,62445.21,62104.7,62241.99,492.79838,2026-06-23 18:00:00+00:00
1782241200000,62242.0,62480.0,62230.0,62388.49,707.45732,2026-06-23 19:00:00+00:00
1782244800000,62388.49,62531.27,62380.25,62470.7,373.02429,2026-06-23 20:00:00+00:00
1782248400000,62470.7,62658.93,62470.7,62599.77,367.76027,2026-06-23 21:00:00+00:00
1782252000000,62599.77,62779.82,62526.0,62590.0,430.92568,2026-06-23 22:00:00+00:00
1782255600000,62590.0,62799.99,62480.39,62734.57,311.98359,2026-06-23 23:00:00+00:00
1782259200000,62734.57,63024.4,62733.29,63014.0,799.18478,2026-06-24 00:00:00+00:00
1782262800000,63014.0,63119.45,62772.15,62932.19,599.06927,2026-06-24 01:00:00+00:00
1782266400000,62932.19,63013.12,62606.09,62630.0,593.50541,2026-06-24 02:00:00+00:00
1782270000000,62630.01,62830.0,62461.87,62729.78,770.64134,2026-06-24 03:00:00+00:00
1782273600000,62729.78,62799.62,62525.49,62744.42,650.06924,2026-06-24 04:00:00+00:00
1782277200000,62744.41,63073.44,62706.0,62890.0,366.0273,2026-06-24 05:00:00+00:00
1782280800000,62889.99,62909.98,62728.73,62780.0,219.5109,2026-06-24 06:00:00+00:00
1782284400000,62780.01,62844.0,62610.11,62657.99,589.75592,2026-06-24 07:00:00+00:00
1782288000000,62658.0,62807.46,62605.28,62800.0,475.30761,2026-06-24 08:00:00+00:00
1782291600000,62800.0,62800.01,62637.08,62681.7,493.71643,2026-06-24 09:00:00+00:00
1782295200000,62681.7,62681.7,62412.05,62445.99,530.71886,2026-06-24 10:00:00+00:00
1782298800000,62445.99,63239.06,62318.88,62921.19,815.18681,2026-06-24 11:00:00+00:00
1782302400000,62921.19,62973.2,62585.2,62618.31,517.25346,2026-06-24 12:00:00+00:00
1782306000000,62618.31,62628.75,61255.74,61338.01,2775.24015,2026-06-24 13:00:00+00:00
1782309600000,61338.0,61456.0,60888.0,61113.1,2839.40106,2026-06-24 14:00:00+00:00
1782313200000,61113.1,61150.13,60249.82,60250.0,3237.99155,2026-06-24 15:00:00+00:00
1782316800000,60250.0,60678.1,59622.0,59850.0,4274.39737,2026-06-24 16:00:00+00:00
1782320400000,59850.0,60057.18,59102.7,59404.0,3790.1806,2026-06-24 17:00:00+00:00
1782324000000,59404.0,59930.0,59310.85,59599.99,1583.51728,2026-06-24 18:00:00+00:00
1782327600000,59600.0,60000.0,59530.0,59958.3,1195.52715,2026-06-24 19:00:00+00:00
1782331200000,59958.3,61208.48,59854.0,60956.0,1821.39287,2026-06-24 20:00:00+00:00
1782334800000,60956.0,61144.63,60665.75,61110.0,801.00882,2026-06-24 21:00:00+00:00
1782338400000,61109.99,61276.0,60802.66,60873.99,523.65642,2026-06-24 22:00:00+00:00
1782342000000,60874.0,61112.0,60830.01,61077.99,416.02483,2026-06-24 23:00:00+00:00
1782345600000,61078.0,61163.16,60726.77,60832.0,766.62145,2026-06-25 00:00:00+00:00
1782349200000,60832.0,60988.0,60720.23,60928.0,615.84376,2026-06-25 01:00:00+00:00
1782352800000,60928.0,60966.0,60700.01,60799.08,580.03112,2026-06-25 02:00:00+00:00
1782356400000,60799.08,60910.63,60684.94,60883.65,479.47033,2026-06-25 03:00:00+00:00
1782360000000,60883.66,61410.0,60792.0,61357.63,536.03927,2026-06-25 04:00:00+00:00
1782363600000,61357.63,61807.04,61280.0,61600.01,1223.4059,2026-06-25 05:00:00+00:00
1782367200000,61600.02,61869.02,61600.01,61732.06,539.2877,2026-06-25 06:00:00+00:00
1782370800000,61732.06,61962.4,61670.0,61911.04,937.71339,2026-06-25 07:00:00+00:00
1782374400000,61911.03,61920.0,61684.87,61712.35,337.43778,2026-06-25 08:00:00+00:00
1782378000000,61712.36,61792.0,61614.32,61739.29,327.48572,2026-06-25 09:00:00+00:00
1782381600000,61739.29,61751.07,61257.79,61269.94,686.26895,2026-06-25 10:00:00+00:00
1782385200000,61269.95,61422.52,61066.0,61282.01,605.95603,2026-06-25 11:00:00+00:00
1782388800000,61282.0,61761.35,61080.0,61244.01,1124.99959,2026-06-25 12:00:00+00:00
1782392400000,61244.01,61369.18,58115.01,58290.17,6396.00513,2026-06-25 13:00:00+00:00
1782396000000,58291.7,60485.51,58291.7,59471.5,6002.27451,2026-06-25 14:00:00+00:00
1782399600000,59471.49,59655.86,58874.85,59557.99,2456.01373,2026-06-25 15:00:00+00:00
1782403200000,59557.99,60067.0,59157.63,59312.64,1765.10919,2026-06-25 16:00:00+00:00
1782406800000,59312.64,59740.9,59139.96,59676.01,1062.87634,2026-06-25 17:00:00+00:00
1782410400000,59676.0,59793.34,59364.0,59512.71,978.75101,2026-06-25 18:00:00+00:00
1782414000000,59512.71,59516.0,59168.82,59320.0,917.28893,2026-06-25 19:00:00+00:00
1782417600000,59319.99,59741.95,59319.99,59456.62,539.40098,2026-06-25 20:00:00+00:00
1782421200000,59456.62,60273.81,59452.01,60211.87,617.22274,2026-06-25 21:00:00+00:00
1782424800000,60211.86,60211.86,59740.0,59851.27,431.60976,2026-06-25 22:00:00+00:00
1782428400000,59851.27,60191.55,59739.99,59794.0,458.89363,2026-06-25 23:00:00+00:00
1782432000000,59794.64,59906.71,59642.77,59667.09,875.61527,2026-06-26 00:00:00+00:00
1782435600000,59667.09,59789.07,59228.0,59431.5,833.71293,2026-06-26 01:00:00+00:00
1782439200000,59431.49,59456.0,58358.77,58561.99,2633.6835,2026-06-26 02:00:00+00:00
1782442800000,58562.0,60131.37,58337.0,60036.01,1886.07235,2026-06-26 03:00:00+00:00
1782446400000,60036.0,60238.77,59836.17,59920.47,843.9784,2026-06-26 04:00:00+00:00
1782450000000,59920.47,60047.68,59736.0,59953.3,883.13649,2026-06-26 05:00:00+00:00
1782453600000,59953.3,60459.55,59702.0,60324.0,1504.97927,2026-06-26 06:00:00+00:00
1782457200000,60324.0,60759.99,60283.08,60532.0,2153.07079,2026-06-26 07:00:00+00:00
1782460800000,60532.0,60580.0,60150.56,60245.67,803.85464,2026-06-26 08:00:00+00:00
1782464400000,60245.9,60259.37,59583.33,59736.01,832.22202,2026-06-26 09:00:00+00:00
1782468000000,59736.01,59858.93,59239.78,59313.26,1050.97441,2026-06-26 10:00:00+00:00
1782471600000,59313.26,59588.0,59259.78,59413.24,1048.3329,2026-06-26 11:00:00+00:00
1782475200000,59413.24,60007.91,58969.9,59185.02,1710.35381,2026-06-26 12:00:00+00:00
1782478800000,59185.02,60216.14,58500.1,60175.43,2730.33879,2026-06-26 13:00:00+00:00
1782482400000,60175.42,60294.0,59390.0,59590.73,1745.27867,2026-06-26 14:00:00+00:00
1782486000000,59590.73,60500.0,59584.01,60328.32,1582.87088,2026-06-26 15:00:00+00:00
1782489600000,60328.18,60583.0,59970.0,60041.75,1128.46917,2026-06-26 16:00:00+00:00
1782493200000,60041.76,60287.9,59952.0,60023.97,546.63522,2026-06-26 17:00:00+00:00
1782496800000,60023.96,60158.0,59556.0,59668.01,504.21141,2026-06-26 18:00:00+00:00
1782500400000,59668.01,60098.0,59617.37,59751.97,708.47753,2026-06-26 19:00:00+00:00
1782504000000,59751.96,59994.0,59571.31,59718.0,454.05927,2026-06-26 20:00:00+00:00
1782507600000,59717.99,60050.0,59678.0,59918.7,287.90036,2026-06-26 21:00:00+00:00
1782511200000,59918.7,60080.0,59754.0,60048.0,335.92054,2026-06-26 22:00:00+00:00
1782514800000,60048.0,60117.64,59923.27,60097.27,319.40861,2026-06-26 23:00:00+00:00
1782518400000,60097.27,60197.0,59876.22,60059.07,360.77885,2026-06-27 00:00:00+00:00
1782522000000,60059.09,60068.0,59936.07,59945.53,245.35114,2026-06-27 01:00:00+00:00
1782525600000,59945.53,60378.23,59921.68,60290.01,695.38686,2026-06-27 02:00:00+00:00
1782529200000,60290.01,60412.0,60159.91,60305.73,438.61125,2026-06-27 03:00:00+00:00
1782532800000,60305.73,60482.0,60217.26,60239.99,303.30454,2026-06-27 04:00:00+00:00
1782536400000,60240.0,60311.0,60136.0,60236.76,444.9193,2026-06-27 05:00:00+00:00
1782540000000,60236.75,60500.0,60093.33,60370.62,581.81791,2026-06-27 06:00:00+00:00
1782543600000,60370.63,60574.0,60300.0,60548.07,825.68653,2026-06-27 07:00:00+00:00
1782547200000,60548.06,60548.74,60371.62,60456.0,470.55782,2026-06-27 08:00:00+00:00
1782550800000,60456.0,60511.99,60289.55,60414.62,307.96541,2026-06-27 09:00:00+00:00
1782554400000,60414.62,60487.31,60380.0,60420.28,137.8511,2026-06-27 10:00:00+00:00
1782558000000,60420.28,60447.8,60198.94,60363.65,275.39332,2026-06-27 11:00:00+00:00
1782561600000,60363.65,60430.01,60257.03,60430.0,349.0457,2026-06-27 12:00:00+00:00
1782565200000,60430.0,60665.74,60394.0,60588.35,434.13389,2026-06-27 13:00:00+00:00
1782568800000,60588.35,60728.0,60510.0,60611.5,306.64293,2026-06-27 14:00:00+00:00
1782572400000,60611.49,60941.17,60570.0,60840.06,606.25294,2026-06-27 15:00:00+00:00
1782576000000,60840.06,60855.03,60673.64,60807.99,239.6938,2026-06-27 16:00:00+00:00
1782579600000,60808.0,60818.76,60413.15,60524.88,548.67896,2026-06-27 17:00:00+00:00
1782583200000,60524.89,60576.03,60446.25,60570.86,229.00634,2026-06-27 18:00:00+00:00
1782586800000,60570.86,60605.41,60085.88,60175.95,414.61342,2026-06-27 19:00:00+00:00
1782590400000,60175.95,60306.0,60173.07,60300.0,220.12001,2026-06-27 20:00:00+00:00
1782594000000,60300.0,60482.18,60142.0,60203.82,280.50282,2026-06-27 21:00:00+00:00
1782597600000,60203.83,60256.56,59855.16,60228.95,377.17485,2026-06-27 22:00:00+00:00
1782601200000,60228.96,60320.0,59952.0,60029.0,493.73947,2026-06-27 23:00:00+00:00
1782604800000,60029.01,60190.0,60018.0,60146.0,462.24707,2026-06-28 00:00:00+00:00
1782608400000,60146.0,60273.38,59986.0,60222.22,267.56528,2026-06-28 01:00:00+00:00
1782612000000,60222.21,60339.99,60054.0,60150.45,403.64282,2026-06-28 02:00:00+00:00
1782615600000,60150.46,60275.0,60150.45,60197.04,255.71231,2026-06-28 03:00:00+00:00
1782619200000,60197.03,60231.83,60088.04,60133.0,191.50597,2026-06-28 04:00:00+00:00
1782622800000,60133.01,60140.0,59753.48,59989.17,345.08439,2026-06-28 05:00:00+00:00
1782626400000,59989.18,60030.0,59808.0,60002.82,217.95005,2026-06-28 06:00:00+00:00
1782630000000,60002.82,60259.68,60000.0,60219.99,361.83587,2026-06-28 07:00:00+00:00
1782633600000,60220.0,60545.01,60140.14,60370.0,491.6084,2026-06-28 08:00:00+00:00
1782637200000,60370.01,60462.0,60250.81,60258.84,222.4062,2026-06-28 09:00:00+00:00
1782640800000,60258.85,60292.48,60068.0,60166.71,181.18756,2026-06-28 10:00:00+00:00
1782644400000,60166.71,60374.05,60100.0,60342.0,225.05378,2026-06-28 11:00:00+00:00
1782648000000,60341.99,60457.02,60190.0,60293.51,212.9354,2026-06-28 12:00:00+00:00
1782651600000,60293.5,60293.51,59963.86,60071.88,369.88204,2026-06-28 13:00:00+00:00
1782655200000,60071.89,60250.0,60018.0,60033.0,318.13606,2026-06-28 14:00:00+00:00
1782658800000,60033.01,60130.0,59817.28,59890.0,467.03244,2026-06-28 15:00:00+00:00
1782662400000,59890.35,59943.9,59582.34,59690.62,567.70369,2026-06-28 16:00:00+00:00
1782666000000,59690.62,59848.0,59403.77,59586.01,519.06441,2026-06-28 17:00:00+00:00
1782669600000,59586.0,59700.0,59502.0,59614.46,272.01169,2026-06-28 18:00:00+00:00
1782673200000,59614.46,59682.0,59270.26,59481.79,301.99561,2026-06-28 19:00:00+00:00
1782676800000,59481.78,59765.9,59474.28,59660.0,227.14803,2026-06-28 20:00:00+00:00
1782680400000,59660.0,59796.66,59333.33,59445.95,531.65984,2026-06-28 21:00:00+00:00
1782684000000,59445.96,59906.0,58905.0,59067.01,983.67622,2026-06-28 22:00:00+00:00
1782687600000,59067.0,59848.0,59011.99,59577.01,510.09283,2026-06-28 23:00:00+00:00
1782691200000,59577.01,59700.0,59000.01,59667.01,549.31747,2026-06-29 00:00:00+00:00
1782694800000,59667.0,59697.0,59206.0,59440.95,647.05387,2026-06-29 01:00:00+00:00
1782698400000,59440.95,59812.0,58900.01,59757.46,1223.86338,2026-06-29 02:00:00+00:00
1782702000000,59757.47,60233.0,59757.47,60049.46,780.88525,2026-06-29 03:00:00+00:00
1782705600000,60049.45,60053.99,59746.0,59830.0,361.46912,2026-06-29 04:00:00+00:00
1782709200000,59830.01,60102.8,59392.02,60102.8,496.75535,2026-06-29 05:00:00+00:00
1782712800000,60102.8,60346.27,60050.67,60075.49,683.16036,2026-06-29 06:00:00+00:00
1782716400000,60075.5,60186.94,59936.0,60026.0,536.94262,2026-06-29 07:00:00+00:00
1782720000000,60026.01,60093.99,59745.46,59840.0,550.67382,2026-06-29 08:00:00+00:00
1782723600000,59840.01,60104.0,59778.76,60057.0,747.08903,2026-06-29 09:00:00+00:00
1782727200000,60057.0,60311.95,60056.99,60088.0,441.90219,2026-06-29 10:00:00+00:00
1782730800000,60088.0,60216.0,59796.0,59956.05,515.67042,2026-06-29 11:00:00+00:00
1782734400000,59956.05,60780.57,59595.09,59948.78,2600.10754,2026-06-29 12:00:00+00:00
1782738000000,59948.79,60340.0,59319.9,59580.0,2144.2543,2026-06-29 13:00:00+00:00
1782741600000,59580.0,59699.99,59011.0,59469.67,1999.07246,2026-06-29 14:00:00+00:00
1782745200000,59469.45,59960.0,59097.58,59824.01,1368.0568,2026-06-29 15:00:00+00:00
1782748800000,59824.01,60030.0,59584.48,59892.86,663.03532,2026-06-29 16:00:00+00:00
1782752400000,59892.87,60683.84,59892.0,60413.99,1795.75633,2026-06-29 17:00:00+00:00
1782756000000,60413.99,60520.0,60193.87,60295.0,525.48841,2026-06-29 18:00:00+00:00
1782759600000,60295.0,60557.5,60153.35,60433.49,501.01522,2026-06-29 19:00:00+00:00
1782763200000,60433.5,60553.06,60295.32,60296.0,312.86249,2026-06-29 20:00:00+00:00
1782766800000,60296.01,60585.99,60261.89,60479.72,294.76243,2026-06-29 21:00:00+00:00
1782770400000,60479.71,60516.0,60350.0,60352.31,211.76202,2026-06-29 22:00:00+00:00
1782774000000,60352.31,60379.23,60194.01,60260.21,252.18558,2026-06-29 23:00:00+00:00
1782777600000,60260.2,60276.54,59700.0,59838.01,709.83194,2026-06-30 00:00:00+00:00
1782781200000,59838.01,60048.98,59771.0,59939.94,341.19535,2026-06-30 01:00:00+00:00
1782784800000,59939.94,60042.54,59755.0,59948.24,424.27619,2026-06-30 02:00:00+00:00
1782788400000,59948.24,60031.75,59600.0,59627.48,381.85931,2026-06-30 03:00:00+00:00
1782792000000,59627.47,59700.0,59433.36,59492.01,774.8482,2026-06-30 04:00:00+00:00
1782795600000,59492.01,59656.89,59360.0,59652.13,807.92024,2026-06-30 05:00:00+00:00
1782799200000,59652.13,59712.88,59513.72,59592.0,708.76994,2026-06-30 06:00:00+00:00
1782802800000,59592.0,59632.0,59444.0,59524.01,762.40668,2026-06-30 07:00:00+00:00
1782806400000,59524.01,59551.03,59189.0,59311.92,879.64073,2026-06-30 08:00:00+00:00
1782810000000,59311.26,59420.0,59252.0,59374.96,442.65865,2026-06-30 09:00:00+00:00
1782813600000,59374.96,59420.0,59286.36,59334.01,300.40182,2026-06-30 10:00:00+00:00
1782817200000,59334.01,59413.27,59123.01,59192.7,466.77156,2026-06-30 11:00:00+00:00
1782820800000,59192.71,59192.71,58403.51,58412.0,2043.39825,2026-06-30 12:00:00+00:00
1782824400000,58411.99,58802.66,58228.33,58737.18,2504.50868,2026-06-30 13:00:00+00:00
1782828000000,58737.17,59276.6,58433.0,58482.81,1779.99006,2026-06-30 14:00:00+00:00
1782831600000,58482.81,58796.0,58201.0,58381.99,1563.15031,2026-06-30 15:00:00+00:00
1782835200000,58382.0,58632.0,58241.79,58497.65,1178.89718,2026-06-30 16:00:00+00:00
1782838800000,58497.65,58618.65,58310.72,58417.99,632.53618,2026-06-30 17:00:00+00:00
1782842400000,58417.99,58699.98,58351.56,58680.87,605.07781,2026-06-30 18:00:00+00:00
1782846000000,58680.86,58839.16,58586.01,58818.05,678.6415,2026-06-30 19:00:00+00:00
1782849600000,58818.0,58874.99,58648.26,58732.01,428.82351,2026-06-30 20:00:00+00:00
1782853200000,58732.0,58770.0,58509.99,58639.99,398.14222,2026-06-30 21:00:00+00:00
1782856800000,58639.99,58806.91,58513.8,58607.99,274.43078,2026-06-30 22:00:00+00:00
1782860400000,58607.99,58664.0,58555.0,58624.71,551.65078,2026-06-30 23:00:00+00:00
1782864000000,58624.71,58750.68,58310.0,58576.0,670.64661,2026-07-01 00:00:00+00:00
1782867600000,58575.99,59022.81,57800.19,58770.57,2987.12539,2026-07-01 01:00:00+00:00
1782871200000,58770.58,59171.63,58663.95,59085.0,692.74758,2026-07-01 02:00:00+00:00
1782874800000,59085.0,59318.0,58850.0,59197.13,715.44075,2026-07-01 03:00:00+00:00
1782878400000,59197.12,59457.0,59062.0,59339.99,480.11636,2026-07-01 04:00:00+00:00
1782882000000,59339.99,59376.48,59126.42,59154.33,432.30487,2026-07-01 05:00:00+00:00
1782885600000,59154.33,59156.0,58534.31,58755.8,794.13401,2026-07-01 06:00:00+00:00
1782889200000,58755.8,58823.9,58600.0,58768.65,479.85852,2026-07-01 07:00:00+00:00
1782892800000,58768.64,58984.0,58500.0,58973.99,381.93254,2026-07-01 08:00:00+00:00
1782896400000,58973.99,59091.99,58825.61,58944.55,417.79405,2026-07-01 09:00:00+00:00
1782900000000,58944.55,58948.47,58624.0,58659.98,405.70309,2026-07-01 10:00:00+00:00
1782903600000,58659.97,58755.9,58550.0,58622.03,396.69177,2026-07-01 11:00:00+00:00
1782907200000,58622.02,58676.0,58326.0,58538.01,1716.61119,2026-07-01 12:00:00+00:00
1782910800000,58538.0,59508.0,58536.0,59498.03,2321.79547,2026-07-01 13:00:00+00:00
1782914400000,59498.03,60092.0,59278.0,59542.0,3726.2091,2026-07-01 14:00:00+00:00
1782918000000,59541.99,60536.55,59520.51,60147.15,2322.06211,2026-07-01 15:00:00+00:00
1782921600000,60147.15,60267.17,59865.75,59920.0,862.80045,2026-07-01 16:00:00+00:00
1782925200000,59920.0,60239.84,59787.35,60190.6,480.08928,2026-07-01 17:00:00+00:00
1782928800000,60190.59,60298.0,60016.4,60171.16,343.31457,2026-07-01 18:00:00+00:00
1782932400000,60171.16,60352.93,60000.0,60028.67,548.14825,2026-07-01 19:00:00+00:00
1782936000000,60029.39,60198.0,59876.0,60126.0,313.10277,2026-07-01 20:00:00+00:00
1782939600000,60126.0,60846.95,60124.89,60815.99,1153.57611,2026-07-01 21:00:00+00:00
1782943200000,60815.99,61334.0,60339.0,60478.01,1877.61599,2026-07-01 22:00:00+00:00
1782946800000,60478.0,60478.0,59984.86,60024.0,573.62579,2026-07-01 23:00:00+00:00
1782950400000,60024.0,60028.0,59588.0,59761.73,857.93081,2026-07-02 00:00:00+00:00
1782954000000,59761.74,60324.99,59715.8,60175.92,634.42084,2026-07-02 01:00:00+00:00
1782957600000,60175.91,60495.24,60015.68,60423.1,520.9397,2026-07-02 02:00:00+00:00
1782961200000,60423.11,61121.78,60300.02,61058.0,891.65369,2026-07-02 03:00:00+00:00
1782964800000,61057.99,61058.0,60728.0,60787.98,793.20588,2026-07-02 04:00:00+00:00
1782968400000,60787.98,60877.69,60488.0,60504.54,836.16486,2026-07-02 05:00:00+00:00
1782972000000,60504.54,60652.74,60260.0,60274.01,838.53408,2026-07-02 06:00:00+00:00
1782975600000,60274.01,60315.93,60104.0,60149.99,593.99067,2026-07-02 07:00:00+00:00
1782979200000,60149.99,60555.06,60132.51,60511.99,573.38622,2026-07-02 08:00:00+00:00
1782982800000,60512.0,61437.49,60376.13,61184.0,1895.63178,2026-07-02 09:00:00+00:00
1782986400000,61184.0,61350.0,61051.07,61263.68,711.1086,2026-07-02 10:00:00+00:00
1782990000000,61263.93,61388.0,61125.58,61358.01,823.29588,2026-07-02 11:00:00+00:00
1782993600000,61358.0,61614.0,61147.23,61542.53,1476.64291,2026-07-02 12:00:00+00:00
1782997200000,61542.53,62053.0,61506.0,61939.04,2503.04906,2026-07-02 13:00:00+00:00
1783000800000,61939.04,62200.0,61394.49,61696.61,1834.43153,2026-07-02 14:00:00+00:00
1783004400000,61696.61,61850.86,61427.39,61612.93,955.089,2026-07-02 15:00:00+00:00
1783008000000,61612.93,61790.13,61108.99,61682.34,1526.68052,2026-07-02 16:00:00+00:00
1783011600000,61682.34,61962.43,61619.69,61667.39,742.84693,2026-07-02 17:00:00+00:00
1783015200000,61667.4,61900.29,61664.39,61761.36,457.24217,2026-07-02 18:00:00+00:00
1783018800000,61761.36,61763.81,61424.0,61479.6,567.93379,2026-07-02 19:00:00+00:00
1783022400000,61479.59,61596.0,61342.0,61584.78,435.70751,2026-07-02 20:00:00+00:00
1783026000000,61584.77,61653.43,61516.0,61592.26,335.09994,2026-07-02 21:00:00+00:00
1783029600000,61592.26,61596.62,61406.28,61465.26,313.41399,2026-07-02 22:00:00+00:00
1783033200000,61465.26,61606.0,61350.02,61560.0,263.74127,2026-07-02 23:00:00+00:00
1783036800000,61560.0,61578.0,61248.86,61308.75,803.35853,2026-07-03 00:00:00+00:00
1783040400000,61308.75,61733.11,61286.0,61588.0,365.29608,2026-07-03 01:00:00+00:00
1783044000000,61588.0,61664.62,61294.0,61440.01,718.15053,2026-07-03 02:00:00+00:00
1783047600000,61440.01,61575.15,61324.0,61434.0,592.37701,2026-07-03 03:00:00+00:00
1783051200000,61434.0,61524.01,61332.76,61448.0,597.68744,2026-07-03 04:00:00+00:00
1783054800000,61448.0,61808.0,61430.0,61700.49,669.42027,2026-07-03 05:00:00+00:00
1783058400000,61700.49,61850.0,61612.0,61710.01,821.5655,2026-07-03 06:00:00+00:00
1783062000000,61710.01,61864.99,61659.32,61750.47,1075.23435,2026-07-03 07:00:00+00:00
1783065600000,61750.47,61896.99,61554.07,61584.0,341.60269,2026-07-03 08:00:00+00:00
1783069200000,61583.99,61783.89,61510.01,61718.68,336.50784,2026-07-03 09:00:00+00:00
1783072800000,61718.69,62038.0,61663.98,61916.46,481.39402,2026-07-03 10:00:00+00:00
1783076400000,61916.46,62103.1,61840.0,62024.02,549.87382,2026-07-03 11:00:00+00:00
1783080000000,62024.01,62174.47,61871.66,61983.99,627.72129,2026-07-03 12:00:00+00:00
1783083600000,61984.0,62282.0,61944.0,62116.01,790.28341,2026-07-03 13:00:00+00:00
1783087200000,62116.0,62280.0,61700.0,62167.48,768.79968,2026-07-03 14:00:00+00:00
1783090800000,62167.47,62400.0,61820.0,61922.72,627.67216,2026-07-03 15:00:00+00:00
1783094400000,61922.71,62125.99,61911.65,62104.81,308.0973,2026-07-03 16:00:00+00:00
1783098000000,62104.81,62292.51,62068.78,62194.0,345.47791,2026-07-03 17:00:00+00:00
1783101600000,62193.99,62250.0,62118.0,62204.01,298.61687,2026-07-03 18:00:00+00:00
1783105200000,62204.0,62317.64,62146.0,62210.0,345.20311,2026-07-03 19:00:00+00:00
1783108800000,62210.0,62907.77,62186.01,62776.92,1103.81636,2026-07-03 20:00:00+00:00
1783112400000,62776.91,62979.86,62518.72,62732.0,530.36622,2026-07-03 21:00:00+00:00
1783116000000,62732.0,62748.01,62538.47,62578.0,461.77097,2026-07-03 22:00:00+00:00
1783119600000,62578.0,62707.67,62529.03,62583.26,488.69291,2026-07-03 23:00:00+00:00
1783123200000,62583.26,62946.0,62578.55,62756.29,451.82518,2026-07-04 00:00:00+00:00
1783126800000,62756.29,62756.29,62404.25,62468.44,740.55394,2026-07-04 01:00:00+00:00
1783130400000,62468.44,62576.0,62432.0,62538.96,288.40853,2026-07-04 02:00:00+00:00
1783134000000,62538.96,62750.0,62484.01,62627.29,272.8732,2026-07-04 03:00:00+00:00
1783137600000,62627.28,62749.97,62590.06,62700.0,372.06056,2026-07-04 04:00:00+00:00
1783141200000,62700.0,62700.01,62441.29,62471.52,289.90978,2026-07-04 05:00:00+00:00
1783144800000,62471.53,62559.43,62328.24,62500.01,328.21302,2026-07-04 06:00:00+00:00
1783148400000,62500.01,62634.24,62470.0,62576.0,488.37245,2026-07-04 07:00:00+00:00
1783152000000,62576.0,62674.47,62516.46,62553.78,325.39629,2026-07-04 08:00:00+00:00
1783155600000,62553.78,62583.99,62415.87,62494.0,256.44372,2026-07-04 09:00:00+00:00
1783159200000,62494.01,62545.02,62445.38,62513.0,261.05012,2026-07-04 10:00:00+00:00
1783162800000,62512.99,62563.84,62456.24,62482.01,236.75332,2026-07-04 11:00:00+00:00
1783166400000,62482.0,62696.78,62482.0,62664.01,160.12973,2026-07-04 12:00:00+00:00
1783170000000,62664.01,62776.92,62542.0,62588.84,234.91268,2026-07-04 13:00:00+00:00
1783173600000,62588.84,62738.28,62585.53,62693.99,214.12592,2026-07-04 14:00:00+00:00
1783177200000,62693.99,63075.46,62687.89,62943.29,746.82104,2026-07-04 15:00:00+00:00
1783180800000,62943.29,62968.29,62786.0,62927.29,446.2616,2026-07-04 16:00:00+00:00
1783184400000,62927.3,63439.62,62803.0,63280.38,752.34234,2026-07-04 17:00:00+00:00
1783188000000,63280.38,63346.0,63092.02,63172.78,347.58599,2026-07-04 18:00:00+00:00
1783191600000,63172.79,63461.99,63123.49,63294.72,328.68996,2026-07-04 19:00:00+00:00
1783195200000,63294.72,63392.0,63155.37,63233.78,287.12408,2026-07-04 20:00:00+00:00
1783198800000,63233.79,63448.0,63202.0,63297.84,239.07967,2026-07-04 21:00:00+00:00
1783202400000,63297.83,63310.0,63160.0,63184.99,486.87752,2026-07-04 22:00:00+00:00
1783206000000,63185.0,63241.33,62927.98,63144.01,584.01676,2026-07-04 23:00:00+00:00
1783209600000,63144.01,63144.01,62888.86,62991.29,348.66174,2026-07-05 00:00:00+00:00
1783213200000,62991.3,63043.15,62800.0,62887.94,447.61772,2026-07-05 01:00:00+00:00
1783216800000,62887.93,62926.0,62596.08,62693.56,307.64194,2026-07-05 02:00:00+00:00
1783220400000,62693.57,62796.39,62658.0,62769.04,211.72564,2026-07-05 03:00:00+00:00
1783224000000,62769.03,62952.93,62712.0,62815.99,288.42759,2026-07-05 04:00:00+00:00
1783227600000,62815.99,62815.99,62659.65,62740.5,312.61219,2026-07-05 05:00:00+00:00
1783231200000,62740.5,62819.91,62669.99,62782.18,269.63913,2026-07-05 06:00:00+00:00
1783234800000,62782.18,63059.99,62718.31,63020.21,393.71695,2026-07-05 07:00:00+00:00
1783238400000,63020.21,63104.0,62900.0,62915.0,337.45972,2026-07-05 08:00:00+00:00
1783242000000,62915.0,62930.16,62436.59,62622.18,562.27226,2026-07-05 09:00:00+00:00
1783245600000,62622.18,62756.25,62536.57,62756.12,183.32618,2026-07-05 10:00:00+00:00
1783249200000,62756.12,62812.0,62600.03,62658.92,268.20384,2026-07-05 11:00:00+00:00
1783252800000,62658.92,62772.0,62569.37,62745.01,294.54856,2026-07-05 12:00:00+00:00
1783256400000,62745.0,62819.66,62644.12,62792.0,337.44331,2026-07-05 13:00:00+00:00
1783260000000,62791.99,62818.37,62656.02,62812.25,219.35892,2026-07-05 14:00:00+00:00
1783263600000,62812.25,62943.59,62679.76,62740.01,243.82359,2026-07-05 15:00:00+00:00
1783267200000,62740.01,62772.86,62590.02,62637.48,344.55738,2026-07-05 16:00:00+00:00
1783270800000,62637.48,62820.0,62594.38,62624.93,275.09476,2026-07-05 17:00:00+00:00
1783274400000,62624.93,62880.0,62616.0,62820.33,372.13939,2026-07-05 18:00:00+00:00
1783278000000,62820.33,62888.14,62714.98,62768.88,297.34041,2026-07-05 19:00:00+00:00
1783281600000,62768.87,62836.01,62700.0,62730.61,164.5638,2026-07-05 20:00:00+00:00
1783285200000,62730.61,63220.0,62609.47,63092.01,428.51084,2026-07-05 21:00:00+00:00
1783288800000,63092.0,63964.48,63005.04,63736.0,1512.51245,2026-07-05 22:00:00+00:00
1783292400000,63735.99,63999.0,63577.36,63650.0,750.87927,2026-07-05 23:00:00+00:00
1783296000000,63650.01,63772.52,63350.0,63761.99,854.38324,2026-07-06 00:00:00+00:00
1783299600000,63761.98,63920.0,63550.0,63576.0,432.9767,2026-07-06 01:00:00+00:00
1783303200000,63576.0,63669.45,63373.13,63460.01,398.01222,2026-07-06 02:00:00+00:00
1783306800000,63460.01,63495.14,63136.01,63294.0,420.90012,2026-07-06 03:00:00+00:00
1783310400000,63294.0,63402.77,63187.98,63267.99,278.63053,2026-07-06 04:00:00+00:00
1783314000000,63267.99,63268.0,62950.0,63114.0,702.75025,2026-07-06 05:00:00+00:00
1783317600000,63113.99,63152.7,62972.0,62976.0,622.44998,2026-07-06 06:00:00+00:00
1783321200000,62976.0,63120.0,62890.0,63089.42,529.35201,2026-07-06 07:00:00+00:00
1783324800000,63089.42,63244.0,62800.13,62904.01,536.0688,2026-07-06 08:00:00+00:00
1783328400000,62904.01,62914.0,62630.85,62664.77,432.26087,2026-07-06 09:00:00+00:00
1783332000000,62664.77,63030.0,62664.76,62822.06,454.82776,2026-07-06 10:00:00+00:00
1783335600000,62822.07,63000.0,62483.83,62483.84,610.79996,2026-07-06 11:00:00+00:00
1783339200000,62483.84,62487.98,61668.2,61754.01,2426.65551,2026-07-06 12:00:00+00:00
1783342800000,61754.01,62034.0,61306.84,61768.21,3623.91016,2026-07-06 13:00:00+00:00
1783346400000,61768.2,62411.41,61712.54,62052.0,1203.78704,2026-07-06 14:00:00+00:00
1783350000000,62052.0,63550.0,62052.0,63545.98,2153.37389,2026-07-06 15:00:00+00:00
1783353600000,63545.98,63863.0,63386.01,63732.0,1748.98599,2026-07-06 16:00:00+00:00
1783357200000,63732.0,63976.16,63570.16,63587.38,885.44922,2026-07-06 17:00:00+00:00
1783360800000,63587.38,63886.0,63560.0,63696.4,345.76423,2026-07-06 18:00:00+00:00
1783364400000,63696.4,63887.93,63652.42,63738.52,308.11427,2026-07-06 19:00:00+00:00
1783368000000,63738.52,63892.65,63589.41,63828.0,314.93037,2026-07-06 20:00:00+00:00
1783371600000,63828.0,64700.0,63810.0,64489.98,1489.51024,2026-07-06 21:00:00+00:00
1783375200000,64489.97,64500.0,64151.01,64244.0,313.47871,2026-07-06 22:00:00+00:00
1783378800000,64244.0,64340.76,64017.78,64042.02,347.9123,2026-07-06 23:00:00+00:00
1783382400000,64042.93,64314.0,63997.5,64203.99,545.80462,2026-07-07 00:00:00+00:00
1783386000000,64203.99,64204.0,63767.04,63840.0,600.7847,2026-07-07 01:00:00+00:00
1783389600000,63840.0,63908.0,63288.01,63322.01,624.33941,2026-07-07 02:00:00+00:00
1783393200000,63322.01,63414.0,63150.0,63191.01,378.30046,2026-07-07 03:00:00+00:00
1783396800000,63191.01,63288.33,63064.0,63100.01,658.55856,2026-07-07 04:00:00+00:00
1783400400000,63100.0,63278.99,62800.0,63128.01,725.48406,2026-07-07 05:00:00+00:00
1783404000000,63128.0,63400.0,62984.42,63340.0,869.08707,2026-07-07 06:00:00+00:00
1783407600000,63340.01,63445.7,63072.1,63083.18,615.24857,2026-07-07 07:00:00+00:00
1783411200000,63083.19,63184.0,62984.58,63104.0,444.0167,2026-07-07 08:00:00+00:00
1783414800000,63104.0,63348.73,63063.28,63256.0,320.22634,2026-07-07 09:00:00+00:00
1783418400000,63256.01,63467.15,63228.17,63284.0,496.91971,2026-07-07 10:00:00+00:00
1783422000000,63284.0,63452.0,63116.02,63406.0,399.36572,2026-07-07 11:00:00+00:00
1783425600000,63405.99,63872.0,63396.58,63481.39,618.18499,2026-07-07 12:00:00+00:00
1783429200000,63481.39,63482.5,63000.0,63056.0,1055.47861,2026-07-07 13:00:00+00:00
1783432800000,63056.0,63634.0,62671.39,63562.05,1684.44273,2026-07-07 14:00:00+00:00
1783436400000,63562.05,64105.0,63376.22,63930.51,2129.05569,2026-07-07 15:00:00+00:00
1783440000000,63930.5,64243.75,63810.0,63983.27,825.1364,2026-07-07 16:00:00+00:00
1783443600000,63983.28,64232.0,63896.21,64186.0,713.19138,2026-07-07 17:00:00+00:00
1783447200000,64185.99,64188.0,63672.01,63679.99,804.35069,2026-07-07 18:00:00+00:00
1783450800000,63679.99,63894.58,63379.69,63817.99,809.87318,2026-07-07 19:00:00+00:00
1783454400000,63818.0,63901.75,63585.0,63697.99,461.15497,2026-07-07 20:00:00+00:00
1783458000000,63698.0,63866.0,63313.1,63423.94,445.13714,2026-07-07 21:00:00+00:00
1783461600000,63423.93,63660.0,63218.0,63551.02,344.82337,2026-07-07 22:00:00+00:00
1783465200000,63551.02,63708.0,63320.0,63363.99,265.24316,2026-07-07 23:00:00+00:00
1783468800000,63364.0,63761.99,63307.36,63612.77,656.59812,2026-07-08 00:00:00+00:00
1783472400000,63612.78,63649.5,62921.78,63038.01,690.76172,2026-07-08 01:00:00+00:00
1783476000000,63038.0,63066.0,62525.47,62979.99,1271.45366,2026-07-08 02:00:00+00:00
1783479600000,62979.98,63094.0,62700.18,62766.0,326.19539,2026-07-08 03:00:00+00:00
1783483200000,62766.0,62901.49,62676.0,62800.0,435.16461,2026-07-08 04:00:00+00:00
1783486800000,62800.01,62876.95,62558.0,62637.88,716.63481,2026-07-08 05:00:00+00:00
1783490400000,62637.88,62746.0,62477.04,62657.81,457.84929,2026-07-08 06:00:00+00:00
1783494000000,62657.82,62894.89,62550.0,62888.35,483.7238,2026-07-08 07:00:00+00:00
1783497600000,62888.34,62941.46,61855.26,62018.36,1707.6886,2026-07-08 08:00:00+00:00
1783501200000,62018.36,62190.01,61743.83,62057.67,2058.44174,2026-07-08 09:00:00+00:00
1783504800000,62057.68,62199.97,61903.45,62183.12,934.16537,2026-07-08 10:00:00+00:00
1783508400000,62183.11,62392.04,62055.63,62299.99,576.86496,2026-07-08 11:00:00+00:00
1783512000000,62300.0,62451.08,61953.58,61957.73,877.49143,2026-07-08 12:00:00+00:00
1783515600000,61957.74,62090.0,61632.23,61945.49,1130.9924,2026-07-08 13:00:00+00:00
1783519200000,61945.49,62173.56,61712.0,61889.83,1415.74086,2026-07-08 14:00:00+00:00
1783522800000,61889.83,61922.0,61544.56,61704.01,1055.91275,2026-07-08 15:00:00+00:00
1783526400000,61704.01,62164.6,61692.0,62113.03,762.49481,2026-07-08 16:00:00+00:00
1783530000000,62113.02,62394.32,62032.0,62104.62,518.57431,2026-07-08 17:00:00+00:00
1783533600000,62104.62,62351.97,62045.2,62185.32,301.10629,2026-07-08 18:00:00+00:00
1783537200000,62185.33,62292.19,62068.0,62277.98,295.91802,2026-07-08 19:00:00+00:00
1783540800000,62277.98,62306.54,62082.8,62099.61,601.65946,2026-07-08 20:00:00+00:00
1783544400000,62099.62,62251.22,61956.0,62187.17,844.23046,2026-07-08 21:00:00+00:00
1783548000000,62187.17,62350.63,62178.0,62330.4,268.9098,2026-07-08 22:00:00+00:00
1783551600000,62330.4,62346.6,62174.0,62290.0,231.5253,2026-07-08 23:00:00+00:00
1783555200000,62290.01,62309.88,62058.51,62129.99,419.84137,2026-07-09 00:00:00+00:00
1783558800000,62129.99,62642.0,61837.1,61916.0,891.27709,2026-07-09 01:00:00+00:00
1783562400000,61916.0,62121.21,61705.29,61788.8,588.18699,2026-07-09 02:00:00+00:00
1783566000000,61788.79,62062.99,61730.0,61974.34,608.39784,2026-07-09 03:00:00+00:00
1783569600000,61974.34,62456.29,61956.46,62453.74,475.51774,2026-07-09 04:00:00+00:00
1783573200000,62453.74,62624.61,62236.0,62589.61,907.8536,2026-07-09 05:00:00+00:00
1783576800000,62589.61,62980.0,62485.58,62959.96,790.33126,2026-07-09 06:00:00+00:00
1783580400000,62959.96,63283.26,62788.06,63000.0,902.61366,2026-07-09 07:00:00+00:00
1783584000000,62999.99,63100.1,62855.63,62903.65,872.78917,2026-07-09 08:00:00+00:00
1783587600000,62903.66,63002.0,62786.82,62953.4,549.43771,2026-07-09 09:00:00+00:00
1783591200000,62953.4,63056.98,62688.0,62786.04,490.23056,2026-07-09 10:00:00+00:00
1783594800000,62786.05,62830.0,62614.66,62786.34,613.79257,2026-07-09 11:00:00+00:00
1783598400000,62786.33,62952.0,62465.39,62614.02,2694.46367,2026-07-09 12:00:00+00:00
1783602000000,62614.01,63240.15,62523.08,63028.35,732.96491,2026-07-09 13:00:00+00:00
1783605600000,63028.36,63144.79,62666.66,63016.0,598.40365,2026-07-09 14:00:00+00:00
1783609200000,63016.0,63261.0,62811.1,62868.05,857.13379,2026-07-09 15:00:00+00:00
1783612800000,62868.06,62996.0,62559.59,62700.01,532.13757,2026-07-09 16:00:00+00:00
1783616400000,62700.01,63165.12,62668.0,63142.79,730.95491,2026-07-09 17:00:00+00:00
1783620000000,63142.79,63500.0,63080.0,63219.03,776.88222,2026-07-09 18:00:00+00:00
1783623600000,63219.03,63375.73,63118.45,63248.1,606.23375,2026-07-09 19:00:00+00:00
1783627200000,63248.09,63330.85,63177.36,63313.38,236.61262,2026-07-09 20:00:00+00:00
1783630800000,63313.38,63397.94,63208.91,63274.59,261.44616,2026-07-09 21:00:00+00:00
1783634400000,63274.6,63418.0,63218.77,63218.78,274.28375,2026-07-09 22:00:00+00:00
1783638000000,63218.78,63325.0,63060.91,63230.0,331.02016,2026-07-09 23:00:00+00:00
1783641600000,63230.01,63255.49,62926.01,63113.93,626.86453,2026-07-10 00:00:00+00:00
1783645200000,63113.92,63999.99,62962.0,63749.86,1229.10229,2026-07-10 01:00:00+00:00
1783648800000,63749.86,64050.23,63692.76,63961.99,1017.85326,2026-07-10 02:00:00+00:00
1783652400000,63961.99,64050.0,63822.8,63947.2,410.93478,2026-07-10 03:00:00+00:00
1783656000000,63947.2,64176.86,63857.64,64047.88,567.80609,2026-07-10 04:00:00+00:00
1783659600000,64047.89,64200.0,63944.05,64115.99,507.936,2026-07-10 05:00:00+00:00
1783663200000,64116.0,64162.0,63836.0,63854.71,352.90834,2026-07-10 06:00:00+00:00
1783666800000,63854.71,64011.9,63802.02,63963.0,566.0984,2026-07-10 07:00:00+00:00
1783670400000,63963.0,64392.0,63962.99,64246.01,945.88564,2026-07-10 08:00:00+00:00
1783674000000,64246.0,64480.01,64102.0,64385.09,1051.0085,2026-07-10 09:00:00+00:00
1783677600000,64385.09,64494.84,64274.47,64407.8,400.85807,2026-07-10 10:00:00+00:00
1783681200000,64407.8,64480.0,64341.83,64425.18,337.28843,2026-07-10 11:00:00+00:00
1783684800000,64425.18,64608.0,63999.0,64286.64,1081.95063,2026-07-10 12:00:00+00:00
1783688400000,64286.65,64692.83,64152.84,64484.0,826.67946,2026-07-10 13:00:00+00:00
1783692000000,64484.0,64516.0,63793.43,63914.87,1338.73193,2026-07-10 14:00:00+00:00
1783695600000,63914.88,64210.0,63898.0,64040.0,737.82713,2026-07-10 15:00:00+00:00
1783699200000,64039.99,64220.0,63826.57,64140.01,671.46586,2026-07-10 16:00:00+00:00
1783702800000,64140.0,64158.58,63821.88,63823.99,491.57909,2026-07-10 17:00:00+00:00
1783706400000,63824.0,64003.99,63732.66,63810.0,566.18067,2026-07-10 18:00:00+00:00
1783710000000,63809.99,64077.56,63780.0,63917.88,1227.53052,2026-07-10 19:00:00+00:00
1783713600000,63917.88,63946.36,63656.0,63841.25,1126.81538,2026-07-10 20:00:00+00:00
1783717200000,63841.25,64099.56,63835.05,64011.99,307.30047,2026-07-10 21:00:00+00:00
1783720800000,64012.0,64169.39,63981.37,64112.29,508.14182,2026-07-10 22:00:00+00:00
1783724400000,64112.3,64222.61,64024.0,64161.72,690.25393,2026-07-10 23:00:00+00:00
1783728000000,64161.72,64168.49,64028.43,64124.0,315.78502,2026-07-11 00:00:00+00:00
1783731600000,64123.99,64310.0,64004.01,64012.95,405.42387,2026-07-11 01:00:00+00:00
1783735200000,64012.95,64166.0,63984.07,64158.04,205.49018,2026-07-11 02:00:00+00:00
1783738800000,64158.04,64195.04,64068.0,64150.42,174.79238,2026-07-11 03:00:00+00:00
1783742400000,64150.42,64213.55,64080.26,64152.0,223.52551,2026-07-11 04:00:00+00:00
1783746000000,64152.0,64221.99,64121.07,64176.01,535.97468,2026-07-11 05:00:00+00:00
1783749600000,64176.0,64278.0,64124.0,64219.1,302.84507,2026-07-11 06:00:00+00:00
1783753200000,64219.09,64256.55,64152.0,64162.18,422.67072,2026-07-11 07:00:00+00:00
1783756800000,64162.18,64300.0,64153.87,64265.98,169.11443,2026-07-11 08:00:00+00:00
1783760400000,64265.98,64300.0,64159.7,64167.34,347.53946,2026-07-11 09:00:00+00:00
1783764000000,64167.35,64204.02,64129.99,64196.0,421.25234,2026-07-11 10:00:00+00:00
1783767600000,64196.0,64215.32,64167.99,64198.0,417.44096,2026-07-11 11:00:00+00:00
1783771200000,64197.99,64228.0,64130.65,64195.49,408.31399,2026-07-11 12:00:00+00:00
1783774800000,64195.48,64266.0,64159.99,64235.66,352.18455,2026-07-11 13:00:00+00:00
1783778400000,64235.67,64504.11,64235.66,64350.07,551.43161,2026-07-11 14:00:00+00:00
1783782000000,64350.07,64484.01,63896.18,64175.75,1185.62457,2026-07-11 15:00:00+00:00
1783785600000,64175.75,64273.63,64084.0,64180.01,468.52631,2026-07-11 16:00:00+00:00
1783789200000,64180.0,64402.0,64164.08,64315.53,272.95245,2026-07-11 17:00:00+00:00
1783792800000,64315.53,64395.17,64288.91,64327.99,274.24491,2026-07-11 18:00:00+00:00
1783796400000,64327.99,64338.0,64233.23,64286.0,202.32307,2026-07-11 19:00:00+00:00
1783800000000,64286.0,64463.83,64285.99,64382.45,197.23083,2026-07-11 20:00:00+00:00
1783803600000,64382.44,64427.56,64338.09,64355.99,116.51883,2026-07-11 21:00:00+00:00
1783807200000,64355.99,64424.03,64144.47,64203.08,303.31895,2026-07-11 22:00:00+00:00
1783810800000,64203.09,64246.0,63819.0,63819.0,877.44963,2026-07-11 23:00:00+00:00
1783814400000,63819.01,63909.92,63702.16,63828.47,2302.50352,2026-07-12 00:00:00+00:00
1783818000000,63828.48,64172.66,63812.0,64133.61,394.25068,2026-07-12 01:00:00+00:00
1783821600000,64133.61,64133.62,64029.51,64070.39,908.56961,2026-07-12 02:00:00+00:00
1783825200000,64070.4,64223.74,64035.68,64223.73,488.95119,2026-07-12 03:00:00+00:00
1783828800000,64223.73,64245.87,63943.68,63999.93,412.9132,2026-07-12 04:00:00+00:00
1783832400000,63999.94,64024.48,63900.0,63959.93,291.33944,2026-07-12 05:00:00+00:00
1783836000000,63959.93,63962.85,63640.83,63762.46,526.52081,2026-07-12 06:00:00+00:00
1783839600000,63762.47,63908.39,63740.12,63885.27,506.72582,2026-07-12 07:00:00+00:00
1783843200000,63885.28,64100.32,63884.2,63983.18,1349.77159,2026-07-12 08:00:00+00:00
1783846800000,63983.18,64062.17,63764.0,63961.61,3089.49803,2026-07-12 09:00:00+00:00
1783850400000,63961.6,63961.6,63843.4,63865.76,250.37178,2026-07-12 10:00:00+00:00
1783854000000,63865.76,64030.0,63826.01,64018.01,158.66802,2026-07-12 11:00:00+00:00
1783857600000,64018.0,64135.0,63970.55,64026.0,320.06272,2026-07-12 12:00:00+00:00
1783861200000,64026.01,64097.99,63987.4,64023.14,369.91648,2026-07-12 13:00:00+00:00
1783864800000,64023.13,64290.11,63958.71,64203.08,261.44826,2026-07-12 14:00:00+00:00
1783868400000,64203.08,64262.15,64117.97,64176.0,230.70025,2026-07-12 15:00:00+00:00
1783872000000,64176.0,64209.64,64042.0,64177.7,260.32939,2026-07-12 16:00:00+00:00
1783875600000,64177.7,64177.74,64029.12,64078.0,243.96602,2026-07-12 17:00:00+00:00
1783879200000,64078.0,64150.0,64018.69,64147.99,207.74726,2026-07-12 18:00:00+00:00
1783882800000,64148.0,64270.0,64147.3,64228.59,178.3269,2026-07-12 19:00:00+00:00
1783886400000,64228.59,64254.0,64178.03,64198.89,158.2404,2026-07-12 20:00:00+00:00
1783890000000,64198.9,64232.02,63891.84,63920.4,317.29013,2026-07-12 21:00:00+00:00
1783893600000,63920.4,63923.99,63668.0,63886.87,425.91972,2026-07-12 22:00:00+00:00
1783897200000,63886.86,63914.85,63726.62,63780.0,260.80581,2026-07-12 23:00:00+00:00
1783900800000,63780.0,64425.0,63568.0,64072.01,1134.90308,2026-07-13 00:00:00+00:00
1783904400000,64072.0,64072.01,63376.53,63412.01,1113.66129,2026-07-13 01:00:00+00:00
1783908000000,63412.01,63541.94,63237.26,63375.99,621.99474,2026-07-13 02:00:00+00:00
1783911600000,63376.0,63382.95,62741.04,62806.41,1068.82271,2026-07-13 03:00:00+00:00
1783915200000,62806.41,62911.94,62620.13,62672.0,670.25607,2026-07-13 04:00:00+00:00
1783918800000,62672.0,62905.68,62500.76,62799.0,816.14848,2026-07-13 05:00:00+00:00
1783922400000,62799.01,62880.0,62710.45,62797.55,385.11506,2026-07-13 06:00:00+00:00
1783926000000,62797.55,63070.01,62753.69,62985.52,1476.1879,2026-07-13 07:00:00+00:00
1783929600000,62985.53,63302.88,62935.92,63206.97,1893.03927,2026-07-13 08:00:00+00:00
1783933200000,63206.98,63210.0,63086.12,63100.02,663.43575,2026-07-13 09:00:00+00:00
1783936800000,63100.02,63157.85,62862.28,62867.89,788.29364,2026-07-13 10:00:00+00:00
1783940400000,62867.9,63135.55,62867.9,62901.99,458.30123,2026-07-13 11:00:00+00:00
1783944000000,62901.99,62990.04,62570.0,62625.15,689.69237,2026-07-13 12:00:00+00:00
1783947600000,62625.15,62766.37,62164.0,62318.0,2175.34811,2026-07-13 13:00:00+00:00
1783951200000,62318.01,62794.97,62101.0,62791.85,1780.86024,2026-07-13 14:00:00+00:00
1783954800000,62791.85,62983.83,62559.58,62618.01,1226.00074,2026-07-13 15:00:00+00:00
1783958400000,62618.0,62629.35,62212.0,62276.0,970.69108,2026-07-13 16:00:00+00:00
1783962000000,62276.01,62370.0,61900.0,61904.99,1161.78052,2026-07-13 17:00:00+00:00
1783965600000,61904.99,62100.0,61824.97,62020.0,662.51495,2026-07-13 18:00:00+00:00
1783969200000,62020.0,62292.84,61990.0,62288.23,503.43262,2026-07-13 19:00:00+00:00
1783972800000,62288.23,62324.74,62050.71,62210.99,294.43026,2026-07-13 20:00:00+00:00
1783976400000,62211.0,62216.35,61897.45,62065.06,385.18322,2026-07-13 21:00:00+00:00
1783980000000,62065.05,62224.0,61911.31,61924.0,386.45256,2026-07-13 22:00:00+00:00
1783983600000,61924.0,62347.46,61882.88,62334.52,355.95615,2026-07-13 23:00:00+00:00
1783987200000,62334.52,62666.66,62272.2,62549.54,827.98236,2026-07-14 00:00:00+00:00
1783990800000,62549.55,62640.0,62460.03,62540.42,471.32047,2026-07-14 01:00:00+00:00
1783994400000,62540.41,62645.0,62329.98,62544.0,510.10327,2026-07-14 02:00:00+00:00
1783998000000,62544.0,62604.0,62314.0,62572.89,439.89615,2026-07-14 03:00:00+00:00
1784001600000,62572.88,62768.95,62539.71,62745.23,314.71779,2026-07-14 04:00:00+00:00
1784005200000,62745.24,62872.0,62697.69,62737.0,625.4247,2026-07-14 05:00:00+00:00
1784008800000,62737.0,62772.48,62566.01,62624.05,742.03175,2026-07-14 06:00:00+00:00
1784012400000,62624.06,62655.99,62516.93,62560.92,406.16223,2026-07-14 07:00:00+00:00
1784016000000,62560.92,62807.94,62500.0,62713.85,377.86259,2026-07-14 08:00:00+00:00
1784019600000,62713.85,62742.0,62534.29,62629.55,614.55321,2026-07-14 09:00:00+00:00
1784023200000,62629.56,62908.8,62609.47,62800.0,437.22084,2026-07-14 10:00:00+00:00
1784026800000,62800.01,62923.06,62713.6,62844.99,302.90008,2026-07-14 11:00:00+00:00
1784030400000,62844.99,63989.54,62780.84,63960.0,3109.78866,2026-07-14 12:00:00+00:00
1784034000000,63959.99,64181.99,63699.03,63840.01,1522.71413,2026-07-14 13:00:00+00:00
1784037600000,63840.01,64346.49,63580.99,64305.02,1089.85313,2026-07-14 14:00:00+00:00
1784041200000,64305.01,64966.43,64194.64,64743.99,3074.26518,2026-07-14 15:00:00+00:00
1784044800000,64744.0,64896.86,64606.0,64730.0,1264.07966,2026-07-14 16:00:00+00:00
1784048400000,64730.01,64730.01,64231.77,64621.43,1156.00933,2026-07-14 17:00:00+00:00
1784052000000,64621.43,64648.88,64477.23,64571.98,502.24971,2026-07-14 18:00:00+00:00
1784055600000,64571.99,64704.0,64487.38,64569.59,367.96179,2026-07-14 19:00:00+00:00
1784059200000,64569.59,64599.0,64419.99,64572.02,281.25074,2026-07-14 20:00:00+00:00
1784062800000,64572.02,64893.92,64526.0,64676.9,427.49727,2026-07-14 21:00:00+00:00
1784066400000,64676.89,65100.0,64516.0,64860.89,1268.06322,2026-07-14 22:00:00+00:00
1784070000000,64860.89,65048.0,64782.0,65043.98,418.50558,2026-07-14 23:00:00+00:00
1784073600000,65043.99,65065.01,64765.12,64824.58,352.45343,2026-07-15 00:00:00+00:00
1784077200000,64824.57,64853.08,64644.48,64674.35,610.20031,2026-07-15 01:00:00+00:00
1784080800000,64674.35,64755.99,64488.0,64490.87,350.99185,2026-07-15 02:00:00+00:00
1784084400000,64490.87,64840.0,64490.86,64792.01,379.79444,2026-07-15 03:00:00+00:00
1784088000000,64792.0,64885.99,64714.0,64746.01,289.24746,2026-07-15 04:00:00+00:00
1784091600000,64746.01,64964.96,64602.5,64944.06,686.5094,2026-07-15 05:00:00+00:00
1784095200000,64944.06,65277.37,64814.0,64814.0,974.06143,2026-07-15 06:00:00+00:00
1784098800000,64814.01,64876.0,64485.0,64549.34,1209.74716,2026-07-15 07:00:00+00:00
1784102400000,64549.33,64797.02,64549.33,64768.01,958.47053,2026-07-15 08:00:00+00:00
1784106000000,64768.0,64917.94,64653.18,64671.83,542.47841,2026-07-15 09:00:00+00:00
1784109600000,64671.84,64855.56,64614.0,64663.0,316.30209,2026-07-15 10:00:00+00:00
1784113200000,64663.0,64767.37,64616.11,64732.15,500.13863,2026-07-15 11:00:00+00:00
1784116800000,64732.15,65249.9,64606.0,65164.0,1837.40143,2026-07-15 12:00:00+00:00
1784120400000,65164.0,65577.0,64888.0,65117.99,1942.12357,2026-07-15 13:00:00+00:00
1784124000000,65118.0,65517.05,65070.0,65399.81,1187.13269,2026-07-15 14:00:00+00:00
1784127600000,65399.8,65600.0,65261.71,65427.61,1153.25811,2026-07-15 15:00:00+00:00
1784131200000,65427.6,65470.0,64784.83,65120.79,1423.19665,2026-07-15 16:00:00+00:00
1784134800000,65120.8,65194.72,64972.95,65056.1,1119.69712,2026-07-15 17:00:00+00:00
1784138400000,65056.1,65143.57,64847.42,64860.0,1076.85531,2026-07-15 18:00:00+00:00
1784142000000,64860.0,65000.0,64738.49,64977.34,377.96921,2026-07-15 19:00:00+00:00
1784145600000,64977.34,65055.39,64899.0,64968.01,239.51973,2026-07-15 20:00:00+00:00
1784149200000,64968.02,65018.74,64789.89,64834.31,289.23644,2026-07-15 21:00:00+00:00
1784152800000,64834.31,64982.47,64772.0,64866.93,275.16571,2026-07-15 22:00:00+00:00
1784156400000,64866.93,64938.0,64691.89,64756.28,309.9463,2026-07-15 23:00:00+00:00
1784160000000,64756.28,64845.5,64500.0,64584.07,762.20624,2026-07-16 00:00:00+00:00
1784163600000,64584.07,64830.0,64392.01,64730.01,462.87658,2026-07-16 01:00:00+00:00
1784167200000,64730.0,64735.09,64574.02,64642.01,327.49099,2026-07-16 02:00:00+00:00
1784170800000,64642.0,64745.55,64555.0,64619.95,221.04888,2026-07-16 03:00:00+00:00
1784174400000,64619.96,64692.0,64544.04,64650.05,615.61718,2026-07-16 04:00:00+00:00
1784178000000,64650.05,64997.52,64592.67,64917.99,618.6053,2026-07-16 05:00:00+00:00
1784181600000,64917.99,64978.0,64630.01,64777.32,355.62558,2026-07-16 06:00:00+00:00
1784185200000,64777.33,64777.33,64086.12,64238.0,1138.76345,2026-07-16 07:00:00+00:00
1784188800000,64238.0,64380.0,63888.0,64126.85,3967.6065,2026-07-16 08:00:00+00:00
1784192400000,64126.86,64186.83,64019.02,64090.0,3387.73889,2026-07-16 09:00:00+00:00
1784196000000,64090.0,64269.42,64077.75,64221.34,351.18175,2026-07-16 10:00:00+00:00
1784199600000,64221.34,64269.42,64101.0,64256.53,377.01841,2026-07-16 11:00:00+00:00
1784203200000,64256.52,64256.52,63838.28,63966.01,728.30687,2026-07-16 12:00:00+00:00
1784206800000,63966.01,64480.0,63961.14,64376.0,827.04997,2026-07-16 13:00:00+00:00
1784210400000,64375.99,64863.07,64332.57,64543.51,993.97642,2026-07-16 14:00:00+00:00
1784214000000,64543.51,64896.0,64320.0,64704.73,620.57363,2026-07-16 15:00:00+00:00
1784217600000,64704.73,64712.0,64333.33,64484.0,523.57946,2026-07-16 16:00:00+00:00
1784221200000,64484.01,64484.01,63984.09,64069.03,616.12218,2026-07-16 17:00:00+00:00
1784224800000,64069.04,64330.0,64052.14,64246.01,275.58322,2026-07-16 18:00:00+00:00
1784228400000,64246.01,64301.99,64152.0,64271.84,368.59969,2026-07-16 19:00:00+00:00
1784232000000,64271.85,64276.0,64108.0,64114.27,169.71905,2026-07-16 20:00:00+00:00
1784235600000,64114.25,64253.25,64101.18,64161.99,188.0978,2026-07-16 21:00:00+00:00
1784239200000,64162.0,64240.12,63950.01,63968.0,351.60652,2026-07-16 22:00:00+00:00
1784242800000,63968.01,64010.58,63748.74,63830.2,515.53223,2026-07-16 23:00:00+00:00
1784246400000,63830.2,63912.0,63612.62,63886.0,435.36884,2026-07-17 00:00:00+00:00
1784250000000,63886.0,64067.69,63476.0,63546.24,735.77497,2026-07-17 01:00:00+00:00
1784253600000,63546.25,63657.99,63380.28,63482.0,818.39465,2026-07-17 02:00:00+00:00
1784257200000,63482.0,63720.0,63482.0,63570.0,676.04775,2026-07-17 03:00:00+00:00
1784260800000,63570.0,63576.0,63320.0,63486.01,490.83509,2026-07-17 04:00:00+00:00
1784264400000,63486.01,63486.01,62804.3,62839.76,1190.44758,2026-07-17 05:00:00+00:00
1784268000000,62839.77,62998.52,62710.0,62948.0,1200.24888,2026-07-17 06:00:00+00:00
1784271600000,62948.0,62983.99,62800.0,62828.11,1288.47496,2026-07-17 07:00:00+00:00
1784275200000,62828.11,62939.04,62666.0,62888.0,838.1557,2026-07-17 08:00:00+00:00
1784278800000,62888.01,63069.06,62852.89,62989.46,603.45822,2026-07-17 09:00:00+00:00
1784282400000,62989.47,63201.91,62989.47,63179.92,534.56662,2026-07-17 10:00:00+00:00
1784286000000,63179.91,63361.7,63063.67,63298.01,617.19974,2026-07-17 11:00:00+00:00
1784289600000,63298.0,63348.0,63069.09,63099.75,618.64826,2026-07-17 12:00:00+00:00
1784293200000,63099.75,63180.0,62537.56,63153.99,1381.50027,2026-07-17 13:00:00+00:00
1784296800000,63154.0,63518.0,63051.77,63174.0,1199.38162,2026-07-17 14:00:00+00:00
1784300400000,63174.01,63452.0,62856.16,63452.0,702.84059,2026-07-17 15:00:00+00:00
1784304000000,63452.0,63706.75,63312.01,63594.0,881.75053,2026-07-17 16:00:00+00:00
1784307600000,63594.0,64228.27,63594.0,64049.86,1210.18889,2026-07-17 17:00:00+00:00
1784311200000,64049.85,64387.99,63894.0,64259.73,761.86335,2026-07-17 18:00:00+00:00
1784314800000,64259.73,64259.73,63981.2,64160.8,578.45246,2026-07-17 19:00:00+00:00
1784318400000,64160.8,64192.57,63958.19,64120.0,456.18305,2026-07-17 20:00:00+00:00
1784322000000,64120.01,64216.61,64064.0,64110.0,284.21145,2026-07-17 21:00:00+00:00
1784325600000,64110.01,64147.0,63903.63,63986.0,255.88006,2026-07-17 22:00:00+00:00
1784329200000,63986.01,64011.08,63884.35,63931.67,430.02036,2026-07-17 23:00:00+00:00
1784332800000,63931.67,64012.39,63895.33,63910.04,217.92923,2026-07-18 00:00:00+00:00
1784336400000,63910.05,64000.0,63886.65,63952.98,200.93158,2026-07-18 01:00:00+00:00
1784340000000,63952.97,64032.6,63930.54,63967.61,372.4998,2026-07-18 02:00:00+00:00
1784343600000,63967.61,64017.85,63928.15,64017.84,578.99589,2026-07-18 03:00:00+00:00
1784347200000,64017.84,64017.85,63947.09,63967.99,311.74394,2026-07-18 04:00:00+00:00
1784350800000,63968.0,63998.0,63926.39,63967.95,153.28461,2026-07-18 05:00:00+00:00
1784354400000,63967.95,64005.99,63950.0,63979.67,193.68533,2026-07-18 06:00:00+00:00
1784358000000,63979.67,64026.03,63974.94,64002.75,290.3862,2026-07-18 07:00:00+00:00
1784361600000,64002.75,64019.64,63960.0,64006.01,293.43528,2026-07-18 08:00:00+00:00
1784365200000,64006.01,64006.01,63887.73,63987.76,286.53507,2026-07-18 09:00:00+00:00
1784368800000,63987.77,64026.39,63982.34,64016.43,264.0947,2026-07-18 10:00:00+00:00
1784372400000,64016.43,64097.22,64010.99,64069.89,259.43503,2026-07-18 11:00:00+00:00
1784376000000,64069.89,64274.47,64057.27,64218.0,554.94465,2026-07-18 12:00:00+00:00
1784379600000,64218.01,64218.01,63963.0,64106.0,300.90627,2026-07-18 13:00:00+00:00
1784383200000,64105.99,64195.01,64101.42,64126.0,182.82691,2026-07-18 14:00:00+00:00
1784386800000,64126.0,64163.99,64037.45,64123.12,202.91031,2026-07-18 15:00:00+00:00
1784390400000,64123.13,64314.0,64091.48,64303.47,325.76583,2026-07-18 16:00:00+00:00
1784394000000,64303.48,64492.0,64280.22,64480.29,572.40254,2026-07-18 17:00:00+00:00
1784397600000,64480.28,64669.5,64462.0,64512.41,531.00754,2026-07-18 18:00:00+00:00
1784401200000,64512.41,64597.9,64482.0,64552.79,294.01495,2026-07-18 19:00:00+00:00
1784404800000,64552.8,64739.64,64528.69,64693.01,554.55726,2026-07-18 20:00:00+00:00
1784408400000,64693.02,64846.83,64614.36,64731.72,365.29033,2026-07-18 21:00:00+00:00
1784412000000,64731.73,64865.0,64712.29,64805.05,503.12891,2026-07-18 22:00:00+00:00
1784415600000,64805.04,64843.3,64709.28,64834.22,220.46796,2026-07-18 23:00:00+00:00
1784419200000,64834.21,64906.4,64769.47,64792.08,443.04046,2026-07-19 00:00:00+00:00
1784422800000,64792.08,64792.09,64765.99,64765.99,211.03912,2026-07-19 01:00:00+00:00
1784426400000,64766.0,64967.25,64700.84,64826.01,574.09127,2026-07-19 02:00:00+00:00
1784430000000,64826.01,64842.92,64620.44,64706.18,416.11384,2026-07-19 03:00:00+00:00
1784433600000,64706.18,64795.43,64610.89,64720.17,249.31584,2026-07-19 04:00:00+00:00
1784437200000,64720.17,64815.65,64676.0,64724.01,206.27533,2026-07-19 05:00:00+00:00
1784440800000,64724.0,64759.33,64694.66,64711.69,244.79532,2026-07-19 06:00:00+00:00
1784444400000,64711.69,64784.0,64675.0,64711.05,401.27453,2026-07-19 07:00:00+00:00
1784448000000,64711.04,64743.0,64631.54,64707.49,602.66232,2026-07-19 08:00:00+00:00
1784451600000,64707.48,64725.74,64500.0,64509.99,392.93472,2026-07-19 09:00:00+00:00
1784455200000,64510.0,64700.0,64482.0,64595.0,334.64364,2026-07-19 10:00:00+00:00
1784458800000,64595.0,64636.28,64445.0,64467.64,208.69371,2026-07-19 11:00:00+00:00
1784462400000,64467.65,64467.65,64285.24,64441.15,549.2859,2026-07-19 12:00:00+00:00
1784466000000,64441.16,64516.33,64307.72,64483.31,325.94592,2026-07-19 13:00:00+00:00
1784469600000,64483.32,64663.04,64425.24,64593.07,328.9706,2026-07-19 14:00:00+00:00
1784473200000,64593.07,64620.0,64500.0,64585.32,260.30458,2026-07-19 15:00:00+00:00
1784476800000,64585.33,64644.0,64505.21,64538.72,321.63819,2026-07-19 16:00:00+00:00
1784480400000,64538.72,64752.0,64406.3,64547.86,402.19584,2026-07-19 17:00:00+00:00
1784484000000,64547.86,64554.0,64280.0,64419.99,321.71164,2026-07-19 18:00:00+00:00
1784487600000,64420.0,64467.82,64352.0,64462.58,115.02705,2026-07-19 19:00:00+00:00
1784491200000,64462.58,64560.0,64462.57,64535.99,100.52602,2026-07-19 20:00:00+00:00
1784494800000,64536.0,64562.55,64350.0,64415.75,221.49991,2026-07-19 21:00:00+00:00
1784498400000,64415.75,64900.0,64347.89,64674.67,828.28879,2026-07-19 22:00:00+00:00
1784502000000,64674.66,64772.0,64572.0,64722.54,319.6402,2026-07-19 23:00:00+00:00
1784505600000,64722.55,65107.99,64416.0,64553.84,736.05935,2026-07-20 00:00:00+00:00
1784509200000,64553.85,65029.4,64506.0,64628.01,401.29098,2026-07-20 01:00:00+00:00
1784512800000,64628.01,64964.0,64585.0,64827.2,378.92701,2026-07-20 02:00:00+00:00
1784516400000,64827.19,64914.93,64644.01,64869.8,340.53514,2026-07-20 03:00:00+00:00
1784520000000,64869.79,64869.99,64540.0,64540.01,333.38076,2026-07-20 04:00:00+00:00
1784523600000,64540.0,64562.0,64082.7,64128.0,978.47191,2026-07-20 05:00:00+00:00
1784527200000,64128.01,64220.0,63765.83,63917.98,852.13818,2026-07-20 06:00:00+00:00
1784530800000,63917.99,64315.96,63896.0,64280.01,998.28115,2026-07-20 07:00:00+00:00
1784534400000,64280.01,64356.0,63100.0,64049.99,3901.45477,2026-07-20 08:00:00+00:00
1784538000000,64050.0,64276.0,64012.8,64199.5,508.64903,2026-07-20 09:00:00+00:00
1784541600000,64199.51,64415.42,64162.0,64301.18,339.54836,2026-07-20 10:00:00+00:00
1784545200000,64301.18,65068.0,64273.33,65002.01,1040.02207,2026-07-20 11:00:00+00:00
1784548800000,65002.0,65002.83,64599.89,64640.0,1301.45682,2026-07-20 12:00:00+00:00
1784552400000,64640.0,64763.67,64208.0,64344.01,1171.73283,2026-07-20 13:00:00+00:00
1784556000000,64344.01,64575.37,64077.76,64416.01,811.23879,2026-07-20 14:00:00+00:00
1784559600000,64416.01,65666.8,64398.15,65598.75,2563.16846,2026-07-20 15:00:00+00:00
1784563200000,65598.75,65637.7,65336.0,65508.5,1056.62117,2026-07-20 16:00:00+00:00
1784566800000,65508.5,65646.55,65342.52,65587.98,673.41436,2026-07-20 17:00:00+00:00
1784570400000,65587.99,65799.0,65204.0,65240.01,708.20295,2026-07-20 18:00:00+00:00
1784574000000,65240.01,65274.58,65041.05,65142.0,856.15121,2026-07-20 19:00:00+00:00
1784577600000,65142.0,65438.0,65061.92,65367.58,339.09983,2026-07-20 20:00:00+00:00
1784581200000,65367.57,65445.27,65272.32,65286.02,264.99229,2026-07-20 21:00:00+00:00
1784584800000,65286.02,65286.02,65092.66,65141.99,333.37114,2026-07-20 22:00:00+00:00
1784588400000,65142.0,65272.21,65128.17,65255.51,435.27846,2026-07-20 23:00:00+00:00
1784592000000,65255.51,65585.0,65148.75,65568.01,685.78688,2026-07-21 00:00:00+00:00
1784595600000,65568.0,65658.78,65232.65,65235.55,421.8846,2026-07-21 01:00:00+00:00
1784599200000,65235.56,65500.0,65176.2,65414.01,382.21075,2026-07-21 02:00:00+00:00
1784602800000,65414.01,65593.11,65411.74,65566.78,795.51369,2026-07-21 03:00:00+00:00
1784606400000,65566.77,65742.58,65471.69,65522.01,600.76388,2026-07-21 04:00:00+00:00
1784610000000,65522.0,65933.24,65485.55,65751.56,864.8195,2026-07-21 05:00:00+00:00
1784613600000,65751.56,65991.05,65634.0,65913.0,733.43884,2026-07-21 06:00:00+00:00
1784617200000,65913.0,66245.64,65866.0,66186.86,1338.71722,2026-07-21 07:00:00+00:00
1784620800000,66186.86,66354.0,66129.19,66226.44,1032.71252,2026-07-21 08:00:00+00:00
1784624400000,66226.43,66350.0,66144.0,66291.99,472.96398,2026-07-21 09:00:00+00:00
1784628000000,66292.0,66420.65,66176.55,66180.0,1179.04438,2026-07-21 10:00:00+00:00
1784631600000,66180.0,66350.0,66147.82,66345.59,752.24871,2026-07-21 11:00:00+00:00
1784635200000,66345.59,66640.0,66255.73,66558.82,1002.49408,2026-07-21 12:00:00+00:00
1784638800000,66558.81,66810.97,66315.62,66786.0,1358.43796,2026-07-21 13:00:00+00:00
1784642400000,66786.0,66956.15,66648.27,66842.3,1722.33044,2026-07-21 14:00:00+00:00
1784646000000,66842.29,66842.3,66517.52,66676.54,948.73464,2026-07-21 15:00:00+00:00
1784649600000,66676.53,66764.0,66462.32,66542.01,672.73654,2026-07-21 16:00:00+00:00
1784653200000,66542.01,66567.59,66052.63,66207.95,1024.8098,2026-07-21 17:00:00+00:00
1784656800000,66207.96,66358.0,66098.71,66319.95,619.31647,2026-07-21 18:00:00+00:00
1784660400000,66319.96,66502.8,66264.12,66444.76,623.55174,2026-07-21 19:00:00+00:00
1784664000000,66444.76,66496.0,66359.3,66406.57,288.41886,2026-07-21 20:00:00+00:00
1784667600000,66406.58,66408.26,66290.0,66385.0,330.71956,2026-07-21 21:00:00+00:00
1784671200000,66385.0,66388.35,66204.0,66304.02,432.0724,2026-07-21 22:00:00+00:00
1784674800000,66304.02,66576.0,66228.55,66556.16,334.55343,2026-07-21 23:00:00+00:00
1784678400000,66556.15,66739.89,66525.54,66620.97,961.25987,2026-07-22 00:00:00+00:00
1784682000000,66620.97,66661.79,66282.65,66433.3,801.8459,2026-07-22 01:00:00+00:00
1784685600000,66433.29,66532.26,66298.0,66314.12,584.2039,2026-07-22 02:00:00+00:00
1784689200000,66314.12,66371.27,66176.0,66210.0,535.35393,2026-07-22 03:00:00+00:00
1784692800000,66209.99,66424.0,66198.0,66381.05,1016.50384,2026-07-22 04:00:00+00:00
1784696400000,66381.05,66381.05,65944.51,65974.9,732.84767,2026-07-22 05:00:00+00:00
1784700000000,65974.9,66026.93,65830.94,65934.33,677.13061,2026-07-22 06:00:00+00:00
1784703600000,65934.34,65968.9,65701.0,65843.48,1698.20928,2026-07-22 07:00:00+00:00
1784707200000,65843.48,66164.57,65843.47,65987.96,1762.03259,2026-07-22 08:00:00+00:00
1784710800000,65987.97,66082.5,65850.0,65928.0,1983.57551,2026-07-22 09:00:00+00:00
1784714400000,65928.01,66116.36,65898.0,66046.02,636.27622,2026-07-22 10:00:00+00:00
1784718000000,66046.01,66092.59,65909.16,66013.36,789.42664,2026-07-22 11:00:00+00:00
1784721600000,66013.36,66013.37,65553.67,65636.01,572.31956,2026-07-22 12:00:00+00:00
1784725200000,65636.01,65982.28,65559.66,65951.39,762.44551,2026-07-22 13:00:00+00:00
1784728800000,65951.38,66204.98,65588.0,65793.98,977.66799,2026-07-22 14:00:00+00:00
1784732400000,65793.98,66125.0,65793.98,66047.39,689.66439,2026-07-22 15:00:00+00:00
1784736000000,66047.38,66384.0,65911.6,66229.01,531.34681,2026-07-22 16:00:00+00:00
1784739600000,66229.01,66275.29,65944.0,66024.03,332.68865,2026-07-22 17:00:00+00:00
1784743200000,66024.02,66075.91,65726.08,65895.46,372.67709,2026-07-22 18:00:00+00:00
1784746800000,65895.46,65958.56,65691.93,65923.19,284.49057,2026-07-22 19:00:00+00:00
1784750400000,65923.19,65986.0,65791.79,65919.68,303.33342,2026-07-22 20:00:00+00:00
1784754000000,65919.67,66133.98,65892.64,66072.47,345.28683,2026-07-22 21:00:00+00:00
1784757600000,66072.48,66080.94,65932.0,66044.17,283.8249,2026-07-22 22:00:00+00:00
1784761200000,66044.17,66138.24,65844.3,66114.49,440.45434,2026-07-22 23:00:00+00:00
1784764800000,66114.5,66313.14,66054.58,66058.19,818.52742,2026-07-23 00:00:00+00:00
1784768400000,66058.2,66208.0,65751.0,65830.0,911.89269,2026-07-23 01:00:00+00:00
1784772000000,65830.0,65843.25,65653.23,65805.34,489.67764,2026-07-23 02:00:00+00:00
1784775600000,65805.35,65816.0,65585.11,65662.53,518.12407,2026-07-23 03:00:00+00:00
1784779200000,65662.53,65738.99,65590.12,65616.48,673.83221,2026-07-23 04:00:00+00:00
1784782800000,65616.49,65797.93,65570.12,65691.01,258.16071,2026-07-23 05:00:00+00:00
1784786400000,65691.01,65821.17,65625.2,65790.0,198.22051,2026-07-23 06:00:00+00:00
1784790000000,65790.0,65790.0,65351.02,65442.13,625.4986,2026-07-23 07:00:00+00:00
1784793600000,65442.12,65665.99,65419.75,65633.0,617.22753,2026-07-23 08:00:00+00:00
1784797200000,65632.99,65757.99,65608.18,65638.92,505.16907,2026-07-23 09:00:00+00:00
1784800800000,65638.92,65792.09,65589.69,65740.0,314.19369,2026-07-23 10:00:00+00:00
1784804400000,65740.0,65740.01,65540.93,65555.21,260.87827,2026-07-23 11:00:00+00:00
1784808000000,65555.21,65589.41,64988.05,65167.04,1080.21623,2026-07-23 12:00:00+00:00
1784811600000,65167.05,65221.29,64863.62,64880.0,1019.68548,2026-07-23 13:00:00+00:00
1784815200000,64880.0,65216.24,64822.13,64909.99,1122.58373,2026-07-23 14:00:00+00:00
1784818800000,64910.0,65023.68,64728.0,64958.36,1087.45523,2026-07-23 15:00:00+00:00
1784822400000,64958.37,64961.15,64704.57,64756.84,823.97347,2026-07-23 16:00:00+00:00
1784826000000,64756.84,64900.0,64650.0,64681.27,610.54166,2026-07-23 17:00:00+00:00
1784829600000,64681.26,64948.05,64680.0,64869.12,473.57506,2026-07-23 18:00:00+00:00
1784833200000,64869.13,64934.75,64686.56,64846.94,525.37224,2026-07-23 19:00:00+00:00
1784836800000,64846.93,65217.93,64834.52,65147.5,435.69297,2026-07-23 20:00:00+00:00
1784840400000,65147.5,65210.35,65014.0,65169.81,348.6782,2026-07-23 21:00:00+00:00
1784844000000,65169.82,65227.99,65013.94,65195.43,465.02672,2026-07-23 22:00:00+00:00
1784847600000,65195.43,65235.43,65052.01,65098.97,514.02333,2026-07-23 23:00:00+00:00
1784851200000,65098.98,65113.86,64762.18,64973.99,343.41298,2026-07-24 00:00:00+00:00
1784854800000,64974.0,65168.0,64944.37,65086.0,666.39562,2026-07-24 01:00:00+00:00
1784858400000,65086.0,65187.57,64925.45,65116.99,432.3739,2026-07-24 02:00:00+00:00
1784862000000,65116.99,65464.35,65078.0,65456.7,382.6998,2026-07-24 03:00:00+00:00
1784865600000,65456.7,65469.86,65272.26,65318.0,299.6958,2026-07-24 04:00:00+00:00
1784869200000,65318.01,65394.0,65248.0,65325.0,372.30415,2026-07-24 05:00:00+00:00
1784872800000,65325.01,65519.93,65278.07,65472.0,914.26438,2026-07-24 06:00:00+00:00
1784876400000,65472.0,65808.59,65320.69,65499.95,1219.60281,2026-07-24 07:00:00+00:00
1784880000000,65499.94,65508.17,65302.18,65302.18,306.26025,2026-07-24 08:00:00+00:00
1784883600000,65302.18,65314.66,64952.38,65113.13,478.93491,2026-07-24 09:00:00+00:00
1784887200000,65113.13,65157.99,64906.85,64950.0,716.12782,2026-07-24 10:00:00+00:00
1784890800000,64950.01,65099.99,64857.14,65083.43,751.17375,2026-07-24 11:00:00+00:00
1784894400000,65083.42,65133.99,64766.0,64780.01,507.45117,2026-07-24 12:00:00+00:00
1784898000000,64780.0,64802.0,63920.01,64155.46,2007.68582,2026-07-24 13:00:00+00:00
1784901600000,64155.47,64198.3,63739.75,64055.12,1591.08926,2026-07-24 14:00:00+00:00
1784905200000,64055.11,64333.33,63858.0,64093.85,1939.18979,2026-07-24 15:00:00+00:00
1784908800000,64093.86,64200.0,63881.46,63958.0,529.35925,2026-07-24 16:00:00+00:00
1784912400000,63958.01,64202.91,63905.51,64180.0,525.47557,2026-07-24 17:00:00+00:00
1784916000000,64180.0,64290.1,64129.75,64272.0,390.98725,2026-07-24 18:00:00+00:00
1784919600000,64272.01,64292.44,64141.18,64225.32,579.59462,2026-07-24 19:00:00+00:00
1784923200000,64225.32,64288.02,64128.89,64170.23,214.82759,2026-07-24 20:00:00+00:00
1784926800000,64170.24,64258.73,64122.29,64155.0,651.81342,2026-07-24 21:00:00+00:00
1784930400000,64155.0,64216.27,64121.86,64169.01,587.59798,2026-07-24 22:00:00+00:00
1784934000000,64169.01,64187.4,64134.71,64139.99,412.95391,2026-07-24 23:00:00+00:00
1784937600000,64140.0,64179.03,64033.18,64073.61,386.54772,2026-07-25 00:00:00+00:00
1784941200000,64073.61,64160.0,64006.55,64068.01,493.07694,2026-07-25 01:00:00+00:00
1784944800000,64068.0,64099.99,64017.87,64052.0,479.58839,2026-07-25 02:00:00+00:00
1784948400000,64052.01,64105.61,64016.65,64085.36,469.51581,2026-07-25 03:00:00+00:00
1784952000000,64085.36,64205.67,64085.15,64181.46,171.38031,2026-07-25 04:00:00+00:00
1784955600000,64181.45,64199.76,63980.01,64024.0,245.62438,2026-07-25 05:00:00+00:00
1784959200000,64024.0,64063.37,63964.57,64010.0,248.54758,2026-07-25 06:00:00+00:00
1784962800000,64010.0,64038.52,64000.0,64003.2,408.36611,2026-07-25 07:00:00+00:00
1784966400000,64003.2,64010.01,63810.0,63876.06,507.52898,2026-07-25 08:00:00+00:00
1784970000000,63876.07,64024.72,63830.0,63999.99,1813.6121,2026-07-25 09:00:00+00:00
1784973600000,64000.0,64070.0,63996.0,64070.0,200.57959,2026-07-25 10:00:00+00:00
1784977200000,64069.99,64113.0,64047.09,64064.01,226.46632,2026-07-25 11:00:00+00:00
1784980800000,64064.01,64123.8,64043.0,64123.8,179.4102,2026-07-25 12:00:00+00:00
1784984400000,64123.8,64267.78,64106.74,64172.0,285.46591,2026-07-25 13:00:00+00:00
1784988000000,64172.01,64217.09,64126.0,64214.04,270.20323,2026-07-25 14:00:00+00:00
1784991600000,64214.05,64272.0,64169.99,64182.0,193.98029,2026-07-25 15:00:00+00:00
1784995200000,64182.01,64241.71,64123.0,64206.6,126.61028,2026-07-25 16:00:00+00:00
1784998800000,64206.61,64356.0,64194.37,64267.4,187.81706,2026-07-25 17:00:00+00:00
1785002400000,64267.41,64475.28,64267.41,64415.99,314.52068,2026-07-25 18:00:00+00:00
1785006000000,64415.99,64438.12,64388.38,64388.38,219.4973,2026-07-25 19:00:00+00:00
1785009600000,64388.39,64392.74,64313.0,64339.75,213.90166,2026-07-25 20:00:00+00:00
1785013200000,64339.75,64430.0,64263.03,64344.02,177.06463,2026-07-25 21:00:00+00:00
1785016800000,64344.02,64426.0,64344.01,64412.0,625.93723,2026-07-25 22:00:00+00:00
1785020400000,64412.01,64429.38,64363.0,64375.0,417.8076,2026-07-25 23:00:00+00:00
1785024000000,64375.01,64507.0,64350.0,64506.99,256.73658,2026-07-26 00:00:00+00:00
1785027600000,64506.99,64541.66,64456.67,64462.0,277.18148,2026-07-26 01:00:00+00:00
1785031200000,64462.0,64527.59,64427.59,64527.56,117.0226,2026-07-26 02:00:00+00:00
1785034800000,64527.57,64582.0,64488.73,64557.0,304.96319,2026-07-26 03:00:00+00:00
1785038400000,64557.0,64599.95,64491.73,64530.06,425.16453,2026-07-26 04:00:00+00:00
1785042000000,64530.06,64530.07,64403.95,64417.69,131.14508,2026-07-26 05:00:00+00:00
1785045600000,64417.68,64457.55,64293.81,64438.0,408.23581,2026-07-26 06:00:00+00:00
1785049200000,64438.01,64460.0,64341.99,64370.0,273.49735,2026-07-26 07:00:00+00:00
1785052800000,64370.0,64493.99,64353.0,64480.01,204.14991,2026-07-26 08:00:00+00:00
1785056400000,64480.02,64549.02,64478.38,64538.0,164.82486,2026-07-26 09:00:00+00:00
1785060000000,64538.01,64573.73,64497.62,64515.4,137.0474,2026-07-26 10:00:00+00:00
1785063600000,64515.39,64535.99,64495.17,64507.35,174.84399,2026-07-26 11:00:00+00:00
1785067200000,64507.36,64662.99,64434.0,64466.67,319.29329,2026-07-26 12:00:00+00:00
1785070800000,64466.68,64571.42,64414.0,64518.0,319.1541,2026-07-26 13:00:00+00:00
1785074400000,64517.99,64768.23,64517.99,64712.99,504.24215,2026-07-26 14:00:00+00:00
1785078000000,64713.0,64827.0,64673.42,64768.0,313.86895,2026-07-26 15:00:00+00:00
1785081600000,64768.0,64940.51,64703.23,64734.17,420.05042,2026-07-26 16:00:00+00:00
1785085200000,64734.17,64794.45,64668.91,64697.2,347.81315,2026-07-26 17:00:00+00:00
1785088800000,64697.21,64769.99,64668.91,64734.38,114.76281,2026-07-26 18:00:00+00:00
1785092400000,64734.39,64753.0,64671.91,64695.52,369.55718,2026-07-26 19:00:00+00:00
1785096000000,64695.52,64703.36,64631.57,64649.04,120.01782,2026-07-26 20:00:00+00:00
1785099600000,64649.04,64924.0,64649.03,64858.02,268.26505,2026-07-26 21:00:00+00:00
1785103200000,64858.03,65502.6,64858.03,65412.68,1331.07392,2026-07-26 22:00:00+00:00
1785106800000,65412.69,65577.0,65273.76,65399.99,630.14927,2026-07-26 23:00:00+00:00
1785110400000,65400.0,65418.81,65065.46,65131.95,465.77387,2026-07-27 00:00:00+00:00
1785114000000,65131.96,65225.75,64892.03,65206.21,478.78723,2026-07-27 01:00:00+00:00
1785117600000,65206.21,65281.64,65118.08,65172.0,475.81825,2026-07-27 02:00:00+00:00
1785121200000,65172.02,65367.73,65161.99,65284.0,519.18282,2026-07-27 03:00:00+00:00
1785124800000,65284.0,65500.0,65242.69,65282.8,331.55981,2026-07-27 04:00:00+00:00
1785128400000,65282.81,65493.38,65282.8,65468.38,284.79372,2026-07-27 05:00:00+00:00
1785132000000,65468.38,65744.6,65404.9,65416.76,867.3473,2026-07-27 06:00:00+00:00
1785135600000,65416.77,65447.02,65217.16,65221.99,1066.09119,2026-07-27 07:00:00+00:00
1785139200000,65221.99,65258.0,65128.85,65162.98,724.97518,2026-07-27 08:00:00+00:00
1785142800000,65162.98,65348.17,65100.0,65262.17,1478.16072,2026-07-27 09:00:00+00:00
1785146400000,65262.18,65432.0,65230.01,65333.35,412.29993,2026-07-27 10:00:00+00:00
1785150000000,65333.35,65333.36,65092.0,65100.79,287.15002,2026-07-27 11:00:00+00:00
1785153600000,65100.79,65255.76,64836.0,65086.0,587.73231,2026-07-27 12:00:00+00:00
1785157200000,65086.0,65718.0,64913.12,65217.37,1076.54142,2026-07-27 13:00:00+00:00
1785160800000,65217.38,65431.9,64459.82,64687.45,1132.47674,2026-07-27 14:00:00+00:00
1785164400000,64687.45,64776.0,64418.01,64554.01,596.28993,2026-07-27 15:00:00+00:00
1785168000000,64554.0,64970.93,64517.78,64898.52,473.37301,2026-07-27 16:00:00+00:00
1785171600000,64898.53,65090.0,64794.37,65019.81,404.49207,2026-07-27 17:00:00+00:00
1785175200000,65019.81,65058.32,64755.67,64878.0,323.26344,2026-07-27 18:00:00+00:00
1785178800000,64878.0,65078.0,64810.9,64984.0,291.82434,2026-07-27 19:00:00+00:00
1785182400000,64983.99,65056.0,64908.01,64960.65,197.69959,2026-07-27 20:00:00+00:00
1785186000000,64960.64,64960.65,64790.28,64821.25,238.07403,2026-07-27 21:00:00+00:00
1785189600000,64821.26,64821.26,63792.0,63792.0,1130.54656,2026-07-27 22:00:00+00:00
1785193200000,63792.01,63940.27,63605.56,63755.86,947.65195,2026-07-27 23:00:00+00:00
1785196800000,63755.86,63827.49,63469.3,63487.88,711.04544,2026-07-28 00:00:00+00:00
1785200400000,63487.88,63529.89,63059.39,63230.83,1245.20979,2026-07-28 01:00:00+00:00
1785204000000,63230.82,63305.94,63108.0,63185.59,429.21894,2026-07-28 02:00:00+00:00
1785207600000,63185.59,63375.39,63168.01,63343.83,728.50056,2026-07-28 03:00:00+00:00
1785211200000,63343.82,63361.85,63221.26,63350.95,343.17382,2026-07-28 04:00:00+00:00
1785214800000,63350.95,63623.5,63323.09,63451.61,390.51839,2026-07-28 05:00:00+00:00
1785218400000,63451.62,63660.72,63395.13,63640.63,460.72288,2026-07-28 06:00:00+00:00
1785222000000,63640.63,63668.71,63455.58,63505.99,985.9853,2026-07-28 07:00:00+00:00
1785225600000,63506.0,63546.36,63406.11,63428.08,281.48766,2026-07-28 08:00:00+00:00
1785229200000,63428.07,63581.33,63368.81,63393.99,315.43759,2026-07-28 09:00:00+00:00
1785232800000,63393.99,63555.18,63294.0,63473.47,416.0357,2026-07-28 10:00:00+00:00
1785236400000,63473.48,63593.0,63352.0,63450.0,405.45329,2026-07-28 11:00:00+00:00
1785240000000,63449.99,63570.0,63364.96,63546.65,440.98415,2026-07-28 12:00:00+00:00
1785243600000,63546.65,63588.0,62742.47,63104.0,1615.91422,2026-07-28 13:00:00+00:00
1785247200000,63104.0,63550.0,62965.38,63412.45,868.98588,2026-07-28 14:00:00+00:00
1785250800000,63412.45,64026.62,63269.28,63928.47,945.11572,2026-07-28 15:00:00+00:00
1785254400000,63928.46,64100.0,63773.65,64043.26,517.94749,2026-07-28 16:00:00+00:00
1785258000000,64043.27,64043.27,63504.0,63685.88,527.24876,2026-07-28 17:00:00+00:00
1785261600000,63685.88,63849.09,63672.26,63734.49,311.5129,2026-07-28 18:00:00+00:00
1785265200000,63734.49,63904.0,63675.93,63904.0,333.27009,2026-07-28 19:00:00+00:00
1785268800000,63904.0,64018.39,63880.0,63917.55,300.22119,2026-07-28 20:00:00+00:00
1785272400000,63917.55,64073.3,63892.0,63972.44,227.23863,2026-07-28 21:00:00+00:00
1785276000000,63972.44,64020.76,63768.47,63783.71,319.67019,2026-07-28 22:00:00+00:00
1785279600000,63783.72,63956.4,63562.0,63915.0,768.93138,2026-07-28 23:00:00+00:00
1785283200000,63915.0,64200.0,63873.54,63953.99,862.01004,2026-07-29 00:00:00+00:00
1785286800000,63954.0,63999.0,63690.0,63705.06,643.74129,2026-07-29 01:00:00+00:00
1785290400000,63705.07,64132.42,63658.0,63979.96,459.75103,2026-07-29 02:00:00+00:00
1785294000000,63979.96,64002.0,63710.0,63753.03,381.54189,2026-07-29 03:00:00+00:00
1785297600000,63753.04,63970.92,63598.0,63968.34,635.48596,2026-07-29 04:00:00+00:00
1785301200000,63968.34,64094.2,63890.07,64067.32,612.17163,2026-07-29 05:00:00+00:00
1785304800000,64067.32,64471.0,64026.64,64435.62,959.62083,2026-07-29 06:00:00+00:00
1785308400000,64435.63,64575.99,64402.67,64561.0,512.31101,2026-07-29 07:00:00+00:00
1785312000000,64561.01,64588.0,64283.83,64417.31,442.88681,2026-07-29 08:00:00+00:00
1785315600000,64417.31,64744.81,64386.94,64698.0,689.93306,2026-07-29 09:00:00+00:00
1785319200000,64698.01,64718.0,64410.24,64469.83,337.46395,2026-07-29 10:00:00+00:00
1785322800000,64469.84,64591.73,64422.5,64507.54,317.77588,2026-07-29 11:00:00+00:00
1785326400000,64507.53,64507.54,64215.93,64276.81,475.5158,2026-07-29 12:00:00+00:00
1785330000000,64276.82,64667.18,64139.68,64664.7,795.5697,2026-07-29 13:00:00+00:00
1785333600000,64664.69,64718.87,64047.71,64108.01,736.50705,2026-07-29 14:00:00+00:00
1785337200000,64108.01,64195.0,63886.0,63964.01,727.70384,2026-07-29 15:00:00+00:00
1785340800000,63964.01,64146.53,63624.15,63808.33,758.02868,2026-07-29 16:00:00+00:00
1785344400000,63808.33,64286.71,63709.19,64269.83,486.13508,2026-07-29 17:00:00+00:00
1785348000000,64269.83,64648.79,63758.0,64501.52,1896.70634,2026-07-29 18:00:00+00:00
1785351600000,64501.52,64600.0,63511.0,63589.46,1453.05091,2026-07-29 19:00:00+00:00
1785355200000,63589.46,63746.42,63378.09,63522.01,788.59239,2026-07-29 20:00:00+00:00
1785358800000,63522.01,63860.0,63267.34,63860.0,771.02443,2026-07-29 21:00:00+00:00
1785362400000,63860.0,64131.44,63859.99,63942.5,704.70887,2026-07-29 22:00:00+00:00
1785366000000,63942.5,64067.12,63899.0,63984.28,331.88265,2026-07-29 23:00:00+00:00
1785369600000,63984.29,64125.61,63603.92,63696.72,649.94769,2026-07-30 00:00:00+00:00
1785373200000,63696.73,64370.0,63690.0,64266.0,686.07285,2026-07-30 01:00:00+00:00
1785376800000,64266.01,64411.76,64159.63,64189.99,575.1734,2026-07-30 02:00:00+00:00
1785380400000,64190.0,64300.91,64133.99,64161.98,422.8264,2026-07-30 03:00:00+00:00
1785384000000,64161.98,64180.0,64008.5,64023.99,927.45873,2026-07-30 04:00:00+00:00
1785387600000,64024.0,64182.0,63907.85,64033.89,766.12333,2026-07-30 05:00:00+00:00
1785391200000,64033.9,64080.0,63957.2,64002.0,642.99866,2026-07-30 06:00:00+00:00
1785394800000,64001.99,64144.06,63943.29,64026.0,710.04842,2026-07-30 07:00:00+00:00
1785398400000,64026.0,64358.99,63980.54,64308.01,1143.21426,2026-07-30 08:00:00+00:00
1785402000000,64308.01,64641.37,64283.8,64567.56,2560.14823,2026-07-30 09:00:00+00:00
1785405600000,64567.55,64631.99,64562.0,64570.72,459.04462,2026-07-30 10:00:00+00:00
1785409200000,64570.72,64885.18,64542.73,64788.0,630.38864,2026-07-30 11:00:00+00:00
1785412800000,64788.01,65043.94,64788.0,64925.0,819.62205,2026-07-30 12:00:00+00:00
1785416400000,64925.0,65176.6,64689.02,65022.01,1173.19736,2026-07-30 13:00:00+00:00
1785420000000,65022.0,65042.0,64620.0,64683.97,1065.79722,2026-07-30 14:00:00+00:00
1785423600000,64683.97,64888.0,64607.31,64730.3,678.51535,2026-07-30 15:00:00+00:00
1785427200000,64730.29,64963.64,64729.56,64818.01,615.24584,2026-07-30 16:00:00+00:00
1785430800000,64818.01,64988.0,64772.0,64872.0,452.4677,2026-07-30 17:00:00+00:00
1785434400000,64871.99,64899.8,64688.0,64702.8,263.9882,2026-07-30 18:00:00+00:00
1785438000000,64702.8,64904.0,64702.79,64800.0,356.88836,2026-07-30 19:00:00+00:00
1785441600000,64800.0,64936.0,64752.12,64777.37,330.42092,2026-07-30 20:00:00+00:00
1785445200000,64777.38,64802.48,64700.34,64735.53,227.76045,2026-07-30 21:00:00+00:00
1785448800000,64735.53,65029.29,64668.91,64851.16,482.45748,2026-07-30 22:00:00+00:00
1785452400000,64851.16,65086.4,64740.0,64780.02,491.7787,2026-07-30 23:00:00+00:00
1785456000000,64780.03,64901.55,64690.29,64724.91,660.4309,2026-07-31 00:00:00+00:00
1785459600000,64724.92,65409.56,64480.44,64564.01,1217.00276,2026-07-31 01:00:00+00:00
1785463200000,64564.0,64614.0,64203.58,64297.79,855.65776,2026-07-31 02:00:00+00:00
1785466800000,64297.79,64439.81,64172.0,64370.0,548.04563,2026-07-31 03:00:00+00:00
1785470400000,64370.0,64438.0,64236.0,64300.0,391.13431,2026-07-31 04:00:00+00:00
1785474000000,64299.99,64421.68,64268.47,64363.06,529.40293,2026-07-31 05:00:00+00:00
1785477600000,64363.06,64496.64,64196.08,64231.97,503.77566,2026-07-31 06:00:00+00:00
1785481200000,64231.97,64245.57,63878.11,63950.01,3088.95651,2026-07-31 07:00:00+00:00
1785484800000,63950.01,63987.36,63784.67,63834.01,734.18718,2026-07-31 08:00:00+00:00
1785488400000,63834.01,63847.13,63638.18,63715.9,562.33026,2026-07-31 09:00:00+00:00
1785492000000,63715.91,63951.77,63610.0,63918.67,422.39058,2026-07-31 10:00:00+00:00
1785495600000,63918.68,64011.99,63792.01,63805.51,287.14604,2026-07-31 11:00:00+00:00
1785499200000,63805.5,63830.62,63627.66,63754.01,516.25828,2026-07-31 12:00:00+00:00
1785502800000,63754.01,63849.19,63241.71,63270.73,1511.53534,2026-07-31 13:00:00+00:00
1785506400000,63270.72,63310.0,62466.0,62682.06,3628.40429,2026-07-31 14:00:00+00:00
1785510000000,62682.05,62769.36,62490.24,62716.57,965.95557,2026-07-31 15:00:00+00:00
1785513600000,62716.57,62931.79,62709.01,62870.88,857.24803,2026-07-31 16:00:00+00:00
1785517200000,62870.87,63301.68,62800.0,63245.44,856.72938,2026-07-31 17:00:00+00:00
1785520800000,63245.44,63302.0,62966.0,63097.57,753.45664,2026-07-31 18:00:00+00:00
1785524400000,63097.57,63158.0,62936.29,62972.0,304.88916,2026-07-31 19:00:00+00:00
1785528000000,62972.0,63034.0,62928.35,62953.7,318.42027,2026-07-31 20:00:00+00:00
1785531600000,62953.7,63062.47,62846.0,62947.78,334.75985,2026-07-31 21:00:00+00:00
1785535200000,62947.77,63020.0,62870.01,62950.0,440.99494,2026-07-31 22:00:00+00:00
1785538800000,62950.01,63013.52,62860.64,62887.88,186.49459,2026-07-31 23:00:00+00:00
1785542400000,62887.88,63024.04,62887.87,62938.01,517.26897,2026-08-01 00:00:00+00:00
1785546000000,62938.01,62990.0,62923.47,62975.01,386.71985,2026-08-01 01:00:00+00:00
1785549600000,62975.0,63106.55,62975.0,63075.07,348.67082,2026-08-01 02:00:00+00:00
1785553200000,63075.08,63075.08,62970.65,63004.48,388.95582,2026-08-01 03:00:00+00:00
1785556800000,63004.47,63115.37,62993.2,63115.01,223.92941,2026-08-01 04:00:00+00:00
1785560400000,63115.0,63142.85,63000.85,63020.0,458.27671,2026-08-01 05:00:00+00:00
1785564000000,63020.0,63086.65,62992.82,63080.64,434.87477,2026-08-01 06:00:00+00:00
1785567600000,63080.65,63110.89,63034.0,63050.46,150.69173,2026-08-01 07:00:00+00:00
1785571200000,63050.45,63150.0,63050.45,63126.25,106.02817,2026-08-01 08:00:00+00:00
1785574800000,63126.25,63139.54,63046.33,63053.17,228.45152,2026-08-01 09:00:00+00:00
1785578400000,63053.17,63111.09,62986.31,63056.0,321.04349,2026-08-01 10:00:00+00:00
1785582000000,63055.99,63091.97,63037.72,63076.0,179.08594,2026-08-01 11:00:00+00:00
1785585600000,63076.0,63119.4,63076.0,63103.68,320.18632,2026-08-01 12:00:00+00:00
1785589200000,63103.68,63106.83,63051.0,63069.32,187.46878,2026-08-01 13:00:00+00:00
1785592800000,63069.31,63127.07,63069.31,63126.52,385.79335,2026-08-01 14:00:00+00:00
1785596400000,63126.53,63126.53,63007.05,63007.06,164.42533,2026-08-01 15:00:00+00:00
1785600000000,63007.06,63027.65,62874.0,62932.32,327.87182,2026-08-01 16:00:00+00:00
1785603600000,62932.32,62996.0,62666.0,62708.07,359.17517,2026-08-01 17:00:00+00:00
1785607200000,62708.06,62734.0,62275.0,62580.56,931.42897,2026-08-01 18:00:00+00:00
1785610800000,62580.55,62624.0,62461.17,62529.82,312.52626,2026-08-01 19:00:00+00:00
1785614400000,62529.81,62674.98,62482.99,62662.13,183.46966,2026-08-01 20:00:00+00:00
1785618000000,62662.14,62864.0,62662.13,62812.75,229.38386,2026-08-01 21:00:00+00:00
1785621600000,62812.76,62866.62,62794.17,62831.28,129.54917,2026-08-01 22:00:00+00:00
1785625200000,62831.29,62862.8,62769.97,62823.64,287.81315,2026-08-01 23:00:00+00:00
1785628800000,62823.65,62979.99,62806.58,62833.99,397.27424,2026-08-02 00:00:00+00:00
1785632400000,62834.0,63088.0,62834.0,62981.87,215.77694,2026-08-02 01:00:00+00:00
1785636000000,62981.87,63547.7,62958.54,63451.58,1068.41906,2026-08-02 02:00:00+00:00
1785639600000,63451.58,63550.0,63380.0,63461.95,388.55462,2026-08-02 03:00:00+00:00
1785643200000,63461.95,63612.0,63461.95,63590.0,302.37117,2026-08-02 04:00:00+00:00
1785646800000,63590.0,63634.0,63415.26,63453.27,261.31562,2026-08-02 05:00:00+00:00
1785650400000,63453.27,63498.15,63435.99,63482.49,160.39885,2026-08-02 06:00:00+00:00
1785654000000,63482.49,63544.51,63480.0,63506.24,412.11258,2026-08-02 07:00:00+00:00
1785657600000,63506.23,63530.0,63172.0,63193.99,542.79786,2026-08-02 08:00:00+00:00
1785661200000,63194.0,63320.0,63094.0,63273.94,277.11141,2026-08-02 09:00:00+00:00
1785664800000,63273.94,63273.94,63125.06,63205.03,200.2751,2026-08-02 10:00:00+00:00
1785668400000,63205.03,63206.0,62982.38,63031.99,373.06149,2026-08-02 11:00:00+00:00
1785672000000,63031.99,63231.67,63031.99,63125.49,247.99863,2026-08-02 12:00:00+00:00
1785675600000,63125.49,63146.89,63010.0,63126.92,262.12825,2026-08-02 13:00:00+00:00
1785679200000,63126.92,63186.0,63062.0,63069.37,314.22912,2026-08-02 14:00:00+00:00
1785682800000,63069.37,63186.0,63050.0,63109.14,191.05332,2026-08-02 15:00:00+00:00
1785686400000,63109.13,63273.49,63064.01,63180.36,267.96361,2026-08-02 16:00:00+00:00
1785690000000,63180.36,63342.0,63152.0,63300.28,318.39177,2026-08-02 17:00:00+00:00
1785693600000,63300.0,63610.01,63290.0,63382.01,518.81545,2026-08-02 18:00:00+00:00
1785697200000,63382.01,63479.85,63323.89,63456.01,247.35839,2026-08-02 19:00:00+00:00
1785700800000,63456.0,63501.48,63404.69,63494.52,140.51262,2026-08-02 20:00:00+00:00
1785704400000,63494.51,63785.0,63479.45,63578.0,457.27756,2026-08-02 21:00:00+00:00
1785708000000,63578.01,63796.33,63376.71,63424.58,484.1409,2026-08-02 22:00:00+00:00
1785711600000,63424.58,63596.0,63344.0,63570.0,337.67298,2026-08-02 23:00:00+00:00
1785715200000,63570.01,63596.0,63208.3,63317.6,357.32342,2026-08-03 00:00:00+00:00
1785718800000,63317.61,63350.0,63111.1,63212.16,372.31318,2026-08-03 01:00:00+00:00
1785722400000,63212.16,63286.0,63100.0,63141.4,334.18959,2026-08-03 02:00:00+00:00
1785726000000,63141.39,63168.44,62786.04,62870.49,516.46423,2026-08-03 03:00:00+00:00
1785729600000,62870.48,63001.77,62770.37,62790.0,320.41763,2026-08-03 04:00:00+00:00
1785733200000,62790.0,62875.02,62751.3,62827.17,546.69206,2026-08-03 05:00:00+00:00
1785736800000,62827.17,62872.58,62613.0,62623.6,396.31841,2026-08-03 06:00:00+00:00
1785740400000,62623.6,62700.0,62552.04,62621.1,1264.72827,2026-08-03 07:00:00+00:00
1785744000000,62621.1,62647.69,62300.0,62541.5,657.33122,2026-08-03 08:00:00+00:00
1785747600000,62541.5,62863.1,62520.0,62837.4,585.41075,2026-08-03 09:00:00+00:00
1785751200000,62837.4,62860.0,62615.11,62742.01,443.80935,2026-08-03 10:00:00+00:00
1785754800000,62742.01,62778.92,62540.95,62560.01,282.26451,2026-08-03 11:00:00+00:00
1785758400000,62560.01,62799.3,62445.26,62700.0,437.23263,2026-08-03 12:00:00+00:00
1785762000000,62700.01,63390.0,62562.42,63351.09,1121.39133,2026-08-03 13:00:00+00:00
1785765600000,63351.09,63992.71,63136.0,63967.19,2387.82383,2026-08-03 14:00:00+00:00
1785769200000,63967.19,63989.75,63646.59,63694.91,1368.53804,2026-08-03 15:00:00+00:00
1785772800000,63694.9,63939.99,63664.0,63776.46,800.0795,2026-08-03 16:00:00+00:00
1785776400000,63776.46,64059.75,63714.55,63906.0,628.1066,2026-08-03 17:00:00+00:00
1785780000000,63905.99,64000.0,63768.0,63870.87,368.04477,2026-08-03 18:00:00+00:00
1785783600000,63870.87,64080.0,63846.0,63869.38,545.18183,2026-08-03 19:00:00+00:00
1785787200000,63869.38,64023.61,63769.92,63775.43,498.9936,2026-08-03 20:00:00+00:00
1785790800000,63775.43,63791.98,63548.0,63590.15,427.95014,2026-08-03 21:00:00+00:00
1785794400000,63590.15,63680.0,63392.01,63618.0,422.48287,2026-08-03 22:00:00+00:00
1785798000000,63618.01,63621.35,63465.43,63520.0,460.20967,2026-08-03 23:00:00+00:00
1785801600000,63520.0,63585.09,63322.01,63361.99,536.23408,2026-08-04 00:00:00+00:00
1785805200000,63362.0,63927.99,63361.99,63847.93,808.63269,2026-08-04 01:00:00+00:00
1785808800000,63847.92,63972.0,63686.44,63822.44,596.20908,2026-08-04 02:00:00+00:00
1785812400000,63822.45,63860.0,63649.0,63800.01,343.13285,2026-08-04 03:00:00+00:00
1785816000000,63800.01,64243.81,63762.0,64029.0,795.09044,2026-08-04 04:00:00+00:00
1785819600000,64029.01,64056.0,63788.23,63818.48,306.74636,2026-08-04 05:00:00+00:00
1785823200000,63818.47,63859.71,63654.16,63670.0,321.82249,2026-08-04 06:00:00+00:00
1785826800000,63670.0,63763.63,63506.78,63685.74,779.79552,2026-08-04 07:00:00+00:00
1785830400000,63685.73,63748.22,63564.99,63588.94,412.14854,2026-08-04 08:00:00+00:00
1785834000000,63589.04,63610.0,63516.43,63603.73,356.68509,2026-08-04 09:00:00+00:00
1785837600000,63603.73,63842.0,63451.8,63764.0,613.8334,2026-08-04 10:00:00+00:00
1785841200000,63763.99,63950.0,63712.0,63926.0,457.77198,2026-08-04 11:00:00+00:00
1785844800000,63926.0,64062.46,63788.0,63906.41,546.54537,2026-08-04 12:00:00+00:00
1785848400000,63906.41,64097.74,63656.0,63683.94,1052.90355,2026-08-04 13:00:00+00:00
1785852000000,63683.95,64193.54,63615.38,64128.72,879.92592,2026-08-04 14:00:00+00:00
1785855600000,64128.73,64238.0,63814.29,64125.14,876.1178,2026-08-04 15:00:00+00:00
1785859200000,64125.14,64130.0,63897.22,63950.93,546.40306,2026-08-04 16:00:00+00:00
1785862800000,63950.94,64184.0,63892.0,63972.09,719.77508,2026-08-04 17:00:00+00:00
1785866400000,63972.09,64400.0,63965.73,64305.99,693.34672,2026-08-04 18:00:00+00:00
1785870000000,64305.99,64413.21,64193.57,64233.36,534.82384,2026-08-04 19:00:00+00:00
1785873600000,64233.35,64420.0,64001.68,64341.0,558.35238,2026-08-04 20:00:00+00:00
1785877200000,64341.0,64341.99,64175.52,64194.0,220.73608,2026-08-04 21:00:00+00:00
1785880800000,64193.99,64293.91,64140.0,64270.61,181.53234,2026-08-04 22:00:00+00:00
1785884400000,64270.62,64549.16,64081.26,64106.56,551.91443,2026-08-04 23:00:00+00:00
1785888000000,64106.55,64193.25,63978.44,63988.0,649.78599,2026-08-05 00:00:00+00:00
1785891600000,63988.0,64346.0,63950.0,64333.84,393.02738,2026-08-05 01:00:00+00:00
1785895200000,64333.85,64504.0,64322.59,64368.26,562.72054,2026-08-05 02:00:00+00:00
1785898800000,64368.27,64446.0,64046.0,64183.27,445.73851,2026-08-05 03:00:00+00:00
1785902400000,64183.27,64218.0,64088.01,64176.7,184.21473,2026-08-05 04:00:00+00:00
1785906000000,64176.69,64525.97,64163.36,64330.87,480.37923,2026-08-05 05:00:00+00:00
1785909600000,64330.86,64373.31,64229.34,64253.58,396.58374,2026-08-05 06:00:00+00:00
1785913200000,64253.59,64272.0,63995.89,64163.99,577.00898,2026-08-05 07:00:00+00:00
1785916800000,64164.0,64280.0,64098.0,64120.81,335.28683,2026-08-05 08:00:00+00:00
1785920400000,64120.81,64210.83,64102.95,64155.05,184.00109,2026-08-05 09:00:00+00:00
1785924000000,64155.06,64242.93,64020.0,64062.23,387.90421,2026-08-05 10:00:00+00:00
1785927600000,64062.23,64150.0,64044.5,64075.28,258.58817,2026-08-05 11:00:00+00:00
1785931200000,64075.28,64581.43,64050.0,64332.43,1037.97436,2026-08-05 12:00:00+00:00
1785934800000,64332.43,64412.0,63880.0,64407.99,1022.29322,2026-08-05 13:00:00+00:00
1785938400000,64407.99,64578.0,64300.0,64476.39,1047.50709,2026-08-05 14:00:00+00:00
1785942000000,64476.4,64744.0,64385.49,64388.01,986.83874,2026-08-05 15:00:00+00:00
1785945600000,64388.01,64760.99,64388.0,64661.99,538.9344,2026-08-05 16:00:00+00:00
1785949200000,64661.99,64804.0,64541.71,64770.0,480.07544,2026-08-05 17:00:00+00:00
1785952800000,64770.0,64844.99,64670.01,64799.1,509.17226,2026-08-05 18:00:00+00:00
1785956400000,64799.1,64936.18,64781.79,64840.28,466.98679,2026-08-05 19:00:00+00:00
1785960000000,64840.27,65025.22,64806.46,64822.89,498.389,2026-08-05 20:00:00+00:00
1785963600000,64822.88,64825.78,64657.69,64733.13,467.37291,2026-08-05 21:00:00+00:00
1785967200000,64733.13,64783.84,64629.81,64636.0,271.07045,2026-08-05 22:00:00+00:00
1785970800000,64636.0,64749.99,64579.15,64665.23,561.00122,2026-08-05 23:00:00+00:00
1785974400000,64665.24,64724.38,64572.0,64644.99,476.9934,2026-08-06 00:00:00+00:00
1785978000000,64644.92,64659.65,64498.0,64580.07,393.9399,2026-08-06 01:00:00+00:00
1785981600000,64580.08,64650.62,64439.34,64579.36,432.25507,2026-08-06 02:00:00+00:00
1785985200000,64579.36,64583.63,64493.2,64531.03,197.99261,2026-08-06 03:00:00+00:00
1785988800000,64531.03,64755.72,64496.27,64734.65,354.38235,2026-08-06 04:00:00+00:00
1785992400000,64734.65,64996.0,64730.26,64908.09,515.23827,2026-08-06 05:00:00+00:00
1785996000000,64908.1,64908.1,64745.69,64860.0,233.29381,2026-08-06 06:00:00+00:00
1785999600000,64860.0,64965.66,64776.0,64809.7,679.84082,2026-08-06 07:00:00+00:00
1786003200000,64809.7,64999.0,64760.0,64941.99,323.50568,2026-08-06 08:00:00+00:00
1786006800000,64942.0,64944.0,64630.0,64683.62,404.08385,2026-08-06 09:00:00+00:00
1786010400000,64683.62,64685.05,64581.21,64615.95,207.8831,2026-08-06 10:00:00+00:00
1786014000000,64615.95,64661.26,64503.54,64622.09,372.14171,2026-08-06 11:00:00+00:00
1786017600000,64622.08,64637.68,64381.96,64424.0,336.45805,2026-08-06 12:00:00+00:00
1786021200000,64424.01,64524.21,64172.0,64434.01,870.19548,2026-08-06 13:00:00+00:00
1786024800000,64434.01,64850.0,64362.0,64778.0,781.12724,2026-08-06 14:00:00+00:00
1786028400000,64778.01,64987.26,64624.29,64631.87,772.83402,2026-08-06 15:00:00+00:00
1786032000000,64631.88,64778.0,64592.37,64757.99,370.31723,2026-08-06 16:00:00+00:00
1786035600000,64758.0,64834.0,64548.81,64621.69,293.75208,2026-08-06 17:00:00+00:00
1786039200000,64621.68,64621.69,64378.67,64418.47,347.29306,2026-08-06 18:00:00+00:00
1786042800000,64418.48,64474.71,64365.0,64446.0,449.59357,2026-08-06 19:00:00+00:00
1786046400000,64446.01,64536.32,64439.7,64439.7,195.47529,2026-08-06 20:00:00+00:00
1786050000000,64439.71,64513.99,64404.74,64440.74,249.73283,2026-08-06 21:00:00+00:00
1786053600000,64440.74,64450.0,64330.4,64351.49,210.70667,2026-08-06 22:00:00+00:00
1786057200000,64351.48,64360.01,64200.0,64323.61,395.39675,2026-08-06 23:00:00+00:00
1786060800000,64323.61,64410.0,64230.59,64317.99,285.45231,2026-08-07 00:00:00+00:00
1786064400000,64318.0,64476.78,64300.0,64422.55,351.02167,2026-08-07 01:00:00+00:00
1786068000000,64422.54,64544.0,64252.09,64399.87,388.69448,2026-08-07 02:00:00+00:00
1786071600000,64399.88,64407.73,64260.0,64289.99,199.96303,2026-08-07 03:00:00+00:00
1786075200000,64289.99,64364.08,64166.0,64255.13,222.89749,2026-08-07 04:00:00+00:00
1786078800000,64255.14,64400.0,64177.62,64336.43,321.20596,2026-08-07 05:00:00+00:00
1786082400000,64336.42,64463.75,64283.91,64304.12,452.26837,2026-08-07 06:00:00+00:00
1786086000000,64304.12,64436.13,64264.0,64319.84,382.39149,2026-08-07 07:00:00+00:00
1786089600000,64319.84,64672.1,64304.22,64600.0,433.22408,2026-08-07 08:00:00+00:00
1786093200000,64600.0,64965.0,64599.99,64839.32,917.15159,2026-08-07 09:00:00+00:00
1786096800000,64839.32,64916.0,64802.0,64893.98,362.71626,2026-08-07 10:00:00+00:00
1786100400000,64893.99,65213.33,64893.64,65029.98,652.67441,2026-08-07 11:00:00+00:00
1786104000000,65029.98,65390.99,64986.26,65292.32,1412.7636,2026-08-07 12:00:00+00:00
1786107600000,65292.31,65338.0,64984.68,65009.24,1271.25225,2026-08-07 13:00:00+00:00
1786111200000,65009.23,65275.03,64788.0,64957.98,982.58571,2026-08-07 14:00:00+00:00
1786114800000,64957.98,65136.17,64894.83,64912.72,468.0279,2026-08-07 15:00:00+00:00
1786118400000,64912.71,65072.31,64814.0,64814.0,485.33624,2026-08-07 16:00:00+00:00
1786122000000,64814.01,64828.82,64525.0,64764.33,603.65716,2026-08-07 17:00:00+00:00
1786125600000,64764.33,64881.13,64676.0,64735.51,225.44204,2026-08-07 18:00:00+00:00
1786129200000,64735.52,65039.42,64735.52,64960.47,398.55222,2026-08-07 19:00:00+00:00
1786132800000,64960.46,65053.56,64948.0,64972.0,238.49651,2026-08-07 20:00:00+00:00
1786136400000,64972.0,65102.0,64928.0,64928.01,187.58406,2026-08-07 21:00:00+00:00
1786140000000,64928.02,64947.7,64846.0,64888.0,304.11479,2026-08-07 22:00:00+00:00
1786143600000,64888.0,64923.2,64869.99,64923.19,259.93041,2026-08-07 23:00:00+00:00
1786147200000,64923.2,64954.0,64784.19,64929.01,432.5947,2026-08-08 00:00:00+00:00
1786150800000,64929.01,64965.0,64908.97,64911.79,283.12303,2026-08-08 01:00:00+00:00
1786154400000,64911.8,64957.47,64894.49,64923.97,317.46111,2026-08-08 02:00:00+00:00
1786158000000,64923.98,65074.18,64918.28,65033.0,277.39242,2026-08-08 03:00:00+00:00
1786161600000,65033.0,65071.15,64971.18,65013.58,199.83614,2026-08-08 04:00:00+00:00
1786165200000,65013.58,65018.64,64976.0,64995.39,118.91329,2026-08-08 05:00:00+00:00
1786168800000,64995.39,65014.0,64959.81,65006.61,298.35674,2026-08-08 06:00:00+00:00
1786172400000,65006.61,65006.61,64951.34,64960.0,169.03379,2026-08-08 07:00:00+00:00
1786176000000,64959.99,65020.5,64948.56,64993.87,150.80437,2026-08-08 08:00:00+00:00
1786179600000,64993.88,65050.0,64992.98,64994.31,303.53576,2026-08-08 09:00:00+00:00
1786183200000,64994.31,65022.43,64994.31,65005.87,144.30853,2026-08-08 10:00:00+00:00
1786186800000,65005.88,65024.1,64957.0,64967.35,178.16146,2026-08-08 11:00:00+00:00
1786190400000,64967.36,65050.55,64924.0,65008.34,234.45077,2026-08-08 12:00:00+00:00
1786194000000,65008.33,65018.0,65000.0,65015.27,187.85749,2026-08-08 13:00:00+00:00
1786197600000,65015.27,65192.54,65015.27,65129.02,356.35929,2026-08-08 14:00:00+00:00
1786201200000,65129.01,65149.57,65061.31,65080.82,186.5848,2026-08-08 15:00:00+00:00
1786204800000,65080.83,65116.82,65039.0,65086.45,128.83529,2026-08-08 16:00:00+00:00
1786208400000,65086.46,65150.0,65075.46,65119.75,187.72596,2026-08-08 17:00:00+00:00
1786212000000,65119.75,65119.75,65025.54,65044.07,168.52013,2026-08-08 18:00:00+00:00
1786215600000,65044.08,65093.7,65017.39,65075.41,205.39734,2026-08-08 19:00:00+00:00
1786219200000,65075.4,65100.61,65060.0,65082.41,382.31735,2026-08-08 20:00:00+00:00
1786222800000,65082.42,65082.42,65000.53,65012.96,216.53129,2026-08-08 21:00:00+00:00
1786226400000,65012.95,65038.0,64948.17,64950.61,427.30382,2026-08-08 22:00:00+00:00
1786230000000,64950.62,64975.99,64936.01,64962.6,204.73811,2026-08-08 23:00:00+00:00
1786233600000,64962.6,64991.93,64958.17,64973.65,214.05253,2026-08-09 00:00:00+00:00
1786237200000,64973.65,65002.0,64838.33,64861.46,330.74593,2026-08-09 01:00:00+00:00
1786240800000,64861.46,64863.16,64777.92,64820.01,255.40052,2026-08-09 02:00:00+00:00
1786244400000,64820.01,64820.01,64730.08,64788.8,153.75776,2026-08-09 03:00:00+00:00
1786248000000,64788.8,64826.13,64785.0,64785.0,156.31772,2026-08-09 04:00:00+00:00
1786251600000,64785.01,64801.58,64777.0,64801.58,194.39306,2026-08-09 05:00:00+00:00
1786255200000,64801.57,64867.11,64801.57,64849.99,216.36529,2026-08-09 06:00:00+00:00
1786258800000,64850.0,64860.01,64826.14,64826.14,338.38864,2026-08-09 07:00:00+00:00
1786262400000,64826.15,64960.06,64792.1,64824.16,328.93534,2026-08-09 08:00:00+00:00
1786266000000,64824.17,64877.86,64809.68,64877.85,149.22124,2026-08-09 09:00:00+00:00
1786269600000,64877.86,64994.07,64877.85,64959.86,249.48898,2026-08-09 10:00:00+00:00
1786273200000,64959.87,65000.0,64950.0,64950.0,150.77221,2026-08-09 11:00:00+00:00
1786276800000,64950.01,64962.41,64914.73,64960.11,166.88575,2026-08-09 12:00:00+00:00
1786280400000,64960.12,65266.0,64960.11,65219.78,406.90586,2026-08-09 13:00:00+00:00
1786284000000,65219.78,65300.0,65150.95,65260.01,280.8075,2026-08-09 14:00:00+00:00
1786287600000,65260.01,65264.0,65214.0,65228.68,364.1864,2026-08-09 15:00:00+00:00
1786291200000,65228.68,65266.06,65182.36,65232.14,289.41282,2026-08-09 16:00:00+00:00
1786294800000,65232.15,65239.18,65198.68,65198.68,130.05099,2026-08-09 17:00:00+00:00
1786298400000,65198.68,65220.0,65192.0,65199.68,83.21999,2026-08-09 18:00:00+00:00
1786302000000,65199.69,65210.0,65179.72,65180.66,257.6312,2026-08-09 19:00:00+00:00
1786305600000,65180.66,65181.99,65046.25,65137.96,465.99754,2026-08-09 20:00:00+00:00
1786309200000,65137.96,65250.0,65115.05,65192.99,485.32235,2026-08-09 21:00:00+00:00
1786312800000,65192.99,65474.46,64971.41,65077.13,941.55321,2026-08-09 22:00:00+00:00
1786316400000,65077.13,65108.0,64842.59,64901.59,421.42323,2026-08-09 23:00:00+00:00
1786320000000,64901.59,65322.58,64826.78,64968.01,556.44925,2026-08-10 00:00:00+00:00
1786323600000,64968.21,65391.14,64900.0,65189.99,410.26148,2026-08-10 01:00:00+00:00
1786327200000,65190.0,65220.0,64903.54,65099.99,432.7132,2026-08-10 02:00:00+00:00
1786330800000,65099.99,65172.0,64904.99,64982.01,335.63049,2026-08-10 03:00:00+00:00
1786334400000,64982.0,65100.0,64924.0,65006.73,333.49313,2026-08-10 04:00:00+00:00
1786338000000,65006.74,65159.25,64979.88,65134.0,299.63603,2026-08-10 05:00:00+00:00
1786341600000,65134.0,65339.7,65130.01,65299.4,433.93661,2026-08-10 06:00:00+00:00
1786345200000,65299.4,65379.13,65196.53,65202.73,554.01187,2026-08-10 07:00:00+00:00
1786348800000,65202.72,65328.73,65192.0,65245.58,316.81156,2026-08-10 08:00:00+00:00
1786352400000,65245.59,65245.59,64958.87,64967.24,389.34609,2026-08-10 09:00:00+00:00
1786356000000,64967.25,65074.61,64967.24,65013.06,428.4961,2026-08-10 10:00:00+00:00
1786359600000,65013.07,65130.16,64977.93,65125.98,160.3373,2026-08-10 11:00:00+00:00
1786363200000,65125.99,65237.8,64850.0,64870.75,596.12387,2026-08-10 12:00:00+00:00
1786366800000,64870.74,64973.72,64518.01,64561.98,1297.24239,2026-08-10 13:00:00+00:00
1786370400000,64561.98,64888.32,64544.01,64625.77,650.29814,2026-08-10 14:00:00+00:00
1786374000000,64625.77,64711.43,64203.15,64299.99,1096.33991,2026-08-10 15:00:00+00:00
1786377600000,64299.99,64354.0,63830.57,63904.65,1498.06925,2026-08-10 16:00:00+00:00
1786381200000,63904.65,64027.12,63832.0,63953.04,1290.55418,2026-08-10 17:00:00+00:00
1786384800000,63953.04,64020.64,63806.27,63889.39,944.06538,2026-08-10 18:00:00+00:00
1786388400000,63889.39,64101.34,63888.01,64045.7,543.26284,2026-08-10 19:00:00+00:00
1786392000000,64045.7,64215.21,64023.06,64158.5,286.34235,2026-08-10 20:00:00+00:00
1786395600000,64158.49,64158.5,63987.0,63987.0,239.68387,2026-08-10 21:00:00+00:00
1786399200000,63987.0,64055.95,63944.0,64016.0,216.96727,2026-08-10 22:00:00+00:00
1786402800000,64015.99,64020.0,63920.69,63970.01,328.33621,2026-08-10 23:00:00+00:00
1786406400000,63970.01,64058.0,63895.64,64040.0,690.26826,2026-08-11 00:00:00+00:00
1786410000000,64040.01,64080.1,63958.2,64060.8,355.07512,2026-08-11 01:00:00+00:00
1786413600000,64060.8,64086.0,64030.0,64044.59,263.24469,2026-08-11 02:00:00+00:00
1786417200000,64044.6,64176.0,64044.59,64155.01,524.13513,2026-08-11 03:00:00+00:00
1786420800000,64155.0,64159.65,64021.02,64023.51,360.17249,2026-08-11 04:00:00+00:00
1786424400000,64023.51,64051.93,63964.0,64000.0,217.31247,2026-08-11 05:00:00+00:00
1786428000000,64000.0,64050.43,63852.0,63969.28,681.87714,2026-08-11 06:00:00+00:00
1786431600000,63969.29,64108.0,63911.09,64065.99,380.83043,2026-08-11 07:00:00+00:00
1786435200000,64066.0,64148.78,64044.72,64136.41,168.66039,2026-08-11 08:00:00+00:00
1786438800000,64136.41,64300.0,64121.51,64300.0,453.24003,2026-08-11 09:00:00+00:00
1786442400000,64300.0,64312.7,64200.0,64233.23,408.12036,2026-08-11 10:00:00+00:00
1786446000000,64233.23,64400.0,64233.23,64389.57,538.09782,2026-08-11 11:00:00+00:00
1786449600000,64389.58,64515.43,64274.57,64330.01,714.43565,2026-08-11 12:00:00+00:00
1786453200000,64330.0,64368.42,64050.0,64200.28,1390.7479,2026-08-11 13:00:00+00:00
1786456800000,64200.29,64263.83,63714.75,63770.03,985.02313,2026-08-11 14:00:00+00:00
1786460400000,63770.03,63868.0,63451.0,63609.87,1286.57237,2026-08-11 15:00:00+00:00
1786464000000,63609.86,63660.0,63459.54,63512.59,740.82749,2026-08-11 16:00:00+00:00
1786467600000,63512.59,63632.94,63461.88,63607.88,482.84238,2026-08-11 17:00:00+00:00
1786471200000,63607.87,63626.03,63251.59,63373.07,749.01907,2026-08-11 18:00:00+00:00
1786474800000,63373.07,63536.0,63238.0,63536.0,452.04779,2026-08-11 19:00:00+00:00
1786478400000,63536.0,63748.37,63536.0,63740.0,321.5572,2026-08-11 20:00:00+00:00
1786482000000,63740.0,63768.58,63622.0,63672.73,269.417,2026-08-11 21:00:00+00:00
1786485600000,63672.73,63768.0,63626.25,63668.49,253.27935,2026-08-11 22:00:00+00:00
1786489200000,63668.5,63668.5,63543.55,63600.0,204.82882,2026-08-11 23:00:00+00:00
1786492800000,63600.01,63745.53,63534.01,63742.07,247.42097,2026-08-12 00:00:00+00:00
1786496400000,63742.07,63855.5,63698.18,63813.8,499.92358,2026-08-12 01:00:00+00:00
1786500000000,63813.8,63908.01,63730.72,63749.76,612.29132,2026-08-12 02:00:00+00:00
1786503600000,63749.77,63845.91,63709.85,63835.59,538.85374,2026-08-12 03:00:00+00:00
1786507200000,63835.58,63891.42,63739.99,63769.58,568.35931,2026-08-12 04:00:00+00:00
1786510800000,63769.58,63869.56,63724.25,63849.94,540.4656,2026-08-12 05:00:00+00:00
1786514400000,63849.94,63849.94,63606.15,63711.97,563.28705,2026-08-12 06:00:00+00:00
1786518000000,63711.97,63838.0,63644.1,63837.99,458.43036,2026-08-12 07:00:00+00:00
1786521600000,63838.0,63867.2,63773.98,63794.94,303.11959,2026-08-12 08:00:00+00:00
1786525200000,63794.95,64130.47,63768.01,64108.81,553.52986,2026-08-12 09:00:00+00:00
1786528800000,64108.82,64218.0,64059.99,64143.36,996.13758,2026-08-12 10:00:00+00:00
1786532400000,64143.36,64249.5,64113.5,64240.04,414.30431,2026-08-12 11:00:00+00:00
1786536000000,64240.04,64500.0,63976.37,64119.71,1297.05947,2026-08-12 12:00:00+00:00
1786539600000,64119.72,64159.36,63840.0,63840.0,727.44098,2026-08-12 13:00:00+00:00
1786543200000,63840.0,63926.13,63362.74,63363.39,1163.88428,2026-08-12 14:00:00+00:00
1786546800000,63363.39,63570.01,63316.0,63441.47,771.05562,2026-08-12 15:00:00+00:00
1786550400000,63441.48,63578.0,63368.35,63492.12,487.79219,2026-08-12 16:00:00+00:00
1786554000000,63492.12,63556.0,63416.4,63471.0,292.36777,2026-08-12 17:00:00+00:00
1786557600000,63470.99,63522.56,63373.97,63386.59,396.92257,2026-08-12 18:00:00+00:00
1786561200000,63386.58,63465.13,63310.34,63421.11,381.53313,2026-08-12 19:00:00+00:00
1786564800000,63421.11,63600.0,63421.11,63599.99,307.26199,2026-08-12 20:00:00+00:00
1786568400000,63600.0,63661.24,63421.61,63469.83,267.57645,2026-08-12 21:00:00+00:00
1786572000000,63469.84,63536.0,63370.0,63432.28,240.00896,2026-08-12 22:00:00+00:00
1786575600000,63432.28,63482.89,63378.23,63479.99,998.04154,2026-08-12 23:00:00+00:00
1786579200000,63479.99,63717.31,63460.32,63556.92,406.77009,2026-08-13 00:00:00+00:00
1786582800000,63556.91,63631.67,63382.45,63456.11,317.88444,2026-08-13 01:00:00+00:00
1786586400000,63456.1,63582.0,63380.0,63550.01,458.1649,2026-08-13 02:00:00+00:00
1786590000000,63550.01,63686.4,63514.21,63646.99,401.71819,2026-08-13 03:00:00+00:00
1786593600000,63647.0,63778.0,63591.56,63693.74,223.42484,2026-08-13 04:00:00+00:00
1786597200000,63693.73,64010.0,63671.64,63878.0,500.10882,2026-08-13 05:00:00+00:00
1786600800000,63878.01,63942.36,63757.47,63942.35,256.03719,2026-08-13 06:00:00+00:00
1786604400000,63942.36,63947.09,63856.13,63865.84,533.09585,2026-08-13 07:00:00+00:00
1786608000000,63865.84,63915.0,63742.0,63766.8,439.81868,2026-08-13 08:00:00+00:00
1786611600000,63766.8,63786.49,63587.99,63782.64,337.82326,2026-08-13 09:00:00+00:00
1786615200000,63782.65,63818.16,63586.0,63651.19,317.79982,2026-08-13 10:00:00+00:00
1786618800000,63651.2,63660.76,63350.0,63484.3,355.63538,2026-08-13 11:00:00+00:00
1786622400000,63484.31,63710.0,63450.0,63697.76,384.47294,2026-08-13 12:00:00+00:00
1786626000000,63697.76,63850.0,63566.0,63724.0,561.86509,2026-08-13 13:00:00+00:00
1786629600000,63723.99,63999.0,63686.0,63859.45,669.38212,2026-08-13 14:00:00+00:00
1786633200000,63859.46,63940.08,63420.0,63420.01,505.15868,2026-08-13 15:00:00+00:00
1786636800000,63420.01,63568.97,62802.27,63160.13,1752.37181,2026-08-13 16:00:00+00:00
1786640400000,63160.13,63294.61,63074.44,63144.38,644.48394,2026-08-13 17:00:00+00:00
1786644000000,63144.37,63369.63,63105.44,63310.0,325.89181,2026-08-13 18:00:00+00:00
1786647600000,63310.0,63519.39,63310.0,63407.99,349.14796,2026-08-13 19:00:00+00:00
1786651200000,63408.0,63474.34,63368.0,63415.55,239.68311,2026-08-13 20:00:00+00:00
1786654800000,63415.56,63500.0,63390.0,63474.0,188.33344,2026-08-13 21:00:00+00:00
1786658400000,63474.0,63640.0,63473.99,63530.01,226.97651,2026-08-13 22:00:00+00:00
1786662000000,63530.01,63539.03,63400.0,63490.86,397.80966,2026-08-13 23:00:00+00:00
1786665600000,63490.86,63552.99,63410.0,63541.45,377.80366,2026-08-14 00:00:00+00:00
1786669200000,63541.45,63585.92,63458.0,63575.86,310.91391,2026-08-14 01:00:00+00:00
1786672800000,63575.86,63617.45,63465.38,63465.39,489.39475,2026-08-14 02:00:00+00:00
1786676400000,63465.39,63576.0,63301.58,63310.0,296.84163,2026-08-14 03:00:00+00:00
1786680000000,63310.0,63472.5,63276.0,63372.56,530.66039,2026-08-14 04:00:00+00:00
1786683600000,63372.56,63400.3,63286.67,63379.83,201.71573,2026-08-14 05:00:00+00:00
1786687200000,63379.83,63379.83,62942.0,62974.14,627.73261,2026-08-14 06:00:00+00:00
1786690800000,62974.14,63110.0,62920.0,62920.78,730.23378,2026-08-14 07:00:00+00:00
1786694400000,62920.78,62997.83,62700.0,62940.01,892.48443,2026-08-14 08:00:00+00:00
1786698000000,62940.01,62940.01,62744.0,62792.75,501.14919,2026-08-14 09:00:00+00:00
1786701600000,62792.75,62946.0,62739.98,62814.14,598.55074,2026-08-14 10:00:00+00:00
1786705200000,62814.14,62936.82,62814.0,62868.83,444.92265,2026-08-14 11:00:00+00:00
1786708800000,62868.83,62913.3,62726.26,62741.69,486.51649,2026-08-14 12:00:00+00:00
1786712400000,62741.68,62822.33,62605.0,62668.0,987.78817,2026-08-14 13:00:00+00:00
1786716000000,62668.0,62797.88,62535.24,62620.01,998.23888,2026-08-14 14:00:00+00:00
1786719600000,62620.01,63089.18,62612.0,62990.95,988.09918,2026-08-14 15:00:00+00:00
1786723200000,62990.94,63215.58,62966.86,63133.48,566.22185,2026-08-14 16:00:00+00:00
1786726800000,63133.49,63247.05,63000.0,63013.69,454.05828,2026-08-14 17:00:00+00:00
1786730400000,63013.7,63088.21,62894.85,62930.01,367.77038,2026-08-14 18:00:00+00:00
1786734000000,62930.01,62996.0,62830.0,62968.05,394.98545,2026-08-14 19:00:00+00:00
1786737600000,62968.06,63020.74,62896.85,62907.59,359.43765,2026-08-14 20:00:00+00:00
1786741200000,62907.59,62937.22,62873.25,62928.49,179.646,2026-08-14 21:00:00+00:00
1786744800000,62928.49,62957.28,62800.0,62886.88,226.57205,2026-08-14 22:00:00+00:00
1786748400000,62886.87,63066.13,62865.03,63043.56,329.09114,2026-08-14 23:00:00+00:00
1786752000000,63043.56,63059.5,62992.91,63019.88,208.64233,2026-08-15 00:00:00+00:00
1786755600000,63019.89,63051.78,62993.57,63045.13,485.23532,2026-08-15 01:00:00+00:00
1786759200000,63045.14,63134.82,63035.95,63134.41,243.54429,2026-08-15 02:00:00+00:00
1786762800000,63134.41,63187.98,63039.99,63051.25,184.46775,2026-08-15 03:00:00+00:00
1786766400000,63051.25,63151.65,63051.25,63122.0,172.30243,2026-08-15 04:00:00+00:00
1786770000000,63122.01,63155.76,63039.99,63089.0,213.28052,2026-08-15 05:00:00+00:00
1786773600000,63089.0,63134.84,63027.89,63114.68,373.75318,2026-08-15 06:00:00+00:00
1786777200000,63114.68,63134.83,63042.0,63075.43,688.73174,2026-08-15 07:00:00+00:00
1786780800000,63075.43,63085.8,62933.71,62935.72,177.99645,2026-08-15 08:00:00+00:00
1786784400000,62935.72,63045.83,62920.0,63030.38,183.99371,2026-08-15 09:00:00+00:00
1786788000000,63030.39,63051.74,63002.12,63046.1,79.58111,2026-08-15 10:00:00+00:00
1786791600000,63046.1,63054.69,62996.85,63022.01,175.71191,2026-08-15 11:00:00+00:00
1786795200000,63022.01,63055.36,62946.58,63050.13,109.73402,2026-08-15 12:00:00+00:00
1786798800000,63050.12,63080.88,63028.11,63060.35,132.2968,2026-08-15 13:00:00+00:00
1786802400000,63060.34,63060.35,62996.77,63040.0,244.03751,2026-08-15 14:00:00+00:00
1786806000000,63040.01,63120.09,63032.0,63100.55,214.37562,2026-08-15 15:00:00+00:00
1786809600000,63100.55,63124.99,63066.73,63096.63,202.83972,2026-08-15 16:00:00+00:00
1786813200000,63096.62,63100.69,63066.21,63070.5,96.56413,2026-08-15 17:00:00+00:00
1786816800000,63070.49,63115.58,63044.37,63057.58,294.79086,2026-08-15 18:00:00+00:00
1786820400000,63057.58,63127.4,63057.57,63126.08,516.06271,2026-08-15 19:00:00+00:00
1786824000000,63126.07,63126.08,63076.96,63103.29,55.31906,2026-08-15 20:00:00+00:00
1786827600000,63103.29,63168.95,63103.29,63159.04,170.99952,2026-08-15 21:00:00+00:00
1786831200000,63159.04,63175.0,63135.52,63135.52,95.56932,2026-08-15 22:00:00+00:00
1786834800000,63135.52,63139.96,63086.0,63086.01,85.33037,2026-08-15 23:00:00+00:00
1786838400000,63086.01,63086.01,63061.47,63085.82,94.57372,2026-08-16 00:00:00+00:00
1786842000000,63085.81,63085.82,63012.0,63084.78,180.55557,2026-08-16 01:00:00+00:00
1786845600000,63084.78,63151.59,63024.22,63121.91,245.34897,2026-08-16 02:00:00+00:00
1786849200000,63121.92,63130.01,63115.61,63130.0,105.94774,2026-08-16 03:00:00+00:00
1786852800000,63130.01,63158.8,63090.0,63090.01,130.32114,2026-08-16 04:00:00+00:00
1786856400000,63090.0,63094.0,63040.0,63069.43,235.12057,2026-08-16 05:00:00+00:00
1786860000000,63069.43,63083.79,63043.21,63069.31,280.31849,2026-08-16 06:00:00+00:00
1786863600000,63069.32,63069.32,63054.34,63061.02,146.93998,2026-08-16 07:00:00+00:00
1786867200000,63061.03,63079.76,63061.02,63072.42,108.9221,2026-08-16 08:00:00+00:00
1786870800000,63072.43,63072.43,62968.45,62992.69,290.93169,2026-08-16 09:00:00+00:00
1786874400000,62992.68,63013.62,62968.45,63008.57,133.29459,2026-08-16 10:00:00+00:00
1786878000000,63008.56,63013.66,62981.93,63013.66,213.61707,2026-08-16 11:00:00+00:00
1786881600000,63013.66,63025.42,62997.77,63021.98,78.74312,2026-08-16 12:00:00+00:00
1786885200000,63021.99,63070.05,63021.98,63060.01,146.76198,2026-08-16 13:00:00+00:00
1786888800000,63060.01,63102.86,63060.0,63102.85,159.23473,2026-08-16 14:00:00+00:00
1786892400000,63102.86,63146.4,63102.86,63146.39,173.3934,2026-08-16 15:00:00+00:00
1786896000000,63146.39,63390.0,63137.35,63260.01,394.04188,2026-08-16 16:00:00+00:00
1786899600000,63260.0,63276.61,63120.22,63159.3,190.81967,2026-08-16 17:00:00+00:00
1786903200000,63159.31,63173.71,63120.0,63140.06,89.92171,2026-08-16 18:00:00+00:00
1786906800000,63140.05,63230.0,63100.89,63108.81,186.2917,2026-08-16 19:00:00+00:00
1786910400000,63108.8,63140.0,63027.6,63067.79,122.98382,2026-08-16 20:00:00+00:00
1786914000000,63067.79,63085.15,62754.0,62929.61,328.59983,2026-08-16 21:00:00+00:00
1786917600000,62929.61,62954.0,62716.0,62913.7,453.8874,2026-08-16 22:00:00+00:00
1786921200000,62913.7,62993.77,62830.0,62900.0,246.66048,2026-08-16 23:00:00+00:00
1786924800000,62900.0,62956.0,62751.1,62917.54,577.24276,2026-08-17 00:00:00+00:00
1786928400000,62917.54,63246.91,62896.0,63116.12,495.52019,2026-08-17 01:00:00+00:00
1786932000000,63116.12,63500.0,63037.09,63403.34,459.80516,2026-08-17 02:00:00+00:00
1786935600000,63403.33,63520.0,63339.78,63429.21,637.65934,2026-08-17 03:00:00+00:00
1786939200000,63429.21,63580.0,63429.21,63532.44,714.19197,2026-08-17 04:00:00+00:00
1786942800000,63532.43,63594.76,63446.59,63520.18,770.70619,2026-08-17 05:00:00+00:00
1786946400000,63520.18,63717.17,63477.95,63667.99,312.69187,2026-08-17 06:00:00+00:00
1786950000000,63668.0,63668.0,63500.0,63514.45,696.41924,2026-08-17 07:00:00+00:00
1786953600000,63514.45,63545.08,63350.0,63380.84,520.36494,2026-08-17 08:00:00+00:00
1786957200000,63380.83,63428.0,63295.0,63323.96,311.26926,2026-08-17 09:00:00+00:00
1786960800000,63323.97,63694.26,63300.25,63692.21,683.00101,2026-08-17 10:00:00+00:00
1786964400000,63692.2,63781.69,63587.05,63631.1,428.28018,2026-08-17 11:00:00+00:00
1786968000000,63631.11,63680.0,63533.06,63554.69,405.66003,2026-08-17 12:00:00+00:00
1786971600000,63554.7,63799.64,63444.17,63672.36,585.29579,2026-08-17 13:00:00+00:00
1786975200000,63672.37,63904.76,63588.0,63902.63,583.47166,2026-08-17 14:00:00+00:00
1786978800000,63902.63,64227.27,63812.35,64200.0,1356.1435,2026-08-17 15:00:00+00:00
1786982400000,64200.0,64216.42,64058.0,64115.76,671.84426,2026-08-17 16:00:00+00:00
1786986000000,64115.76,64425.0,63979.3,64325.99,1418.9831,2026-08-17 17:00:00+00:00
1786989600000,64325.99,64610.01,64280.49,64428.87,1040.45275,2026-08-17 18:00:00+00:00
1786993200000,64428.88,64428.88,64288.35,64309.96,452.68874,2026-08-17 19:00:00+00:00
1786996800000,64309.95,64434.0,64266.0,64392.73,244.13801,2026-08-17 20:00:00+00:00
1787000400000,64392.72,64434.76,64296.0,64382.02,218.14648,2026-08-17 21:00:00+00:00
1787004000000,64382.02,64416.0,64283.49,64291.25,321.62233,2026-08-17 22:00:00+00:00
1787007600000,64291.26,64578.0,64288.24,64532.1,350.04837,2026-08-17 23:00:00+00:00
1787011200000,64532.11,64568.46,64367.27,64383.71,332.9031,2026-08-18 00:00:00+00:00
1787014800000,64383.72,64387.71,64156.0,64200.06,378.48537,2026-08-18 01:00:00+00:00
1787018400000,64200.06,64272.0,64048.0,64103.22,442.34864,2026-08-18 02:00:00+00:00
1787022000000,64103.22,64195.45,64047.73,64185.01,577.49413,2026-08-18 03:00:00+00:00
1787025600000,64185.0,64250.69,64090.0,64210.32,739.25374,2026-08-18 04:00:00+00:00
1787029200000,64210.33,64276.0,64140.0,64242.76,1323.90812,2026-08-18 05:00:00+00:00
1787032800000,64242.76,64446.0,64170.0,64318.03,694.7657,2026-08-18 06:00:00+00:00
1787036400000,64318.03,64350.0,64164.0,64198.97,394.05527,2026-08-18 07:00:00+00:00
1787040000000,64198.97,64336.0,64087.98,64296.02,402.40674,2026-08-18 08:00:00+00:00
1787043600000,64296.01,64296.01,64140.0,64171.95,269.49893,2026-08-18 09:00:00+00:00
1787047200000,64171.95,64216.0,64123.42,64202.8,219.75251,2026-08-18 10:00:00+00:00
1787050800000,64202.81,64402.35,64192.42,64351.19,310.52659,2026-08-18 11:00:00+00:00
1787054400000,64351.18,64355.64,64218.45,64230.02,236.94493,2026-08-18 12:00:00+00:00
1787058000000,64230.02,64284.0,64027.85,64219.99,1179.78725,2026-08-18 13:00:00+00:00
1787061600000,64219.99,65058.81,64219.99,64714.16,1757.31459,2026-08-18 14:00:00+00:00
1787065200000,64714.16,64888.0,64652.0,64855.06,513.17463,2026-08-18 15:00:00+00:00
1787068800000,64855.06,64891.81,64675.5,64840.0,419.07089,2026-08-18 16:00:00+00:00
1787072400000,64840.0,64840.01,64670.02,64670.02,400.18777,2026-08-18 17:00:00+00:00
1787076000000,64670.02,64822.0,64656.0,64772.0,219.3896,2026-08-18 18:00:00+00:00
1787079600000,64771.99,64796.0,64642.36,64643.26,185.09854,2026-08-18 19:00:00+00:00
1787083200000,64643.27,64654.87,64568.0,64582.39,191.92081,2026-08-18 20:00:00+00:00
1787086800000,64582.38,64653.97,64571.48,64604.58,187.67225,2026-08-18 21:00:00+00:00
1787090400000,64604.58,64648.0,64562.25,64634.0,200.09422,2026-08-18 22:00:00+00:00
1787094000000,64634.0,64780.0,64631.15,64725.42,213.8588,2026-08-18 23:00:00+00:00
1787097600000,64725.42,64736.27,64488.0,64488.0,247.80518,2026-08-19 00:00:00+00:00
1787101200000,64488.0,64551.47,64389.27,64400.48,314.2814,2026-08-19 01:00:00+00:00
1787104800000,64400.47,64414.65,64350.0,64351.9,547.93834,2026-08-19 02:00:00+00:00
1787108400000,64351.86,64414.0,64278.0,64330.71,258.70445,2026-08-19 03:00:00+00:00
1787112000000,64330.7,64391.8,64293.43,64316.22,402.06932,2026-08-19 04:00:00+00:00
1787115600000,64316.22,64409.93,64236.0,64236.01,258.31718,2026-08-19 05:00:00+00:00
1787119200000,64236.01,64344.0,64166.0,64339.8,531.39508,2026-08-19 06:00:00+00:00
1787122800000,64339.8,64395.78,64271.78,64296.0,630.66386,2026-08-19 07:00:00+00:00
1787126400000,64296.01,64510.95,64255.0,64413.95,381.23164,2026-08-19 08:00:00+00:00
1787130000000,64413.95,64470.66,64360.7,64427.06,228.1951,2026-08-19 09:00:00+00:00
1787133600000,64427.07,64456.71,64373.24,64456.71,262.84871,2026-08-19 10:00:00+00:00
1787137200000,64456.71,64539.05,64454.99,64515.63,286.02228,2026-08-19 11:00:00+00:00
1787140800000,64515.62,64988.0,64474.86,64882.15,785.09851,2026-08-19 12:00:00+00:00
1787144400000,64882.15,65217.86,64793.29,65012.12,1619.46727,2026-08-19 13:00:00+00:00
1787148000000,65012.12,65970.0,65012.11,65923.21,2365.56793,2026-08-19 14:00:00+00:00
1787151600000,65923.21,69500.0,65892.0,68554.0,9262.86965,2026-08-19 15:00:00+00:00
1787155200000,68554.0,68997.0,68416.36,68465.27,2013.58518,2026-08-19 16:00:00+00:00
1787158800000,68465.26,68546.22,67825.03,68197.29,1708.46485,2026-08-19 17:00:00+00:00
1787162400000,68197.3,68453.43,68042.0,68395.99,626.01288,2026-08-19 18:00:00+00:00
1787166000000,68396.0,68483.52,68103.71,68429.44,730.52396,2026-08-19 19:00:00+00:00
1787169600000,68429.44,69579.99,68390.0,69048.06,1419.23549,2026-08-19 20:00:00+00:00
1787173200000,69048.06,70000.0,68984.78,69709.46,2102.52662,2026-08-19 21:00:00+00:00
1787176800000,69709.47,69833.99,68980.0,69258.9,1240.65644,2026-08-19 22:00:00+00:00
1787180400000,69258.9,69453.88,69160.0,69334.79,830.81844,2026-08-19 23:00:00+00:00
1787184000000,69334.78,69793.21,69314.01,69420.0,1392.50902,2026-08-20 00:00:00+00:00
1787187600000,69420.0,69894.5,69283.25,69721.92,864.23959,2026-08-20 01:00:00+00:00
1787191200000,69721.92,69824.0,69268.0,69301.27,929.59108,2026-08-20 02:00:00+00:00
1787194800000,69301.27,69340.0,68902.22,69195.64,941.77624,2026-08-20 03:00:00+00:00
1787198400000,69195.64,69599.01,69166.0,69492.01,712.36152,2026-08-20 04:00:00+00:00
1787202000000,69492.0,69668.0,69349.16,69406.54,1261.47615,2026-08-20 05:00:00+00:00
1787205600000,69406.53,69927.97,69336.97,69851.99,1346.47743,2026-08-20 06:00:00+00:00
1787209200000,69851.99,70022.0,69506.91,69816.45,2107.14536,2026-08-20 07:00:00+00:00
1787212800000,69816.45,71826.26,69772.36,71592.1,4173.84476,2026-08-20 08:00:00+00:00
1787216400000,71592.11,72067.46,71500.0,71789.97,3166.23325,2026-08-20 09:00:00+00:00
1787220000000,71789.97,72490.0,71686.58,71995.99,2350.9646,2026-08-20 10:00:00+00:00
1787223600000,71995.99,72322.0,71820.0,71927.07,1357.58479,2026-08-20 11:00:00+00:00
1787227200000,71927.07,72015.42,71501.0,71952.04,1576.86402,2026-08-20 12:00:00+00:00
1787230800000,71952.04,72108.8,71132.0,71691.99,2151.9086,2026-08-20 13:00:00+00:00
1787234400000,71692.0,71990.09,71364.01,71826.85,1441.04171,2026-08-20 14:00:00+00:00
1787238000000,71826.85,72830.0,71789.01,72470.83,2926.7352,2026-08-20 15:00:00+00:00
1787241600000,72470.84,72905.0,72205.88,72837.15,1324.40386,2026-08-20 16:00:00+00:00
1787245200000,72837.15,72966.0,72534.71,72737.5,1268.41951,2026-08-20 17:00:00+00:00
1787248800000,72737.51,72810.0,72394.0,72431.36,968.00662,2026-08-20 18:00:00+00:00
1787252400000,72431.35,72774.0,72330.0,72690.76,818.65084,2026-08-20 19:00:00+00:00
1787256000000,72690.76,73110.7,72594.0,72671.75,871.61952,2026-08-20 20:00:00+00:00
1787259600000,72671.76,72848.0,72557.0,72741.81,501.87504,2026-08-20 21:00:00+00:00
1787263200000,72741.81,72878.0,72498.0,72676.22,520.26326,2026-08-20 22:00:00+00:00
1787266800000,72676.23,73400.0,72664.56,73025.15,930.8009,2026-08-20 23:00:00+00:00
1787270400000,73027.02,73990.0,73027.02,73708.02,1919.94005,2026-08-21 00:00:00+00:00
1787274000000,73707.82,75785.82,73668.0,75129.23,3173.32947,2026-08-21 01:00:00+00:00
1787277600000,75129.23,75197.08,74384.63,74439.74,1716.15486,2026-08-21 02:00:00+00:00
1787281200000,74439.75,74882.24,74247.46,74510.77,1039.80072,2026-08-21 03:00:00+00:00
1787284800000,74510.77,75054.46,74510.77,75026.0,825.51685,2026-08-21 04:00:00+00:00
1787288400000,75026.0,75500.0,74918.79,75472.73,1138.68225,2026-08-21 05:00:00+00:00
1787292000000,75472.73,75753.0,75104.0,75646.21,1382.10073,2026-08-21 06:00:00+00:00
1787295600000,75646.2,76916.95,75620.0,76308.65,3775.56433,2026-08-21 07:00:00+00:00
1787299200000,76308.66,79500.0,76235.76,79258.03,4366.47306,2026-08-21 08:00:00+00:00
1787302800000,79258.02,79363.79,77251.0,77910.71,4167.07817,2026-08-21 09:00:00+00:00
1787306400000,77910.71,78250.0,77621.8,77810.02,1604.18384,2026-08-21 10:00:00+00:00
1787310000000,77810.01,77855.78,76411.38,76722.32,2387.74046,2026-08-21 11:00:00+00:00
1787313600000,76722.31,77477.24,76538.0,77223.66,2680.17653,2026-08-21 12:00:00+00:00
1787317200000,77223.66,77700.0,76243.04,77266.87,2022.51306,2026-08-21 13:00:00+00:00
1787320800000,77266.88,77448.26,76552.74,77384.68,1855.76373,2026-08-21 14:00:00+00:00
1787324400000,77384.69,77871.33,77170.0,77221.98,1316.36575,2026-08-21 15:00:00+00:00
1787328000000,77221.98,77563.53,76784.81,77486.01,1368.21973,2026-08-21 16:00:00+00:00
1787331600000,77486.01,77722.12,77189.95,77392.68,1099.33856,2026-08-21 17:00:00+00:00
1787335200000,77392.69,77550.0,76643.72,77146.0,1247.39698,2026-08-21 18:00:00+00:00
1787338800000,77145.99,77360.0,76856.2,77028.94,1151.33799,2026-08-21 19:00:00+00:00
1787342400000,77028.94,77548.99,76863.56,77520.19,905.49008,2026-08-21 20:00:00+00:00
1787346000000,77520.19,78675.1,77388.0,78505.15,1351.97974,2026-08-21 21:00:00+00:00
1787349600000,78505.14,78760.68,78081.8,78460.14,1022.8221,2026-08-21 22:00:00+00:00
1787353200000,78460.13,78720.0,78100.26,78338.03,821.59664,2026-08-21 23:00:00+00:00
1787356800000,78338.03,78500.0,77683.37,77953.3,822.10615,2026-08-22 00:00:00+00:00
1787360400000,77953.3,78234.0,77816.66,77830.01,612.96043,2026-08-22 01:00:00+00:00
1787364000000,77830.01,78563.83,77791.19,78470.0,965.16893,2026-08-22 02:00:00+00:00
1787367600000,78470.0,78828.15,78372.0,78410.98,734.8031,2026-08-22 03:00:00+00:00
1787371200000,78410.98,78818.0,78207.61,78470.0,738.35305,2026-08-22 04:00:00+00:00
1787374800000,78470.0,78584.0,76500.0,77380.75,3816.352,2026-08-22 05:00:00+00:00
1787378400000,77380.75,77572.16,76985.14,77486.09,838.31259,2026-08-22 06:00:00+00:00
1787382000000,77486.09,77669.28,77220.0,77289.18,634.34953,2026-08-22 07:00:00+00:00
1787385600000,77289.18,77445.6,77037.42,77210.55,870.47609,2026-08-22 08:00:00+00:00
1787389200000,77210.55,77395.04,76851.25,77061.99,1089.30988,2026-08-22 09:00:00+00:00
1787392800000,77062.0,77187.46,76533.87,76976.0,1058.83574,2026-08-22 10:00:00+00:00
1787396400000,76976.01,77204.68,76772.05,77130.02,729.38003,2026-08-22 11:00:00+00:00
1787400000000,77130.01,77387.99,77073.86,77300.27,529.84412,2026-08-22 12:00:00+00:00
1787403600000,77300.27,77362.03,77116.0,77288.62,471.5874,2026-08-22 13:00:00+00:00
1787407200000,77288.62,77305.14,76930.0,77003.62,534.05012,2026-08-22 14:00:00+00:00
1787410800000,77003.62,77100.77,76880.0,76978.83,465.28762,2026-08-22 15:00:00+00:00
1787414400000,76978.83,77547.96,76956.36,77288.01,537.52059,2026-08-22 16:00:00+00:00
1787418000000,77288.01,77369.99,77066.66,77278.01,367.89271,2026-08-22 17:00:00+00:00
1787421600000,77278.01,77360.92,77138.0,77257.86,246.33381,2026-08-22 18:00:00+00:00
1787425200000,77257.87,77469.64,77206.53,77418.25,260.41653,2026-08-22 19:00:00+00:00
1787428800000,77418.26,77467.53,77258.0,77311.69,351.69043,2026-08-22 20:00:00+00:00
1787432400000,77311.69,77311.69,76828.78,76856.01,472.54194,2026-08-22 21:00:00+00:00
1787436000000,76856.0,77155.46,76772.0,76997.76,933.98314,2026-08-22 22:00:00+00:00
1787439600000,76997.77,77126.53,76900.0,77074.93,442.95254,2026-08-22 23:00:00+00:00
1787443200000,77074.94,77359.53,77042.91,77302.65,422.64795,2026-08-23 00:00:00+00:00
1787446800000,77302.65,77400.0,77158.0,77190.29,315.9346,2026-08-23 01:00:00+00:00
1787450400000,77190.29,77232.55,77005.88,77079.46,272.44621,2026-08-23 02:00:00+00:00
1787454000000,77079.46,77136.78,76837.0,76927.87,542.03792,2026-08-23 03:00:00+00:00
1787457600000,76927.87,77036.58,76477.04,76602.0,1142.31377,2026-08-23 04:00:00+00:00
1787461200000,76602.0,76730.99,75545.67,76053.37,2021.52468,2026-08-23 05:00:00+00:00
1787464800000,76053.38,76357.51,75872.89,76096.95,788.44492,2026-08-23 06:00:00+00:00
1787468400000,76096.96,76345.31,75907.82,76007.13,498.42122,2026-08-23 07:00:00+00:00
1787472000000,76007.12,76654.78,75952.09,76486.49,773.49224,2026-08-23 08:00:00+00:00
1787475600000,76486.49,76640.21,76467.0,76549.98,346.37256,2026-08-23 09:00:00+00:00
1787479200000,76549.99,76924.29,76542.0,76790.35,533.71157,2026-08-23 10:00:00+00:00
1787482800000,76790.35,77400.0,76744.94,77311.02,784.82342,2026-08-23 11:00:00+00:00
1787486400000,77311.02,77311.99,76975.63,77206.0,446.59889,2026-08-23 12:00:00+00:00
1787490000000,77206.01,77765.8,77192.21,77487.62,955.92825,2026-08-23 13:00:00+00:00
1787493600000,77487.62,77640.58,76802.0,77186.0,1015.68445,2026-08-23 14:00:00+00:00
1787497200000,77186.0,77336.93,76913.49,77156.13,562.15936,2026-08-23 15:00:00+00:00
1787500800000,77156.14,77475.0,77156.13,77429.88,303.2396,2026-08-23 16:00:00+00:00
1787504400000,77429.87,77443.95,77148.2,77176.41,396.15987,2026-08-23 17:00:00+00:00
1787508000000,77176.41,77415.33,77116.0,77341.98,670.17194,2026-08-23 18:00:00+00:00
1787511600000,77341.99,77487.04,77255.99,77346.01,294.93858,2026-08-23 19:00:00+00:00
1787515200000,77346.0,77460.0,77200.03,77401.6,169.97755,2026-08-23 20:00:00+00:00
1787518800000,77401.59,78052.85,77401.59,77833.23,861.63202,2026-08-23 21:00:00+00:00
1787522400000,77833.23,77979.0,77560.02,77598.88,587.36494,2026-08-23 22:00:00+00:00
1787526000000,77598.87,77829.7,77290.22,77734.0,661.20534,2026-08-23 23:00:00+00:00
1787529600000,77734.0,77742.0,77142.85,77679.5,630.62998,2026-08-24 00:00:00+00:00
1787533200000,77679.51,77717.28,76918.0,76922.1,853.47221,2026-08-24 01:00:00+00:00
1787536800000,76922.11,77545.08,76883.61,77478.69,732.4439,2026-08-24 02:00:00+00:00
1787540400000,77478.7,77532.37,76933.0,76933.02,1447.49069,2026-08-24 03:00:00+00:00
1787544000000,76933.02,77247.12,76670.01,76897.44,1191.36747,2026-08-24 04:00:00+00:00
1787547600000,76897.44,77226.93,76842.72,77149.4,884.51745,2026-08-24 05:00:00+00:00
1787551200000,77149.39,77525.09,77071.0,77464.33,745.9839,2026-08-24 06:00:00+00:00
1787554800000,77464.33,77790.19,77281.68,77307.15,681.33125,2026-08-24 07:00:00+00:00
1787558400000,77307.14,77414.88,76838.0,77041.47,921.46444,2026-08-24 08:00:00+00:00
1787562000000,77041.46,77602.8,77028.0,77554.08,523.00977,2026-08-24 09:00:00+00:00
1787565600000,77554.08,78017.0,77534.09,77617.22,1113.08488,2026-08-24 10:00:00+00:00
1787569200000,77617.23,78600.0,77450.0,78443.65,1324.46087,2026-08-24 11:00:00+00:00
1787572800000,78443.65,79326.48,77982.0,79159.99,1858.84351,2026-08-24 12:00:00+00:00
1787576400000,79159.98,79450.0,77851.9,78597.99,3300.58408,2026-08-24 13:00:00+00:00
1787580000000,78597.99,79841.12,78597.99,79510.92,3230.14333,2026-08-24 14:00:00+00:00
1787583600000,79510.93,80000.0,78824.78,79100.01,3666.17565,2026-08-24 15:00:00+00:00
1787587200000,79100.01,79877.87,78901.1,79047.6,1877.28842,2026-08-24 16:00:00+00:00
1787590800000,79047.61,79198.0,78468.61,78761.14,1637.93002,2026-08-24 17:00:00+00:00
1787594400000,78761.14,79084.22,78718.01,78928.35,783.83103,2026-08-24 18:00:00+00:00
1787598000000,78928.35,79118.42,78600.0,78758.0,1063.06502,2026-08-24 19:00:00+00:00
1787601600000,78757.99,78996.0,78560.0,78932.33,421.20967,2026-08-24 20:00:00+00:00
1787605200000,78932.33,79049.4,78853.43,78984.23,302.47665,2026-08-24 21:00:00+00:00
1787608800000,78984.23,78988.0,78692.0,78740.0,351.77026,2026-08-24 22:00:00+00:00
1787612400000,78740.0,79017.76,78622.13,78992.75,636.71946,2026-08-24 23:00:00+00:00
1787616000000,78992.76,79888.0,78715.63,79739.99,1133.49463,2026-08-25 00:00:00+00:00
1787619600000,79739.99,79985.41,79478.0,79828.0,1067.23419,2026-08-25 01:00:00+00:00
1787623200000,79828.0,81272.62,79742.0,80649.63,3314.90532,2026-08-25 02:00:00+00:00
1787626800000,80649.62,80956.0,80314.31,80488.01,1359.49076,2026-08-25 03:00:00+00:00
1787630400000,80488.01,80608.0,80150.0,80363.73,898.81211,2026-08-25 04:00:00+00:00
1787634000000,80363.74,80821.53,80322.0,80731.9,994.03992,2026-08-25 05:00:00+00:00
1787637600000,80731.9,80923.69,80420.0,80574.09,745.39881,2026-08-25 06:00:00+00:00
1787641200000,80574.09,80819.67,79369.17,79705.79,1307.68383,2026-08-25 07:00:00+00:00
1787644800000,79705.79,80249.0,79622.0,79930.77,788.31559,2026-08-25 08:00:00+00:00
1787648400000,79930.76,79958.0,78888.0,79187.2,1475.2851,2026-08-25 09:00:00+00:00
1787652000000,79187.2,79484.01,78992.0,79309.63,836.94668,2026-08-25 10:00:00+00:00
1787655600000,79309.63,79463.59,79044.18,79117.99,617.29432,2026-08-25 11:00:00+00:00
1787659200000,79118.0,79171.88,78640.0,78980.0,1007.3407,2026-08-25 12:00:00+00:00
1787662800000,78980.01,79222.0,78120.74,78647.99,1734.1222,2026-08-25 13:00:00+00:00
1787666400000,78648.0,79386.94,78531.55,79235.99,1216.06528,2026-08-25 14:00:00+00:00
1787670000000,79236.0,79527.09,79020.04,79502.01,794.08262,2026-08-25 15:00:00+00:00
1787673600000,79502.01,79563.71,79067.72,79156.02,676.1787,2026-08-25 16:00:00+00:00
1787677200000,79156.02,79256.08,78752.06,79240.01,747.28203,2026-08-25 17:00:00+00:00
1787680800000,79240.02,79380.0,79048.44,79128.0,469.50082,2026-08-25 18:00:00+00:00
1787684400000,79128.01,79233.57,78728.35,78925.95,702.86873,2026-08-25 19:00:00+00:00
1787688000000,78925.96,78976.0,78165.27,78206.13,777.55096,2026-08-25 20:00:00+00:00
1787691600000,78206.14,78664.0,77851.0,78570.0,840.88883,2026-08-25 21:00:00+00:00
1787695200000,78569.99,79000.0,78569.99,78889.51,577.33833,2026-08-25 22:00:00+00:00
1787698800000,78889.51,78977.49,78396.88,78539.14,690.39348,2026-08-25 23:00:00+00:00
1787702400000,78539.13,78721.48,78312.0,78631.79,680.65038,2026-08-26 00:00:00+00:00
1787706000000,78631.7,78960.0,78607.29,78815.13,572.39774,2026-08-26 01:00:00+00:00
1787709600000,78815.13,79251.6,78748.56,79108.0,505.52805,2026-08-26 02:00:00+00:00
1787713200000,79108.01,79184.0,78900.0,79088.62,453.50631,2026-08-26 03:00:00+00:00
1787716800000,79088.61,79200.0,78790.68,78826.0,482.93427,2026-08-26 04:00:00+00:00
1787720400000,78826.0,79143.62,78638.0,79085.98,515.23689,2026-08-26 05:00:00+00:00
1787724000000,79085.98,79206.0,78816.0,78947.92,459.3577,2026-08-26 06:00:00+00:00
1787727600000,78947.92,79096.0,78867.0,78925.56,516.24118,2026-08-26 07:00:00+00:00
1787731200000,78925.57,79119.37,78600.0,78707.59,995.42693,2026-08-26 08:00:00+00:00
1787734800000,78707.59,78877.02,78244.83,78444.49,553.36821,2026-08-26 09:00:00+00:00
1787738400000,78444.5,78879.75,78291.09,78727.45,367.28381,2026-08-26 10:00:00+00:00
1787742000000,78727.46,78782.0,78317.0,78487.26,413.44093,2026-08-26 11:00:00+00:00
1787745600000,78487.26,78713.79,77918.25,78319.59,1022.94925,2026-08-26 12:00:00+00:00
1787749200000,78319.58,78554.0,77913.19,78448.66,943.22287,2026-08-26 13:00:00+00:00
1787752800000,78448.66,78603.41,77774.0,77790.48,1051.14695,2026-08-26 14:00:00+00:00
1787756400000,77790.48,78167.26,77632.58,78011.65,712.24119,2026-08-26 15:00:00+00:00
1787760000000,78011.64,78161.73,77858.0,77991.3,600.54786,2026-08-26 16:00:00+00:00
1787763600000,77991.29,78603.0,77991.29,78442.83,585.12324,2026-08-26 17:00:00+00:00
1787767200000,78442.84,78650.26,78280.01,78472.41,337.24489,2026-08-26 18:00:00+00:00
1787770800000,78472.41,78572.0,78292.0,78475.49,466.85134,2026-08-26 19:00:00+00:00
1787774400000,78475.49,78521.7,78200.0,78452.04,322.22426,2026-08-26 20:00:00+00:00
1787778000000,78452.04,78845.06,78392.19,78724.01,428.48439,2026-08-26 21:00:00+00:00
1787781600000,78724.0,78975.85,78554.0,78700.0,931.26213,2026-08-26 22:00:00+00:00
1787785200000,78700.0,79174.12,78654.0,79023.75,697.0881,2026-08-26 23:00:00+00:00
1787788800000,79023.75,79028.49,78690.01,78690.01,527.82725,2026-08-27 00:00:00+00:00
1787792400000,78690.02,79017.99,78546.13,78898.67,520.71745,2026-08-27 01:00:00+00:00
1787796000000,78898.68,78978.0,78704.62,78717.76,429.02181,2026-08-27 02:00:00+00:00
1787799600000,78717.76,78990.0,78643.23,78830.68,357.29079,2026-08-27 03:00:00+00:00
1787803200000,78830.68,78900.0,78684.18,78783.99,181.61392,2026-08-27 04:00:00+00:00
1787806800000,78783.99,78928.0,78600.0,78912.55,297.32854,2026-08-27 05:00:00+00:00
1787810400000,78912.54,78912.55,78604.78,78817.49,399.15003,2026-08-27 06:00:00+00:00
1787814000000,78817.5,79095.99,78754.0,79082.17,345.94116,2026-08-27 07:00:00+00:00
1787817600000,79082.18,80022.0,79048.0,79755.99,1705.62217,2026-08-27 08:00:00+00:00
1787821200000,79756.0,80520.0,79683.09,79986.0,1131.87984,2026-08-27 09:00:00+00:00
1787824800000,79986.0,80158.15,79342.0,79626.0,684.67175,2026-08-27 10:00:00+00:00
1787828400000,79625.99,79766.3,79172.65,79477.67,621.11446,2026-08-27 11:00:00+00:00
1787832000000,79477.66,79596.0,79266.0,79282.31,505.96518,2026-08-27 12:00:00+00:00
1787835600000,79282.31,79568.0,78920.0,79533.15,1143.32188,2026-08-27 13:00:00+00:00
1787839200000,79533.16,80388.0,79354.47,80204.05,1464.1918,2026-08-27 14:00:00+00:00
1787842800000,80204.06,80799.91,80094.0,80302.32,1415.34964,2026-08-27 15:00:00+00:00
1787846400000,80302.32,80624.0,80189.39,80374.0,957.98058,2026-08-27 16:00:00+00:00
1787850000000,80374.0,80848.74,80230.0,80442.46,973.76075,2026-08-27 17:00:00+00:00
1787853600000,80442.47,80442.47,79749.7,80150.69,662.82544,2026-08-27 18:00:00+00:00
1787857200000,80150.69,80294.11,79886.0,79910.19,514.60852,2026-08-27 19:00:00+00:00
1787860800000,79910.19,80120.0,79882.86,80096.0,282.87253,2026-08-27 20:00:00+00:00
1787864400000,80096.0,80184.0,79975.74,80184.0,278.41542,2026-08-27 21:00:00+00:00
1787868000000,80184.0,80432.36,80150.0,80303.21,534.24073,2026-08-27 22:00:00+00:00
1787871600000,80303.21,80393.6,80134.0,80249.58,329.82531,2026-08-27 23:00:00+00:00
1787875200000,80249.59,80705.37,80153.99,80576.0,516.59696,2026-08-28 00:00:00+00:00
1787878800000,80575.99,81478.87,80434.15,80500.38,1463.05089,2026-08-28 01:00:00+00:00
1787882400000,80500.38,80500.38,79723.02,79926.11,1190.20509,2026-08-28 02:00:00+00:00
1787886000000,79926.11,80060.01,79775.61,79810.49,530.69453,2026-08-28 03:00:00+00:00
1787889600000,79810.48,79970.5,79603.81,79643.81,562.86792,2026-08-28 04:00:00+00:00
1787893200000,79643.8,79872.6,79558.11,79686.0,326.58104,2026-08-28 05:00:00+00:00
1787896800000,79686.0,79999.0,79685.99,79904.21,359.1323,2026-08-28 06:00:00+00:00
1787900400000,79904.21,79904.21,79573.36,79660.0,1018.10642,2026-08-28 07:00:00+00:00
1787904000000,79660.0,79840.0,79480.0,79516.78,526.20796,2026-08-28 08:00:00+00:00
1787907600000,79516.77,79516.78,79259.43,79285.19,541.74443,2026-08-28 09:00:00+00:00
1787911200000,79285.19,79571.99,79001.01,79565.89,548.77151,2026-08-28 10:00:00+00:00
1787914800000,79565.9,79770.29,79555.22,79604.13,394.07937,2026-08-28 11:00:00+00:00
1787918400000,79604.12,79727.36,79306.11,79421.05,400.05317,2026-08-28 12:00:00+00:00
1787922000000,79421.04,79635.01,79034.56,79330.75,843.2247,2026-08-28 13:00:00+00:00
1787925600000,79330.34,79706.64,78423.03,79542.44,2930.13002,2026-08-28 14:00:00+00:00
1787929200000,79542.44,79838.73,78312.64,78331.13,1255.01594,2026-08-28 15:00:00+00:00
1787932800000,78331.13,78404.0,76888.0,77788.46,2955.61638,2026-08-28 16:00:00+00:00
1787936400000,77788.45,78131.86,77642.78,77904.0,722.76014,2026-08-28 17:00:00+00:00
1787940000000,77904.0,77935.5,77270.0,77554.0,575.36359,2026-08-28 18:00:00+00:00
1787943600000,77554.0,77797.35,77376.0,77580.03,501.052,2026-08-28 19:00:00+00:00
1787947200000,77580.03,77609.83,77310.24,77407.34,264.10726,2026-08-28 20:00:00+00:00
1787950800000,77407.34,77537.33,77255.69,77364.0,392.38715,2026-08-28 21:00:00+00:00
1787954400000,77364.0,77773.2,77342.0,77758.69,339.14252,2026-08-28 22:00:00+00:00
1787958000000,77758.69,77846.72,77640.74,77845.87,599.54517,2026-08-28 23:00:00+00:00
1787961600000,77845.88,77963.92,77722.0,77733.63,321.80979,2026-08-29 00:00:00+00:00
1787965200000,77733.63,77849.29,77631.28,77794.11,235.06968,2026-08-29 01:00:00+00:00
1787968800000,77794.11,77829.72,77584.53,77671.18,367.62079,2026-08-29 02:00:00+00:00
1787972400000,77671.18,77731.43,77507.16,77507.17,238.89187,2026-08-29 03:00:00+00:00
1787976000000,77507.17,77678.67,77507.17,77648.91,229.90598,2026-08-29 04:00:00+00:00
1787979600000,77648.91,77716.12,77604.06,77632.53,195.32253,2026-08-29 05:00:00+00:00
1787983200000,77632.52,77632.53,77382.37,77466.82,305.02922,2026-08-29 06:00:00+00:00
1787986800000,77466.83,77672.0,77438.01,77626.01,933.89852,2026-08-29 07:00:00+00:00
1787990400000,77626.01,77634.0,77487.73,77633.99,281.67849,2026-08-29 08:00:00+00:00
1787994000000,77634.0,77754.23,77566.01,77650.03,212.52791,2026-08-29 09:00:00+00:00
1787997600000,77650.02,77732.0,77526.0,77635.17,228.16206,2026-08-29 10:00:00+00:00
1788001200000,77635.17,77724.99,77573.32,77584.67,269.60514,2026-08-29 11:00:00+00:00
1788004800000,77584.66,77657.99,77506.63,77583.74,316.37633,2026-08-29 12:00:00+00:00
1788008400000,77583.74,77722.0,77559.45,77704.32,195.58499,2026-08-29 13:00:00+00:00
1788012000000,77704.32,78150.0,77663.83,78014.37,456.42164,2026-08-29 14:00:00+00:00
1788015600000,78014.37,78014.37,77806.9,77865.36,314.87544,2026-08-29 15:00:00+00:00
1788019200000,77865.36,78130.43,77858.29,78027.17,330.48346,2026-08-29 16:00:00+00:00
1788022800000,78027.17,78100.0,77896.0,78100.0,210.10626,2026-08-29 17:00:00+00:00
1788026400000,78099.99,78250.0,78018.02,78158.01,252.93546,2026-08-29 18:00:00+00:00
1788030000000,78158.01,78330.0,78138.87,78182.0,231.34566,2026-08-29 19:00:00+00:00
1788033600000,78181.99,78298.0,78117.95,78129.92,132.29288,2026-08-29 20:00:00+00:00
1788037200000,78129.92,78198.0,78062.0,78161.63,132.03751,2026-08-29 21:00:00+00:00
1788040800000,78161.62,78239.4,78086.0,78228.34,298.22816,2026-08-29 22:00:00+00:00
1788044400000,78228.33,78283.7,78190.0,78230.0,326.0928,2026-08-29 23:00:00+00:00
1788048000000,78230.0,78330.0,78147.17,78179.86,185.20224,2026-08-30 00:00:00+00:00
1788051600000,78179.86,78190.0,77994.02,78081.5,257.05271,2026-08-30 01:00:00+00:00
1788055200000,78081.49,78178.02,78014.74,78106.01,119.64466,2026-08-30 02:00:00+00:00
1788058800000,78106.0,78233.7,78065.99,78144.68,254.40453,2026-08-30 03:00:00+00:00
1788062400000,78144.68,78220.0,77990.0,78109.75,215.53426,2026-08-30 04:00:00+00:00
1788066000000,78109.74,78214.0,78109.74,78127.71,161.29313,2026-08-30 05:00:00+00:00
1788069600000,78127.72,78310.71,78106.07,78280.34,208.68022,2026-08-30 06:00:00+00:00
1788073200000,78280.34,78291.27,78118.0,78118.0,137.5055,2026-08-30 07:00:00+00:00
1788076800000,78118.0,78207.22,78034.0,78074.01,143.67594,2026-08-30 08:00:00+00:00
1788080400000,78074.01,78118.87,77986.0,78000.01,165.26795,2026-08-30 09:00:00+00:00
1788084000000,78000.01,78145.29,77962.49,78145.29,168.30514,2026-08-30 10:00:00+00:00
1788087600000,78145.29,78242.0,78117.11,78166.0,172.04094,2026-08-30 11:00:00+00:00
1788091200000,78165.99,78850.81,78165.99,78785.06,814.10982,2026-08-30 12:00:00+00:00
1788094800000,78785.06,78966.76,78590.14,78860.0,488.8202,2026-08-30 13:00:00+00:00
1788098400000,78860.01,78945.94,78722.0,78783.71,439.32977,2026-08-30 14:00:00+00:00
1788102000000,78783.7,78912.94,78626.0,78823.63,553.82108,2026-08-30 15:00:00+00:00
1788105600000,78823.62,79400.0,78750.0,79337.93,667.56388,2026-08-30 16:00:00+00:00
1788109200000,79337.93,79337.93,78774.85,79021.02,460.72685,2026-08-30 17:00:00+00:00
1788112800000,79021.02,79181.99,78776.0,79036.69,293.7787,2026-08-30 18:00:00+00:00
1788116400000,79036.68,79041.96,78721.98,78856.39,232.19118,2026-08-30 19:00:00+00:00
1788120000000,78856.39,78931.49,78438.23,78597.33,294.2134,2026-08-30 20:00:00+00:00
1788123600000,78597.32,78733.77,78229.82,78653.0,461.41088,2026-08-30 21:00:00+00:00
1788127200000,78653.0,78804.0,78280.0,78422.01,390.42367,2026-08-30 22:00:00+00:00
1788130800000,78422.01,78454.0,77000.0,77682.0,1800.4274,2026-08-30 23:00:00+00:00
1788134400000,77682.0,78185.89,77436.4,77937.04,711.43379,2026-08-31 00:00:00+00:00
1788138000000,77937.03,77993.03,77565.08,77640.94,567.26058,2026-08-31 01:00:00+00:00
1788141600000,77640.93,78000.0,77392.0,77473.99,573.39934,2026-08-31 02:00:00+00:00
1788145200000,77474.0,77872.0,77394.0,77756.71,278.92536,2026-08-31 03:00:00+00:00
1788148800000,77756.7,77769.11,77458.83,77622.28,550.02773,2026-08-31 04:00:00+00:00
1788152400000,77622.29,78156.78,77514.0,78016.0,511.92091,2026-08-31 05:00:00+00:00
1788156000000,78016.01,78156.77,77864.16,78093.87,968.0221,2026-08-31 06:00:00+00:00
1788159600000,78093.88,78322.56,78034.01,78196.01,716.03378,2026-08-31 07:00:00+00:00
1788163200000,78196.01,78521.89,77982.0,78480.8,782.74546,2026-08-31 08:00:00+00:00
1788166800000,78480.79,78802.0,78396.35,78511.03,624.76686,2026-08-31 09:00:00+00:00
1788170400000,78511.03,78732.0,78316.91,78710.01,576.71834,2026-08-31 10:00:00+00:00
1788174000000,78710.02,78710.02,78302.0,78315.43,482.35572,2026-08-31 11:00:00+00:00
1788177600000,78315.43,78543.86,77675.04,77930.39,816.61258,2026-08-31 12:00:00+00:00
1788181200000,77930.4,78282.0,77716.75,77867.39,1083.2716,2026-08-31 13:00:00+00:00
1788184800000,77867.39,78686.94,77746.6,78600.14,1368.66274,2026-08-31 14:00:00+00:00
1788188400000,78601.93,78777.9,78212.3,78580.42,1119.65651,2026-08-31 15:00:00+00:00
1788192000000,78580.43,78884.48,78524.0,78639.57,576.26452,2026-08-31 16:00:00+00:00
1788195600000,78639.57,79019.86,78494.0,78897.36,604.69852,2026-08-31 17:00:00+00:00
1788199200000,78897.35,79212.0,78779.24,79016.0,473.51591,2026-08-31 18:00:00+00:00
1788202800000,79016.01,79250.0,78851.93,78898.06,423.46335,2026-08-31 19:00:00+00:00
1788206400000,78898.06,79172.0,78784.32,78864.72,366.68341,2026-08-31 20:00:00+00:00
1788210000000,78864.73,79071.12,78732.22,78964.32,404.71113,2026-08-31 21:00:00+00:00
1788213600000,78964.33,79015.83,78579.3,78593.15,346.21313,2026-08-31 22:00:00+00:00
1788217200000,78593.15,78593.61,78405.01,78581.29,376.54265,2026-08-31 23:00:00+00:00
1788220800000,78581.3,78900.01,78562.0,78652.0,522.70913,2026-09-01 00:00:00+00:00
1788224400000,78652.0,78797.99,78375.83,78410.62,440.9443,2026-09-01 01:00:00+00:00
1788228000000,78410.62,78457.55,78189.93,78449.99,524.89493,2026-09-01 02:00:00+00:00
1788231600000,78449.99,78874.0,78400.18,78679.01,542.2064,2026-09-01 03:00:00+00:00
1788235200000,78679.01,78915.09,78653.96,78727.11,444.12648,2026-09-01 04:00:00+00:00
1788238800000,78727.11,79220.61,78727.11,79179.99,546.96321,2026-09-01 05:00:00+00:00
1788242400000,79179.99,79179.99,78745.38,78745.39,464.70536,2026-09-01 06:00:00+00:00
1788246000000,78745.39,78806.0,78500.0,78632.37,405.713,2026-09-01 07:00:00+00:00
1788249600000,78632.37,78658.01,77820.0,77883.28,939.11065,2026-09-01 08:00:00+00:00
1788253200000,77883.28,78062.24,77786.18,77915.0,951.34245,2026-09-01 09:00:00+00:00
1788256800000,77915.0,78196.0,77758.69,78029.67,423.94155,2026-09-01 10:00:00+00:00
1788260400000,78029.67,78202.52,77890.0,78098.97,337.44732,2026-09-01 11:00:00+00:00
1788264000000,78098.96,78156.0,77742.01,78004.0,474.45626,2026-09-01 12:00:00+00:00
1788267600000,78004.01,78202.0,77510.0,78071.99,1285.21254,2026-09-01 13:00:00+00:00
1788271200000,78072.0,78424.0,78052.0,78167.99,800.55583,2026-09-01 14:00:00+00:00
1788274800000,78168.0,78169.69,77727.61,77919.06,560.10608,2026-09-01 15:00:00+00:00
1788278400000,77919.07,77976.0,77318.0,77596.01,692.23833,2026-09-01 16:00:00+00:00
1788282000000,77596.01,77721.26,77241.12,77265.79,484.76204,2026-09-01 17:00:00+00:00
1788285600000,77265.79,77319.64,76420.0,77153.9,1485.89835,2026-09-01 18:00:00+00:00
1788289200000,77153.89,77466.55,77112.0,77312.0,445.04268,2026-09-01 19:00:00+00:00
1788292800000,77312.0,77471.9,77236.48,77448.45,266.37627,2026-09-01 20:00:00+00:00
1788296400000,77448.46,77516.3,76920.36,77211.32,414.9871,2026-09-01 21:00:00+00:00
1788300000000,77211.32,77364.01,77030.0,77274.02,335.29844,2026-09-01 22:00:00+00:00
1788303600000,77274.02,77638.18,77218.0,77439.0,341.60079,2026-09-01 23:00:00+00:00
1788307200000,77439.01,77512.0,77132.0,77213.25,352.51719,2026-09-02 00:00:00+00:00
1788310800000,77213.24,77372.0,76718.48,77020.68,661.59711,2026-09-02 01:00:00+00:00
1788314400000,77020.67,77343.74,76948.97,77329.2,437.17945,2026-09-02 02:00:00+00:00
1788318000000,77329.2,77792.0,77314.51,77563.5,618.37453,2026-09-02 03:00:00+00:00
1788321600000,77563.5,77612.84,77294.56,77561.82,299.9271,2026-09-02 04:00:00+00:00
1788325200000,77561.82,77761.93,77438.0,77651.07,341.8285,2026-09-02 05:00:00+00:00
1788328800000,77651.08,77724.0,77462.0,77611.54,397.05137,2026-09-02 06:00:00+00:00
1788332400000,77611.53,77765.99,77473.84,77473.85,515.9071,2026-09-02 07:00:00+00:00
1788336000000,77473.86,77546.0,76746.81,76854.11,705.11459,2026-09-02 08:00:00+00:00
1788339600000,76854.11,77049.4,76484.64,76752.26,1036.05232,2026-09-02 09:00:00+00:00
1788343200000,76752.26,76753.83,76264.0,76680.88,924.89427,2026-09-02 10:00:00+00:00
1788346800000,76680.88,76848.73,76356.0,76828.76,641.75915,2026-09-02 11:00:00+00:00
1788350400000,76828.75,77049.4,76611.67,76613.88,581.91449,2026-09-02 12:00:00+00:00
1788354000000,76613.87,77443.61,76613.87,77146.0,812.83227,2026-09-02 13:00:00+00:00
1788357600000,77146.0,77490.0,77010.24,77066.42,555.40079,2026-09-02 14:00:00+00:00
1788361200000,77066.42,77386.0,76748.01,77288.98,824.93813,2026-09-02 15:00:00+00:00
1788364800000,77288.97,77582.0,77171.5,77171.5,1179.92404,2026-09-02 16:00:00+00:00
1788368400000,77171.51,77406.0,76950.56,77381.66,465.02159,2026-09-02 17:00:00+00:00
1788372000000,77381.65,77524.0,77296.52,77377.76,374.99513,2026-09-02 18:00:00+00:00
1788375600000,77377.76,77416.0,77124.0,77341.47,289.4138,2026-09-02 19:00:00+00:00
1788379200000,77341.48,77520.0,77207.47,77406.01,382.13526,2026-09-02 20:00:00+00:00
1788382800000,77406.0,77431.78,77242.0,77284.0,291.06451,2026-09-02 21:00:00+00:00
1788386400000,77284.01,77284.01,77023.11,77034.03,188.20028,2026-09-02 22:00:00+00:00
1788390000000,77034.03,77372.62,77007.36,77340.01,192.93523,2026-09-02 23:00:00+00:00
1788393600000,77340.01,77394.0,76980.01,77068.01,327.32527,2026-09-03 00:00:00+00:00
1788397200000,77068.0,77546.8,76968.0,77356.7,533.28645,2026-09-03 01:00:00+00:00
1788400800000,77356.69,77900.0,77238.89,77816.01,563.52004,2026-09-03 02:00:00+00:00
1788404400000,77816.02,77880.0,77642.09,77708.0,385.93335,2026-09-03 03:00:00+00:00
1788408000000,77708.01,77833.1,77547.16,77776.0,336.15526,2026-09-03 04:00:00+00:00
1788411600000,77775.99,77829.8,77101.01,77809.91,617.52986,2026-09-03 05:00:00+00:00
1788415200000,77809.91,77856.16,77698.75,77835.19,408.13131,2026-09-03 06:00:00+00:00
1788418800000,77835.2,78183.91,77600.0,77663.15,696.21966,2026-09-03 07:00:00+00:00
1788422400000,77663.14,78066.0,77663.14,77843.34,363.22912,2026-09-03 08:00:00+00:00
1788426000000,77843.34,77975.46,77608.0,77615.24,341.00857,2026-09-03 09:00:00+00:00
1788429600000,77615.25,77773.26,77478.0,77735.88,406.3926,2026-09-03 10:00:00+00:00
1788433200000,77735.88,78004.94,77709.52,77948.39,396.769,2026-09-03 11:00:00+00:00
1788436800000,77948.39,78782.75,77896.07,78652.38,979.94222,2026-09-03 12:00:00+00:00
1788440400000,78652.37,79000.0,78450.25,78840.52,1052.74377,2026-09-03 13:00:00+00:00
1788444000000,78840.52,80561.0,78704.0,80549.97,2513.5082,2026-09-03 14:00:00+00:00
1788447600000,80549.97,81370.33,80354.65,81348.0,3056.18534,2026-09-03 15:00:00+00:00
1788451200000,81348.0,81360.0,80613.52,80969.37,1239.78575,2026-09-03 16:00:00+00:00
1788454800000,80969.37,81188.17,80886.0,81042.0,875.49534,2026-09-03 17:00:00+00:00
1788458400000,81042.0,81333.33,80904.0,81254.32,595.62382,2026-09-03 18:00:00+00:00
1788462000000,81254.31,81790.0,81171.98,81755.41,1102.96623,2026-09-03 19:00:00+00:00
1788465600000,81755.41,81780.0,81392.74,81473.0,601.53572,2026-09-03 20:00:00+00:00
1788469200000,81473.0,82300.0,81288.0,81590.0,1292.57121,2026-09-03 21:00:00+00:00
1788472800000,81590.0,81604.65,80905.05,81140.0,712.57205,2026-09-03 22:00:00+00:00
1788476400000,81140.0,81338.0,81078.0,81270.37,407.99233,2026-09-03 23:00:00+00:00
1788480000000,81270.37,81427.75,80960.0,80972.12,643.20132,2026-09-04 00:00:00+00:00
1788483600000,80972.11,81097.92,80759.52,80968.01,505.56595,2026-09-04 01:00:00+00:00
1788487200000,80968.01,80968.01,80669.45,80831.99,433.77504,2026-09-04 02:00:00+00:00
1788490800000,80832.0,81021.8,80806.0,80850.0,523.81704,2026-09-04 03:00:00+00:00
1788494400000,80850.01,81288.0,80820.0,81070.54,602.46481,2026-09-04 04:00:00+00:00
1788498000000,81070.54,81143.3,80863.03,80996.15,593.73244,2026-09-04 05:00:00+00:00
1788501600000,80996.15,81090.0,80573.21,80797.39,435.61525,2026-09-04 06:00:00+00:00
1788505200000,80797.4,80966.75,80641.65,80656.87,705.83482,2026-09-04 07:00:00+00:00
1788508800000,80656.86,81237.0,80502.87,81147.16,754.04554,2026-09-04 08:00:00+00:00
1788512400000,81147.16,81310.0,80934.24,81056.63,968.87345,2026-09-04 09:00:00+00:00
1788516000000,81056.63,81194.0,80831.14,81179.63,483.39639,2026-09-04 10:00:00+00:00
1788519600000,81179.64,81423.03,81080.01,81224.86,512.44736,2026-09-04 11:00:00+00:00
1788523200000,81224.86,81350.0,79177.77,79453.96,3691.19669,2026-09-04 12:00:00+00:00
1788526800000,79453.95,79704.0,79000.0,79378.67,1927.84184,2026-09-04 13:00:00+00:00
1788530400000,79378.66,79572.0,78660.0,78915.71,1816.73349,2026-09-04 14:00:00+00:00
1788534000000,78915.71,79555.32,78800.0,79429.33,942.77981,2026-09-04 15:00:00+00:00
1788537600000,79429.33,79877.07,79378.19,79745.73,1059.83504,2026-09-04 16:00:00+00:00
1788541200000,79745.72,79752.92,79383.0,79472.22,392.51492,2026-09-04 17:00:00+00:00
1788544800000,79472.22,79655.86,79472.22,79618.15,263.34116,2026-09-04 18:00:00+00:00
1788548400000,79618.15,79819.99,79618.14,79793.34,391.97239,2026-09-04 19:00:00+00:00
1788552000000,79793.35,79862.15,79667.99,79697.04,252.17194,2026-09-04 20:00:00+00:00
1788555600000,79697.03,79819.3,79512.0,79624.0,645.54178,2026-09-04 21:00:00+00:00
1788559200000,79624.0,79716.0,79604.0,79636.09,498.99738,2026-09-04 22:00:00+00:00
1788562800000,79636.09,79758.0,79600.89,79660.77,152.92964,2026-09-04 23:00:00+00:00
1788566400000,79660.77,79721.57,79562.0,79573.36,179.53978,2026-09-05 00:00:00+00:00
1788570000000,79573.37,79710.0,79533.34,79533.34,251.27651,2026-09-05 01:00:00+00:00
1788573600000,79533.34,79622.0,79472.22,79569.09,226.54938,2026-09-05 02:00:00+00:00
1788577200000,79569.09,79630.74,79510.93,79582.0,222.17902,2026-09-05 03:00:00+00:00
1788580800000,79581.99,79589.84,79500.0,79500.01,283.95874,2026-09-05 04:00:00+00:00
1788584400000,79500.01,79600.01,79442.0,79577.53,486.56078,2026-09-05 05:00:00+00:00
1788588000000,79577.53,79715.72,79576.0,79644.01,255.76484,2026-09-05 06:00:00+00:00
1788591600000,79644.01,79763.41,79639.22,79709.96,273.27755,2026-09-05 07:00:00+00:00
1788595200000,79709.96,79727.95,79568.0,79650.0,377.92884,2026-09-05 08:00:00+00:00
1788598800000,79650.01,79735.97,79612.0,79631.28,391.22508,2026-09-05 09:00:00+00:00
1788602400000,79631.29,79664.0,79593.92,79618.01,324.09358,2026-09-05 10:00:00+00:00
1788606000000,79618.0,79674.33,79608.0,79609.28,224.00252,2026-09-05 11:00:00+00:00
1788609600000,79609.29,79774.0,79609.28,79704.14,350.25887,2026-09-05 12:00:00+00:00
1788613200000,79704.13,79762.0,79545.96,79613.67,488.89817,2026-09-05 13:00:00+00:00
1788616800000,79613.67,79756.32,79613.67,79719.76,292.28201,2026-09-05 14:00:00+00:00
1788620400000,79719.75,79816.0,79678.62,79806.01,383.76927,2026-09-05 15:00:00+00:00
1788624000000,79806.0,80200.0,79754.0,80042.0,716.52557,2026-09-05 16:00:00+00:00
1788627600000,80041.99,80162.29,79973.85,80058.6,894.70031,2026-09-05 17:00:00+00:00
1788631200000,80058.6,80078.0,79930.0,79999.98,332.81067,2026-09-05 18:00:00+00:00
1788634800000,79999.99,79999.99,79712.86,79754.0,243.22911,2026-09-05 19:00:00+00:00
1788638400000,79753.99,79840.25,79694.0,79737.83,651.64016,2026-09-05 20:00:00+00:00
1788642000000,79737.83,79938.0,79724.87,79906.02,164.28133,2026-09-05 21:00:00+00:00
1788645600000,79906.02,79947.99,79749.41,79783.99,517.56847,2026-09-05 22:00:00+00:00
1788649200000,79783.99,79912.83,79706.04,79831.75,584.91964,2026-09-05 23:00:00+00:00
1788652800000,79831.75,79940.68,79829.98,79868.0,147.80921,2026-09-06 00:00:00+00:00
1788656400000,79868.01,80067.45,79868.01,79951.39,305.00919,2026-09-06 01:00:00+00:00
1788660000000,79951.38,80019.11,79876.0,79907.28,258.24501,2026-09-06 02:00:00+00:00
1788663600000,79907.28,80107.99,79893.86,80028.01,248.71269,2026-09-06 03:00:00+00:00
1788667200000,80028.01,80028.01,79854.0,79866.01,362.36734,2026-09-06 04:00:00+00:00
1788670800000,79866.01,80107.99,79794.04,79989.13,642.22052,2026-09-06 05:00:00+00:00
1788674400000,79989.12,79989.13,79676.66,79784.65,290.41612,2026-09-06 06:00:00+00:00
1788678000000,79784.65,79865.89,79577.0,79805.0,339.23106,2026-09-06 07:00:00+00:00
1788681600000,79804.68,79889.99,79752.7,79837.17,578.27369,2026-09-06 08:00:00+00:00
1788685200000,79837.17,79990.0,79806.01,79885.77,684.16607,2026-09-06 09:00:00+00:00
1788688800000,79885.78,80020.0,79885.77,80003.93,223.38098,2026-09-06 10:00:00+00:00
1788692400000,80003.92,80003.93,79890.0,79919.17,224.08052,2026-09-06 11:00:00+00:00
1788696000000,79919.17,80010.0,79858.1,79922.04,269.79443,2026-09-06 12:00:00+00:00
1788699600000,79922.04,79968.0,79760.39,79829.98,380.28916,2026-09-06 13:00:00+00:00
1788703200000,79829.99,79840.25,79233.0,79543.06,699.69504,2026-09-06 14:00:00+00:00
1788706800000,79543.07,79734.59,79383.32,79716.5,342.10102,2026-09-06 15:00:00+00:00
1788710400000,79716.51,79786.0,79606.04,79682.0,222.29132,2026-09-06 16:00:00+00:00
1788714000000,79682.0,79773.88,79584.73,79745.34,205.07571,2026-09-06 17:00:00+00:00
1788717600000,79745.34,79970.0,79745.34,79955.34,218.34399,2026-09-06 18:00:00+00:00
1788721200000,79955.34,79955.34,79799.52,79829.99,213.50154,2026-09-06 19:00:00+00:00
1788724800000,79830.0,79973.56,79776.59,79912.0,235.83849,2026-09-06 20:00:00+00:00
1788728400000,79912.0,80034.0,79875.24,79944.38,381.14031,2026-09-06 21:00:00+00:00
1788732000000,79944.39,80093.79,79647.04,80055.17,486.73578,2026-09-06 22:00:00+00:00
1788735600000,80055.18,80559.99,80010.0,80341.83,896.09908,2026-09-06 23:00:00+00:00
1788739200000,80341.83,80443.99,80059.11,80160.01,473.2372,2026-09-07 00:00:00+00:00
1788742800000,80160.01,80243.81,79826.28,79926.14,429.2219,2026-09-07 01:00:00+00:00
1788746400000,79926.14,80426.0,79800.0,79874.24,411.23362,2026-09-07 02:00:00+00:00
1788750000000,79874.25,79986.02,79568.6,79596.39,424.23144,2026-09-07 03:00:00+00:00
1788753600000,79596.38,79732.15,79540.38,79724.0,680.36024,2026-09-07 04:00:00+00:00
1788757200000,79724.01,79926.04,79666.79,79759.47,625.29002,2026-09-07 05:00:00+00:00
1788760800000,79759.47,79825.7,79644.55,79659.27,564.03546,2026-09-07 06:00:00+00:00
1788764400000,79659.28,79691.06,79001.1,79397.83,867.88528,2026-09-07 07:00:00+00:00
1788768000000,79397.83,79530.47,79397.83,79437.38,367.39664,2026-09-07 08:00:00+00:00
1788771600000,79437.39,79550.0,79291.15,79313.85,384.36999,2026-09-07 09:00:00+00:00
1788775200000,79313.85,79459.5,79313.85,79360.0,340.14563,2026-09-07 10:00:00+00:00
1788778800000,79360.0,79487.01,79282.0,79420.16,322.16899,2026-09-07 11:00:00+00:00
1788782400000,79420.16,79627.43,79400.48,79606.84,278.61012,2026-09-07 12:00:00+00:00
1788786000000,79606.84,79643.5,79318.92,79352.01,537.87474,2026-09-07 13:00:00+00:00
1788789600000,79352.0,79396.36,78956.94,79191.95,729.96261,2026-09-07 14:00:00+00:00
1788793200000,79191.96,79191.96,78680.0,78821.99,790.15811,2026-09-07 15:00:00+00:00
1788796800000,78822.0,79035.23,78807.69,79028.87,428.99902,2026-09-07 16:00:00+00:00
1788800400000,79028.88,79223.53,79018.0,79185.73,251.37537,2026-09-07 17:00:00+00:00
1788804000000,79185.74,79244.0,79096.0,79196.16,308.24543,2026-09-07 18:00:00+00:00
1788807600000,79196.15,79419.17,79150.0,79365.82,230.49171,2026-09-07 19:00:00+00:00
1788811200000,79365.81,79394.92,79168.01,79238.0,212.62445,2026-09-07 20:00:00+00:00
1788814800000,79238.0,79278.0,79164.0,79164.0,163.69203,2026-09-07 21:00:00+00:00
1788818400000,79164.01,79218.18,78781.07,78952.19,458.00504,2026-09-07 22:00:00+00:00
1788822000000,78952.18,79210.0,78938.38,79112.01,292.83991,2026-09-07 23:00:00+00:00
1788825600000,79112.0,79313.09,78972.51,79313.08,445.07914,2026-09-08 00:00:00+00:00
1788829200000,79313.09,79463.06,79266.48,79441.99,454.81703,2026-09-08 01:00:00+00:00
1788832800000,79441.98,79485.0,78930.0,78930.01,601.51271,2026-09-08 02:00:00+00:00
1788836400000,78930.01,79002.0,78725.1,78906.28,813.2236,2026-09-08 03:00:00+00:00
1788840000000,78906.27,78929.24,78678.7,78678.71,558.10183,2026-09-08 04:00:00+00:00
1788843600000,78678.7,78882.0,78555.0,78578.0,847.29044,2026-09-08 05:00:00+00:00
1788847200000,78577.99,78632.0,78261.61,78323.59,1913.91469,2026-09-08 06:00:00+00:00
1788850800000,78323.59,78609.99,78179.98,78482.0,3433.75725,2026-09-08 07:00:00+00:00
1788854400000,78482.0,78581.8,78281.3,78418.0,855.4031,2026-09-08 08:00:00+00:00
1788858000000,78418.0,78800.0,78317.03,78761.99,641.52148,2026-09-08 09:00:00+00:00
1788861600000,78762.0,78994.5,78568.0,78568.0,435.62963,2026-09-08 10:00:00+00:00
1788865200000,78568.01,78576.0,78271.63,78430.01,682.36626,2026-09-08 11:00:00+00:00
1788868800000,78430.0,78483.42,78215.36,78449.99,839.62079,2026-09-08 12:00:00+00:00
1788872400000,78450.0,78545.46,77620.01,77961.66,2274.11248,2026-09-08 13:00:00+00:00
1788876000000,77961.66,78630.81,77854.0,78567.52,885.70593,2026-09-08 14:00:00+00:00
1788879600000,78567.52,78910.88,78451.39,78904.0,668.56307,2026-09-08 15:00:00+00:00
1788883200000,78904.0,78978.39,78581.33,78735.89,339.80818,2026-09-08 16:00:00+00:00
1788886800000,78735.88,78892.0,78500.0,78504.38,376.83451,2026-09-08 17:00:00+00:00
1788890400000,78504.38,78822.47,78271.49,78436.0,310.67894,2026-09-08 18:00:00+00:00
1788894000000,78436.01,78528.0,78325.39,78446.0,457.27833,2026-09-08 19:00:00+00:00
1788897600000,78445.99,78621.77,78410.05,78487.99,286.8898,2026-09-08 20:00:00+00:00
1788901200000,78487.99,78623.21,78406.0,78492.18,346.3218,2026-09-08 21:00:00+00:00
1788904800000,78492.19,78662.75,78458.0,78562.44,344.45436,2026-09-08 22:00:00+00:00
1788908400000,78562.43,78575.31,78408.64,78455.8,422.1807,2026-09-08 23:00:00+00:00
1788912000000,78455.8,78796.97,78455.79,78774.65,263.81065,2026-09-09 00:00:00+00:00
1788915600000,78774.66,78891.5,78633.53,78891.5,737.84364,2026-09-09 01:00:00+00:00
1788919200000,78891.49,78928.65,78686.46,78726.01,338.69714,2026-09-09 02:00:00+00:00
1788922800000,78726.01,78726.01,78548.46,78638.01,269.38216,2026-09-09 03:00:00+00:00
1788926400000,78638.01,79215.83,78638.0,79171.5,659.48495,2026-09-09 04:00:00+00:00
1788930000000,79171.5,79370.01,78840.59,78923.43,571.99145,2026-09-09 05:00:00+00:00
1788933600000,78923.43,79290.63,78865.71,79159.03,306.40396,2026-09-09 06:00:00+00:00
1788937200000,79159.03,79400.0,79151.34,79277.43,435.40632,2026-09-09 07:00:00+00:00
1788940800000,79277.44,79760.0,79264.0,79698.02,838.18454,2026-09-09 08:00:00+00:00
1788944400000,79698.02,79716.0,78900.0,78952.01,524.33216,2026-09-09 09:00:00+00:00
1788948000000,78952.01,79183.91,78878.11,78920.01,419.34722,2026-09-09 10:00:00+00:00
1788951600000,78920.01,79379.28,78725.29,79324.75,742.09582,2026-09-09 11:00:00+00:00
1788955200000,79324.75,79662.56,79281.51,79606.14,1136.20636,2026-09-09 12:00:00+00:00
1788958800000,79606.15,79678.84,79103.19,79140.69,700.9372,2026-09-09 13:00:00+00:00
1788962400000,79140.69,79413.74,78877.36,78958.01,1034.69116,2026-09-09 14:00:00+00:00
1788966000000,78958.01,79394.99,78060.03,78596.7,1730.66758,2026-09-09 15:00:00+00:00
1788969600000,78596.7,78938.55,78460.34,78804.9,548.53711,2026-09-09 16:00:00+00:00
1788973200000,78804.9,78934.4,78674.0,78776.01,424.82404,2026-09-09 17:00:00+00:00
1788976800000,78776.0,78792.25,78403.36,78414.42,291.49177,2026-09-09 18:00:00+00:00
1788980400000,78414.42,78575.32,78150.0,78234.94,474.58363,2026-09-09 19:00:00+00:00
1788984000000,78234.94,78340.01,77917.09,78324.07,550.88264,2026-09-09 20:00:00+00:00
1788987600000,78324.07,78339.56,77994.15,78145.02,316.14499,2026-09-09 21:00:00+00:00
1788991200000,78145.02,78196.0,77770.0,77924.06,513.88945,2026-09-09 22:00:00+00:00
1788994800000,77924.0,78321.09,77920.56,78306.43,300.08433,2026-09-09 23:00:00+00:00
1788998400000,78306.43,78382.35,78073.8,78180.7,826.01999,2026-09-10 00:00:00+00:00
1789002000000,78180.7,78508.49,77952.0,78094.0,429.21115,2026-09-10 01:00:00+00:00
1789005600000,78094.01,78373.1,77980.0,78357.86,250.2874,2026-09-10 02:00:00+00:00
1789009200000,78357.87,78550.0,78278.0,78328.08,370.87043,2026-09-10 03:00:00+00:00
1789012800000,78328.08,78437.99,78300.0,78400.0,221.79379,2026-09-10 04:00:00+00:00
1789016400000,78400.01,78564.39,78270.75,78536.71,554.7012,2026-09-10 05:00:00+00:00
1789020000000,78536.71,78542.05,78147.98,78416.01,573.34123,2026-09-10 06:00:00+00:00
1789023600000,78416.01,78422.01,77906.48,78112.0,526.86865,2026-09-10 07:00:00+00:00
1789027200000,78112.0,78170.74,78038.0,78110.0,301.41841,2026-09-10 08:00:00+00:00
1789030800000,78110.0,78229.22,77910.86,77992.01,605.51933,2026-09-10 09:00:00+00:00
1789034400000,77992.0,78044.57,77821.21,77863.21,618.27147,2026-09-10 10:00:00+00:00
1789038000000,77863.2,78054.84,77688.0,77840.8,659.08952,2026-09-10 11:00:00+00:00
1789041600000,77840.64,77959.2,76676.07,76896.01,2886.07306,2026-09-10 12:00:00+00:00
1789045200000,76896.01,77234.0,76745.0,77174.44,1372.33792,2026-09-10 13:00:00+00:00
1789048800000,77174.43,77424.98,76943.45,77412.01,1105.27456,2026-09-10 14:00:00+00:00
1789052400000,77412.01,77412.89,77092.16,77250.0,695.08679,2026-09-10 15:00:00+00:00
1789056000000,77250.0,77312.01,76804.99,77200.01,562.44798,2026-09-10 16:00:00+00:00
1789059600000,77200.0,77544.0,77126.26,77328.72,584.5114,2026-09-10 17:00:00+00:00
1789063200000,77328.72,77340.0,76982.6,77252.0,321.25824,2026-09-10 18:00:00+00:00
1789066800000,77252.0,77298.48,77083.17,77160.83,394.60119,2026-09-10 19:00:00+00:00
1789070400000,77160.83,77347.45,77116.0,77268.08,142.17379,2026-09-10 20:00:00+00:00
1789074000000,77268.08,77303.02,77100.02,77144.0,268.25509,2026-09-10 21:00:00+00:00
1789077600000,77144.01,77218.01,76817.6,76836.45,253.46564,2026-09-10 22:00:00+00:00
1789081200000,76836.45,76876.31,76464.0,76568.72,797.49081,2026-09-10 23:00:00+00:00
1789084800000,76568.73,76939.8,76563.01,76908.59,538.94881,2026-09-11 00:00:00+00:00
1789088400000,76908.59,77000.0,76670.57,76971.43,386.97683,2026-09-11 01:00:00+00:00
1789092000000,76971.44,77013.62,76769.69,76838.68,297.49023,2026-09-11 02:00:00+00:00
1789095600000,76838.68,76897.54,76702.7,76891.8,967.58108,2026-09-11 03:00:00+00:00
1789099200000,76891.81,77196.01,76889.23,77114.01,370.66197,2026-09-11 04:00:00+00:00
1789102800000,77114.01,77252.88,77069.06,77252.86,284.44316,2026-09-11 05:00:00+00:00
1789106400000,77252.87,77431.48,77182.0,77298.01,405.18201,2026-09-11 06:00:00+00:00
1789110000000,77298.01,77403.19,77203.73,77230.7,435.02243,2026-09-11 07:00:00+00:00
1789113600000,77230.7,77500.0,77144.59,77364.93,294.00696,2026-09-11 08:00:00+00:00
1789117200000,77364.94,77370.01,76865.58,77042.0,552.5515,2026-09-11 09:00:00+00:00
1789120800000,77042.0,77163.25,76966.0,76993.25,406.1795,2026-09-11 10:00:00+00:00
1789124400000,76993.25,77049.25,76746.95,77036.12,420.86915,2026-09-11 11:00:00+00:00
1789128000000,77036.12,78148.74,76046.58,78032.99,3531.14376,2026-09-11 12:00:00+00:00
1789131600000,78032.98,79333.0,77253.8,79242.56,2451.66172,2026-09-11 13:00:00+00:00
1789135200000,79242.56,79890.0,78509.09,78798.51,1987.04632,2026-09-11 14:00:00+00:00
1789138800000,78798.4,78849.98,77303.0,77732.25,1364.45838,2026-09-11 15:00:00+00:00
1789142400000,77732.25,78068.01,77381.88,77916.0,1081.48116,2026-09-11 16:00:00+00:00
1789146000000,77916.0,77960.01,77490.34,77534.0,492.68772,2026-09-11 17:00:00+00:00
1789149600000,77534.0,77538.01,76883.0,77054.0,842.12412,2026-09-11 18:00:00+00:00
1789153200000,77054.0,77372.01,77006.0,77286.01,421.44962,2026-09-11 19:00:00+00:00
1789156800000,77286.0,77504.01,77192.0,77339.33,322.32564,2026-09-11 20:00:00+00:00
1789160400000,77339.33,77424.01,77078.01,77108.01,222.90327,2026-09-11 21:00:00+00:00
1789164000000,77108.01,77231.31,76967.13,77150.0,1100.36124,2026-09-11 22:00:00+00:00
1789167600000,77150.0,77225.71,77119.68,77225.7,535.72071,2026-09-11 23:00:00+00:00
1789171200000,77225.71,77320.0,77207.65,77287.43,314.34391,2026-09-12 00:00:00+00:00
1789174800000,77287.43,77378.37,77262.29,77272.37,186.8188,2026-09-12 01:00:00+00:00
1789178400000,77272.36,77322.27,77220.0,77288.0,307.45259,2026-09-12 02:00:00+00:00
1789182000000,77288.01,77347.82,77229.99,77268.09,242.20968,2026-09-12 03:00:00+00:00
1789185600000,77268.09,77314.01,77215.86,77222.75,392.84938,2026-09-12 04:00:00+00:00
1789189200000,77222.75,77260.8,77164.06,77218.0,966.7285,2026-09-12 05:00:00+00:00
1789192800000,77218.0,77359.2,77199.99,77289.73,148.46089,2026-09-12 06:00:00+00:00
1789196400000,77289.73,77347.99,77266.0,77269.55,360.14789,2026-09-12 07:00:00+00:00
1789200000000,77269.54,77374.01,77269.54,77360.01,285.63962,2026-09-12 08:00:00+00:00
1789203600000,77360.0,77386.76,77335.14,77349.44,294.25428,2026-09-12 09:00:00+00:00
1789207200000,77349.44,77400.75,77310.55,77332.94,182.37452,2026-09-12 10:00:00+00:00
1789210800000,77332.94,77356.05,77292.0,77356.04,149.54317,2026-09-12 11:00:00+00:00
1789214400000,77356.05,77360.77,77290.0,77340.0,340.29238,2026-09-12 12:00:00+00:00
1789218000000,77340.01,77397.27,77255.19,77366.52,1023.69199,2026-09-12 13:00:00+00:00
1789221600000,77366.52,77505.67,77366.0,77461.24,239.68201,2026-09-12 14:00:00+00:00
1789225200000,77461.25,77479.99,77376.0,77380.37,265.08543,2026-09-12 15:00:00+00:00
1789228800000,77380.38,77414.01,77336.0,77358.01,159.17816,2026-09-12 16:00:00+00:00
1789232400000,77358.0,77404.37,77170.57,77210.58,249.24835,2026-09-12 17:00:00+00:00
1789236000000,77210.58,77216.01,77125.03,77131.0,275.13313,2026-09-12 18:00:00+00:00
1789239600000,77131.0,77186.01,77059.75,77114.99,731.31555,2026-09-12 19:00:00+00:00
1789243200000,77115.0,77227.71,77114.99,77170.0,363.19212,2026-09-12 20:00:00+00:00
1789246800000,77170.0,77283.05,77148.5,77264.01,348.07684,2026-09-12 21:00:00+00:00
1789250400000,77264.0,77300.0,77193.06,77232.17,167.38368,2026-09-12 22:00:00+00:00
1789254000000,77232.17,77292.83,77232.16,77278.73,67.34168,2026-09-12 23:00:00+00:00
1789257600000,77278.73,77299.99,77162.36,77276.02,102.17841,2026-09-13 00:00:00+00:00
1789261200000,77276.02,77341.37,77241.51,77319.97,342.83505,2026-09-13 01:00:00+00:00
1789264800000,77319.97,77319.97,77244.78,77289.96,238.88569,2026-09-13 02:00:00+00:00
1789268400000,77289.97,77310.78,77184.01,77192.01,225.77764,2026-09-13 03:00:00+00:00
1789272000000,77192.0,77254.03,77189.84,77210.01,190.98338,2026-09-13 04:00:00+00:00
1789275600000,77210.0,77324.46,77210.0,77322.01,202.84475,2026-09-13 05:00:00+00:00
1789279200000,77322.01,77325.82,77058.42,77122.35,503.99784,2026-09-13 06:00:00+00:00
1789282800000,77122.35,77180.0,77091.88,77127.99,239.99798,2026-09-13 07:00:00+00:00
1789286400000,77127.99,77182.0,76756.0,76813.71,401.89187,2026-09-13 08:00:00+00:00
1789290000000,76813.71,76893.91,76570.0,76808.01,537.62115,2026-09-13 09:00:00+00:00
1789293600000,76808.0,76813.26,76628.45,76677.29,190.81512,2026-09-13 10:00:00+00:00
1789297200000,76677.3,76800.0,76500.0,76792.32,265.89974,2026-09-13 11:00:00+00:00
1789300800000,76792.31,76866.01,76690.0,76763.33,292.33252,2026-09-13 12:00:00+00:00
1789304400000,76763.33,76922.01,76560.0,76853.02,435.53074,2026-09-13 13:00:00+00:00
1789308000000,76853.01,77254.45,76850.56,77216.01,524.64043,2026-09-13 14:00:00+00:00
1789311600000,77216.01,77216.01,77011.33,77134.83,235.97054,2026-09-13 15:00:00+00:00
1789315200000,77134.82,77359.0,77125.66,77276.14,296.31166,2026-09-13 16:00:00+00:00
1789318800000,77276.14,77413.52,77249.35,77328.94,135.4972,2026-09-13 17:00:00+00:00
1789322400000,77328.94,77383.4,77312.12,77338.87,110.16764,2026-09-13 18:00:00+00:00
1789326000000,77338.87,77409.04,77223.16,77284.0,148.98479,2026-09-13 19:00:00+00:00
1789329600000,77284.01,77368.0,77262.0,77348.01,103.43597,2026-09-13 20:00:00+00:00
1789333200000,77348.01,77450.0,77314.0,77316.0,161.40092,2026-09-13 21:00:00+00:00
1789336800000,77316.0,77316.0,76667.68,76714.0,686.94439,2026-09-13 22:00:00+00:00
1789340400000,76714.0,76876.8,76622.97,76842.01,384.73824,2026-09-13 23:00:00+00:00
1789344000000,76842.01,77083.34,76388.72,76808.0,684.93231,2026-09-14 00:00:00+00:00
1789347600000,76808.01,77170.76,76636.41,77118.97,548.46579,2026-09-14 01:00:00+00:00
1789351200000,77118.96,77725.5,77016.0,77600.0,1091.26668,2026-09-14 02:00:00+00:00
1789354800000,77600.0,77869.82,77504.01,77596.33,938.65006,2026-09-14 03:00:00+00:00
1789358400000,77596.32,77700.78,77537.8,77681.78,479.27763,2026-09-14 04:00:00+00:00
1789362000000,77681.79,77691.05,77494.34,77611.79,322.46252,2026-09-14 05:00:00+00:00
1789365600000,77611.79,77895.35,77379.41,77593.15,418.88254,2026-09-14 06:00:00+00:00
1789369200000,77593.15,77892.24,77524.41,77892.24,453.51632,2026-09-14 07:00:00+00:00
1789372800000,77892.24,77999.99,77654.0,77728.8,526.80639,2026-09-14 08:00:00+00:00
1789376400000,77728.8,78374.01,77593.8,78141.57,718.66625,2026-09-14 09:00:00+00:00
1789380000000,78141.57,78167.87,77900.0,77906.6,344.15342,2026-09-14 10:00:00+00:00
1789383600000,77906.61,77924.02,77692.55,77776.0,354.582,2026-09-14 11:00:00+00:00
1789387200000,77776.0,78082.67,77615.06,77698.01,416.3904,2026-09-14 12:00:00+00:00
1789390800000,77698.01,78490.0,77481.98,78168.01,1141.24574,2026-09-14 13:00:00+00:00
1789394400000,78168.01,78712.29,78164.01,78521.06,1305.24797,2026-09-14 14:00:00+00:00
1789398000000,78521.05,78684.01,78301.41,78578.02,911.75735,2026-09-14 15:00:00+00:00
1789401600000,78578.02,78904.72,78426.17,78769.42,663.13004,2026-09-14 16:00:00+00:00
1789405200000,78769.42,79048.44,78698.37,78937.98,650.24334,2026-09-14 17:00:00+00:00
1789408800000,78937.98,79325.0,78838.57,79226.01,894.11691,2026-09-14 18:00:00+00:00
1789412400000,79226.0,79227.69,78951.67,78982.0,499.81096,2026-09-14 19:00:00+00:00
1789416000000,78982.01,79600.0,78978.56,79100.0,622.99114,2026-09-14 20:00:00+00:00
1789419600000,79100.0,79117.93,78746.0,78757.83,574.15746,2026-09-14 21:00:00+00:00
1789423200000,78757.82,78854.01,78511.0,78557.98,419.77752,2026-09-14 22:00:00+00:00
1789426800000,78557.99,78568.01,78131.3,78189.21,432.95897,2026-09-14 23:00:00+00:00
1789430400000,78189.2,78250.46,77941.18,77952.93,446.37902,2026-09-15 00:00:00+00:00
1789434000000,77952.92,78080.0,77750.0,77917.86,504.32377,2026-09-15 01:00:00+00:00
1789437600000,77917.86,78018.04,77776.25,77913.72,261.07651,2026-09-15 02:00:00+00:00
1789441200000,77913.73,77913.73,77658.0,77676.99,370.47729,2026-09-15 03:00:00+00:00
1789444800000,77676.99,77744.31,77542.0,77567.12,784.69084,2026-09-15 04:00:00+00:00
1789448400000,77567.11,77666.66,77300.01,77630.0,461.79794,2026-09-15 05:00:00+00:00
1789452000000,77630.0,77727.83,77191.02,77286.7,361.46093,2026-09-15 06:00:00+00:00
1789455600000,77286.71,77310.71,76889.22,76930.01,884.1463,2026-09-15 07:00:00+00:00
1789459200000,76930.0,77007.84,76703.59,77000.01,754.54393,2026-09-15 08:00:00+00:00
1789462800000,77000.01,77059.87,76869.99,76984.05,483.47069,2026-09-15 09:00:00+00:00
1789466400000,76984.05,77176.07,76872.9,77053.8,603.90345,2026-09-15 10:00:00+00:00
1789470000000,77053.8,77223.32,76843.75,76940.01,463.92838,2026-09-15 11:00:00+00:00
1789473600000,76940.01,77143.15,76858.66,76957.65,512.54782,2026-09-15 12:00:00+00:00
1789477200000,76956.75,77126.01,76123.42,76618.77,2183.38695,2026-09-15 13:00:00+00:00
1789480800000,76618.77,76696.0,75605.0,75942.01,2651.31183,2026-09-15 14:00:00+00:00
1789484400000,75942.01,76603.59,75832.0,76512.0,1349.39662,2026-09-15 15:00:00+00:00
1789488000000,76512.01,76576.47,76274.0,76388.0,598.21425,2026-09-15 16:00:00+00:00
1789491600000,76388.01,77343.44,76194.21,76962.0,1073.22598,2026-09-15 17:00:00+00:00
1789495200000,76962.0,77205.39,74967.97,76000.0,3667.98364,2026-09-15 18:00:00+00:00
1789498800000,76000.0,76305.99,75813.75,76186.48,1145.76186,2026-09-15 19:00:00+00:00
1789502400000,76186.48,76245.98,75613.2,75935.24,526.79495,2026-09-15 20:00:00+00:00
1789506000000,75935.24,75956.58,75392.35,75453.85,478.08145,2026-09-15 21:00:00+00:00
1789509600000,75453.85,75747.98,75140.64,75668.0,703.17506,2026-09-15 22:00:00+00:00
1789513200000,75667.99,75942.13,75562.01,75644.48,412.63788,2026-09-15 23:00:00+00:00
1789516800000,75644.48,75915.49,75578.61,75772.1,340.54755,2026-09-16 00:00:00+00:00
1789520400000,75772.1,75964.01,75457.52,75489.14,471.46585,2026-09-16 01:00:00+00:00
1789524000000,75489.14,76111.0,75483.32,75886.35,431.22778,2026-09-16 02:00:00+00:00
1789527600000,75886.36,76076.01,75768.25,75824.01,369.27253,2026-09-16 03:00:00+00:00
1789531200000,75824.0,76022.67,75805.7,75864.02,321.09965,2026-09-16 04:00:00+00:00
1789534800000,75864.02,75981.36,75677.64,75962.01,372.63126,2026-09-16 05:00:00+00:00
1789538400000,75962.01,76038.83,75830.0,76030.01,399.86157,2026-09-16 06:00:00+00:00
1789542000000,76030.01,76097.54,75739.36,75766.63,721.95197,2026-09-16 07:00:00+00:00
1789545600000,75766.62,75766.62,75350.0,75736.01,690.76243,2026-09-16 08:00:00+00:00
1789549200000,75736.01,75994.0,75730.0,75993.0,455.32651,2026-09-16 09:00:00+00:00
1789552800000,75993.01,76046.05,75900.0,75990.2,314.78271,2026-09-16 10:00:00+00:00
1789556400000,75990.2,76304.01,75874.0,76250.0,523.67545,2026-09-16 11:00:00+00:00
1789560000000,76250.0,76300.0,75794.02,75967.99,566.86511,2026-09-16 12:00:00+00:00
1789563600000,75967.98,75967.98,75585.09,75646.01,738.01439,2026-09-16 13:00:00+00:00
1789567200000,75646.01,75830.48,75423.04,75697.82,705.96798,2026-09-16 14:00:00+00:00
1789570800000,75697.83,75950.0,75552.79,75788.41,560.83704,2026-09-16 15:00:00+00:00
1789574400000,75788.41,75883.75,75650.0,75768.0,367.73923,2026-09-16 16:00:00+00:00
1789578000000,75768.0,75937.45,75353.07,75768.01,638.52702,2026-09-16 17:00:00+00:00
1789581600000,75770.45,76560.76,75064.82,75632.0,3097.10326,2026-09-16 18:00:00+00:00
1789585200000,75632.01,76180.0,75250.0,76080.0,958.02578,2026-09-16 19:00:00+00:00
1789588800000,76080.0,76422.01,76024.0,76178.34,511.84627,2026-09-16 20:00:00+00:00
1789592400000,76178.35,76213.34,75933.11,75976.0,320.44714,2026-09-16 21:00:00+00:00
1789596000000,75976.01,75986.01,75632.7,75675.88,525.52719,2026-09-16 22:00:00+00:00
1789599600000,75675.88,76276.02,75643.61,76206.01,484.47864,2026-09-16 23:00:00+00:00
1789603200000,76206.0,76511.18,76188.0,76342.77,472.88854,2026-09-17 00:00:00+00:00
1789606800000,76342.77,76774.08,76222.0,76374.21,638.81754,2026-09-17 01:00:00+00:00
1789610400000,76374.22,76485.13,76055.34,76370.01,496.68012,2026-09-17 02:00:00+00:00
1789614000000,76370.01,76535.03,76370.01,76441.99,295.45137,2026-09-17 03:00:00+00:00
1789617600000,76442.0,76598.0,76187.0,76539.81,275.54427,2026-09-17 04:00:00+00:00
1789621200000,76539.82,76632.14,76318.0,76333.88,280.19303,2026-09-17 05:00:00+00:00
1789624800000,76333.87,76598.01,76308.42,76477.45,271.83524,2026-09-17 06:00:00+00:00
1789628400000,76477.46,76682.01,76425.34,76462.76,422.44395,2026-09-17 07:00:00+00:00
1789632000000,76462.77,76591.46,76396.97,76574.63,422.26564,2026-09-17 08:00:00+00:00
1789635600000,76574.63,76770.0,76468.04,76468.05,378.26739,2026-09-17 09:00:00+00:00
1789639200000,76468.04,76470.49,76270.0,76402.01,413.8899,2026-09-17 10:00:00+00:00
1789642800000,76402.01,76488.73,76179.0,76482.0,329.95092,2026-09-17 11:00:00+00:00
1789646400000,76482.0,77179.47,76398.93,76736.59,970.25031,2026-09-17 12:00:00+00:00
1789650000000,76736.59,76889.66,76000.0,76694.07,1013.37341,2026-09-17 13:00:00+00:00
1789653600000,76694.06,77088.05,76391.44,76502.46,941.27248,2026-09-17 14:00:00+00:00
1789657200000,76502.45,76862.85,76275.0,76780.01,472.36489,2026-09-17 15:00:00+00:00
1789660800000,76780.01,76811.39,76534.0,76753.46,596.54444,2026-09-17 16:00:00+00:00
1789664400000,76753.46,76970.01,76576.0,76667.86,711.49403,2026-09-17 17:00:00+00:00
1789668000000,76667.87,76781.85,76470.4,76575.96,293.0973,2026-09-17 18:00:00+00:00
1789671600000,76575.97,76677.42,76504.62,76594.01,292.32933,2026-09-17 19:00:00+00:00
1789675200000,76594.01,76732.99,76500.0,76556.01,198.7874,2026-09-17 20:00:00+00:00
1789678800000,76556.01,76616.01,76395.51,76415.85,210.95396,2026-09-17 21:00:00+00:00
1789682400000,76415.85,76458.55,76259.98,76420.0,270.75161,2026-09-17 22:00:00+00:00
1789686000000,76419.99,76510.01,76384.04,76417.01,255.57512,2026-09-17 23:00:00+00:00
1789689600000,76417.01,76590.0,76296.0,76590.0,376.57511,2026-09-18 00:00:00+00:00
1789693200000,76589.99,76763.86,76520.0,76744.01,577.60341,2026-09-18 01:00:00+00:00
1789696800000,76744.01,77042.2,76644.0,76988.3,712.34227,2026-09-18 02:00:00+00:00
1789700400000,76988.31,77597.83,76981.94,77383.47,920.49271,2026-09-18 03:00:00+00:00
1789704000000,77383.47,77575.98,77216.76,77575.97,724.0507,2026-09-18 04:00:00+00:00
1789707600000,77575.98,77715.48,77442.93,77493.8,717.75458,2026-09-18 05:00:00+00:00
1789711200000,77493.8,77679.62,77402.32,77604.0,542.00013,2026-09-18 06:00:00+00:00
1789714800000,77604.01,77850.0,77566.11,77798.01,1203.27789,2026-09-18 07:00:00+00:00
1789718400000,77798.0,78279.8,77660.0,78272.15,1082.03924,2026-09-18 08:00:00+00:00
1789722000000,78271.48,78490.79,77961.57,78212.01,1198.98878,2026-09-18 09:00:00+00:00
1789725600000,78212.0,78369.86,78102.0,78285.34,396.04476,2026-09-18 10:00:00+00:00
1789729200000,78285.35,78450.01,78026.0,78062.0,564.41098,2026-09-18 11:00:00+00:00
1789732800000,78062.01,78182.01,77982.88,78170.18,389.24129,2026-09-18 12:00:00+00:00
