time,open,high,low,close,volume,datetime
1770177600000,1.6136000156402588,1.6140199899673462,1.6118799448013306,1.6132700443267822,0,2026-02-04 04:00:00+00:00
1770192000000,1.6132299900054932,1.6147099733352661,1.6114599704742432,1.613700032234192,0,2026-02-04 08:00:00+00:00
1770206400000,1.613669991493225,1.6155500411987305,1.6118899583816528,1.612630009651184,0,2026-02-04 12:00:00+00:00
1770220800000,1.612630009651184,1.6141599416732788,1.6123100519180298,1.6139600276947021,0,2026-02-04 16:00:00+00:00
1770235200000,1.6139099597930908,1.6140300035476685,1.6113100051879883,1.6130399703979492,0,2026-02-04 20:00:00+00:00
1770249600000,1.6130399703979492,1.6137399673461914,1.6118700504302979,1.61326003074646,0,2026-02-05 00:00:00+00:00
1770264000000,1.6132500171661377,1.615049958229065,1.6122299432754517,1.6147199869155884,0,2026-02-05 04:00:00+00:00
1770278400000,1.6146700382232666,1.6156200170516968,1.6129200458526611,1.6135200262069702,0,2026-02-05 08:00:00+00:00
1770292800000,1.6135300397872925,1.6150699853897095,1.6107900142669678,1.6132999658584595,0,2026-02-05 12:00:00+00:00
1770307200000,1.6132999658584595,1.6141300201416016,1.6121799945831299,1.6133699417114258,0,2026-02-05 16:00:00+00:00
1770321600000,1.613360047340393,1.6151700019836426,1.6120500564575195,1.614799976348877,0,2026-02-05 20:00:00+00:00
1770336000000,1.6146299839019775,1.6155999898910522,1.6138299703598022,1.61503005027771,0,2026-02-06 00:00:00+00:00
1770350400000,1.6149499416351318,1.6162300109863281,1.6131900548934937,1.613610029220581,0,2026-02-06 04:00:00+00:00
1770364800000,1.6139500141143799,1.6146800518035889,1.6121200323104858,1.6124600172042847,0,2026-02-06 08:00:00+00:00
1770379200000,1.6124099493026733,1.613360047340393,1.6098899841308594,1.6115599870681763,0,2026-02-06 12:00:00+00:00
1770393600000,1.6115000247955322,1.6143499612808228,1.6105600595474243,1.6141300201416016,0,2026-02-06 16:00:00+00:00
1770408000000,1.6141599416732788,1.6160399913787842,1.6129300594329834,1.614959955215454,0,2026-02-06 20:00:00+00:00
1770595200000,1.6152199506759644,1.615880012512207,1.6139400005340576,1.6147500276565552,0,2026-02-09 00:00:00+00:00
1770609600000,1.6146800518035889,1.6178100109100342,1.614300012588501,1.6173299551010132,0,2026-02-09 04:00:00+00:00
1770624000000,1.6173299551010132,1.6196099519729614,1.6169699430465698,1.618149995803833,0,2026-02-09 08:00:00+00:00
1770638400000,1.618209958076477,1.6202499866485596,1.6158699989318848,1.616629958152771,0,2026-02-09 12:00:00+00:00
1770652800000,1.6165800094604492,1.6171599626541138,1.614050030708313,1.6162899732589722,0,2026-02-09 16:00:00+00:00
1770667200000,1.6162899732589722,1.6164300441741943,1.6137100458145142,1.6140300035476685,0,2026-02-09 20:00:00+00:00
1770681600000,1.6140999794006348,1.614650011062622,1.6132700443267822,1.6140999794006348,0,2026-02-10 00:00:00+00:00
1770696000000,1.6140999794006348,1.615190029144287,1.6131700277328491,1.6147099733352661,0,2026-02-10 04:00:00+00:00
1770710400000,1.6146999597549438,1.616420030593872,1.6139600276947021,1.6143399477005005,0,2026-02-10 08:00:00+00:00
1770724800000,1.6143900156021118,1.6153600215911865,1.609969973564148,1.611199975013733,0,2026-02-10 12:00:00+00:00
1770739200000,1.611240029335022,1.6119699478149414,1.6095199584960938,1.611780047416687,0,2026-02-10 16:00:00+00:00
1770753600000,1.6118500232696533,1.612589955329895,1.6100000143051147,1.611009955406189,0,2026-02-10 20:00:00+00:00
1770768000000,1.6110399961471558,1.6119099855422974,1.609470009803772,1.6102800369262695,0,2026-02-11 00:00:00+00:00
1770782400000,1.6102299690246582,1.612030029296875,1.609760046005249,1.6113699674606323,0,2026-02-11 04:00:00+00:00
1770796800000,1.6113899946212769,1.613420009613037,1.6091099977493286,1.611799955368042,0,2026-02-11 08:00:00+00:00
1770811200000,1.6118700504302979,1.6147300004959106,1.6089500188827515,1.6134899854660034,0,2026-02-11 12:00:00+00:00
1770825600000,1.6134699583053589,1.6138299703598022,1.6101399660110474,1.6114200353622437,0,2026-02-11 16:00:00+00:00
1770840000000,1.6114200353622437,1.6124000549316406,1.6093699932098389,1.6118199825286865,0,2026-02-11 20:00:00+00:00
1770854400000,1.6116900444030762,1.6124000549316406,1.6102999448776245,1.6106599569320679,0,2026-02-12 00:00:00+00:00
1770868800000,1.6106599569320679,1.6123100519180298,1.6103999614715576,1.6118299961090088,0,2026-02-12 04:00:00+00:00
1770883200000,1.611930012702942,1.6128499507904053,1.610509991645813,1.6109299659729004,0,2026-02-12 08:00:00+00:00
1770897600000,1.6108800172805786,1.6165800094604492,1.6104999780654907,1.6159199476242065,0,2026-02-12 12:00:00+00:00
1770912000000,1.615839958190918,1.6178900003433228,1.614549994468689,1.6152900457382202,0,2026-02-12 16:00:00+00:00
1770926400000,1.6152399778366089,1.6163300275802612,1.6142799854278564,1.6155200004577637,0,2026-02-12 20:00:00+00:00
1770940800000,1.6155099868774414,1.6161600351333618,1.614740014076233,1.6158000230789185,0,2026-02-13 00:00:00+00:00
1770955200000,1.6158699989318848,1.616129994392395,1.6143399477005005,1.6157599687576294,0,2026-02-13 04:00:00+00:00
1770969600000,1.6156599521636963,1.6159499883651733,1.6129300594329834,1.6151000261306763,0,2026-02-13 08:00:00+00:00
1770984000000,1.6151000261306763,1.6176700592041016,1.6142300367355347,1.6152199506759644,0,2026-02-13 12:00:00+00:00
1770998400000,1.6151599884033203,1.6170799732208252,1.6145100593566895,1.6163100004196167,0,2026-02-13 16:00:00+00:00
1771012800000,1.6163400411605835,1.6175999641418457,1.6151399612426758,1.6157499551773071,0,2026-02-13 20:00:00+00:00
1771200000000,1.615779995918274,1.6160199642181396,1.6143699884414673,1.6152600049972534,0,2026-02-16 00:00:00+00:00
1771214400000,1.6152700185775757,1.6155699491500854,1.6138700246810913,1.614150047302246,0,2026-02-16 04:00:00+00:00
1771228800000,1.6141999959945679,1.6164799928665161,1.6135599613189697,1.6157499551773071,0,2026-02-16 08:00:00+00:00
1771243200000,1.6157499551773071,1.6161999702453613,1.6142499446868896,1.615440011024475,0,2026-02-16 12:00:00+00:00
1771257600000,1.615380048751831,1.6161999702453613,1.6147799491882324,1.6161400079727173,0,2026-02-16 16:00:00+00:00
1771272000000,1.6161999702453613,1.6163599491119385,1.6144399642944336,1.615820050239563,0,2026-02-16 20:00:00+00:00
1771286400000,1.615839958190918,1.6160099506378174,1.6146899461746216,1.6155400276184082,0,2026-02-17 00:00:00+00:00
1771300800000,1.615530014038086,1.616070032119751,1.6139700412750244,1.6147799491882324,0,2026-02-17 04:00:00+00:00
1771315200000,1.614840030670166,1.6168099641799927,1.6135799884796143,1.6143399477005005,0,2026-02-17 08:00:00+00:00
1771329600000,1.6142799854278564,1.6172800064086914,1.61381995677948,1.6160600185394287,0,2026-02-17 12:00:00+00:00
1771344000000,1.616070032119751,1.6167399883270264,1.6144100427627563,1.615779995918274,0,2026-02-17 16:00:00+00:00
1771358400000,1.6157599687576294,1.616729974746704,1.6151800155639648,1.6160900592803955,0,2026-02-17 20:00:00+00:00
1771372800000,1.6162300109863281,1.6166900396347046,1.6154299974441528,1.6164300441741943,0,2026-02-18 00:00:00+00:00
1771387200000,1.6163599491119385,1.617169976234436,1.6157499551773071,1.6170400381088257,0,2026-02-18 04:00:00+00:00
1771401600000,1.616960048675537,1.6171000003814697,1.6139899492263794,1.6143800020217896,0,2026-02-18 08:00:00+00:00
1771416000000,1.614300012588501,1.6165599822998047,1.6140600442886353,1.6155400276184082,0,2026-02-18 12:00:00+00:00
1771430400000,1.6155400276184082,1.6155999898910522,1.6131999492645264,1.6144100427627563,0,2026-02-18 16:00:00+00:00
1771444800000,1.6144399642944336,1.614490032196045,1.6125500202178955,1.6142699718475342,0,2026-02-18 20:00:00+00:00
1771459200000,1.6143399477005005,1.6150000095367432,1.613669991493225,1.614650011062622,0,2026-02-19 00:00:00+00:00
1771473600000,1.614650011062622,1.6158100366592407,1.6136499643325806,1.614259958267212,0,2026-02-19 04:00:00+00:00
1771488000000,1.6141899824142456,1.6152199506759644,1.6115599870681763,1.6126699447631836,0,2026-02-19 08:00:00+00:00
1771502400000,1.6126699447631836,1.6127300262451172,1.60903000831604,1.6092599630355835,0,2026-02-19 12:00:00+00:00
1771516800000,1.6092599630355835,1.612030029296875,1.608970046043396,1.6116199493408203,0,2026-02-19 16:00:00+00:00
1771531200000,1.6116100549697876,1.6117700338363647,1.6092599630355835,1.6105899810791016,0,2026-02-19 20:00:00+00:00
1771545600000,1.6106899976730347,1.6112099885940552,1.6092100143432617,1.609660029411316,0,2026-02-20 00:00:00+00:00
1771560000000,1.6096299886703491,1.6098599433898926,1.6080199480056763,1.6095000505447388,0,2026-02-20 04:00:00+00:00
1771574400000,1.6095099449157715,1.6109399795532227,1.6088099479675293,1.6103099584579468,0,2026-02-20 08:00:00+00:00
1771588800000,1.610319972038269,1.6145100593566895,1.6092699766159058,1.6120799779891968,0,2026-02-20 12:00:00+00:00
1771603200000,1.6120500564575195,1.6137900352478027,1.6112300157546997,1.612470030784607,0,2026-02-20 16:00:00+00:00
1771617600000,1.6124000549316406,1.6129499673843384,1.6106799840927124,1.61149001121521,0,2026-02-20 20:00:00+00:00
1771804800000,1.6149799823760986,1.6164900064468384,1.6140999794006348,1.6160099506378174,0,2026-02-23 00:00:00+00:00
1771819200000,1.616129994392395,1.6166800260543823,1.6148200035095215,1.615939974784851,0,2026-02-23 04:00:00+00:00
1771833600000,1.6160099506378174,1.616070032119751,1.6119199991226196,1.612820029258728,0,2026-02-23 08:00:00+00:00
1771848000000,1.6128599643707275,1.615149974822998,1.6124199628829956,1.614300012588501,0,2026-02-23 12:00:00+00:00
1771862400000,1.6143100261688232,1.6157200336456299,1.6135499477386475,1.6148600578308105,0,2026-02-23 16:00:00+00:00
1771876800000,1.6148600578308105,1.6154099702835083,1.613070011138916,1.614840030670166,0,2026-02-23 20:00:00+00:00
1771891200000,1.614799976348877,1.6155699491500854,1.6133300065994263,1.6137299537658691,0,2026-02-24 00:00:00+00:00
1771905600000,1.6136800050735474,1.6141999959945679,1.61257004737854,1.6140899658203125,0,2026-02-24 04:00:00+00:00
1771920000000,1.6140700578689575,1.6154299974441528,1.6134099960327148,1.6151599884033203,0,2026-02-24 08:00:00+00:00
1771934400000,1.6151599884033203,1.616170048713684,1.6134699583053589,1.614490032196045,0,2026-02-24 12:00:00+00:00
1771948800000,1.6144700050354004,1.615779995918274,1.6133500337600708,1.614050030708313,0,2026-02-24 16:00:00+00:00
1771963200000,1.6140300035476685,1.6141200065612793,1.6118500232696533,1.6132500171661377,0,2026-02-24 20:00:00+00:00
1771977600000,1.6132800579071045,1.614009976387024,1.6123900413513184,1.613610029220581,0,2026-02-25 00:00:00+00:00
1771992000000,1.613700032234192,1.6147500276565552,1.6132400035858154,1.614169955253601,0,2026-02-25 04:00:00+00:00
1772006400000,1.6141200065612793,1.6146600246429443,1.6127699613571167,1.6133300065994263,0,2026-02-25 08:00:00+00:00
1772020800000,1.613360047340393,1.6150599718093872,1.612380027770996,1.6144100427627563,0,2026-02-25 12:00:00+00:00
1772035200000,1.614359974861145,1.6165200471878052,1.613800048828125,1.6145800352096558,0,2026-02-25 16:00:00+00:00
1772049600000,1.6145800352096558,1.6156799793243408,1.6135400533676147,1.61558997631073,0,2026-02-25 20:00:00+00:00
1772064000000,1.6155400276184082,1.6160900592803955,1.614609956741333,1.6154199838638306,0,2026-02-26 00:00:00+00:00
1772078400000,1.615380048751831,1.6155099868774414,1.6138399839401245,1.6138900518417358,0,2026-02-26 04:00:00+00:00
1772092800000,1.6138900518417358,1.6148799657821655,1.6128499507904053,1.6146700382232666,0,2026-02-26 08:00:00+00:00
1772107200000,1.6146600246429443,1.617069959640503,1.6135400533676147,1.614400029182434,0,2026-02-26 12:00:00+00:00
1772121600000,1.6143499612808228,1.6144700050354004,1.6122299432754517,1.613759994506836,0,2026-02-26 16:00:00+00:00
1772136000000,1.613800048828125,1.6145999431610107,1.6122299432754517,1.6140700578689575,0,2026-02-26 20:00:00+00:00
1772150400000,1.6140799522399902,1.614259958267212,1.6123700141906738,1.6135499477386475,0,2026-02-27 00:00:00+00:00
1772164800000,1.6134899854660034,1.6157000064849854,1.6124099493026733,1.6150699853897095,0,2026-02-27 04:00:00+00:00
1772179200000,1.6150399446487427,1.6157200336456299,1.6119400262832642,1.6132899522781372,0,2026-02-27 08:00:00+00:00
1772193600000,1.6132999658584595,1.6139999628067017,1.6096800565719604,1.6101000308990479,0,2026-02-27 12:00:00+00:00
1772208000000,1.6100900173187256,1.612130045890808,1.609660029411316,1.6110800504684448,0,2026-02-27 16:00:00+00:00
1772222400000,1.6110899448394775,1.6129399538040161,1.6107800006866455,1.6114799976348877,0,2026-02-27 20:00:00+00:00
1772409600000,1.6071100234985352,1.6093000173568726,1.6067500114440918,1.6084799766540527,0,2026-03-02 00:00:00+00:00
1772424000000,1.6084799766540527,1.6088900566101074,1.5992000102996826,1.5999900102615356,0,2026-03-02 04:00:00+00:00
1772438400000,1.6000499725341797,1.603119969367981,1.5995500087738037,1.6023800373077393,0,2026-03-02 08:00:00+00:00
1772452800000,1.6023999452590942,1.6025700569152832,1.5983599424362183,1.6001100540161133,0,2026-03-02 12:00:00+00:00
1772467200000,1.6001100540161133,1.6042900085449219,1.5995800495147705,1.5997899770736694,0,2026-03-02 16:00:00+00:00
1772481600000,1.599810004234314,1.6001499891281128,1.5966999530792236,1.5988099575042725,0,2026-03-02 20:00:00+00:00
1772496000000,1.5987399816513062,1.599310040473938,1.597059965133667,1.5976300239562988,0,2026-03-03 00:00:00+00:00
1772510400000,1.5975899696350098,1.5979499816894531,1.5922000408172607,1.5925400257110596,0,2026-03-03 04:00:00+00:00
1772524800000,1.5925500392913818,1.5929900407791138,1.588479995727539,1.589020013809204,0,2026-03-03 08:00:00+00:00
1772539200000,1.589110016822815,1.5898200273513794,1.5851600170135498,1.585729956626892,0,2026-03-03 12:00:00+00:00
1772553600000,1.5857599973678589,1.5882099866867065,1.5834599733352661,1.5873700380325317,0,2026-03-03 16:00:00+00:00
1772568000000,1.5873199701309204,1.5888700485229492,1.5865399837493896,1.587589979171753,0,2026-03-03 20:00:00+00:00
1772582400000,1.5876599550247192,1.5883400440216064,1.5851500034332275,1.5879700183868408,0,2026-03-04 00:00:00+00:00
1772596800000,1.5879499912261963,1.588670015335083,1.5858299732208252,1.586590051651001,0,2026-03-04 04:00:00+00:00
1772611200000,1.5865000486373901,1.5917999744415283,1.5843199491500854,1.5896999835968018,0,2026-03-04 08:00:00+00:00
1772625600000,1.5896999835968018,1.5928000211715698,1.5882799625396729,1.5898499488830566,0,2026-03-04 12:00:00+00:00
1772640000000,1.5898900032043457,1.5909700393676758,1.586709976196289,1.5869100093841553,0,2026-03-04 16:00:00+00:00
1772654400000,1.5869100093841553,1.5882200002670288,1.5851000547409058,1.5871100425720215,0,2026-03-04 20:00:00+00:00
1772668800000,1.5871200561523438,1.5876100063323975,1.5849599838256836,1.5852899551391602,0,2026-03-05 00:00:00+00:00
1772683200000,1.5853099822998047,1.585819959640503,1.583109974861145,1.5831700563430786,0,2026-03-05 04:00:00+00:00
1772697600000,1.5831600427627563,1.5868799686431885,1.5817099809646606,1.582610011100769,0,2026-03-05 08:00:00+00:00
1772712000000,1.5825899839401245,1.5848100185394287,1.5809799432754517,1.5844600200653076,0,2026-03-05 12:00:00+00:00
1772726400000,1.5845099687576294,1.5880500078201294,1.5837700366973877,1.5842299461364746,0,2026-03-05 16:00:00+00:00
1772740800000,1.5842599868774414,1.5875799655914307,1.5839300155639648,1.5866700410842896,0,2026-03-05 20:00:00+00:00
1772755200000,1.5866400003433228,1.5871399641036987,1.5854899883270264,1.5868500471115112,0,2026-03-06 00:00:00+00:00
1772769600000,1.5868500471115112,1.587049961090088,1.5847699642181396,1.5853899717330933,0,2026-03-06 04:00:00+00:00
1772784000000,1.5853699445724487,1.585379958152771,1.5799000263214111,1.580199956893921,0,2026-03-06 08:00:00+00:00
1772798400000,1.5802199840545654,1.5816800594329834,1.5762499570846558,1.5776499509811401,0,2026-03-06 12:00:00+00:00
1772812800000,1.5776499509811401,1.5799200534820557,1.5752899646759033,1.5759400129318237,0,2026-03-06 16:00:00+00:00
1772827200000,1.5759899616241455,1.5770399570465088,1.5745099782943726,1.5758399963378906,0,2026-03-06 20:00:00+00:00
1773014400000,1.5673600435256958,1.5681899785995483,1.5606800317764282,1.5613800287246704,0,2026-03-09 00:00:00+00:00
1773028800000,1.5613399744033813,1.5678499937057495,1.5612399578094482,1.5669300556182861,0,2026-03-09 04:00:00+00:00
1773043200000,1.5669699907302856,1.5685299634933472,1.5619699954986572,1.5649800300598145,0,2026-03-09 08:00:00+00:00
1773057600000,1.565000057220459,1.574280023574829,1.5648800134658813,1.5733799934387207,0,2026-03-09 12:00:00+00:00
1773072000000,1.5734399557113647,1.5796200037002563,1.5715700387954712,1.5766299962997437,0,2026-03-09 16:00:00+00:00
1773086400000,1.5765199661254883,1.581030011177063,1.5765199661254883,1.5782500505447388,0,2026-03-09 20:00:00+00:00
1773100800000,1.578160047531128,1.5809199810028076,1.5776400566101074,1.5784599781036377,0,2026-03-10 00:00:00+00:00
1773115200000,1.5784000158309937,1.5822999477386475,1.5776300430297852,1.582170009613037,0,2026-03-10 04:00:00+00:00
1773129600000,1.5821499824523926,1.5834399461746216,1.5775599479675293,1.578510046005249,0,2026-03-10 08:00:00+00:00
1773144000000,1.57846999168396,1.5806100368499756,1.5748599767684937,1.5796500444412231,0,2026-03-10 12:00:00+00:00
1773158400000,1.579609990119934,1.583490014076233,1.5760300159454346,1.5771499872207642,0,2026-03-10 16:00:00+00:00
1773172800000,1.5771600008010864,1.577530026435852,1.5749900341033936,1.576990008354187,0,2026-03-10 20:00:00+00:00
1773187200000,1.5770000219345093,1.5784000158309937,1.5758299827575684,1.5767300128936768,0,2026-03-11 00:00:00+00:00
1773201600000,1.5765899419784546,1.5794099569320679,1.5749399662017822,1.5755499601364136,0,2026-03-11 04:00:00+00:00
1773216000000,1.575469970703125,1.5761499404907227,1.5722099542617798,1.5728600025177002,0,2026-03-11 08:00:00+00:00
1773230400000,1.5729399919509888,1.5769200325012207,1.5719200372695923,1.5731600522994995,0,2026-03-11 12:00:00+00:00
1773244800000,1.5731799602508545,1.5738799571990967,1.5702999830245972,1.572059988975525,0,2026-03-11 16:00:00+00:00
1773259200000,1.572059988975525,1.572950005531311,1.5690900087356567,1.5697400569915771,0,2026-03-11 20:00:00+00:00
1773273600000,1.5699000358581543,1.569949984550476,1.566540002822876,1.56768000125885,0,2026-03-12 00:00:00+00:00
1773288000000,1.567639946937561,1.569200038909912,1.5668400526046753,1.5691299438476562,0,2026-03-12 04:00:00+00:00
1773302400000,1.5691299438476562,1.571810007095337,1.567870020866394,1.5705000162124634,0,2026-03-12 08:00:00+00:00
1773316800000,1.5704599618911743,1.5707000494003296,1.5666899681091309,1.5688999891281128,0,2026-03-12 12:00:00+00:00
1773331200000,1.568969964981079,1.5708199739456177,1.56768000125885,1.5691800117492676,0,2026-03-12 16:00:00+00:00
1773345600000,1.5691200494766235,1.5713200569152832,1.5684499740600586,1.5706499814987183,0,2026-03-12 20:00:00+00:00
1773360000000,1.570449948310852,1.570580005645752,1.5688400268554688,1.5694899559020996,0,2026-03-13 00:00:00+00:00
1773374400000,1.5694700479507446,1.5698800086975098,1.5646100044250488,1.5650299787521362,0,2026-03-13 04:00:00+00:00
1773388800000,1.565060019493103,1.5684200525283813,1.5617799758911133,1.5671299695968628,0,2026-03-13 08:00:00+00:00
1773403200000,1.5671299695968628,1.5746899843215942,1.5653200149536133,1.5717999935150146,0,2026-03-13 12:00:00+00:00
1773417600000,1.5717400312423706,1.572450041770935,1.5675699710845947,1.5680400133132935,0,2026-03-13 16:00:00+00:00
1773432000000,1.5679800510406494,1.5681300163269043,1.5650099515914917,1.5657399892807007,0,2026-03-13 20:00:00+00:00
1773619200000,1.5679700374603271,1.5702300071716309,1.5678499937057495,1.5699900388717651,0,2026-03-16 00:00:00+00:00
1773633600000,1.5699399709701538,1.5700299739837646,1.5651299953460693,1.5660400390625,0,2026-03-16 04:00:00+00:00
1773648000000,1.5659699440002441,1.5714499950408936,1.5658600330352783,1.5705599784851074,0,2026-03-16 08:00:00+00:00
1773662400000,1.570580005645752,1.5724899768829346,1.5684399604797363,1.5717799663543701,0,2026-03-16 12:00:00+00:00
1773676800000,1.5717400312423706,1.576069951057434,1.5703999996185303,1.574079990386963,0,2026-03-16 16:00:00+00:00
1773691200000,1.5741499662399292,1.5754300355911255,1.572909951210022,1.5736500024795532,0,2026-03-16 20:00:00+00:00
1773705600000,1.5736199617385864,1.5738099813461304,1.5717899799346924,1.5728100538253784,0,2026-03-17 00:00:00+00:00
1773720000000,1.5727900266647339,1.5737500190734863,1.5700900554656982,1.5734800100326538,0,2026-03-17 04:00:00+00:00
1773734400000,1.5734699964523315,1.5777499675750732,1.5726900100708008,1.577180027961731,0,2026-03-17 08:00:00+00:00
1773748800000,1.5771199464797974,1.5818500518798828,1.5765199661254883,1.5796300172805786,0,2026-03-17 12:00:00+00:00
1773763200000,1.5795799493789673,1.5815399885177612,1.5784499645233154,1.579990029335022,0,2026-03-17 16:00:00+00:00
1773777600000,1.5799299478530884,1.5803799629211426,1.5784200429916382,1.5794899463653564,0,2026-03-17 20:00:00+00:00
1773792000000,1.5794999599456787,1.5804100036621094,1.5785800218582153,1.580180048942566,0,2026-03-18 00:00:00+00:00
1773806400000,1.580199956893921,1.5826599597930908,1.5796600580215454,1.580090045928955,0,2026-03-18 04:00:00+00:00
1773820800000,1.580049991607666,1.5818300247192383,1.578320026397705,1.580489993095398,0,2026-03-18 08:00:00+00:00
1773835200000,1.580430030822754,1.5807499885559082,1.5759999752044678,1.576859951019287,0,2026-03-18 12:00:00+00:00
1773849600000,1.576799988746643,1.57846999168396,1.5734399557113647,1.5740599632263184,0,2026-03-18 16:00:00+00:00
1773864000000,1.5741300582885742,1.5743999481201172,1.5714000463485718,1.5736500024795532,0,2026-03-18 20:00:00+00:00
1773878400000,1.573740005493164,1.5759199857711792,1.5730799436569214,1.574779987335205,0,2026-03-19 00:00:00+00:00
1773892800000,1.5748399496078491,1.5750800371170044,1.5716700553894043,1.5728700160980225,0,2026-03-19 04:00:00+00:00
1773907200000,1.5729299783706665,1.5775799751281738,1.5722600221633911,1.5765999555587769,0,2026-03-19 08:00:00+00:00
1773921600000,1.576550006866455,1.5825599431991577,1.5750600099563599,1.5798699855804443,0,2026-03-19 12:00:00+00:00
1773936000000,1.5797799825668335,1.5924700498580933,1.5795799493789673,1.5912599563598633,0,2026-03-19 16:00:00+00:00
1773950400000,1.591189980506897,1.592960000038147,1.5890100002288818,1.5900499820709229,0,2026-03-19 20:00:00+00:00
1773964800000,1.5900800228118896,1.590559959411621,1.5863699913024902,1.5867700576782227,0,2026-03-20 00:00:00+00:00
1773979200000,1.5866899490356445,1.5889099836349487,1.5861999988555908,1.587820053100586,0,2026-03-20 04:00:00+00:00
1773993600000,1.587839961051941,1.588230013847351,1.582990050315857,1.586300015449524,0,2026-03-20 08:00:00+00:00
1774008000000,1.5861999988555908,1.5877399444580078,1.5816099643707275,1.5848699808120728,0,2026-03-20 12:00:00+00:00
1774022400000,1.5848499536514282,1.5868899822235107,1.5834499597549438,1.585569977760315,0,2026-03-20 16:00:00+00:00
1774036800000,1.5855900049209595,1.5879100561141968,1.585129976272583,1.5875099897384644,0,2026-03-20 20:00:00+00:00
1774224000000,1.5849499702453613,1.5855599641799927,1.582360029220581,1.58364999294281,0,2026-03-23 00:00:00+00:00
1774238400000,1.5836800336837769,1.5844800472259521,1.5818300247192383,1.5824999809265137,0,2026-03-23 04:00:00+00:00
1774252800000,1.5824899673461914,1.5909600257873535,1.578909993171692,1.586709976196289,0,2026-03-23 08:00:00+00:00
1774267200000,1.5867600440979004,1.5930900573730469,1.5861200094223022,1.5893100500106812,0,2026-03-23 12:00:00+00:00
1774281600000,1.5893700122833252,1.596019983291626,1.587820053100586,1.5934100151062012,0,2026-03-23 16:00:00+00:00
1774296000000,1.5935100317001343,1.5942800045013428,1.5923800468444824,1.5935399532318115,0,2026-03-23 20:00:00+00:00
1774310400000,1.5937199592590332,1.5937800407409668,1.5911400318145752,1.59306001663208,0,2026-03-24 00:00:00+00:00
1774324800000,1.5929800271987915,1.5950000286102295,1.5922199487686157,1.5949499607086182,0,2026-03-24 04:00:00+00:00
1774339200000,1.594939947128296,1.5954099893569946,1.5908299684524536,1.5929800271987915,0,2026-03-24 08:00:00+00:00
1774353600000,1.5929900407791138,1.594789981842041,1.5900399684906006,1.5935399532318115,0,2026-03-24 12:00:00+00:00
1774368000000,1.5935499668121338,1.5958199501037598,1.5924099683761597,1.5945600271224976,0,2026-03-24 16:00:00+00:00
1774382400000,1.594480037689209,1.598770022392273,1.5933500528335571,1.5976899862289429,0,2026-03-24 20:00:00+00:00
1774396800000,1.597640037536621,1.5992599725723267,1.5972100496292114,1.5976300239562988,0,2026-03-25 00:00:00+00:00
1774411200000,1.597659945487976,1.5991300344467163,1.5962300300598145,1.5983599424362183,0,2026-03-25 04:00:00+00:00
1774425600000,1.5983999967575073,1.6015299558639526,1.5975099802017212,1.6008700132369995,0,2026-03-25 08:00:00+00:00
1774440000000,1.6008700132369995,1.60139000415802,1.5939799547195435,1.5963599681854248,0,2026-03-25 12:00:00+00:00
1774454400000,1.5963799953460693,1.5989999771118164,1.5949699878692627,1.5975199937820435,0,2026-03-25 16:00:00+00:00
1774468800000,1.5974899530410767,1.5975799560546875,1.5948699712753296,1.5968300104141235,0,2026-03-25 20:00:00+00:00
1774483200000,1.5968600511550903,1.5987199544906616,1.5966399908065796,1.5985100269317627,0,2026-03-26 00:00:00+00:00
1774497600000,1.598479986190796,1.5989999771118164,1.5963799953460693,1.5976300239562988,0,2026-03-26 04:00:00+00:00
1774512000000,1.5975699424743652,1.5993499755859375,1.5951999425888062,1.5954400300979614,0,2026-03-26 08:00:00+00:00
1774526400000,1.5954400300979614,1.5989400148391724,1.5945700407028198,1.5983200073242188,0,2026-03-26 12:00:00+00:00
1774540800000,1.598330020904541,1.5987000465393066,1.595579981803894,1.596310019493103,0,2026-03-26 16:00:00+00:00
1774555200000,1.5963200330734253,1.5994600057601929,1.595870018005371,1.5977799892425537,0,2026-03-26 20:00:00+00:00
1774569600000,1.5977200269699097,1.5986599922180176,1.5969699621200562,1.5986100435256958,0,2026-03-27 00:00:00+00:00
1774584000000,1.5986100435256958,1.5994199514389038,1.5948699712753296,1.5953400135040283,0,2026-03-27 04:00:00+00:00
1774598400000,1.5953700542449951,1.59607994556427,1.593559980392456,1.5953600406646729,0,2026-03-27 08:00:00+00:00
1774612800000,1.595329999923706,1.601330041885376,1.594499945640564,1.5988399982452393,0,2026-03-27 12:00:00+00:00
1774627200000,1.598770022392273,1.599850058555603,1.5974400043487549,1.5986499786376953,0,2026-03-27 16:00:00+00:00
1774641600000,1.5986100435256958,1.5999599695205688,1.5978800058364868,1.598099946975708,0,2026-03-27 20:00:00+00:00
1774814400000,1.596619963645935,1.5973999500274658,1.5963300466537476,1.5970799922943115,0,2026-03-29 20:00:00+00:00
1774828800000,1.5972199440002441,1.5998200178146362,1.596909999847412,1.599660038948059,0,2026-03-30 00:00:00+00:00
1774843200000,1.5996299982070923,1.6005300283432007,1.59784996509552,1.599120020866394,0,2026-03-30 04:00:00+00:00
1774857600000,1.5989799499511719,1.60030996799469,1.5975300073623657,1.5988099575042725,0,2026-03-30 08:00:00+00:00
1774872000000,1.5987900495529175,1.599679946899414,1.5934100151062012,1.5945199728012085,0,2026-03-30 12:00:00+00:00
1774886400000,1.5944900512695312,1.596459984779358,1.5935200452804565,1.5961400270462036,0,2026-03-30 16:00:00+00:00
1774900800000,1.5961899757385254,1.5965499877929688,1.5941400527954102,1.5955400466918945,0,2026-03-30 20:00:00+00:00
1774915200000,1.5956300497055054,1.5991400480270386,1.5949499607086182,1.5977400541305542,0,2026-03-31 00:00:00+00:00
1774929600000,1.5976500511169434,1.5988199710845947,1.5962899923324585,1.5983200073242188,0,2026-03-31 04:00:00+00:00
1774944000000,1.5984200239181519,1.6012500524520874,1.5972599983215332,1.6012500524520874,0,2026-03-31 08:00:00+00:00
1774958400000,1.6011799573898315,1.6096700429916382,1.6005699634552002,1.607010006904602,0,2026-03-31 12:00:00+00:00
1774972800000,1.6070200204849243,1.610129952430725,1.6063899993896484,1.608180046081543,0,2026-03-31 16:00:00+00:00
1774987200000,1.6081700325012207,1.6088600158691406,1.6056100130081177,1.608739972114563,0,2026-03-31 20:00:00+00:00
1775001600000,1.608780026435852,1.608870029449463,1.6066800355911255,1.6077899932861328,0,2026-04-01 00:00:00+00:00
1775016000000,1.607740044593811,1.611739993095398,1.6074700355529785,1.6103700399398804,0,2026-04-01 04:00:00+00:00
1775030400000,1.6103999614715576,1.6125600337982178,1.608489990234375,1.611989974975586,0,2026-04-01 08:00:00+00:00
1775044800000,1.6120500564575195,1.6145999431610107,1.6103399991989136,1.6111799478530884,0,2026-04-01 12:00:00+00:00
1775059200000,1.6111600399017334,1.6121200323104858,1.6070300340652466,1.6079800128936768,0,2026-04-01 16:00:00+00:00
1775073600000,1.6079000234603882,1.6085000038146973,1.6063799858093262,1.6081700325012207,0,2026-04-01 20:00:00+00:00
1775088000000,1.6080199480056763,1.6094199419021606,1.6043100357055664,1.604889988899231,0,2026-04-02 00:00:00+00:00
1775102400000,1.604889988899231,1.6053600311279297,1.6019699573516846,1.6040300130844116,0,2026-04-02 04:00:00+00:00
1775116800000,1.6039600372314453,1.604889988899231,1.6019699573516846,1.6028300523757935,0,2026-04-02 08:00:00+00:00
1775131200000,1.6027899980545044,1.608989953994751,1.6025500297546387,1.6065200567245483,0,2026-04-02 12:00:00+00:00
1775145600000,1.6065700054168701,1.6070799827575684,1.6048200130462646,1.6052199602127075,0,2026-04-02 16:00:00+00:00
1775160000000,1.6051900386810303,1.6063599586486816,1.604390025138855,1.605929970741272,0,2026-04-02 20:00:00+00:00
1775174400000,1.6060899496078491,1.606510043144226,1.6053600311279297,1.60617995262146,0,2026-04-03 00:00:00+00:00
1775188800000,1.6061899662017822,1.606909990310669,1.6051900386810303,1.6066499948501587,0,2026-04-03 04:00:00+00:00
1775203200000,1.6066499948501587,1.6075400114059448,1.6060500144958496,1.6074600219726562,0,2026-04-03 08:00:00+00:00
1775217600000,1.6074299812316895,1.6082600355148315,1.6043299436569214,1.6061999797821045,0,2026-04-03 12:00:00+00:00
1775232000000,1.6060899496078491,1.6064300537109375,1.6047899723052979,1.6053500175476074,0,2026-04-03 16:00:00+00:00
1775246400000,1.6053500175476074,1.6070400476455688,1.603950023651123,1.6060600280761719,0,2026-04-03 20:00:00+00:00
1775419200000,1.6055099964141846,1.605929970741272,1.6046099662780762,1.6050100326538086,0,2026-04-05 20:00:00+00:00
1775433600000,1.6048699617385864,1.6065599918365479,1.6043599843978882,1.6053999662399292,0,2026-04-06 00:00:00+00:00
1775448000000,1.6054799556732178,1.6102999448776245,1.6050200462341309,1.6095499992370605,0,2026-04-06 04:00:00+00:00
1775462400000,1.609529972076416,1.6100200414657593,1.6058800220489502,1.6069300174713135,0,2026-04-06 08:00:00+00:00
1775476800000,1.6068799495697021,1.609279990196228,1.6055400371551514,1.6063799858093262,0,2026-04-06 12:00:00+00:00
1775491200000,1.606279969215393,1.6073499917984009,1.6054199934005737,1.6062699556350708,0,2026-04-06 16:00:00+00:00
1775505600000,1.6062899827957153,1.6064200401306152,1.604159951210022,1.6054699420928955,0,2026-04-06 20:00:00+00:00
1775520000000,1.6053800582885742,1.6060500144958496,1.6048200130462646,1.6055400371551514,0,2026-04-07 00:00:00+00:00
1775534400000,1.6054099798202515,1.6072399616241455,1.604699969291687,1.606819987297058,0,2026-04-07 04:00:00+00:00
1775548800000,1.6068300008773804,1.6112300157546997,1.6065000295639038,1.6080199480056763,0,2026-04-07 08:00:00+00:00
1775563200000,1.6080199480056763,1.6107499599456787,1.6069899797439575,1.6088999509811401,0,2026-04-07 12:00:00+00:00
1775577600000,1.6089500188827515,1.6113899946212769,1.6072499752044678,1.6109600067138672,0,2026-04-07 16:00:00+00:00
1775592000000,1.6109700202941895,1.618589997291565,1.608929991722107,1.6174499988555908,0,2026-04-07 20:00:00+00:00
1775606400000,1.6175600290298462,1.618340015411377,1.6144499778747559,1.61503005027771,0,2026-04-08 00:00:00+00:00
1775620800000,1.6149300336837769,1.620270013809204,1.614590048789978,1.6192699670791626,0,2026-04-08 04:00:00+00:00
1775635200000,1.6191999912261963,1.6228599548339844,1.6177300214767456,1.6217999458312988,0,2026-04-08 08:00:00+00:00
1775649600000,1.621899962425232,1.6230499744415283,1.617799997329712,1.618939995765686,0,2026-04-08 12:00:00+00:00
1775664000000,1.618839979171753,1.619089961051941,1.6131900548934937,1.6145800352096558,0,2026-04-08 16:00:00+00:00
1775678400000,1.6145600080490112,1.6150599718093872,1.6127899885177612,1.614650011062622,0,2026-04-08 20:00:00+00:00
1775692800000,1.6145999431610107,1.6156799793243408,1.6139899492263794,1.6148799657821655,0,2026-04-09 00:00:00+00:00
1775707200000,1.6148799657821655,1.6165000200271606,1.6143200397491455,1.6157900094985962,0,2026-04-09 04:00:00+00:00
1775721600000,1.6157200336456299,1.6178499460220337,1.6150599718093872,1.6169300079345703,0,2026-04-09 08:00:00+00:00
1775736000000,1.6169500350952148,1.6174099445343018,1.6132800579071045,1.6160099506378174,0,2026-04-09 12:00:00+00:00
1775750400000,1.6160099506378174,1.6193000078201294,1.6155600547790527,1.6159700155258179,0,2026-04-09 16:00:00+00:00
1775764800000,1.6159299612045288,1.6167000532150269,1.6148699522018433,1.6159299612045288,0,2026-04-09 20:00:00+00:00
1775779200000,1.615839958190918,1.6166800260543823,1.6151000261306763,1.6165200471878052,0,2026-04-10 00:00:00+00:00
1775793600000,1.6165900230407715,1.6170300245285034,1.6153899431228638,1.61667001247406,0,2026-04-10 04:00:00+00:00
1775808000000,1.6166800260543823,1.621340036392212,1.6159700155258179,1.6191699504852295,0,2026-04-10 08:00:00+00:00
1775822400000,1.6191799640655518,1.6230299472808838,1.6178699731826782,1.6208200454711914,0,2026-04-10 12:00:00+00:00
1775836800000,1.6208100318908691,1.6226999759674072,1.6203500032424927,1.622439980506897,0,2026-04-10 16:00:00+00:00
1775851200000,1.6225299835205078,1.6236300468444824,1.620710015296936,1.6224700212478638,0,2026-04-10 20:00:00+00:00
1776024000000,1.6186100244522095,1.6197099685668945,1.6182399988174438,1.6195499897003174,0,2026-04-12 20:00:00+00:00
1776038400000,1.6195399761199951,1.6203500032424927,1.6190799474716187,1.6198300123214722,0,2026-04-13 00:00:00+00:00
1776052800000,1.6198400259017944,1.6204500198364258,1.6177500486373901,1.6192799806594849,0,2026-04-13 04:00:00+00:00
1776067200000,1.6192500591278076,1.619320034980774,1.6169899702072144,1.617400050163269,0,2026-04-13 08:00:00+00:00
1776081600000,1.6174399852752686,1.6195399761199951,1.6158499717712402,1.6172000169754028,0,2026-04-13 12:00:00+00:00
1776096000000,1.6172300577163696,1.6224600076675415,1.6162099838256836,1.6213699579238892,0,2026-04-13 16:00:00+00:00
1776110400000,1.621340036392212,1.62214994430542,1.6201399564743042,1.622059941291809,0,2026-04-13 20:00:00+00:00
1776124800000,1.622059941291809,1.6221799850463867,1.6205799579620361,1.6216599941253662,0,2026-04-14 00:00:00+00:00
1776139200000,1.6216599941253662,1.623729944229126,1.6205400228500366,1.6219700574874878,0,2026-04-14 04:00:00+00:00
1776153600000,1.6219600439071655,1.6230800151824951,1.6210099458694458,1.6224100589752197,0,2026-04-14 08:00:00+00:00
1776168000000,1.6224299669265747,1.6237599849700928,1.6204700469970703,1.622040033340454,0,2026-04-14 12:00:00+00:00
1776182400000,1.6220500469207764,1.6248400211334229,1.6213899850845337,1.6236799955368042,0,2026-04-14 16:00:00+00:00
1776196800000,1.623669981956482,1.624750018119812,1.6219700574874878,1.6241199970245361,0,2026-04-14 20:00:00+00:00
1776211200000,1.6240400075912476,1.6241300106048584,1.6228100061416626,1.6236300468444824,0,2026-04-15 00:00:00+00:00
1776225600000,1.6235500574111938,1.6246299743652344,1.6217900514602661,1.6225099563598633,0,2026-04-15 04:00:00+00:00
1776240000000,1.6225700378417969,1.6242799758911133,1.621399998664856,1.6241099834442139,0,2026-04-15 08:00:00+00:00
1776254400000,1.6241099834442139,1.6243000030517578,1.6203800439834595,1.6210500001907349,0,2026-04-15 12:00:00+00:00
1776268800000,1.6210500001907349,1.6216000318527222,1.6190199851989746,1.6201000213623047,0,2026-04-15 16:00:00+00:00
1776283200000,1.620069980621338,1.6214699745178223,1.6191799640655518,1.6209299564361572,0,2026-04-15 20:00:00+00:00
1776297600000,1.6209299564361572,1.6213099956512451,1.6194499731063843,1.6199100017547607,0,2026-04-16 00:00:00+00:00
1776312000000,1.6199100017547607,1.6201000213623047,1.6180000305175781,1.6181999444961548,0,2026-04-16 04:00:00+00:00
1776326400000,1.618109941482544,1.6184899806976318,1.6161600351333618,1.616979956626892,0,2026-04-16 08:00:00+00:00
1776340800000,1.6169699430465698,1.6175800561904907,1.6135200262069702,1.6145999431610107,0,2026-04-16 12:00:00+00:00
1776355200000,1.614549994468689,1.6149499416351318,1.612630009651184,1.6142699718475342,0,2026-04-16 16:00:00+00:00
1776369600000,1.6142899990081787,1.6147300004959106,1.6128599643707275,1.6139999628067017,0,2026-04-16 20:00:00+00:00
1776384000000,1.6139400005340576,1.6142799854278564,1.612589955329895,1.6134699583053589,0,2026-04-17 00:00:00+00:00
1776398400000,1.6134899854660034,1.6136399507522583,1.6106699705123901,1.6119500398635864,0,2026-04-17 04:00:00+00:00
1776412800000,1.6118600368499756,1.6138399839401245,1.6108299493789673,1.612339973449707,0,2026-04-17 08:00:00+00:00
1776427200000,1.6123299598693848,1.6183500289916992,1.6119799613952637,1.6128000020980835,0,2026-04-17 12:00:00+00:00
1776441600000,1.6127899885177612,1.6136300563812256,1.6099300384521484,1.6113699674606323,0,2026-04-17 16:00:00+00:00
1776456000000,1.6113200187683105,1.611449956893921,1.6093000173568726,1.6103299856185913,0,2026-04-17 20:00:00+00:00
1776628800000,1.6083699464797974,1.6094900369644165,1.6083199977874756,1.6086900234222412,0,2026-04-19 20:00:00+00:00
1776643200000,1.6087199449539185,1.6108399629592896,1.6084100008010864,1.6103899478912354,0,2026-04-20 00:00:00+00:00
1776657600000,1.6103399991989136,1.6104999780654907,1.6090799570083618,1.6096199750900269,0,2026-04-20 04:00:00+00:00
1776672000000,1.609969973564148,1.611649990081787,1.6095000505447388,1.6107399463653564,0,2026-04-20 08:00:00+00:00
1776686400000,1.6107399463653564,1.6119199991226196,1.6072900295257568,1.608430027961731,0,2026-04-20 12:00:00+00:00
1776700800000,1.6084400415420532,1.608780026435852,1.6064900159835815,1.6082899570465088,0,2026-04-20 16:00:00+00:00
1776715200000,1.6082799434661865,1.608839988708496,1.606909990310669,1.6077899932861328,0,2026-04-20 20:00:00+00:00
1776729600000,1.6077500581741333,1.6078399419784546,1.606529951095581,1.6070599555969238,0,2026-04-21 00:00:00+00:00
1776744000000,1.6070200204849243,1.6076500415802002,1.605929970741272,1.6063400506973267,0,2026-04-21 04:00:00+00:00
1776758400000,1.6063400506973267,1.606909990310669,1.6049100160598755,1.6066900491714478,0,2026-04-21 08:00:00+00:00
1776772800000,1.6066700220108032,1.6070499420166016,1.6025700569152832,1.6031700372695923,0,2026-04-21 12:00:00+00:00
1776787200000,1.6031700372695923,1.60562002658844,1.6022299528121948,1.6030900478363037,0,2026-04-21 16:00:00+00:00
1776801600000,1.6030499935150146,1.6057699918746948,1.6022700071334839,1.6038399934768677,0,2026-04-21 20:00:00+00:00
1776816000000,1.6038899421691895,1.6047600507736206,1.6025700569152832,1.603369951248169,0,2026-04-22 00:00:00+00:00
1776830400000,1.603350043296814,1.6050699949264526,1.6026999950408936,1.604740023612976,0,2026-04-22 04:00:00+00:00
1776844800000,1.6047799587249756,1.604889988899231,1.6027499437332153,1.603279948234558,0,2026-04-22 08:00:00+00:00
1776859200000,1.6032500267028809,1.6035900115966797,1.5995700359344482,1.6000100374221802,0,2026-04-22 12:00:00+00:00
1776873600000,1.5999799966812134,1.6004799604415894,1.598889946937561,1.6003199815750122,0,2026-04-22 16:00:00+00:00
1776888000000,1.6002899408340454,1.6006499528884888,1.5986499786376953,1.5999399423599243,0,2026-04-22 20:00:00+00:00
1776902400000,1.5999300479888916,1.6005300283432007,1.5987499952316284,1.5992100238800049,0,2026-04-23 00:00:00+00:00
1776916800000,1.5991499423980713,1.600469946861267,1.5985100269317627,1.59906005859375,0,2026-04-23 04:00:00+00:00
1776931200000,1.59906005859375,1.5993399620056152,1.5963200330734253,1.5975699424743652,0,2026-04-23 08:00:00+00:00
1776945600000,1.597540020942688,1.6022900342941284,1.5971800088882446,1.601140022277832,0,2026-04-23 12:00:00+00:00
1776960000000,1.601140022277832,1.6024099588394165,1.599560022354126,1.6002099514007568,0,2026-04-23 16:00:00+00:00
1776974400000,1.6002299785614014,1.602139949798584,1.5990300178527832,1.6002899408340454,0,2026-04-23 20:00:00+00:00
1776988800000,1.6003999710083008,1.6011300086975098,1.599850058555603,1.6009700298309326,0,2026-04-24 00:00:00+00:00
1777003200000,1.6009399890899658,1.6016299724578857,1.6003999710083008,1.6011300086975098,0,2026-04-24 04:00:00+00:00
1777017600000,1.6012599468231201,1.6038899421691895,1.599020004272461,1.6023999452590942,0,2026-04-24 08:00:00+00:00
1777032000000,1.6023999452590942,1.6037800312042236,1.6008700132369995,1.6023800373077393,0,2026-04-24 12:00:00+00:00
1777046400000,1.602329969406128,1.6028800010681152,1.6003700494766235,1.601289987564087,0,2026-04-24 16:00:00+00:00
1777060800000,1.6012400388717651,1.6022499799728394,1.6005799770355225,1.6017199754714966,0,2026-04-24 20:00:00+00:00
1777233600000,1.6011699438095093,1.6015000343322754,1.6006200313568115,1.600909948348999,0,2026-04-26 20:00:00+00:00
1777248000000,1.600909948348999,1.6026999950408936,1.6007699966430664,1.6024600267410278,0,2026-04-27 00:00:00+00:00
1777262400000,1.6024399995803833,1.6028000116348267,1.600350022315979,1.6012500524520874,0,2026-04-27 04:00:00+00:00
1777276800000,1.6012400388717651,1.6014399528503418,1.5972100496292114,1.5978800058364868,0,2026-04-27 08:00:00+00:00
1777291200000,1.5978399515151978,1.5986499786376953,1.5963799953460693,1.5971200466156006,0,2026-04-27 12:00:00+00:00
1777305600000,1.5971599817276,1.5981299877166748,1.5957200527191162,1.5978699922561646,0,2026-04-27 16:00:00+00:00
1777320000000,1.5978100299835205,1.5983799695968628,1.595960021018982,1.596809983253479,0,2026-04-27 20:00:00+00:00
1777334400000,1.596709966659546,1.5974400043487549,1.5958199501037598,1.5965800285339355,0,2026-04-28 00:00:00+00:00
1777348800000,1.5966600179672241,1.5971399545669556,1.5937199592590332,1.5951000452041626,0,2026-04-28 04:00:00+00:00
1777363200000,1.5951100587844849,1.5987299680709839,1.5950100421905518,1.5972800254821777,0,2026-04-28 08:00:00+00:00
1777377600000,1.5973000526428223,1.6025400161743164,1.5966700315475464,1.601330041885376,0,2026-04-28 12:00:00+00:00
1777392000000,1.60139000415802,1.60316002368927,1.6006300449371338,1.6023499965667725,0,2026-04-28 16:00:00+00:00
1777406400000,1.6024099588394165,1.6031399965286255,1.600219964981079,1.6026699542999268,0,2026-04-28 20:00:00+00:00
1777420800000,1.6025500297546387,1.6028000116348267,1.6015499830245972,1.601789951324463,0,2026-04-29 00:00:00+00:00
1777435200000,1.6017400026321411,1.6020100116729736,1.6008299589157104,1.6009399890899658,0,2026-04-29 04:00:00+00:00
1777449600000,1.6008000373840332,1.6019400358200073,1.5992799997329712,1.6002600193023682,0,2026-04-29 08:00:00+00:00
1777464000000,1.6003700494766235,1.6021100282669067,1.5984300374984741,1.5986299514770508,0,2026-04-29 12:00:00+00:00
1777478400000,1.598639965057373,1.5991899967193604,1.596119999885559,1.5973299741744995,0,2026-04-29 16:00:00+00:00
1777492800000,1.597309947013855,1.5978699922561646,1.5959099531173706,1.5971599817276,0,2026-04-29 20:00:00+00:00
1777507200000,1.5971499681472778,1.5974700450897217,1.595289945602417,1.5954500436782837,0,2026-04-30 00:00:00+00:00
1777521600000,1.5954300165176392,1.5966999530792236,1.59483003616333,1.596119999885559,0,2026-04-30 04:00:00+00:00
1777536000000,1.5961500406265259,1.6003799438476562,1.5955300331115723,1.5988600254058838,0,2026-04-30 08:00:00+00:00
1777550400000,1.5988399982452393,1.5996299982070923,1.5949000120162964,1.5960999727249146,0,2026-04-30 12:00:00+00:00
1777564800000,1.5960500240325928,1.5966299772262573,1.5934900045394897,1.5935499668121338,0,2026-04-30 16:00:00+00:00
1777579200000,1.5934900045394897,1.5940300226211548,1.5920599699020386,1.592650055885315,0,2026-04-30 20:00:00+00:00
1777593600000,1.5926200151443481,1.5931700468063354,1.5914000272750854,1.5929800271987915,0,2026-05-01 00:00:00+00:00
1777608000000,1.5929299592971802,1.5941400527954102,1.5916099548339844,1.5932199954986572,0,2026-05-01 04:00:00+00:00
1777622400000,1.593150019645691,1.5946400165557861,1.5926300287246704,1.5942800045013428,0,2026-05-01 08:00:00+00:00
1777636800000,1.5942399501800537,1.5988600254058838,1.5928699970245361,1.5955300331115723,0,2026-05-01 12:00:00+00:00
1777651200000,1.5956000089645386,1.5962599515914917,1.5917999744415283,1.5926899909973145,0,2026-05-01 16:00:00+00:00
1777665600000,1.592710018157959,1.592960000038147,1.5912100076675415,1.5919899940490723,0,2026-05-01 20:00:00+00:00
1777867200000,1.593850016593933,1.5951900482177734,1.592919945716858,1.594059944152832,0,2026-05-04 04:00:00+00:00
1777881600000,1.5941100120544434,1.594480037689209,1.5909500122070312,1.5921299457550049,0,2026-05-04 08:00:00+00:00
1777896000000,1.5921200513839722,1.59538996219635,1.5910999774932861,1.5918699502944946,0,2026-05-04 12:00:00+00:00
1777910400000,1.591860055923462,1.5923899412155151,1.590019941329956,1.591920018196106,0,2026-05-04 16:00:00+00:00
1777924800000,1.5919300317764282,1.5941799879074097,1.5912400484085083,1.5923399925231934,0,2026-05-04 20:00:00+00:00
1777939200000,1.592329978942871,1.5926400423049927,1.5911500453948975,1.5917400121688843,0,2026-05-05 00:00:00+00:00
1777953600000,1.5917500257492065,1.5922600030899048,1.5906100273132324,1.5918699502944946,0,2026-05-05 04:00:00+00:00
1777968000000,1.5918699502944946,1.5922199487686157,1.5903500318527222,1.5911099910736084,0,2026-05-05 08:00:00+00:00
1777982400000,1.591040015220642,1.5943900346755981,1.5903899669647217,1.5930800437927246,0,2026-05-05 12:00:00+00:00
1777996800000,1.5930800437927246,1.5939099788665771,1.59211003780365,1.5931999683380127,0,2026-05-05 16:00:00+00:00
1778011200000,1.5931999683380127,1.5946099758148193,1.5908000469207764,1.5936299562454224,0,2026-05-05 20:00:00+00:00
1778025600000,1.5935300588607788,1.5942100286483765,1.5928800106048584,1.5935900211334229,0,2026-05-06 00:00:00+00:00
1778040000000,1.5935300588607788,1.595460057258606,1.5929700136184692,1.5952199697494507,0,2026-05-06 04:00:00+00:00
1778054400000,1.595289945602417,1.6029200553894043,1.5943599939346313,1.6000900268554688,0,2026-05-06 08:00:00+00:00
1778068800000,1.6001499891281128,1.6020499467849731,1.5981999635696411,1.6008599996566772,0,2026-05-06 12:00:00+00:00
1778083200000,1.6008299589157104,1.602910041809082,1.6007200479507446,1.6017500162124634,0,2026-05-06 16:00:00+00:00
1778097600000,1.601789951324463,1.6021599769592285,1.5995500087738037,1.601830005645752,0,2026-05-06 20:00:00+00:00
1778112000000,1.6017999649047852,1.6034200191497803,1.6015700101852417,1.6021900177001953,0,2026-05-07 00:00:00+00:00
1778126400000,1.6022100448608398,1.604349970817566,1.6013799905776978,1.603119969367981,0,2026-05-07 04:00:00+00:00
1778140800000,1.6030800342559814,1.6041500568389893,1.6024199724197388,1.6038999557495117,0,2026-05-07 08:00:00+00:00
1778155200000,1.603950023651123,1.6057000160217285,1.6031999588012695,1.604009985923767,0,2026-05-07 12:00:00+00:00
1778169600000,1.603950023651123,1.6041500568389893,1.6002099514007568,1.6018500328063965,0,2026-05-07 16:00:00+00:00
1778184000000,1.6018199920654297,1.6032999753952026,1.600450038909912,1.6023600101470947,0,2026-05-07 20:00:00+00:00
1778198400000,1.6024500131607056,1.6025899648666382,1.6013100147247314,1.6018500328063965,0,2026-05-08 00:00:00+00:00
1778212800000,1.6018099784851074,1.6039199829101562,1.6015100479125977,1.6035900115966797,0,2026-05-08 04:00:00+00:00
1778227200000,1.603559970855713,1.6066299676895142,1.603309988975525,1.605139970779419,0,2026-05-08 08:00:00+00:00
1778241600000,1.6051000356674194,1.6149400472640991,1.604580044746399,1.6103899478912354,0,2026-05-08 12:00:00+00:00
1778256000000,1.610360026359558,1.6120200157165527,1.6102499961853027,1.6115700006484985,0,2026-05-08 16:00:00+00:00
1778270400000,1.6115700006484985,1.6124000549316406,1.6107100248336792,1.6110600233078003,0,2026-05-08 20:00:00+00:00
1778443200000,1.6102099418640137,1.610450029373169,1.609279990196228,1.6100399494171143,0,2026-05-10 20:00:00+00:00
1778457600000,1.6099900007247925,1.610610008239746,1.6084599494934082,1.6091899871826172,0,2026-05-11 00:00:00+00:00
1778472000000,1.6091899871826172,1.6098099946975708,1.6077100038528442,1.6092900037765503,0,2026-05-11 04:00:00+00:00
1778486400000,1.6093000173568726,1.6103999614715576,1.6073299646377563,1.608240008354187,0,2026-05-11 08:00:00+00:00
1778500800000,1.6082600355148315,1.6107200384140015,1.607159972190857,1.6095999479293823,0,2026-05-11 12:00:00+00:00
1778515200000,1.6096099615097046,1.61080002784729,1.6080600023269653,1.6107399463653564,0,2026-05-11 16:00:00+00:00
1778529600000,1.6107300519943237,1.6119500398635864,1.6098599433898926,1.6110299825668335,0,2026-05-11 20:00:00+00:00
1778544000000,1.611050009727478,1.611199975013733,1.6093499660491943,1.6097300052642822,0,2026-05-12 00:00:00+00:00
1778558400000,1.6097300052642822,1.6106300354003906,1.6082700490951538,1.6097400188446045,0,2026-05-12 04:00:00+00:00
1778572800000,1.6097500324249268,1.6107100248336792,1.6086900234222412,1.609220027923584,0,2026-05-12 08:00:00+00:00
1778587200000,1.609179973602295,1.6102800369262695,1.6076300144195557,1.608870029449463,0,2026-05-12 12:00:00+00:00
1778601600000,1.6088099479675293,1.6095499992370605,1.6076600551605225,1.6082299947738647,0,2026-05-12 16:00:00+00:00
1778616000000,1.608180046081543,1.608549952507019,1.6064000129699707,1.6072900295257568,0,2026-05-12 20:00:00+00:00
1778630400000,1.6072900295257568,1.607550024986267,1.6057699918746948,1.6063599586486816,0,2026-05-13 00:00:00+00:00
1778644800000,1.6063100099563599,1.6073600053787231,1.6040199995040894,1.6043399572372437,0,2026-05-13 04:00:00+00:00
1778659200000,1.6043800115585327,1.6049799919128418,1.6024399995803833,1.6037499904632568,0,2026-05-13 08:00:00+00:00
1778673600000,1.6037499904632568,1.6055699586868286,1.6019099950790405,1.6046099662780762,0,2026-05-13 12:00:00+00:00
1778688000000,1.6045399904251099,1.6058299541473389,1.6038700342178345,1.6046600341796875,0,2026-05-13 16:00:00+00:00
1778702400000,1.6047500371932983,1.6056599617004395,1.6040199995040894,1.605389952659607,0,2026-05-13 20:00:00+00:00
1778716800000,1.605389952659607,1.6058499813079834,1.6047799587249756,1.6053400039672852,0,2026-05-14 00:00:00+00:00
1778731200000,1.6053400039672852,1.605870008468628,1.604259967803955,1.6054099798202515,0,2026-05-14 04:00:00+00:00
1778745600000,1.6054199934005737,1.6060099601745605,1.6043000221252441,1.605080008506775,0,2026-05-14 08:00:00+00:00
1778760000000,1.605080008506775,1.606510043144226,1.6018600463867188,1.6024600267410278,0,2026-05-14 12:00:00+00:00
1778774400000,1.6025099754333496,1.6030800342559814,1.6011199951171875,1.6014699935913086,0,2026-05-14 16:00:00+00:00
1778788800000,1.6015199422836304,1.601680040359497,1.599370002746582,1.600409984588623,0,2026-05-14 20:00:00+00:00
1778803200000,1.600409984588623,1.6013599634170532,1.59961998462677,1.600950002670288,0,2026-05-15 00:00:00+00:00
1778817600000,1.6009000539779663,1.6019099950790405,1.5989400148391724,1.5996299982070923,0,2026-05-15 04:00:00+00:00
1778832000000,1.5996400117874146,1.6012099981307983,1.5977200269699097,1.5994600057601929,0,2026-05-15 08:00:00+00:00
1778846400000,1.5994399785995483,1.600659966468811,1.5981800556182861,1.5986700057983398,0,2026-05-15 12:00:00+00:00
1778860800000,1.5986700057983398,1.5988099575042725,1.596690058708191,1.5983099937438965,0,2026-05-15 16:00:00+00:00
1778875200000,1.598289966583252,1.5991499423980713,1.597100019454956,1.5980199575424194,0,2026-05-15 20:00:00+00:00
1779048000000,1.5982799530029297,1.5984300374984741,1.5974600315093994,1.5980900526046753,0,2026-05-17 20:00:00+00:00
1779062400000,1.5982400178909302,1.5986299514770508,1.5969799757003784,1.5981299877166748,0,2026-05-18 00:00:00+00:00
1779076800000,1.5981299877166748,1.5994399785995483,1.5972100496292114,1.5987399816513062,0,2026-05-18 04:00:00+00:00
1779091200000,1.5987499952316284,1.600890040397644,1.597659945487976,1.6002000570297241,0,2026-05-18 08:00:00+00:00
1779105600000,1.6002000570297241,1.6019200086593628,1.5992100238800049,1.6007399559020996,0,2026-05-18 12:00:00+00:00
1779120000000,1.6007299423217773,1.6015100479125977,1.5987000465393066,1.6005500555038452,0,2026-05-18 16:00:00+00:00
1779134400000,1.6005799770355225,1.6021300554275513,1.5993399620056152,1.6011300086975098,0,2026-05-18 20:00:00+00:00
1779148800000,1.6010799407958984,1.6015000343322754,1.5994499921798706,1.6001800298690796,0,2026-05-19 00:00:00+00:00
1779163200000,1.6001100540161133,1.6005799770355225,1.5981700420379639,1.599560022354126,0,2026-05-19 04:00:00+00:00
1779177600000,1.5995899438858032,1.6002000570297241,1.5966399908065796,1.5973600149154663,0,2026-05-19 08:00:00+00:00
1779192000000,1.597409963607788,1.6006300449371338,1.5952399969100952,1.5957800149917603,0,2026-05-19 12:00:00+00:00
1779206400000,1.5958499908447266,1.5968300104141235,1.5946799516677856,1.5957000255584717,0,2026-05-19 16:00:00+00:00
1779220800000,1.5956900119781494,1.5959399938583374,1.5935300588607788,1.5957000255584717,0,2026-05-19 20:00:00+00:00
1779235200000,1.5957000255584717,1.59660005569458,1.5946400165557861,1.5957599878311157,0,2026-05-20 00:00:00+00:00
1779249600000,1.595729947090149,1.5968300104141235,1.5944600105285645,1.5965100526809692,0,2026-05-20 04:00:00+00:00
1779264000000,1.5964299440383911,1.597540020942688,1.594580054283142,1.5953999757766724,0,2026-05-20 08:00:00+00:00
1779278400000,1.595460057258606,1.5992200374603271,1.594349980354309,1.5971800088882446,0,2026-05-20 12:00:00+00:00
1779292800000,1.597190022468567,1.5991599559783936,1.5966399908065796,1.5979100465774536,0,2026-05-20 16:00:00+00:00
1779307200000,1.5979100465774536,1.5982400178909302,1.5956599712371826,1.59784996509552,0,2026-05-20 20:00:00+00:00
1779321600000,1.59784996509552,1.5994399785995483,1.5976799726486206,1.5989199876785278,0,2026-05-21 00:00:00+00:00
1779336000000,1.5988999605178833,1.5999300479888916,1.5963399410247803,1.5983599424362183,0,2026-05-21 04:00:00+00:00
1779350400000,1.5985300540924072,1.6012300252914429,1.5962599515914917,1.5967400074005127,0,2026-05-21 08:00:00+00:00
1779364800000,1.5967600345611572,1.599329948425293,1.595810055732727,1.5975600481033325,0,2026-05-21 12:00:00+00:00
1779379200000,1.5975099802017212,1.6019599437713623,1.5972900390625,1.6009399890899658,0,2026-05-21 16:00:00+00:00
1779393600000,1.6009399890899658,1.6013699769973755,1.599429965019226,1.6004799604415894,0,2026-05-21 20:00:00+00:00
1779408000000,1.6004199981689453,1.6014800071716309,1.600119948387146,1.6014200448989868,0,2026-05-22 00:00:00+00:00
1779422400000,1.6014100313186646,1.6018999814987183,1.5999399423599243,1.6007299423217773,0,2026-05-22 04:00:00+00:00
1779436800000,1.6007800102233887,1.6011500358581543,1.5991300344467163,1.6003999710083008,0,2026-05-22 08:00:00+00:00
1779451200000,1.6003400087356567,1.603559970855713,1.5997600555419922,1.6032500267028809,0,2026-05-22 12:00:00+00:00
1779465600000,1.603219985961914,1.6044600009918213,1.602120041847229,1.6031999588012695,0,2026-05-22 16:00:00+00:00
1779480000000,1.6032099723815918,1.6036299467086792,1.602370023727417,1.6030499935150146,0,2026-05-22 20:00:00+00:00
1779652800000,1.6066700220108032,1.607200026512146,1.6060999631881714,1.6067700386047363,0,2026-05-24 20:00:00+00:00
1779667200000,1.6067299842834473,1.6077699661254883,1.6052099466323853,1.6067899465560913,0,2026-05-25 00:00:00+00:00
1779681600000,1.6067899465560913,1.6079100370407104,1.6061300039291382,1.607640027999878,0,2026-05-25 04:00:00+00:00
1779696000000,1.6076799631118774,1.6086299419403076,1.607100009918213,1.6080800294876099,0,2026-05-25 08:00:00+00:00
1779710400000,1.6080900430679321,1.6086299419403076,1.605720043182373,1.6061700582504272,0,2026-05-25 12:00:00+00:00
1779724800000,1.606119990348816,1.6072800159454346,1.6053999662399292,1.606369972229004,0,2026-05-25 16:00:00+00:00
1779739200000,1.606469988822937,1.6070499420166016,1.6052299737930298,1.6063799858093262,0,2026-05-25 20:00:00+00:00
1779753600000,1.606369972229004,1.6067700386047363,1.6054999828338623,1.6063799858093262,0,2026-05-26 00:00:00+00:00
1779768000000,1.6063599586486816,1.6071200370788574,1.6055699586868286,1.6062899827957153,0,2026-05-26 04:00:00+00:00
1779782400000,1.6063300371170044,1.6071799993515015,1.6055099964141846,1.606850028038025,0,2026-05-26 08:00:00+00:00
1779796800000,1.606850028038025,1.6079200506210327,1.6036299467086792,1.6038600206375122,0,2026-05-26 12:00:00+00:00
1779811200000,1.6038600206375122,1.6069999933242798,1.60371994972229,1.606279969215393,0,2026-05-26 16:00:00+00:00
1779825600000,1.6062500476837158,1.6068799495697021,1.6044100522994995,1.6066700220108032,0,2026-05-26 20:00:00+00:00
1779840000000,1.6066099405288696,1.6075700521469116,1.6061500310897827,1.6074199676513672,0,2026-05-27 00:00:00+00:00
1779854400000,1.607409954071045,1.610010027885437,1.6068999767303467,1.6094599962234497,0,2026-05-27 04:00:00+00:00
1779868800000,1.6094800233840942,1.610509991645813,1.608839988708496,1.6097099781036377,0,2026-05-27 08:00:00+00:00
1779883200000,1.6097400188446045,1.6122000217437744,1.6079299449920654,1.6083699464797974,0,2026-05-27 12:00:00+00:00
1779897600000,1.6083400249481201,1.6088999509811401,1.6068700551986694,1.6083300113677979,0,2026-05-27 16:00:00+00:00
1779912000000,1.608389973640442,1.6092499494552612,1.607450008392334,1.6081500053405762,0,2026-05-27 20:00:00+00:00
1779926400000,1.6080299615859985,1.6091400384902954,1.6065599918365479,1.6067399978637695,0,2026-05-28 00:00:00+00:00
1779940800000,1.6066999435424805,1.6087100505828857,1.6060700416564941,1.6085100173950195,0,2026-05-28 04:00:00+00:00
1779955200000,1.6085100173950195,1.6104999780654907,1.6078200340270996,1.6086299419403076,0,2026-05-28 08:00:00+00:00
1779969600000,1.6086299419403076,1.612280011177063,1.6070599555969238,1.607069969177246,0,2026-05-28 12:00:00+00:00
1779984000000,1.6071499586105347,1.6083199977874756,1.6043000221252441,1.6051000356674194,0,2026-05-28 16:00:00+00:00
1779998400000,1.6051299571990967,1.6061899662017822,1.604490041732788,1.6059399843215942,0,2026-05-28 20:00:00+00:00
1780012800000,1.6059600114822388,1.6061300039291382,1.6041799783706665,1.604599952697754,0,2026-05-29 00:00:00+00:00
1780027200000,1.6045700311660767,1.6075799465179443,1.6036800146102905,1.6065200567245483,0,2026-05-29 04:00:00+00:00
1780041600000,1.6065900325775146,1.608299970626831,1.604699969291687,1.6072499752044678,0,2026-05-29 08:00:00+00:00
1780056000000,1.6072900295257568,1.6102499961853027,1.6064800024032593,1.6096500158309937,0,2026-05-29 12:00:00+00:00
1780070400000,1.6096400022506714,1.6106499433517456,1.6075999736785889,1.6084100008010864,0,2026-05-29 16:00:00+00:00
1780084800000,1.608389973640442,1.6087299585342407,1.6073800325393677,1.608109951019287,0,2026-05-29 20:00:00+00:00
1780257600000,1.6076300144195557,1.6078799962997437,1.6063799858093262,1.6070599555969238,0,2026-05-31 20:00:00+00:00
1780272000000,1.6070400476455688,1.6083699464797974,1.6066499948501587,1.6082799434661865,0,2026-06-01 00:00:00+00:00
1780286400000,1.608240008354187,1.6105300188064575,1.607699990272522,1.6101000308990479,0,2026-06-01 04:00:00+00:00
1780300800000,1.6101000308990479,1.611050009727478,1.6091400384902954,1.6106499433517456,0,2026-06-01 08:00:00+00:00
1780315200000,1.610640048980713,1.6120400428771973,1.60617995262146,1.6082500219345093,0,2026-06-01 12:00:00+00:00
1780329600000,1.6082600355148315,1.6102299690246582,1.6072700023651123,1.6094900369644165,0,2026-06-01 16:00:00+00:00
1780344000000,1.6094599962234497,1.6105999946594238,1.6081700325012207,1.6103500127792358,0,2026-06-01 20:00:00+00:00
1780358400000,1.6103399991989136,1.6108200550079346,1.609429955482483,1.610569953918457,0,2026-06-02 00:00:00+00:00
1780372800000,1.610569953918457,1.6123299598693848,1.6102399826049805,1.612030029296875,0,2026-06-02 04:00:00+00:00
1780387200000,1.6120699644088745,1.61326003074646,1.6115299463272095,1.612280011177063,0,2026-06-02 08:00:00+00:00
1780401600000,1.612280011177063,1.613319993019104,1.6085599660873413,1.608989953994751,0,2026-06-02 12:00:00+00:00
1780416000000,1.6089799404144287,1.6094000339508057,1.6069400310516357,1.6093300580978394,0,2026-06-02 16:00:00+00:00
1780430400000,1.609320044517517,1.6096999645233154,1.607640027999878,1.6088999509811401,0,2026-06-02 20:00:00+00:00
1780444800000,1.6089099645614624,1.6101100444793701,1.6082500219345093,1.6100000143051147,0,2026-06-03 00:00:00+00:00
1780459200000,1.6100200414657593,1.6102299690246582,1.6081299781799316,1.6088000535964966,0,2026-06-03 04:00:00+00:00
1780473600000,1.6088000535964966,1.609820008277893,1.6080000400543213,1.6094399690628052,0,2026-06-03 08:00:00+00:00
1780488000000,1.609429955482483,1.6121000051498413,1.6076099872589111,1.6119600534439087,0,2026-06-03 12:00:00+00:00
1780502400000,1.6120100021362305,1.6120699644088745,1.6106200218200684,1.6116000413894653,0,2026-06-03 16:00:00+00:00
1780516800000,1.6116399765014648,1.6129300594329834,1.6098599433898926,1.6126600503921509,0,2026-06-03 20:00:00+00:00
1780531200000,1.6126600503921509,1.6135300397872925,1.6118799448013306,1.6129900217056274,0,2026-06-04 00:00:00+00:00
1780545600000,1.6130000352859497,1.615440011024475,1.6126699447631836,1.6153299808502197,0,2026-06-04 04:00:00+00:00
1780560000000,1.6152700185775757,1.6175099611282349,1.6148099899291992,1.6173499822616577,0,2026-06-04 08:00:00+00:00
1780574400000,1.6173100471496582,1.6176999807357788,1.6148099899291992,1.6149699687957764,0,2026-06-04 12:00:00+00:00
1780588800000,1.6149799823760986,1.615689992904663,1.6134999990463257,1.6143300533294678,0,2026-06-04 16:00:00+00:00
1780603200000,1.6142699718475342,1.6154299974441528,1.6128400564193726,1.6148200035095215,0,2026-06-04 20:00:00+00:00
1780617600000,1.6148099899291992,1.6153700351715088,1.6139299869537354,1.6149400472640991,0,2026-06-05 00:00:00+00:00
1780632000000,1.6149200201034546,1.615689992904663,1.614240050315857,1.6152900457382202,0,2026-06-05 04:00:00+00:00
1780646400000,1.6153299808502197,1.616569995880127,1.6137900352478027,1.6156799793243408,0,2026-06-05 08:00:00+00:00
1780660800000,1.615689992904663,1.61667001247406,1.6062300205230713,1.6066900491714478,0,2026-06-05 12:00:00+00:00
1780675200000,1.606660008430481,1.607640027999878,1.605720043182373,1.6067700386047363,0,2026-06-05 16:00:00+00:00
1780689600000,1.6068400144577026,1.6071300506591797,1.604599952697754,1.604699969291687,0,2026-06-05 20:00:00+00:00
1780862400000,1.6061899662017822,1.6067299842834473,1.6056699752807617,1.6067099571228027,0,2026-06-07 20:00:00+00:00
1780876800000,1.606619954109192,1.6082899570465088,1.605720043182373,1.6081500053405762,0,2026-06-08 00:00:00+00:00
1780891200000,1.6081199645996094,1.6082799434661865,1.6052199602127075,1.6065700054168701,0,2026-06-08 04:00:00+00:00
1780905600000,1.6065800189971924,1.6080299615859985,1.6041799783706665,1.6078399419784546,0,2026-06-08 08:00:00+00:00
1780920000000,1.6078499555587769,1.6107300519943237,1.6067800521850586,1.610360026359558,0,2026-06-08 12:00:00+00:00
1780934400000,1.6103500127792358,1.6106799840927124,1.608199954032898,1.6086399555206299,0,2026-06-08 16:00:00+00:00
1780948800000,1.608590006828308,1.6098699569702148,1.6071399450302124,1.6089999675750732,0,2026-06-08 20:00:00+00:00
1780963200000,1.6088600158691406,1.6095999479293823,1.6081299781799316,1.6091500520706177,0,2026-06-09 00:00:00+00:00
1780977600000,1.6091500520706177,1.6100800037384033,1.607759952545166,1.6083199977874756,0,2026-06-09 04:00:00+00:00
1780992000000,1.6083300113677979,1.6118600368499756,1.6077500581741333,1.610949993133545,0,2026-06-09 08:00:00+00:00
1781006400000,1.6109700202941895,1.6138299703598022,1.6102999448776245,1.6127500534057617,0,2026-06-09 12:00:00+00:00
1781020800000,1.612820029258728,1.6132999658584595,1.609279990196228,1.6095900535583496,0,2026-06-09 16:00:00+00:00
1781035200000,1.6095000505447388,1.6104300022125244,1.6083400249481201,1.6094399690628052,0,2026-06-09 20:00:00+00:00
1781049600000,1.609429955482483,1.6109100580215454,1.6090400218963623,1.610700011253357,0,2026-06-10 00:00:00+00:00
1781064000000,1.610700011253357,1.6112600564956665,1.6092699766159058,1.6101499795913696,0,2026-06-10 04:00:00+00:00
1781078400000,1.6102099418640137,1.6102900505065918,1.6066499948501587,1.6073100566864014,0,2026-06-10 08:00:00+00:00
1781092800000,1.6073299646377563,1.610360026359558,1.606760025024414,1.6086000204086304,0,2026-06-10 12:00:00+00:00
1781107200000,1.6085599660873413,1.6098300218582153,1.6082600355148315,1.6093699932098389,0,2026-06-10 16:00:00+00:00
1781121600000,1.6093900203704834,1.6095099449157715,1.607159972190857,1.6085799932479858,0,2026-06-10 20:00:00+00:00
1781136000000,1.6085799932479858,1.6099400520324707,1.608199954032898,1.608970046043396,0,2026-06-11 00:00:00+00:00
1781150400000,1.6089999675750732,1.6124600172042847,1.6085200309753418,1.611680030822754,0,2026-06-11 04:00:00+00:00
1781164800000,1.6116900444030762,1.6126600503921509,1.61080002784729,1.6124600172042847,0,2026-06-11 08:00:00+00:00
1781179200000,1.6124299764633179,1.6149100065231323,1.6107800006866455,1.612280011177063,0,2026-06-11 12:00:00+00:00
1781193600000,1.6123499870300293,1.6170200109481812,1.6113200187683105,1.6160099506378174,0,2026-06-11 16:00:00+00:00
1781208000000,1.6160800457000732,1.6176300048828125,1.6145199537277222,1.61735999584198,0,2026-06-11 20:00:00+00:00
1781222400000,1.6172800064086914,1.6173800230026245,1.6158100366592407,1.616819977760315,0,2026-06-12 00:00:00+00:00
1781236800000,1.6167399883270264,1.6180100440979004,1.6158100366592407,1.6177699565887451,0,2026-06-12 04:00:00+00:00
1781251200000,1.6177599430084229,1.6200000047683716,1.6173100471496582,1.6185799837112427,0,2026-06-12 08:00:00+00:00
1781265600000,1.6185400485992432,1.618690013885498,1.6158900260925293,1.6167199611663818,0,2026-06-12 12:00:00+00:00
1781280000000,1.6167199611663818,1.618280053138733,1.6160999536514282,1.6177400350570679,0,2026-06-12 16:00:00+00:00
1781294400000,1.6176899671554565,1.6182299852371216,1.616760015487671,1.6178300380706787,0,2026-06-12 20:00:00+00:00
1781467200000,1.620419979095459,1.620669960975647,1.6196399927139282,1.620110034942627,0,2026-06-14 20:00:00+00:00
1781481600000,1.6200300455093384,1.62090003490448,1.6196800470352173,1.6206300258636475,0,2026-06-15 00:00:00+00:00
1781496000000,1.6205600500106812,1.6225299835205078,1.6200499534606934,1.6220999956130981,0,2026-06-15 04:00:00+00:00
1781510400000,1.622130036354065,1.6232999563217163,1.6202800273895264,1.623129963874817,0,2026-06-15 08:00:00+00:00
1781524800000,1.6231000423431396,1.6243699789047241,1.6210299730300903,1.6217299699783325,0,2026-06-15 12:00:00+00:00
1781539200000,1.6217199563980103,1.622979998588562,1.620419979095459,1.620959997177124,0,2026-06-15 16:00:00+00:00
1781553600000,1.6209900379180908,1.6222699880599976,1.6197600364685059,1.6217600107192993,0,2026-06-15 20:00:00+00:00
1781568000000,1.6217399835586548,1.6221599578857422,1.6209299564361572,1.621840000152588,0,2026-06-16 00:00:00+00:00
1781582400000,1.621749997138977,1.6238199472427368,1.6212999820709229,1.6238000392913818,0,2026-06-16 04:00:00+00:00
1781596800000,1.6237200498580933,1.6254299879074097,1.6232399940490723,1.6245499849319458,0,2026-06-16 08:00:00+00:00
1781611200000,1.6245299577713013,1.6256999969482422,1.622189998626709,1.6238499879837036,0,2026-06-16 12:00:00+00:00
1781625600000,1.6238399744033813,1.6250699758529663,1.6232800483703613,1.6249500513076782,0,2026-06-16 16:00:00+00:00
1781640000000,1.6248799562454224,1.6253000497817993,1.623170018196106,1.6244900226593018,0,2026-06-16 20:00:00+00:00
1781654400000,1.6246000528335571,1.6253700256347656,1.6244399547576904,1.625309944152832,0,2026-06-17 00:00:00+00:00
1781668800000,1.6252800226211548,1.6262799501419067,1.624269962310791,1.6245299577713013,0,2026-06-17 04:00:00+00:00
1781683200000,1.6245299577713013,1.6249099969863892,1.6232399940490723,1.623729944229126,0,2026-06-17 08:00:00+00:00
1781697600000,1.6236900091171265,1.626539945602417,1.6228300333023071,1.6261099576950073,0,2026-06-17 12:00:00+00:00
1781712000000,1.6261199712753296,1.626870036125183,1.6198300123214722,1.6222800016403198,0,2026-06-17 16:00:00+00:00
1781726400000,1.6224000453948975,1.6227999925613403,1.6191799640655518,1.6225899457931519,0,2026-06-17 20:00:00+00:00
1781740800000,1.6225800514221191,1.624809980392456,1.622230052947998,1.6247400045394897,0,2026-06-18 00:00:00+00:00
1781755200000,1.6246999502182007,1.6260000467300415,1.623129963874817,1.6236599683761597,0,2026-06-18 04:00:00+00:00
1781769600000,1.6235500574111938,1.6237599849700928,1.6181600093841553,1.6190299987792969,0,2026-06-18 08:00:00+00:00
1781784000000,1.6190600395202637,1.623039960861206,1.6179800033569336,1.622059941291809,0,2026-06-18 12:00:00+00:00
1781798400000,1.6220799684524536,1.6222200393676758,1.6188199520111084,1.6195600032806396,0,2026-06-18 16:00:00+00:00
1781812800000,1.6196600198745728,1.620419979095459,1.6181700229644775,1.6202499866485596,0,2026-06-18 20:00:00+00:00
1781827200000,1.6201599836349487,1.6210099458694458,1.6186599731445312,1.6191200017929077,0,2026-06-19 00:00:00+00:00
1781841600000,1.6190999746322632,1.619629979133606,1.6157900094985962,1.6190799474716187,0,2026-06-19 04:00:00+00:00
1781856000000,1.6190999746322632,1.6223299503326416,1.6188499927520752,1.6215300559997559,0,2026-06-19 08:00:00+00:00
1781870400000,1.6215100288391113,1.626670002937317,1.6211700439453125,1.6253299713134766,0,2026-06-19 12:00:00+00:00
1781884800000,1.625249981880188,1.6269999742507935,1.6245700120925903,1.6262600421905518,0,2026-06-19 16:00:00+00:00
1781899200000,1.6264300346374512,1.6266499757766724,1.6217199563980103,1.62253999710083,0,2026-06-19 20:00:00+00:00
1782072000000,1.6246700286865234,1.6251699924468994,1.623900055885315,1.6246700286865234,0,2026-06-21 20:00:00+00:00
1782086400000,1.6246299743652344,1.6257599592208862,1.6236900091171265,1.625040054321289,0,2026-06-22 00:00:00+00:00
1782100800000,1.625040054321289,1.6258000135421753,1.622130036354065,1.6227099895477295,0,2026-06-22 04:00:00+00:00
1782115200000,1.6226600408554077,1.6245100498199463,1.6217900514602661,1.6223599910736084,0,2026-06-22 08:00:00+00:00
1782129600000,1.6223599910736084,1.6227500438690186,1.6177300214767456,1.6195900440216064,0,2026-06-22 12:00:00+00:00
1782144000000,1.619570016860962,1.6196500062942505,1.6167500019073486,1.6176400184631348,0,2026-06-22 16:00:00+00:00
1782158400000,1.6176600456237793,1.6186399459838867,1.6164900064468384,1.6177899837493896,0,2026-06-22 20:00:00+00:00
1782172800000,1.6177699565887451,1.61899995803833,1.6171400547027588,1.6189099550247192,0,2026-06-23 00:00:00+00:00
1782187200000,1.618939995765686,1.6208000183105469,1.6172499656677246,1.6173800230026245,0,2026-06-23 04:00:00+00:00
1782201600000,1.6173800230026245,1.618299961090088,1.615090012550354,1.6155200004577637,0,2026-06-23 08:00:00+00:00
1782216000000,1.6154999732971191,1.616569995880127,1.6144599914550781,1.6161400079727173,0,2026-06-23 12:00:00+00:00
1782230400000,1.6160999536514282,1.6176400184631348,1.6153600215911865,1.616629958152771,0,2026-06-23 16:00:00+00:00
1782244800000,1.616629958152771,1.6175400018692017,1.6160000562667847,1.6168800592422485,0,2026-06-23 20:00:00+00:00
1782259200000,1.6167900562286377,1.617400050163269,1.6152000427246094,1.6156799793243408,0,2026-06-24 00:00:00+00:00
1782273600000,1.6156799793243408,1.6168700456619263,1.614400029182434,1.6149200201034546,0,2026-06-24 04:00:00+00:00
1782288000000,1.6149400472640991,1.6156100034713745,1.6126600503921509,1.6134300231933594,0,2026-06-24 08:00:00+00:00
1782302400000,1.6134099960327148,1.6164799928665161,1.6124900579452515,1.6156500577926636,0,2026-06-24 12:00:00+00:00
1782316800000,1.6156400442123413,1.616919994354248,1.6142799854278564,1.6157900094985962,0,2026-06-24 16:00:00+00:00
1782331200000,1.6156500577926636,1.6169300079345703,1.6141899824142456,1.6160199642181396,0,2026-06-24 20:00:00+00:00
1782345600000,1.6160199642181396,1.6178799867630005,1.6156400442123413,1.6175400018692017,0,2026-06-25 00:00:00+00:00
1782360000000,1.6175400018692017,1.6179300546646118,1.6153600215911865,1.6163500547409058,0,2026-06-25 04:00:00+00:00
1782374400000,1.6161999702453613,1.6182199716567993,1.6139999628067017,1.6143800020217896,0,2026-06-25 08:00:00+00:00
1782388800000,1.6143800020217896,1.6164900064468384,1.614109992980957,1.6153099536895752,0,2026-06-25 12:00:00+00:00
1782403200000,1.615280032157898,1.615399956703186,1.6134300231933594,1.6140799522399902,0,2026-06-25 16:00:00+00:00
1782417600000,1.6141400337219238,1.6154299974441528,1.6127300262451172,1.6132299900054932,0,2026-06-25 20:00:00+00:00
1782432000000,1.6132400035858154,1.6140300035476685,1.6122299432754517,1.6140300035476685,0,2026-06-26 00:00:00+00:00
1782446400000,1.6139299869537354,1.617050051689148,1.6133300065994263,1.6164699792861938,0,2026-06-26 04:00:00+00:00
1782460800000,1.6165499687194824,1.6183300018310547,1.615689992904663,1.616919994354248,0,2026-06-26 08:00:00+00:00
1782475200000,1.6169099807739258,1.620710015296936,1.6162199974060059,1.6172699928283691,0,2026-06-26 12:00:00+00:00
1782489600000,1.6172499656677246,1.6172599792480469,1.6143100261688232,1.6145999431610107,0,2026-06-26 16:00:00+00:00
1782504000000,1.6146600246429443,1.616029977798462,1.6142899990081787,1.6152700185775757,0,2026-06-26 20:00:00+00:00
1782676800000,1.6155099868774414,1.6156799793243408,1.614650011062622,1.615470051765442,0,2026-06-28 20:00:00+00:00
1782691200000,1.6154500246047974,1.6164100170135498,1.6148600578308105,1.6153299808502197,0,2026-06-29 00:00:00+00:00
1782705600000,1.6152700185775757,1.6181999444961548,1.6148099899291992,1.6177699565887451,0,2026-06-29 04:00:00+00:00
1782720000000,1.6177899837493896,1.6207400560379028,1.617050051689148,1.6204700469970703,0,2026-06-29 08:00:00+00:00
1782734400000,1.6204999685287476,1.6236499547958374,1.6189600229263306,1.6234300136566162,0,2026-06-29 12:00:00+00:00
1782748800000,1.6233799457550049,1.6235699653625488,1.6217700242996216,1.6226500272750854,0,2026-06-29 16:00:00+00:00
1782763200000,1.6226199865341187,1.6236000061035156,1.6216800212860107,1.622689962387085,0,2026-06-29 20:00:00+00:00
1782777600000,1.622689962387085,1.6234400272369385,1.6215900182724,1.6221599578857422,0,2026-06-30 00:00:00+00:00
1782792000000,1.6221599578857422,1.6228699684143066,1.6199699640274048,1.6219099760055542,0,2026-06-30 04:00:00+00:00
1782806400000,1.6219199895858765,1.6229599714279175,1.6200599670410156,1.6218600273132324,0,2026-06-30 08:00:00+00:00
1782820800000,1.6218600273132324,1.6225199699401855,1.6196600198745728,1.6217900514602661,0,2026-06-30 12:00:00+00:00
1782835200000,1.621840000152588,1.6229000091552734,1.6200200319290161,1.6206300258636475,0,2026-06-30 16:00:00+00:00
1782849600000,1.6206200122833252,1.6217000484466553,1.6197500228881836,1.6214699745178223,0,2026-06-30 20:00:00+00:00
1782864000000,1.621359944343567,1.6220300197601318,1.6207400560379028,1.6212300062179565,0,2026-07-01 00:00:00+00:00
1782878400000,1.621269941329956,1.621649980545044,1.6194499731063843,1.6208399534225464,0,2026-07-01 04:00:00+00:00
1782892800000,1.6208800077438354,1.621709942817688,1.6186200380325317,1.6191200017929077,0,2026-07-01 08:00:00+00:00
1782907200000,1.6190799474716187,1.619629979133606,1.6161999702453613,1.617050051689148,0,2026-07-01 12:00:00+00:00
1782921600000,1.6170400381088257,1.617859959602356,1.6165200471878052,1.6173100471496582,0,2026-07-01 16:00:00+00:00
1782936000000,1.6173499822616577,1.6179100275039673,1.6155600547790527,1.6174900531768799,0,2026-07-01 20:00:00+00:00
1782950400000,1.6174999475479126,1.6184500455856323,1.6170099973678589,1.6179800033569336,0,2026-07-02 00:00:00+00:00
1782964800000,1.6179699897766113,1.6197600364685059,1.617400050163269,1.61968994140625,0,2026-07-02 04:00:00+00:00
1782979200000,1.6196000576019287,1.6216399669647217,1.6188900470733643,1.6207200288772583,0,2026-07-02 08:00:00+00:00
1782993600000,1.620669960975647,1.623669981956482,1.6197099685668945,1.62336003780365,0,2026-07-02 12:00:00+00:00
1783008000000,1.62336003780365,1.6236000061035156,1.6203900575637817,1.6208499670028687,0,2026-07-02 16:00:00+00:00
1783022400000,1.6208900213241577,1.621899962425232,1.6198699474334717,1.6207300424575806,0,2026-07-02 20:00:00+00:00
1783036800000,1.6207300424575806,1.6222399473190308,1.6204099655151367,1.6212400197982788,0,2026-07-03 00:00:00+00:00
1783051200000,1.6211899518966675,1.6240299940109253,1.6203900575637817,1.6235899925231934,0,2026-07-03 04:00:00+00:00
1783065600000,1.6235899925231934,1.6253600120544434,1.6223000288009644,1.6251499652862549,0,2026-07-03 08:00:00+00:00
1783080000000,1.6251800060272217,1.6260700225830078,1.6235899925231934,1.6239700317382812,0,2026-07-03 12:00:00+00:00
1783094400000,1.6239700317382812,1.624940037727356,1.6233099699020386,1.6238600015640259,0,2026-07-03 16:00:00+00:00
1783108800000,1.6238800287246704,1.624619960784912,1.622290015220642,1.6233099699020386,0,2026-07-03 20:00:00+00:00
1783281600000,1.6243900060653687,1.6245800256729126,1.6235899925231934,1.6243699789047241,0,2026-07-05 20:00:00+00:00
1783296000000,1.6243499517440796,1.625309944152832,1.6233899593353271,1.6243300437927246,0,2026-07-06 00:00:00+00:00
1783310400000,1.6243200302124023,1.624650001525879,1.6228599548339844,1.6246099472045898,0,2026-07-06 04:00:00+00:00
1783324800000,1.624559998512268,1.6251300573349,1.6222000122070312,1.6232800483703613,0,2026-07-06 08:00:00+00:00
1783339200000,1.623289942741394,1.6251499652862549,1.6226199865341187,1.624019980430603,0,2026-07-06 12:00:00+00:00
1783353600000,1.6240500211715698,1.62608003616333,1.6236799955368042,1.6252399682998657,0,2026-07-06 16:00:00+00:00
1783368000000,1.6251599788665771,1.6259900331497192,1.6239099502563477,1.6254600286483765,0,2026-07-06 20:00:00+00:00
1783382400000,1.6255099773406982,1.6267499923706055,1.624809980392456,1.6258900165557861,0,2026-07-07 00:00:00+00:00
1783396800000,1.6258200407028198,1.6260000467300415,1.623829960823059,1.6246600151062012,0,2026-07-07 04:00:00+00:00
1783411200000,1.6246700286865234,1.6255300045013428,1.623479962348938,1.6250200271606445,0,2026-07-07 08:00:00+00:00
1783425600000,1.6249500513076782,1.626539945602417,1.6207499504089355,1.6213899850845337,0,2026-07-07 12:00:00+00:00
1783440000000,1.621359944343567,1.621649980545044,1.6197999715805054,1.6205500364303589,0,2026-07-07 16:00:00+00:00
1783454400000,1.6205400228500366,1.6208300590515137,1.617650032043457,1.6194299459457397,0,2026-07-07 20:00:00+00:00
1783468800000,1.6193699836730957,1.620460033416748,1.6188000440597534,1.6202800273895264,0,2026-07-08 00:00:00+00:00
1783483200000,1.6202900409698486,1.6203700304031372,1.617840051651001,1.6180599927902222,0,2026-07-08 04:00:00+00:00
1783497600000,1.6180599927902222,1.6183799505233765,1.6143200397491455,1.6170200109481812,0,2026-07-08 08:00:00+00:00
1783512000000,1.6170300245285034,1.6179499626159668,1.6152299642562866,1.616760015487671,0,2026-07-08 12:00:00+00:00
1783526400000,1.616760015487671,1.6191099882125854,1.6159299612045288,1.6186000108718872,0,2026-07-08 16:00:00+00:00
1783540800000,1.6185200214385986,1.618649959564209,1.6164499521255493,1.6179499626159668,0,2026-07-08 20:00:00+00:00
1783555200000,1.6179399490356445,1.6186399459838867,1.6174499988555908,1.6184799671173096,0,2026-07-09 00:00:00+00:00
1783569600000,1.6185200214385986,1.6214499473571777,1.6178900003433228,1.6211299896240234,0,2026-07-09 04:00:00+00:00
1783584000000,1.6210700273513794,1.6220699548721313,1.6187399625778198,1.6198699474334717,0,2026-07-09 08:00:00+00:00
1783598400000,1.6198300123214722,1.622249960899353,1.6186599731445312,1.6199500560760498,0,2026-07-09 12:00:00+00:00
1783612800000,1.619879961013794,1.6201900243759155,1.6188000440597534,1.6192799806594849,0,2026-07-09 16:00:00+00:00
1783627200000,1.6193300485610962,1.620169997215271,1.6180100440979004,1.6195900440216064,0,2026-07-09 20:00:00+00:00
1783641600000,1.6195900440216064,1.6205600500106812,1.6192200183868408,1.6196500062942505,0,2026-07-10 00:00:00+00:00
1783656000000,1.6196500062942505,1.6207000017166138,1.6190999746322632,1.6198899745941162,0,2026-07-10 04:00:00+00:00
1783670400000,1.619860053062439,1.6205500364303589,1.6175999641418457,1.6180599927902222,0,2026-07-10 08:00:00+00:00
1783684800000,1.618090033531189,1.6186000108718872,1.6155099868774414,1.6163699626922607,0,2026-07-10 12:00:00+00:00
1783699200000,1.6164499521255493,1.61667001247406,1.6137900352478027,1.6158900260925293,0,2026-07-10 16:00:00+00:00
1783713600000,1.615880012512207,1.6163400411605835,1.6144700050354004,1.6150200366973877,0,2026-07-10 20:00:00+00:00
1783886400000,1.6143499612808228,1.6152299642562866,1.614009976387024,1.6152199506759644,0,2026-07-12 20:00:00+00:00
1783900800000,1.615149974822998,1.6156599521636963,1.6133400201797485,1.6140799522399902,0,2026-07-13 00:00:00+00:00
1783915200000,1.6140799522399902,1.6160600185394287,1.6134899854660034,1.6157100200653076,0,2026-07-13 04:00:00+00:00
1783929600000,1.6157699823379517,1.6175999641418457,1.6141200065612793,1.6150599718093872,0,2026-07-13 08:00:00+00:00
1783944000000,1.6150699853897095,1.615839958190918,1.6109000444412231,1.6121699810028076,0,2026-07-13 12:00:00+00:00
1783958400000,1.6121900081634521,1.6122499704360962,1.6102499961853027,1.6112699508666992,0,2026-07-13 16:00:00+00:00
1783972800000,1.6112600564956665,1.6115599870681763,1.6097300052642822,1.610550045967102,0,2026-07-13 20:00:00+00:00
1783987200000,1.6105999946594238,1.6110800504684448,1.6091099977493286,1.609969973564148,0,2026-07-14 00:00:00+00:00
1784001600000,1.6099900007247925,1.6101900339126587,1.6064300537109375,1.60725998878479,0,2026-07-14 04:00:00+00:00
1784016000000,1.6072299480438232,1.6100300550460815,1.6047500371932983,1.6098099946975708,0,2026-07-14 08:00:00+00:00
1784030400000,1.6098099946975708,1.6126999855041504,1.6069400310516357,1.6074600219726562,0,2026-07-14 12:00:00+00:00
1784044800000,1.607409954071045,1.6080000400543213,1.6059600114822388,1.6063100099563599,0,2026-07-14 16:00:00+00:00
1784059200000,1.6063799858093262,1.606719970703125,1.6037299633026123,1.605239987373352,0,2026-07-14 20:00:00+00:00
1784073600000,1.6052000522613525,1.606619954109192,1.6051000356674194,1.6064499616622925,0,2026-07-15 00:00:00+00:00
1784088000000,1.606469988822937,1.6080800294876099,1.6045500040054321,1.6051000356674194,0,2026-07-15 04:00:00+00:00
1784102400000,1.6051100492477417,1.6063400506973267,1.604509949684143,1.605389952659607,0,2026-07-15 08:00:00+00:00
1784116800000,1.6053400039672852,1.6081199645996094,1.6047699451446533,1.6062999963760376,0,2026-07-15 12:00:00+00:00
1784131200000,1.606279969215393,1.6106699705123901,1.6057300567626953,1.6095499992370605,0,2026-07-15 16:00:00+00:00
1784145600000,1.6095499992370605,1.6100499629974365,1.6075600385665894,1.6097500324249268,0,2026-07-15 20:00:00+00:00
1784160000000,1.6098599433898926,1.6107900142669678,1.6096800565719604,1.6104700565338135,0,2026-07-16 00:00:00+00:00
1784174400000,1.6104600429534912,1.6114599704742432,1.6097999811172485,1.6106799840927124,0,2026-07-16 04:00:00+00:00
1784188800000,1.6107499599456787,1.6110299825668335,1.6076500415802002,1.6090099811553955,0,2026-07-16 08:00:00+00:00
1784203200000,1.609089970588684,1.6091400384902954,1.6040600538253784,1.6062300205230713,0,2026-07-16 12:00:00+00:00
1784217600000,1.606220006942749,1.6072499752044678,1.6056400537490845,1.606909990310669,0,2026-07-16 16:00:00+00:00
1784232000000,1.6069300174713135,1.6073999404907227,1.6053999662399292,1.6065800189971924,0,2026-07-16 20:00:00+00:00
1784246400000,1.6064499616622925,1.606819987297058,1.6049699783325195,1.6054400205612183,0,2026-07-17 00:00:00+00:00
1784260800000,1.6055500507354736,1.6068300008773804,1.6046099662780762,1.6054099798202515,0,2026-07-17 04:00:00+00:00
1784275200000,1.6053999662399292,1.6061300039291382,1.602489948272705,1.603119969367981,0,2026-07-17 08:00:00+00:00
1784289600000,1.6030299663543701,1.6038199663162231,1.6009000539779663,1.6032899618148804,0,2026-07-17 12:00:00+00:00
1784304000000,1.6032299995422363,1.6033400297164917,1.6016700267791748,1.6027300357818604,0,2026-07-17 16:00:00+00:00
1784318400000,1.6028399467468262,1.6035300493240356,1.6022499799728394,1.6033799648284912,0,2026-07-17 20:00:00+00:00
1784491200000,1.601639986038208,1.60207998752594,1.6011899709701538,1.6019699573516846,0,2026-07-19 20:00:00+00:00
1784505600000,1.6019400358200073,1.6028000116348267,1.6012099981307983,1.6025300025939941,0,2026-07-20 00:00:00+00:00
1784520000000,1.6024600267410278,1.6038199663162231,1.6011199951171875,1.603760004043579,0,2026-07-20 04:00:00+00:00
1784534400000,1.6037499904632568,1.6046299934387207,1.60247004032135,1.6040300130844116,0,2026-07-20 08:00:00+00:00
1784548800000,1.6040899753570557,1.6049100160598755,1.6017500162124634,1.6043000221252441,0,2026-07-20 12:00:00+00:00
1784563200000,1.6043000221252441,1.6056699752807617,1.6034799814224243,1.6054600477218628,0,2026-07-20 16:00:00+00:00
1784577600000,1.6054600477218628,1.607319951057434,1.6044399738311768,1.6060999631881714,0,2026-07-20 20:00:00+00:00
1784592000000,1.6060999631881714,1.6070200204849243,1.6057300567626953,1.606600046157837,0,2026-07-21 00:00:00+00:00
1784606400000,1.606600046157837,1.6074899435043335,1.6055799722671509,1.6064499616622925,0,2026-07-21 04:00:00+00:00
1784620800000,1.606510043144226,1.6070300340652466,1.6050299406051636,1.6061300039291382,0,2026-07-21 08:00:00+00:00
1784635200000,1.6060600280761719,1.6083099842071533,1.6057100296020508,1.6080700159072876,0,2026-07-21 12:00:00+00:00
1784649600000,1.6080299615859985,1.6090999841690063,1.6076799631118774,1.6081899404525757,0,2026-07-21 16:00:00+00:00
1784664000000,1.608109951019287,1.6085000038146973,1.6068999767303467,1.6082199811935425,0,2026-07-21 20:00:00+00:00
1784678400000,1.608139991760254,1.6090699434280396,1.6074399948120117,1.6088500022888184,0,2026-07-22 00:00:00+00:00
1784692800000,1.6088800430297852,1.609179973602295,1.606619954109192,1.607450008392334,0,2026-07-22 04:00:00+00:00
1784707200000,1.6073700189590454,1.6087000370025635,1.6067399978637695,1.607159972190857,0,2026-07-22 08:00:00+00:00
1784721600000,1.6071499586105347,1.6087299585342407,1.6059900522232056,1.6074800491333008,0,2026-07-22 12:00:00+00:00
1784736000000,1.6074700355529785,1.6080600023269653,1.6066700220108032,1.607100009918213,0,2026-07-22 16:00:00+00:00
1784750400000,1.6070400476455688,1.6077300310134888,1.605389952659607,1.6070799827575684,0,2026-07-22 20:00:00+00:00
1784764800000,1.6070799827575684,1.6074800491333008,1.606279969215393,1.6072200536727905,0,2026-07-23 00:00:00+00:00
1784779200000,1.6071100234985352,1.607990026473999,1.605780005455017,1.607159972190857,0,2026-07-23 04:00:00+00:00
1784793600000,1.6070400476455688,1.6072900295257568,1.6033899784088135,1.6039700508117676,0,2026-07-23 08:00:00+00:00
1784808000000,1.6039700508117676,1.604099988937378,1.600219964981079,1.601889967918396,0,2026-07-23 12:00:00+00:00
1784822400000,1.6019699573516846,1.6026599407196045,1.6006499528884888,1.6021000146865845,0,2026-07-23 16:00:00+00:00
1784836800000,1.6020499467849731,1.6029900312423706,1.6009000539779663,1.6023199558258057,0,2026-07-23 20:00:00+00:00
1784851200000,1.602139949798584,1.6024500131607056,1.6009399890899658,1.6021900177001953,0,2026-07-24 00:00:00+00:00
1784865600000,1.6022100448608398,1.6037800312042236,1.6017500162124634,1.603060007095337,0,2026-07-24 04:00:00+00:00
1784880000000,1.6030399799346924,1.6038299798965454,1.6017099618911743,1.6023099422454834,0,2026-07-24 08:00:00+00:00
1784894400000,1.602370023727417,1.6045399904251099,1.6016700267791748,1.6027799844741821,0,2026-07-24 12:00:00+00:00
1784908800000,1.6028200387954712,1.6033999919891357,1.601830005645752,1.6031299829483032,0,2026-07-24 16:00:00+00:00
1784923200000,1.6031399965286255,1.6035100221633911,1.6014800071716309,1.6017500162124634,0,2026-07-24 20:00:00+00:00
1785096000000,1.6047099828720093,1.605139970779419,1.6039400100708008,1.6050900220870972,0,2026-07-26 20:00:00+00:00
1785110400000,1.6050399541854858,1.6063400506973267,1.6044299602508545,1.6058000326156616,0,2026-07-27 00:00:00+00:00
1785124800000,1.6056599617004395,1.6091099977493286,1.6053800582885742,1.6063899993896484,0,2026-07-27 04:00:00+00:00
1785139200000,1.6063599586486816,1.6078699827194214,1.6056300401687622,1.6063100099563599,0,2026-07-27 08:00:00+00:00
1785153600000,1.6062300205230713,1.6066900491714478,1.6033200025558472,1.6050699949264526,0,2026-07-27 12:00:00+00:00
1785168000000,1.6051299571990967,1.6062599420547485,1.6046700477600098,1.6054199934005737,0,2026-07-27 16:00:00+00:00
1785182400000,1.6053800582885742,1.6062099933624268,1.6045000553131104,1.6058100461959839,0,2026-07-27 20:00:00+00:00
1785196800000,1.605739951133728,1.6063400506973267,1.6048799753189087,1.60548996925354,0,2026-07-28 00:00:00+00:00
1785211200000,1.6054400205612183,1.6056100130081177,1.6038299798965454,1.6044199466705322,0,2026-07-28 04:00:00+00:00
1785225600000,1.604349970817566,1.604949951171875,1.602120041847229,1.6031299829483032,0,2026-07-28 08:00:00+00:00
1785240000000,1.6032299995422363,1.6065499782562256,1.6024800539016724,1.6064800024032593,0,2026-07-28 12:00:00+00:00
1785254400000,1.6064399480819702,1.6069600582122803,1.6050399541854858,1.606719970703125,0,2026-07-28 16:00:00+00:00
1785268800000,1.6066499948501587,1.606909990310669,1.6050699949264526,1.6060500144958496,0,2026-07-28 20:00:00+00:00
1785283200000,1.6060700416564941,1.6066299676895142,1.605239987373352,1.6060800552368164,0,2026-07-29 00:00:00+00:00
1785297600000,1.606029987335205,1.6066999435424805,1.60493004322052,1.6064399480819702,0,2026-07-29 04:00:00+00:00
1785312000000,1.6063799858093262,1.6068999767303467,1.6041200160980225,1.604640007019043,0,2026-07-29 08:00:00+00:00
1785326400000,1.6047099828720093,1.6052000522613525,1.6028599739074707,1.6034200191497803,0,2026-07-29 12:00:00+00:00
1785340800000,1.6034400463104248,1.6096800565719604,1.6027100086212158,1.6091899871826172,0,2026-07-29 16:00:00+00:00
1785355200000,1.6091200113296509,1.6112500429153442,1.6080100536346436,1.6092599630355835,0,2026-07-29 20:00:00+00:00
1785369600000,1.6092599630355835,1.6094499826431274,1.6080600023269653,1.6087199449539185,0,2026-07-30 00:00:00+00:00
1785384000000,1.6087199449539185,1.609529972076416,1.6077200174331665,1.6085400581359863,0,2026-07-30 04:00:00+00:00
1785398400000,1.6085100173950195,1.612220048904419,1.6085100173950195,1.6112500429153442,0,2026-07-30 08:00:00+00:00
1785412800000,1.6112600564956665,1.6157000064849854,1.6102299690246582,1.6131700277328491,0,2026-07-30 12:00:00+00:00
1785427200000,1.613070011138916,1.6147600412368774,1.612149953842163,1.6144100427627563,0,2026-07-30 16:00:00+00:00
1785441600000,1.6144599914550781,1.6150599718093872,1.6136000156402588,1.6145000457763672,0,2026-07-30 20:00:00+00:00
1785456000000,1.6145000457763672,1.6148600578308105,1.6126500368118286,1.6139400005340576,0,2026-07-31 00:00:00+00:00
1785470400000,1.6139700412750244,1.6149200201034546,1.6124399900436401,1.6143699884414673,0,2026-07-31 04:00:00+00:00
1785484800000,1.6142799854278564,1.6145600080490112,1.6111500263214111,1.6119999885559082,0,2026-07-31 08:00:00+00:00
1785499200000,1.611989974975586,1.6160099506378174,1.6070200204849243,1.6159199476242065,0,2026-07-31 12:00:00+00:00
1785513600000,1.6158900260925293,1.6171599626541138,1.6144800186157227,1.616320013999939,0,2026-07-31 16:00:00+00:00
1785528000000,1.616320013999939,1.617840051651001,1.6145999431610107,1.6156699657440186,0,2026-07-31 20:00:00+00:00
1785700800000,1.6178100109100342,1.6181299686431885,1.616919994354248,1.6174900531768799,0,2026-08-02 20:00:00+00:00
1785715200000,1.6174900531768799,1.618980050086975,1.6163100004196167,1.6179699897766113,0,2026-08-03 00:00:00+00:00
1785729600000,1.6179800033569336,1.6188199520111084,1.6171400547027588,1.6183600425720215,0,2026-08-03 04:00:00+00:00
1785744000000,1.618340015411377,1.6186000108718872,1.6169899702072144,1.617799997329712,0,2026-08-03 08:00:00+00:00
1785758400000,1.6177599430084229,1.6194499731063843,1.6148799657821655,1.6158599853515625,0,2026-08-03 12:00:00+00:00
1785772800000,1.6158599853515625,1.6171200275421143,1.6150000095367432,1.616529941558838,0,2026-08-03 16:00:00+00:00
1785787200000,1.6164599657058716,1.617050051689148,1.6153899431228638,1.6162199974060059,0,2026-08-03 20:00:00+00:00
1785801600000,1.6162199974060059,1.616919994354248,1.6152600049972534,1.616029977798462,0,2026-08-04 00:00:00+00:00
1785816000000,1.6160399913787842,1.6182600259780884,1.6153899431228638,1.6172200441360474,0,2026-08-04 04:00:00+00:00
1785830400000,1.6172200441360474,1.6190400123596191,1.6147500276565552,1.6187399625778198,0,2026-08-04 08:00:00+00:00
1785844800000,1.6187700033187866,1.621940016746521,1.61844003200531,1.6219199895858765,0,2026-08-04 12:00:00+00:00
1785859200000,1.6219099760055542,1.6224299669265747,1.620669960975647,1.621899962425232,0,2026-08-04 16:00:00+00:00
1785873600000,1.6219300031661987,1.6220999956130981,1.6202199459075928,1.6219799518585205,0,2026-08-04 20:00:00+00:00
1785888000000,1.6219300031661987,1.6237000226974487,1.6213799715042114,1.623289942741394,0,2026-08-05 00:00:00+00:00
1785902400000,1.623289942741394,1.6247999668121338,1.6224000453948975,1.622920036315918,0,2026-08-05 04:00:00+00:00
1785916800000,1.622879981994629,1.6238800287246704,1.6220099925994873,1.623289942741394,0,2026-08-05 08:00:00+00:00
1785931200000,1.6232999563217163,1.6233500242233276,1.6179200410842896,1.6185599565505981,0,2026-08-05 12:00:00+00:00
1785945600000,1.6186000108718872,1.6195800304412842,1.6175700426101685,1.6184099912643433,0,2026-08-05 16:00:00+00:00
1785960000000,1.61844003200531,1.6193599700927734,1.617460012435913,1.6189299821853638,0,2026-08-05 20:00:00+00:00
1785974400000,1.6189600229263306,1.6189700365066528,1.6175700426101685,1.618149995803833,0,2026-08-06 00:00:00+00:00
1785988800000,1.618149995803833,1.618340015411377,1.6169899702072144,1.617460012435913,0,2026-08-06 04:00:00+00:00
1786003200000,1.6174499988555908,1.6175400018692017,1.6147600412368774,1.615149974822998,0,2026-08-06 08:00:00+00:00
1786017600000,1.6151200532913208,1.6179399490356445,1.6143499612808228,1.6162300109863281,0,2026-08-06 12:00:00+00:00
1786032000000,1.616260051727295,1.6163500547409058,1.6140400171279907,1.6147099733352661,0,2026-08-06 16:00:00+00:00
1786046400000,1.6146999597549438,1.6149499416351318,1.613450050354004,1.6148699522018433,0,2026-08-06 20:00:00+00:00
1786060800000,1.614840030670166,1.615339994430542,1.6140799522399902,1.615280032157898,0,2026-08-07 00:00:00+00:00
1786075200000,1.6152900457382202,1.616320013999939,1.6145999431610107,1.6157699823379517,0,2026-08-07 04:00:00+00:00
1786089600000,1.615779995918274,1.616379976272583,1.6149100065231323,1.6158299446105957,0,2026-08-07 08:00:00+00:00
1786104000000,1.6158599853515625,1.617709994316101,1.6093699932098389,1.6104700565338135,0,2026-08-07 12:00:00+00:00
1786118400000,1.6104899644851685,1.6127899885177612,1.6100499629974365,1.6118600368499756,0,2026-08-07 16:00:00+00:00
1786132800000,1.6118899583816528,1.612630009651184,1.6100000143051147,1.6105799674987793,0,2026-08-07 20:00:00+00:00
1786305600000,1.6113100051879883,1.612239956855774,1.6109999418258667,1.6121599674224854,0,2026-08-09 20:00:00+00:00
1786320000000,1.6121599674224854,1.6127500534057617,1.6113300323486328,1.6123900413513184,0,2026-08-10 00:00:00+00:00
1786334400000,1.6123700141906738,1.6129399538040161,1.6113100051879883,1.6117600202560425,0,2026-08-10 04:00:00+00:00
1786348800000,1.6117600202560425,1.6119799613952637,1.6095499992370605,1.6102800369262695,0,2026-08-10 08:00:00+00:00
1786363200000,1.6102999448776245,1.6120100021362305,1.608199954032898,1.6088900566101074,0,2026-08-10 12:00:00+00:00
1786377600000,1.6088500022888184,1.6098999977111816,1.6079599857330322,1.6086900234222412,0,2026-08-10 16:00:00+00:00
1786392000000,1.6086900234222412,1.6090799570083618,1.607509970664978,1.6087000370025635,0,2026-08-10 20:00:00+00:00
1786406400000,1.6087000370025635,1.6089600324630737,1.6071900129318237,1.60794997215271,0,2026-08-11 00:00:00+00:00
1786420800000,1.60794997215271,1.608299970626831,1.6063300371170044,1.60794997215271,0,2026-08-11 04:00:00+00:00
1786435200000,1.6079399585723877,1.6083600521087646,1.606469988822937,1.6079699993133545,0,2026-08-11 08:00:00+00:00
1786449600000,1.6079699993133545,1.6094000339508057,1.6064000129699707,1.607159972190857,0,2026-08-11 12:00:00+00:00
1786464000000,1.6071900129318237,1.60725998878479,1.6049599647521973,1.6072100400924683,0,2026-08-11 16:00:00+00:00
1786478400000,1.6071900129318237,1.6073999404907227,1.6060199737548828,1.6068099737167358,0,2026-08-11 20:00:00+00:00
1786492800000,1.6067999601364136,1.607200026512146,1.6060700416564941,1.6065800189971924,0,2026-08-12 00:00:00+00:00
1786507200000,1.6065599918365479,1.6077100038528442,1.6060099601745605,1.6069999933242798,0,2026-08-12 04:00:00+00:00
1786521600000,1.6070300340652466,1.6086599826812744,1.6065900325775146,1.6075199842453003,0,2026-08-12 08:00:00+00:00
1786536000000,1.6075199842453003,1.6087599992752075,1.6057499647140503,1.606279969215393,0,2026-08-12 12:00:00+00:00
1786550400000,1.6062599420547485,1.607699990272522,1.6057900190353394,1.60617995262146,0,2026-08-12 16:00:00+00:00
1786564800000,1.60617995262146,1.6073399782180786,1.6051000356674194,1.606819987297058,0,2026-08-12 20:00:00+00:00
1786579200000,1.6067999601364136,1.607409954071045,1.6064200401306152,1.606950044631958,0,2026-08-13 00:00:00+00:00
1786593600000,1.606950044631958,1.6081700325012207,1.6061899662017822,1.6078599691390991,0,2026-08-13 04:00:00+00:00
1786608000000,1.6079000234603882,1.6083500385284424,1.6070599555969238,1.6082199811935425,0,2026-08-13 08:00:00+00:00
1786622400000,1.6082299947738647,1.6095399856567383,1.606600046157837,1.6067899465560913,0,2026-08-13 12:00:00+00:00
1786636800000,1.6067999601364136,1.6070499420166016,1.605239987373352,1.6055200099945068,0,2026-08-13 16:00:00+00:00
1786651200000,1.605530023574829,1.606510043144226,1.6047999858856201,1.6062500476837158,0,2026-08-13 20:00:00+00:00
1786665600000,1.6062300205230713,1.6067299842834473,1.6054600477218628,1.605929970741272,0,2026-08-14 00:00:00+00:00
1786680000000,1.605929970741272,1.6062300205230713,1.6036700010299683,1.6042399406433105,0,2026-08-14 04:00:00+00:00
1786694400000,1.604259967803955,1.6062300205230713,1.6038899421691895,1.6054500341415405,0,2026-08-14 08:00:00+00:00
1786708800000,1.6054500341415405,1.607509970664978,1.6040799617767334,1.6064599752426147,0,2026-08-14 12:00:00+00:00
1786723200000,1.6064800024032593,1.6066700220108032,1.6040899753570557,1.6051700115203857,0,2026-08-14 16:00:00+00:00
1786737600000,1.6051700115203857,1.605299949645996,1.604200005531311,1.6049000024795532,0,2026-08-14 20:00:00+00:00
1786910400000,1.6053600311279297,1.6055999994277954,1.6049200296401978,1.605389952659607,0,2026-08-16 20:00:00+00:00
1786924800000,1.6053999662399292,1.6063100099563599,1.6049699783325195,1.6059499979019165,0,2026-08-17 00:00:00+00:00
1786939200000,1.605970025062561,1.6085100173950195,1.6053199768066406,1.608240008354187,0,2026-08-17 04:00:00+00:00
1786953600000,1.6082099676132202,1.6088199615478516,1.6057100296020508,1.6068300008773804,0,2026-08-17 08:00:00+00:00
1786968000000,1.6067700386047363,1.60725998878479,1.6048099994659424,1.6072499752044678,0,2026-08-17 12:00:00+00:00
1786982400000,1.6072299480438232,1.6076699495315552,1.6050900220870972,1.6062699556350708,0,2026-08-17 16:00:00+00:00
1786996800000,1.6062699556350708,1.6066999435424805,1.6048099994659424,1.6064499616622925,0,2026-08-17 20:00:00+00:00
1787011200000,1.6064499616622925,1.6068799495697021,1.604699969291687,1.605389952659607,0,2026-08-18 00:00:00+00:00
1787025600000,1.605389952659607,1.6058599948883057,1.6041200160980225,1.6046700477600098,0,2026-08-18 04:00:00+00:00
1787040000000,1.6046600341796875,1.6061999797821045,1.604099988937378,1.6061099767684937,0,2026-08-18 08:00:00+00:00
1787054400000,1.6061099767684937,1.6086900234222412,1.6049000024795532,1.6083099842071533,0,2026-08-18 12:00:00+00:00
1787068800000,1.6083199977874756,1.6100599765777588,1.6080399751663208,1.6086499691009521,0,2026-08-18 16:00:00+00:00
1787083200000,1.6086900234222412,1.608970046043396,1.606819987297058,1.608839988708496,0,2026-08-18 20:00:00+00:00
1787097600000,1.608839988708496,1.609429955482483,1.6067999601364136,1.6077200174331665,0,2026-08-19 00:00:00+00:00
1787112000000,1.6077200174331665,1.6095600128173828,1.6069600582122803,1.6088999509811401,0,2026-08-19 04:00:00+00:00
1787126400000,1.608929991722107,1.6103899478912354,1.6084699630737305,1.6096400022506714,0,2026-08-19 08:00:00+00:00
1787140800000,1.6096400022506714,1.6135900020599365,1.6091300249099731,1.612030029296875,0,2026-08-19 12:00:00+00:00
1787155200000,1.6120100021362305,1.6130199432373047,1.610700011253357,1.6126099824905396,0,2026-08-19 16:00:00+00:00
1787169600000,1.6126500368118286,1.6128000020980835,1.6104300022125244,1.6120500564575195,0,2026-08-19 20:00:00+00:00
1787184000000,1.6120200157165527,1.6122699975967407,1.6108800172805786,1.6113799810409546,0,2026-08-20 00:00:00+00:00
1787198400000,1.6113799810409546,1.6116299629211426,1.6096199750900269,1.6110899448394775,0,2026-08-20 04:00:00+00:00
1787212800000,1.6110899448394775,1.6116900444030762,1.6081899404525757,1.6086100339889526,0,2026-08-20 08:00:00+00:00
1787227200000,1.6086100339889526,1.6107499599456787,1.6079399585723877,1.6093300580978394,0,2026-08-20 12:00:00+00:00
1787241600000,1.609339952468872,1.6106899976730347,1.608839988708496,1.6106799840927124,0,2026-08-20 16:00:00+00:00
1787256000000,1.6106499433517456,1.6107399463653564,1.6088900566101074,1.610610008239746,0,2026-08-20 20:00:00+00:00
1787270400000,1.6106200218200684,1.6106699705123901,1.6089400053024292,1.6095800399780273,0,2026-08-21 00:00:00+00:00
1787284800000,1.6095800399780273,1.6101100444793701,1.6079100370407104,1.6083699464797974,0,2026-08-21 04:00:00+00:00
1787299200000,1.6083799600601196,1.6096099615097046,1.6064399480819702,1.6073299646377563,0,2026-08-21 08:00:00+00:00
1787313600000,1.6073299646377563,1.6086399555206299,1.6051100492477417,1.608180046081543,0,2026-08-21 12:00:00+00:00
1787328000000,1.6081600189208984,1.6086499691009521,1.606529951095581,1.6079399585723877,0,2026-08-21 16:00:00+00:00
1787342400000,1.6079200506210327,1.6080100536346436,1.6062999963760376,1.6072399616241455,0,2026-08-21 20:00:00+00:00
1787515200000,1.6104099750518799,1.6112500429153442,1.6097999811172485,1.6111700534820557,0,2026-08-23 20:00:00+00:00
1787529600000,1.6111600399017334,1.611649990081787,1.6100499629974365,1.6107200384140015,0,2026-08-24 00:00:00+00:00
1787544000000,1.6107100248336792,1.614609956741333,1.6099900007247925,1.6142300367355347,0,2026-08-24 04:00:00+00:00
1787558400000,1.6142499446868896,1.6154299974441528,1.6127899885177612,1.6152499914169312,0,2026-08-24 08:00:00+00:00
1787572800000,1.6152600049972534,1.6157000064849854,1.6126099824905396,1.6144100427627563,0,2026-08-24 12:00:00+00:00
1787587200000,1.6144299507141113,1.6158100366592407,1.6139800548553467,1.6144499778747559,0,2026-08-24 16:00:00+00:00
1787601600000,1.6144399642944336,1.6152299642562866,1.6126699447631836,1.614840030670166,0,2026-08-24 20:00:00+00:00
1787616000000,1.614840030670166,1.6157000064849854,1.6145700216293335,1.6152700185775757,0,2026-08-25 00:00:00+00:00
1787630400000,1.6152600049972534,1.616510033607483,1.6145299673080444,1.6156799793243408,0,2026-08-25 04:00:00+00:00
1787644800000,1.6156500577926636,1.6173499822616577,1.6148699522018433,1.6159600019454956,0,2026-08-25 08:00:00+00:00
1787659200000,1.6159600019454956,1.6167999505996704,1.6132999658584595,1.6147899627685547,0,2026-08-25 12:00:00+00:00
1787673600000,1.6147899627685547,1.6152399778366089,1.6131900548934937,1.6146899461746216,0,2026-08-25 16:00:00+00:00
1787688000000,1.6146899461746216,1.6164799928665161,1.614009976387024,1.6152399778366089,0,2026-08-25 20:00:00+00:00
1787702400000,1.6152499914169312,1.616919994354248,1.6147700548171997,1.6165200471878052,0,2026-08-26 00:00:00+00:00
1787716800000,1.6165399551391602,1.6179200410842896,1.6156200170516968,1.6178499460220337,0,2026-08-26 04:00:00+00:00
1787731200000,1.6178499460220337,1.6186000108718872,1.6166900396347046,1.6174499988555908,0,2026-08-26 08:00:00+00:00
1787745600000,1.6174999475479126,1.6180800199508667,1.615339994430542,1.6166399717330933,0,2026-08-26 12:00:00+00:00
1787760000000,1.616610050201416,1.6171900033950806,1.6157100200653076,1.617050051689148,0,2026-08-26 16:00:00+00:00
1787774400000,1.6170200109481812,1.6173100471496582,1.6153600215911865,1.6169099807739258,0,2026-08-26 20:00:00+00:00
1787788800000,1.6169899702072144,1.6180000305175781,1.6165900230407715,1.617840051651001,0,2026-08-27 00:00:00+00:00
1787803200000,1.617840051651001,1.6185100078582764,1.6173800230026245,1.6178300380706787,0,2026-08-27 04:00:00+00:00
1787817600000,1.6178300380706787,1.6180000305175781,1.6140600442886353,1.614590048789978,0,2026-08-27 08:00:00+00:00
1787832000000,1.6146199703216553,1.6156200170516968,1.613669991493225,1.6143699884414673,0,2026-08-27 12:00:00+00:00
1787846400000,1.6143699884414673,1.6147300004959106,1.6131600141525269,1.6136399507522583,0,2026-08-27 16:00:00+00:00
1787860800000,1.613669991493225,1.6145999431610107,1.6128000020980835,1.6140700578689575,0,2026-08-27 20:00:00+00:00
1787875200000,1.614050030708313,1.6143100261688232,1.612630009651184,1.6130000352859497,0,2026-08-28 00:00:00+00:00
1787889600000,1.6130399703979492,1.6135400533676147,1.6119799613952637,1.6133400201797485,0,2026-08-28 04:00:00+00:00
1787904000000,1.6132899522781372,1.613800048828125,1.6118600368499756,1.6128900051116943,0,2026-08-28 08:00:00+00:00
1787918400000,1.6128900051116943,1.6140600442886353,1.6107399463653564,1.6116199493408203,0,2026-08-28 12:00:00+00:00
1787932800000,1.6116199493408203,1.6118799448013306,1.6095900535583496,1.6106599569320679,0,2026-08-28 16:00:00+00:00
1787947200000,1.6106599569320679,1.6110800504684448,1.609470009803772,1.610129952430725,0,2026-08-28 20:00:00+00:00
1788120000000,1.610569953918457,1.61080002784729,1.6099400520324707,1.6107100248336792,0,2026-08-30 20:00:00+00:00
1788134400000,1.6107100248336792,1.6113100051879883,1.6094499826431274,1.6100200414657593,0,2026-08-31 00:00:00+00:00
1788148800000,1.6099900007247925,1.6121000051498413,1.609320044517517,1.6117899417877197,0,2026-08-31 04:00:00+00:00
1788163200000,1.6117600202560425,1.6122100353240967,1.6099499464035034,1.6103500127792358,0,2026-08-31 08:00:00+00:00
1788177600000,1.6102700233459473,1.6107699871063232,1.6082899570465088,1.6101499795913696,0,2026-08-31 12:00:00+00:00
1788192000000,1.6101499795913696,1.6102700233459473,1.6087000370025635,1.609879970550537,0,2026-08-31 16:00:00+00:00
1788206400000,1.6098500490188599,1.6099400520324707,1.6085699796676636,1.6092699766159058,0,2026-08-31 20:00:00+00:00
1788220800000,1.6092900037765503,1.6098300218582153,1.6084200143814087,1.609339952468872,0,2026-09-01 00:00:00+00:00
1788235200000,1.609339952468872,1.609660029411316,1.6078100204467773,1.6084500551223755,0,2026-09-01 04:00:00+00:00
1788249600000,1.6084200143814087,1.6093900203704834,1.6071900129318237,1.6090199947357178,0,2026-09-01 08:00:00+00:00
1788264000000,1.6090199947357178,1.6124399900436401,1.6084200143814087,1.6116299629211426,0,2026-09-01 12:00:00+00:00
1788278400000,1.6116399765014648,1.6118799448013306,1.6098099946975708,1.6104600429534912,0,2026-09-01 16:00:00+00:00
1788292800000,1.6104899644851685,1.611340045928955,1.6090400218963623,1.6104799509048462,0,2026-09-01 20:00:00+00:00
1788307200000,1.6104999780654907,1.6113300323486328,1.6088000535964966,1.6113200187683105,0,2026-09-02 00:00:00+00:00
1788321600000,1.6112799644470215,1.6124299764633179,1.6100300550460815,1.6122499704360962,0,2026-09-02 04:00:00+00:00
1788336000000,1.6122499704360962,1.6136399507522583,1.6112799644470215,1.6122000217437744,0,2026-09-02 08:00:00+00:00
1788350400000,1.6122599840164185,1.6136399507522583,1.6039199829101562,1.6055400371551514,0,2026-09-02 12:00:00+00:00
1788364800000,1.605530023574829,1.6062099933624268,1.6024399995803833,1.603469967842102,0,2026-09-02 16:00:00+00:00
1788379200000,1.6034200191497803,1.6044399738311768,1.6022800207138062,1.603700041770935,0,2026-09-02 20:00:00+00:00
1788393600000,1.603700041770935,1.6038000583648682,1.6025400161743164,1.6035000085830688,0,2026-09-03 00:00:00+00:00
1788408000000,1.6034799814224243,1.605389952659607,1.6028300523757935,1.6030900478363037,0,2026-09-03 04:00:00+00:00
1788422400000,1.6030900478363037,1.6034899950027466,1.6011500358581543,1.6013799905776978,0,2026-09-03 08:00:00+00:00
1788436800000,1.6013799905776978,1.6042399406433105,1.6007000207901,1.6016600131988525,0,2026-09-03 12:00:00+00:00
1788451200000,1.6016600131988525,1.604099988937378,1.6011799573898315,1.6030299663543701,0,2026-09-03 16:00:00+00:00
1788465600000,1.6029900312423706,1.6037499904632568,1.6016199588775635,1.603410005569458,0,2026-09-03 20:00:00+00:00
1788480000000,1.603410005569458,1.6038999557495117,1.6025199890136719,1.6030700206756592,0,2026-09-04 00:00:00+00:00
1788494400000,1.6030399799346924,1.6044000387191772,1.6023399829864502,1.6043399572372437,0,2026-09-04 04:00:00+00:00
1788508800000,1.604349970817566,1.6048699617385864,1.6030199527740479,1.6038099527359009,0,2026-09-04 08:00:00+00:00
1788523200000,1.6038000583648682,1.60971999168396,1.5999000072479248,1.6073800325393677,0,2026-09-04 12:00:00+00:00
1788537600000,1.6073800325393677,1.6084200143814087,1.6054600477218628,1.6064599752426147,0,2026-09-04 16:00:00+00:00
1788552000000,1.6064300537109375,1.6071300506591797,1.6058499813079834,1.6068999767303467,0,2026-09-04 20:00:00+00:00
1788724800000,1.6065900325775146,1.6067099571228027,1.6059999465942383,1.6065800189971924,0,2026-09-06 20:00:00+00:00
1788739200000,1.6066299676895142,1.6073600053787231,1.6059900522232056,1.606529951095581,0,2026-09-07 00:00:00+00:00
1788753600000,1.606529951095581,1.607509970664978,1.605720043182373,1.6074299812316895,0,2026-09-07 04:00:00+00:00
1788768000000,1.6074199676513672,1.6081700325012207,1.6054699420928955,1.6063499450683594,0,2026-09-07 08:00:00+00:00
1788782400000,1.6063499450683594,1.606600046157837,1.6049200296401978,1.6058399677276611,0,2026-09-07 12:00:00+00:00
1788796800000,1.6058900356292725,1.6060999631881714,1.6049200296401978,1.6055899858474731,0,2026-09-07 16:00:00+00:00
1788811200000,1.6055899858474731,1.6064800024032593,1.6041899919509888,1.6050599813461304,0,2026-09-07 20:00:00+00:00
1788825600000,1.6050599813461304,1.605720043182373,1.604159951210022,1.604580044746399,0,2026-09-08 00:00:00+00:00
1788840000000,1.6045600175857544,1.6049000024795532,1.6013100147247314,1.6019200086593628,0,2026-09-08 04:00:00+00:00
1788854400000,1.6019500494003296,1.6038999557495117,1.601199984550476,1.6028900146484375,0,2026-09-08 08:00:00+00:00
1788868800000,1.6028900146484375,1.6038600206375122,1.5997899770736694,1.6020499467849731,0,2026-09-08 12:00:00+00:00
1788883200000,1.6020300388336182,1.6029599905014038,1.6014200448989868,1.601930022239685,0,2026-09-08 16:00:00+00:00
1788897600000,1.6019200086593628,1.6027799844741821,1.6007100343704224,1.6017500162124634,0,2026-09-08 20:00:00+00:00
1788912000000,1.6017500162124634,1.602620005607605,1.6015000343322754,1.602020025253296,0,2026-09-09 00:00:00+00:00
1788926400000,1.602020025253296,1.6040699481964111,1.6015299558639526,1.6034899950027466,0,2026-09-09 04:00:00+00:00
1788940800000,1.6034899950027466,1.6041100025177002,1.60139000415802,1.6036100387573242,0,2026-09-09 08:00:00+00:00
1788955200000,1.603600025177002,1.607200026512146,1.6033799648284912,1.6052099466323853,0,2026-09-09 12:00:00+00:00
1788969600000,1.6051900386810303,1.6067999601364136,1.6047300100326538,1.6060600280761719,0,2026-09-09 16:00:00+00:00
1788984000000,1.6059999465942383,1.6064900159835815,1.6041200160980225,1.6057699918746948,0,2026-09-09 20:00:00+00:00
1788998400000,1.6057699918746948,1.6067999601364136,1.605239987373352,1.6066800355911255,0,2026-09-10 00:00:00+00:00
1789012800000,1.6066800355911255,1.60725998878479,1.6059000492095947,1.6070499420166016,0,2026-09-10 04:00:00+00:00
1789027200000,1.6070499420166016,1.6071100234985352,1.6046799421310425,1.6048599481582642,0,2026-09-10 08:00:00+00:00
1789041600000,1.6048599481582642,1.6073499917984009,1.6028300523757935,1.6052299737930298,0,2026-09-10 12:00:00+00:00
1789056000000,1.6052500009536743,1.6064000129699707,1.6045600175857544,1.6058900356292725,0,2026-09-10 16:00:00+00:00
1789070400000,1.6058800220489502,1.6064300537109375,1.6041200160980225,1.606279969215393,0,2026-09-10 20:00:00+00:00
1789084800000,1.606279969215393,1.6071300506591797,1.6053800582885742,1.6059499979019165,0,2026-09-11 00:00:00+00:00
1789099200000,1.605929970741272,1.6071399450302124,1.6051199436187744,1.6058100461959839,0,2026-09-11 04:00:00+00:00
1789113600000,1.6057900190353394,1.6069999933242798,1.605080008506775,1.6063799858093262,0,2026-09-11 08:00:00+00:00
1789128000000,1.6063799858093262,1.611799955368042,1.604099988937378,1.6087700128555298,0,2026-09-11 12:00:00+00:00
1789142400000,1.6087700128555298,1.6092000007629395,1.6068600416183472,1.6076200008392334,0,2026-09-11 16:00:00+00:00
1789156800000,1.6076099872589111,1.6092000007629395,1.6066800355911255,1.6085000038146973,0,2026-09-11 20:00:00+00:00
1789329600000,1.6075999736785889,1.6079200506210327,1.6069600582122803,1.6076699495315552,0,2026-09-13 20:00:00+00:00
1789344000000,1.6076699495315552,1.607800006866455,1.6045600175857544,1.6050900220870972,0,2026-09-14 00:00:00+00:00
1789358400000,1.6051100492477417,1.6051499843597412,1.6015900373458862,1.6022100448608398,0,2026-09-14 04:00:00+00:00
1789372800000,1.6022100448608398,1.6040799617767334,1.601330041885376,1.6035200357437134,0,2026-09-14 08:00:00+00:00
1789387200000,1.6035200357437134,1.6071200370788574,1.603219985961914,1.6065700054168701,0,2026-09-14 12:00:00+00:00
1789401600000,1.606529951095581,1.607509970664978,1.604740023612976,1.6053099632263184,0,2026-09-14 16:00:00+00:00
1789416000000,1.605370044708252,1.6058499813079834,1.6041200160980225,1.6051000356674194,0,2026-09-14 20:00:00+00:00
1789430400000,1.605080008506775,1.605329990386963,1.60385000705719,1.6052000522613525,0,2026-09-15 00:00:00+00:00
1789444800000,1.6052000522613525,1.605299949645996,1.6026500463485718,1.6042799949645996,0,2026-09-15 04:00:00+00:00
1789459200000,1.6042499542236328,1.6066499948501587,1.6029800176620483,1.6065900325775146,0,2026-09-15 08:00:00+00:00
1789473600000,1.606220006942749,1.6085000038146973,1.605530023574829,1.6062599420547485,0,2026-09-15 12:00:00+00:00
1789488000000,1.606220006942749,1.6066399812698364,1.6046099662780762,1.6060999631881714,0,2026-09-15 16:00:00+00:00
1789502400000,1.605780005455017,1.6068099737167358,1.6041799783706665,1.6063899993896484,0,2026-09-15 20:00:00+00:00
1789516800000,1.6062899827957153,1.608299970626831,1.6061300039291382,1.6076600551605225,0,2026-09-16 00:00:00+00:00
1789531200000,1.6080000400543213,1.6101200580596924,1.607010006904602,1.6092599630355835,0,2026-09-16 04:00:00+00:00
1789545600000,1.6092400550842285,1.6093300580978394,1.6057300567626953,1.6078699827194214,0,2026-09-16 08:00:00+00:00
1789560000000,1.6078599691390991,1.6085100173950195,1.6064000129699707,1.607640027999878,0,2026-09-16 12:00:00+00:00
1789574400000,1.6076699495315552,1.6087199449539185,1.60371994972229,1.6046500205993652,0,2026-09-16 16:00:00+00:00
1789588800000,1.6046500205993652,1.6047699451446533,1.601539969444275,1.6040400266647339,0,2026-09-16 20:00:00+00:00
1789603200000,1.6040400266647339,1.6044800281524658,1.6025899648666382,1.6032500267028809,0,2026-09-17 00:00:00+00:00
1789617600000,1.6032500267028809,1.6057000160217285,1.6030199527740479,1.6043299436569214,0,2026-09-17 04:00:00+00:00
1789632000000,1.6043299436569214,1.6062599420547485,1.6038600206375122,1.6058800220489502,0,2026-09-17 08:00:00+00:00
1789646400000,1.6059000492095947,1.60725998878479,1.6052000522613525,1.6058100461959839,0,2026-09-17 12:00:00+00:00
1789660800000,1.6058199405670166,1.6060999631881714,1.604200005531311,1.60548996925354,0,2026-09-17 16:00:00+00:00
1789675200000,1.605430006980896,1.6059499979019165,1.604259967803955,1.605430006980896,0,2026-09-17 20:00:00+00:00
1789689600000,1.6053800582885742,1.6061400175094604,1.6046700477600098,1.6059000492095947,0,2026-09-18 00:00:00+00:00
1789704000000,1.6059000492095947,1.6079000234603882,1.6054199934005737,1.6077100038528442,0,2026-09-18 04:00:00+00:00
1789718400000,1.6077100038528442,1.6080000400543213,1.605080008506775,1.6055599451065063,0,2026-09-18 08:00:00+00:00
1789732800000,1.6055599451065063,1.6065000295639038,1.6044700145721436,1.6057499647140503,0,2026-09-18 12:00:00+00:00
1789747200000,1.605780005455017,1.6074399948120117,1.6051199436187744,1.6069600582122803,0,2026-09-18 16:00:00+00:00
1789761600000,1.6069600582122803,1.6072700023651123,1.6051000356674194,1.6060999631881714,0,2026-09-18 20:00:00+00:00
