time,open,high,low,close,volume,datetime
1759982400000,0.8082399964332581,0.8089600205421448,0.8045700192451477,0.8051499724388123,0,2025-10-09 04:00:00+00:00
1759996800000,0.8051400184631348,0.8063899874687195,0.8039699792861938,0.8062700033187866,0,2025-10-09 08:00:00+00:00
1760011200000,0.8062599897384644,0.8066099882125854,0.8039600253105164,0.8045200109481812,0,2025-10-09 12:00:00+00:00
1760025600000,0.8045300245285034,0.8054999709129333,0.8042299747467041,0.8052200078964233,0,2025-10-09 16:00:00+00:00
1760040000000,0.805180013179779,0.8065400123596191,0.8044499754905701,0.8062999844551086,0,2025-10-09 20:00:00+00:00
1760054400000,0.8063600063323975,0.8069000244140625,0.8054900169372559,0.8067399859428406,0,2025-10-10 00:00:00+00:00
1760068800000,0.8068000078201294,0.8070200085639954,0.8050600290298462,0.806439995765686,0,2025-10-10 04:00:00+00:00
1760083200000,0.806439995765686,0.8071500062942505,0.8054900169372559,0.805899977684021,0,2025-10-10 08:00:00+00:00
1760097600000,0.8058900237083435,0.8066499829292297,0.8011900186538696,0.8022699952125549,0,2025-10-10 12:00:00+00:00
1760112000000,0.8022599816322327,0.8026999831199646,0.8007299900054932,0.8013499975204468,0,2025-10-10 16:00:00+00:00
1760126400000,0.8012700080871582,0.8016700148582458,0.7998600006103516,0.8010200262069702,0,2025-10-10 20:00:00+00:00
1760299200000,0.8023999929428101,0.8024500012397766,0.8010900020599365,0.8014600276947021,0,2025-10-12 20:00:00+00:00
1760313600000,0.8013899922370911,0.8035299777984619,0.80103999376297,0.8025000095367432,0,2025-10-13 00:00:00+00:00
1760328000000,0.8025000095367432,0.8036500215530396,0.8021199703216553,0.8031499981880188,0,2025-10-13 04:00:00+00:00
1760342400000,0.8032299876213074,0.8034899830818176,0.8010600209236145,0.8012800216674805,0,2025-10-13 08:00:00+00:00
1760356800000,0.8013200163841248,0.804069995880127,0.801069974899292,0.8039299845695496,0,2025-10-13 12:00:00+00:00
1760371200000,0.8039900064468384,0.8047099709510803,0.8035899996757507,0.8037300109863281,0,2025-10-13 16:00:00+00:00
1760385600000,0.8037700057029724,0.8039299845695496,0.8021299839019775,0.8025400042533875,0,2025-10-13 20:00:00+00:00
1760400000000,0.8024500012397766,0.8035899996757507,0.80103999376297,0.8016700148582458,0,2025-10-14 00:00:00+00:00
1760414400000,0.8017299771308899,0.8019499778747559,0.7991899847984314,0.8000500202178955,0,2025-10-14 04:00:00+00:00
1760428800000,0.800000011920929,0.8005599975585938,0.7994099855422974,0.7998200058937073,0,2025-10-14 08:00:00+00:00
1760443200000,0.799839973449707,0.8032900094985962,0.7994400262832642,0.8028600215911865,0,2025-10-14 12:00:00+00:00
1760457600000,0.8027700185775757,0.8033499717712402,0.8015099763870239,0.8019599914550781,0,2025-10-14 16:00:00+00:00
1760472000000,0.8019599914550781,0.8041999936103821,0.8015999794006348,0.8022300004959106,0,2025-10-14 20:00:00+00:00
1760486400000,0.8022500276565552,0.8036199808120728,0.8013499975204468,0.8030800223350525,0,2025-10-15 00:00:00+00:00
1760500800000,0.8030099868774414,0.8042500019073486,0.8019800186157227,0.8035500049591064,0,2025-10-15 04:00:00+00:00
1760515200000,0.8034499883651733,0.8043599724769592,0.8032900094985962,0.8036800026893616,0,2025-10-15 08:00:00+00:00
1760529600000,0.803629994392395,0.8039600253105164,0.8026000261306763,0.8030200004577637,0,2025-10-15 12:00:00+00:00
1760544000000,0.8030400276184082,0.8035899996757507,0.801859974861145,0.8034499883651733,0,2025-10-15 16:00:00+00:00
1760558400000,0.8034200072288513,0.8037400245666504,0.8017200231552124,0.8026300072669983,0,2025-10-15 20:00:00+00:00
1760572800000,0.8025699853897095,0.8069499731063843,0.8015400171279907,0.8051699995994568,0,2025-10-16 00:00:00+00:00
1760587200000,0.8052099943161011,0.8063099980354309,0.804610013961792,0.8050900101661682,0,2025-10-16 04:00:00+00:00
1760601600000,0.8051499724388123,0.8061599731445312,0.8046200275421143,0.8059599995613098,0,2025-10-16 08:00:00+00:00
1760616000000,0.8061100244522095,0.8066999912261963,0.8036500215530396,0.8047999739646912,0,2025-10-16 12:00:00+00:00
1760630400000,0.8048099875450134,0.805429995059967,0.8034600019454956,0.8041599988937378,0,2025-10-16 16:00:00+00:00
1760644800000,0.8041499853134155,0.8047999739646912,0.8030400276184082,0.8042100071907043,0,2025-10-16 20:00:00+00:00
1760659200000,0.8042200207710266,0.8049299716949463,0.8029500246047974,0.8042299747467041,0,2025-10-17 00:00:00+00:00
1760673600000,0.8042100071907043,0.8056300282478333,0.8029299974441528,0.8038399815559387,0,2025-10-17 04:00:00+00:00
1760688000000,0.803849995136261,0.8055199980735779,0.8028600215911865,0.8039600253105164,0,2025-10-17 08:00:00+00:00
1760702400000,0.8039600253105164,0.8043299913406372,0.8018500208854675,0.803409993648529,0,2025-10-17 12:00:00+00:00
1760716800000,0.8034700155258179,0.804069995880127,0.8028799891471863,0.8039100170135498,0,2025-10-17 16:00:00+00:00
1760731200000,0.8039299845695496,0.8041399717330933,0.8019499778747559,0.8026300072669983,0,2025-10-17 20:00:00+00:00
1760904000000,0.8033499717712402,0.8033999800682068,0.8025199770927429,0.8031499981880188,0,2025-10-19 20:00:00+00:00
1760918400000,0.8030400276184082,0.8045099973678589,0.8025100231170654,0.8036199808120728,0,2025-10-20 00:00:00+00:00
1760932800000,0.8035600185394287,0.8046000003814697,0.8032299876213074,0.8043100237846375,0,2025-10-20 04:00:00+00:00
1760947200000,0.8041999936103821,0.8053100109100342,0.8033499717712402,0.8041800260543823,0,2025-10-20 08:00:00+00:00
1760961600000,0.8041399717330933,0.8070399761199951,0.8040099740028381,0.80663001537323,0,2025-10-20 12:00:00+00:00
1760976000000,0.8065999746322632,0.8068600296974182,0.805869996547699,0.8060399889945984,0,2025-10-20 16:00:00+00:00
1760990400000,0.8060200214385986,0.8066800236701965,0.8044099807739258,0.8057900071144104,0,2025-10-20 20:00:00+00:00
1761004800000,0.8059099912643433,0.8069599866867065,0.8048400282859802,0.805079996585846,0,2025-10-21 00:00:00+00:00
1761019200000,0.8050400018692017,0.8050699830055237,0.8032600283622742,0.8035699725151062,0,2025-10-21 04:00:00+00:00
1761033600000,0.8035200238227844,0.8040500283241272,0.8026800155639648,0.8037599921226501,0,2025-10-21 08:00:00+00:00
1761048000000,0.8036999702453613,0.8051000237464905,0.8016700148582458,0.804889976978302,0,2025-10-21 12:00:00+00:00
1761062400000,0.8048800230026245,0.8053500056266785,0.8044599890708923,0.8050699830055237,0,2025-10-21 16:00:00+00:00
1761076800000,0.805079996585846,0.8051499724388123,0.8033000230789185,0.8048999905586243,0,2025-10-21 20:00:00+00:00
1761091200000,0.8049299716949463,0.8052099943161011,0.8037499785423279,0.804830014705658,0,2025-10-22 00:00:00+00:00
1761105600000,0.8048400282859802,0.8061699867248535,0.8045499920845032,0.8054199814796448,0,2025-10-22 04:00:00+00:00
1761120000000,0.8054699897766113,0.8055199980735779,0.8043400049209595,0.8049100041389465,0,2025-10-22 08:00:00+00:00
1761134400000,0.8049100041389465,0.8055899739265442,0.8029999732971191,0.8037800192832947,0,2025-10-22 12:00:00+00:00
1761148800000,0.8037700057029724,0.8039199709892273,0.8020399808883667,0.8025400042533875,0,2025-10-22 16:00:00+00:00
1761163200000,0.8024899959564209,0.8031899929046631,0.8020200133323669,0.8022699952125549,0,2025-10-22 20:00:00+00:00
1761177600000,0.8022599816322327,0.8032000064849854,0.801069974899292,0.8013700246810913,0,2025-10-23 00:00:00+00:00
1761192000000,0.801289975643158,0.8041099905967712,0.8012700080871582,0.8040099740028381,0,2025-10-23 04:00:00+00:00
1761206400000,0.8040000200271606,0.8045799732208252,0.8032299876213074,0.8033300042152405,0,2025-10-23 08:00:00+00:00
1761220800000,0.8032699823379517,0.8048200011253357,0.8027099967002869,0.8043199777603149,0,2025-10-23 12:00:00+00:00
1761235200000,0.8042799830436707,0.805109977722168,0.8040000200271606,0.8042899966239929,0,2025-10-23 16:00:00+00:00
1761249600000,0.8042799830436707,0.8050299882888794,0.8033499717712402,0.8047699928283691,0,2025-10-23 20:00:00+00:00
1761264000000,0.8048200011253357,0.8060200214385986,0.8038899898529053,0.8054100275039673,0,2025-10-24 00:00:00+00:00
1761278400000,0.8054699897766113,0.806410014629364,0.8046200275421143,0.8053900003433228,0,2025-10-24 04:00:00+00:00
1761292800000,0.8052600026130676,0.805429995059967,0.8044700026512146,0.8053299784660339,0,2025-10-24 08:00:00+00:00
1761307200000,0.8052800297737122,0.8089500069618225,0.8045799732208252,0.8050500154495239,0,2025-10-24 12:00:00+00:00
1761321600000,0.8050600290298462,0.8053500056266785,0.8041599988937378,0.8045499920845032,0,2025-10-24 16:00:00+00:00
1761336000000,0.804390013217926,0.8047099709510803,0.8035299777984619,0.8043100237846375,0,2025-10-24 20:00:00+00:00
1761523200000,0.8054900169372559,0.8065800070762634,0.8048200011253357,0.8051499724388123,0,2025-10-27 00:00:00+00:00
1761537600000,0.8051699995994568,0.8062700033187866,0.803820013999939,0.8039100170135498,0,2025-10-27 04:00:00+00:00
1761552000000,0.8039699792861938,0.8059700131416321,0.8038300275802612,0.8059099912643433,0,2025-10-27 08:00:00+00:00
1761566400000,0.8058500289916992,0.8068900108337402,0.8050299882888794,0.8062099814414978,0,2025-10-27 12:00:00+00:00
1761580800000,0.8062000274658203,0.8073800206184387,0.8061100244522095,0.8072199821472168,0,2025-10-27 16:00:00+00:00
1761595200000,0.807200014591217,0.8079100251197815,0.8057699799537659,0.8078100085258484,0,2025-10-27 20:00:00+00:00
1761609600000,0.8078100085258484,0.8081899881362915,0.8071399927139282,0.8079400062561035,0,2025-10-28 00:00:00+00:00
1761624000000,0.8079500198364258,0.8087800145149231,0.80690997838974,0.8074600100517273,0,2025-10-28 04:00:00+00:00
1761638400000,0.8075500130653381,0.8082600235939026,0.8057399988174438,0.8078200221061707,0,2025-10-28 08:00:00+00:00
1761652800000,0.8078100085258484,0.807889997959137,0.8050100207328796,0.8052700161933899,0,2025-10-28 12:00:00+00:00
1761667200000,0.8051599860191345,0.8070799708366394,0.8050400018692017,0.8055400252342224,0,2025-10-28 16:00:00+00:00
1761681600000,0.8055800199508667,0.8062899708747864,0.804669976234436,0.805869996547699,0,2025-10-28 20:00:00+00:00
1761696000000,0.8058500289916992,0.806659996509552,0.8042200207710266,0.8061100244522095,0,2025-10-29 00:00:00+00:00
1761710400000,0.8061000108718872,0.8071900010108948,0.805400013923645,0.8059899806976318,0,2025-10-29 04:00:00+00:00
1761724800000,0.8058300018310547,0.8065000176429749,0.8049799799919128,0.8058099746704102,0,2025-10-29 08:00:00+00:00
1761739200000,0.8057100176811218,0.8066400289535522,0.8040400147438049,0.8053200244903564,0,2025-10-29 12:00:00+00:00
1761753600000,0.8053399920463562,0.8058099746704102,0.8015999794006348,0.8035799860954285,0,2025-10-29 16:00:00+00:00
1761768000000,0.803600013256073,0.8039900064468384,0.8017299771308899,0.8032799959182739,0,2025-10-29 20:00:00+00:00
1761782400000,0.8032699823379517,0.8054699897766113,0.80308997631073,0.8050900101661682,0,2025-10-30 00:00:00+00:00
1761796800000,0.8051499724388123,0.806119978427887,0.8036900162696838,0.8047800064086914,0,2025-10-30 04:00:00+00:00
1761811200000,0.8047999739646912,0.8050400018692017,0.8036500215530396,0.8039399981498718,0,2025-10-30 08:00:00+00:00
1761825600000,0.8038700222969055,0.8041700124740601,0.8017100095748901,0.8031299710273743,0,2025-10-30 12:00:00+00:00
1761840000000,0.8031299710273743,0.8033499717712402,0.8021600246429443,0.8023200035095215,0,2025-10-30 16:00:00+00:00
1761854400000,0.8022599816322327,0.8030999898910522,0.8021399974822998,0.8028799891471863,0,2025-10-30 20:00:00+00:00
1761868800000,0.803059995174408,0.8031299710273743,0.8009300231933594,0.8014600276947021,0,2025-10-31 00:00:00+00:00
1761883200000,0.801580011844635,0.8019899725914001,0.8000500202178955,0.8008000254631042,0,2025-10-31 04:00:00+00:00
1761897600000,0.800849974155426,0.8022000193595886,0.7998800277709961,0.8020200133323669,0,2025-10-31 08:00:00+00:00
1761912000000,0.8020300269126892,0.8029699921607971,0.8009700179100037,0.8021600246429443,0,2025-10-31 12:00:00+00:00
1761926400000,0.8021600246429443,0.8025199770927429,0.8011900186538696,0.8024100065231323,0,2025-10-31 16:00:00+00:00
1761940800000,0.8024200201034546,0.8025599718093872,0.8009499907493591,0.8017100095748901,0,2025-10-31 20:00:00+00:00
1762128000000,0.801800012588501,0.8020300269126892,0.8006100058555603,0.8018900156021118,0,2025-11-03 00:00:00+00:00
1762142400000,0.8019000291824341,0.8026400208473206,0.8016200065612793,0.8022199869155884,0,2025-11-03 04:00:00+00:00
1762156800000,0.802299976348877,0.8032500147819519,0.8015300035476685,0.8028799891471863,0,2025-11-03 08:00:00+00:00
1762171200000,0.8028900027275085,0.803059995174408,0.8009200096130371,0.8020099997520447,0,2025-11-03 12:00:00+00:00
1762185600000,0.8019400238990784,0.8025500178337097,0.8014799952507019,0.8020899891853333,0,2025-11-03 16:00:00+00:00
1762200000000,0.8021100163459778,0.8024399876594543,0.8008700013160706,0.8018900156021118,0,2025-11-03 20:00:00+00:00
1762214400000,0.8019000291824341,0.8020099997520447,0.7997900247573853,0.8007699847221375,0,2025-11-04 00:00:00+00:00
1762228800000,0.8006799817085266,0.8009799718856812,0.7982199788093567,0.7990800142288208,0,2025-11-04 04:00:00+00:00
1762243200000,0.7990900278091431,0.799589991569519,0.7962999939918518,0.796999990940094,0,2025-11-04 08:00:00+00:00
1762257600000,0.7969800233840942,0.798229992389679,0.79653000831604,0.797950029373169,0,2025-11-04 12:00:00+00:00
1762272000000,0.797950029373169,0.7981100082397461,0.7961900234222412,0.7965099811553955,0,2025-11-04 16:00:00+00:00
1762286400000,0.7965099811553955,0.7980999946594238,0.7938399910926819,0.7954300045967102,0,2025-11-04 20:00:00+00:00
1762300800000,0.7954400181770325,0.7979300022125244,0.7938899993896484,0.7977399826049805,0,2025-11-05 00:00:00+00:00
1762315200000,0.797730028629303,0.7985900044441223,0.7973099946975708,0.7975500226020813,0,2025-11-05 04:00:00+00:00
1762329600000,0.7975599765777588,0.7985399961471558,0.7967900037765503,0.79721999168396,0,2025-11-05 08:00:00+00:00
1762344000000,0.7971699833869934,0.7986999750137329,0.7961300015449524,0.7985600233078003,0,2025-11-05 12:00:00+00:00
1762358400000,0.798550009727478,0.7993299961090088,0.7980300188064575,0.7985799908638,0,2025-11-05 16:00:00+00:00
1762372800000,0.7986000180244446,0.7992200255393982,0.7969499826431274,0.7988899946212769,0,2025-11-05 20:00:00+00:00
1762387200000,0.7988499999046326,0.7990400195121765,0.7975500226020813,0.7985100150108337,0,2025-11-06 00:00:00+00:00
1762401600000,0.7984700202941895,0.7991700172424316,0.7972000241279602,0.7976700067520142,0,2025-11-06 04:00:00+00:00
1762416000000,0.7976999878883362,0.7983300089836121,0.7967699766159058,0.797469973564148,0,2025-11-06 08:00:00+00:00
1762430400000,0.797469973564148,0.7989100217819214,0.7946599721908569,0.7953900098800659,0,2025-11-06 12:00:00+00:00
1762444800000,0.7954099774360657,0.795930027961731,0.794219970703125,0.7953600287437439,0,2025-11-06 16:00:00+00:00
1762459200000,0.7953500151634216,0.7958599925041199,0.7938899993896484,0.7955099940299988,0,2025-11-06 20:00:00+00:00
1762473600000,0.7954599857330322,0.7957299947738647,0.793429970741272,0.7936499714851379,0,2025-11-07 00:00:00+00:00
1762488000000,0.7936800122261047,0.7941300272941589,0.7903800010681152,0.7912999987602234,0,2025-11-07 04:00:00+00:00
1762502400000,0.7912999987602234,0.7934499979019165,0.7912499904632568,0.7929099798202515,0,2025-11-07 08:00:00+00:00
1762516800000,0.7929099798202515,0.7932800054550171,0.7892900109291077,0.7898100018501282,0,2025-11-07 12:00:00+00:00
1762531200000,0.7898399829864502,0.7906799912452698,0.7893499732017517,0.7897300124168396,0,2025-11-07 16:00:00+00:00
1762545600000,0.7897300124168396,0.7903199791908264,0.7887300252914429,0.7901899814605713,0,2025-11-07 20:00:00+00:00
1762732800000,0.7900099754333496,0.7908099889755249,0.7889599800109863,0.7894999980926514,0,2025-11-10 00:00:00+00:00
1762747200000,0.7894899845123291,0.7906399965286255,0.7894399762153625,0.7895799875259399,0,2025-11-10 04:00:00+00:00
1762761600000,0.7895699739456177,0.7916799783706665,0.7886800169944763,0.7905799746513367,0,2025-11-10 08:00:00+00:00
1762776000000,0.7905899882316589,0.7909700274467468,0.7892799973487854,0.7895200252532959,0,2025-11-10 12:00:00+00:00
1762790400000,0.7895100116729736,0.7917100191116333,0.7893800139427185,0.791159987449646,0,2025-11-10 16:00:00+00:00
1762804800000,0.7911700010299683,0.7921900153160095,0.7893499732017517,0.7912700176239014,0,2025-11-10 20:00:00+00:00
1762819200000,0.7913100123405457,0.7920600175857544,0.7904199957847595,0.7920100092887878,0,2025-11-11 00:00:00+00:00
1762833600000,0.791949987411499,0.7923399806022644,0.7903299927711487,0.7910100221633911,0,2025-11-11 04:00:00+00:00
1762848000000,0.7910000085830688,0.7921000123023987,0.7908499836921692,0.7919700145721436,0,2025-11-11 08:00:00+00:00
1762862400000,0.7919800281524658,0.7938799858093262,0.7915999889373779,0.7917500138282776,0,2025-11-11 12:00:00+00:00
1762876800000,0.7917500138282776,0.7928100228309631,0.7917100191116333,0.7923799753189087,0,2025-11-11 16:00:00+00:00
1762891200000,0.7924100160598755,0.7927500009536743,0.7906200289726257,0.7926300168037415,0,2025-11-11 20:00:00+00:00
1762905600000,0.7926700115203857,0.793179988861084,0.791949987411499,0.7921000123023987,0,2025-11-12 00:00:00+00:00
1762920000000,0.7920600175857544,0.7925599813461304,0.7912600040435791,0.7922000288963318,0,2025-11-12 04:00:00+00:00
1762934400000,0.7922000288963318,0.7929900288581848,0.7915599942207336,0.7928699851036072,0,2025-11-12 08:00:00+00:00
1762948800000,0.7928599715232849,0.793690025806427,0.7921299934387207,0.792140007019043,0,2025-11-12 12:00:00+00:00
1762963200000,0.7921900153160095,0.7932599782943726,0.7920799851417542,0.7928699851036072,0,2025-11-12 16:00:00+00:00
1762977600000,0.7928900122642517,0.7957299947738647,0.792140007019043,0.7929499745368958,0,2025-11-12 20:00:00+00:00
1762992000000,0.7929499745368958,0.7932800054550171,0.790910005569458,0.7920299768447876,0,2025-11-13 00:00:00+00:00
1763006400000,0.7919700145721436,0.7933700084686279,0.7889699935913086,0.7931200265884399,0,2025-11-13 04:00:00+00:00
1763020800000,0.7931100130081177,0.7948099970817566,0.7925900220870972,0.7928100228309631,0,2025-11-13 08:00:00+00:00
1763035200000,0.7928199768066406,0.7949100136756897,0.7924000024795532,0.7946000099182129,0,2025-11-13 12:00:00+00:00
1763049600000,0.7946000099182129,0.7954999804496765,0.7919800281524658,0.793429970741272,0,2025-11-13 16:00:00+00:00
1763064000000,0.793429970741272,0.7955700159072876,0.7917600274085999,0.7928799986839294,0,2025-11-13 20:00:00+00:00
1763078400000,0.792930006980896,0.797760009765625,0.7925800085067749,0.7972699999809265,0,2025-11-14 00:00:00+00:00
1763092800000,0.7973600029945374,0.7979000210762024,0.7958400249481201,0.7966399788856506,0,2025-11-14 04:00:00+00:00
1763107200000,0.79653000831604,0.7973099946975708,0.7955700159072876,0.7972999811172485,0,2025-11-14 08:00:00+00:00
1763121600000,0.7972099781036377,0.7978799939155579,0.7960799932479858,0.7971400022506714,0,2025-11-14 12:00:00+00:00
1763136000000,0.797249972820282,0.7976999878883362,0.7959399819374084,0.7963600158691406,0,2025-11-14 16:00:00+00:00
1763150400000,0.7963600158691406,0.7965499758720398,0.7950699925422668,0.796500027179718,0,2025-11-14 20:00:00+00:00
1763337600000,0.7954300045967102,0.795799970626831,0.7940199971199036,0.7947099804878235,0,2025-11-17 00:00:00+00:00
1763352000000,0.7946900129318237,0.7973099946975708,0.7946599721908569,0.7972000241279602,0,2025-11-17 04:00:00+00:00
1763366400000,0.797249972820282,0.7973200082778931,0.7940599918365479,0.7950599789619446,0,2025-11-17 08:00:00+00:00
1763380800000,0.795009970664978,0.7956299781799316,0.7937700152397156,0.795490026473999,0,2025-11-17 12:00:00+00:00
1763395200000,0.7954999804496765,0.7959200143814087,0.7925800085067749,0.7940400242805481,0,2025-11-17 16:00:00+00:00
1763409600000,0.7940400242805481,0.7953900098800659,0.7936699986457825,0.7943000197410583,0,2025-11-17 20:00:00+00:00
1763424000000,0.7942900061607361,0.7948799729347229,0.7935900092124939,0.7938799858093262,0,2025-11-18 00:00:00+00:00
1763438400000,0.7939299941062927,0.7952499985694885,0.7925500273704529,0.794920027256012,0,2025-11-18 04:00:00+00:00
1763452800000,0.794920027256012,0.795740008354187,0.7943300008773804,0.7948700189590454,0,2025-11-18 08:00:00+00:00
1763467200000,0.7948099970817566,0.7950299978256226,0.7913699746131897,0.7922199964523315,0,2025-11-18 12:00:00+00:00
1763481600000,0.7921900153160095,0.7927700281143188,0.7910400032997131,0.7918400168418884,0,2025-11-18 16:00:00+00:00
1763496000000,0.7918699979782104,0.7920699715614319,0.7900699973106384,0.7912300229072571,0,2025-11-18 20:00:00+00:00
1763510400000,0.7912499904632568,0.7914000153541565,0.7881399989128113,0.7881799936294556,0,2025-11-19 00:00:00+00:00
1763524800000,0.7881900072097778,0.7894799709320068,0.7877200245857239,0.78889000415802,0,2025-11-19 04:00:00+00:00
1763539200000,0.7889299988746643,0.7891200184822083,0.7871699929237366,0.7885500192642212,0,2025-11-19 08:00:00+00:00
1763553600000,0.7884200215339661,0.7887799739837646,0.7861400246620178,0.7868300080299377,0,2025-11-19 12:00:00+00:00
1763568000000,0.7868099808692932,0.7870699763298035,0.7852299809455872,0.7860599756240845,0,2025-11-19 16:00:00+00:00
1763582400000,0.7860699892044067,0.7882599830627441,0.7856799960136414,0.7882000207901001,0,2025-11-19 20:00:00+00:00
1763596800000,0.7882999777793884,0.788569986820221,0.7864099740982056,0.7880399823188782,0,2025-11-20 00:00:00+00:00
1763611200000,0.7880300283432007,0.7888699769973755,0.7875800132751465,0.7879400253295898,0,2025-11-20 04:00:00+00:00
1763625600000,0.7879400253295898,0.7893999814987183,0.7876499891281128,0.7890200018882751,0,2025-11-20 08:00:00+00:00
1763640000000,0.7890400290489197,0.7918300032615662,0.7873799800872803,0.7893199920654297,0,2025-11-20 12:00:00+00:00
1763654400000,0.789359986782074,0.7899699807167053,0.7879499793052673,0.7888399958610535,0,2025-11-20 16:00:00+00:00
1763668800000,0.7888699769973755,0.7889999747276306,0.7858099937438965,0.787630021572113,0,2025-11-20 20:00:00+00:00
1763683200000,0.7876099944114685,0.7885299921035767,0.7870200276374817,0.7881600260734558,0,2025-11-21 00:00:00+00:00
1763697600000,0.7881199717521667,0.7900099754333496,0.7875000238418579,0.7891899943351746,0,2025-11-21 04:00:00+00:00
1763712000000,0.7892799973487854,0.7896100282669067,0.7871800065040588,0.7882500290870667,0,2025-11-21 08:00:00+00:00
1763726400000,0.7882500290870667,0.7901700139045715,0.7877100110054016,0.790120005607605,0,2025-11-21 12:00:00+00:00
1763740800000,0.7901399731636047,0.7913100123405457,0.7893900275230408,0.790880024433136,0,2025-11-21 16:00:00+00:00
1763755200000,0.7908700108528137,0.7916300296783447,0.7901300191879272,0.7912300229072571,0,2025-11-21 20:00:00+00:00
1763942400000,0.7909799814224243,0.7911999821662903,0.7900599837303162,0.7901999950408936,0,2025-11-24 00:00:00+00:00
1763956800000,0.790149986743927,0.7907299995422363,0.7894899845123291,0.7901999950408936,0,2025-11-24 04:00:00+00:00
1763971200000,0.7902200222015381,0.7916200160980225,0.7895299792289734,0.7915400266647339,0,2025-11-24 08:00:00+00:00
1763985600000,0.7914999723434448,0.7918000221252441,0.7894399762153625,0.7914699912071228,0,2025-11-24 12:00:00+00:00
1764000000000,0.7914999723434448,0.791920006275177,0.7901800274848938,0.7912600040435791,0,2025-11-24 16:00:00+00:00
1764014400000,0.7912799715995789,0.7918999791145325,0.7905700206756592,0.7917600274085999,0,2025-11-24 20:00:00+00:00
1764028800000,0.7917199730873108,0.7929099798202515,0.7901899814605713,0.7908400297164917,0,2025-11-25 00:00:00+00:00
1764043200000,0.7908599972724915,0.7915400266647339,0.7896699905395508,0.7901800274848938,0,2025-11-25 04:00:00+00:00
1764057600000,0.7901700139045715,0.7915099859237671,0.7895200252532959,0.7898600101470947,0,2025-11-25 08:00:00+00:00
1764072000000,0.7898600101470947,0.7919700145721436,0.7893400192260742,0.790880024433136,0,2025-11-25 12:00:00+00:00
1764086400000,0.7908700108528137,0.7930300235748291,0.79066002368927,0.7925199866294861,0,2025-11-25 16:00:00+00:00
1764100800000,0.7925400137901306,0.7932999730110168,0.7905300259590149,0.7930700182914734,0,2025-11-25 20:00:00+00:00
1764115200000,0.7932000160217285,0.8017899990081787,0.792169988155365,0.8007299900054932,0,2025-11-26 00:00:00+00:00
1764129600000,0.8007599711418152,0.8012199997901917,0.7983300089836121,0.7987499833106995,0,2025-11-26 04:00:00+00:00
1764144000000,0.7987499833106995,0.7999500036239624,0.7979199886322021,0.798770010471344,0,2025-11-26 08:00:00+00:00
1764158400000,0.7987599968910217,0.800819993019104,0.7979300022125244,0.7996100187301636,0,2025-11-26 12:00:00+00:00
1764172800000,0.7996000051498413,0.8001400232315063,0.7989799976348877,0.7992900013923645,0,2025-11-26 16:00:00+00:00
1764187200000,0.7992900013923645,0.8008599877357483,0.7984799742698669,0.8007500171661377,0,2025-11-26 20:00:00+00:00
1764201600000,0.8006799817085266,0.8039799928665161,0.80035001039505,0.8036699891090393,0,2025-11-27 00:00:00+00:00
1764216000000,0.803600013256073,0.8039199709892273,0.8018900156021118,0.8030999898910522,0,2025-11-27 04:00:00+00:00
1764230400000,0.8030999898910522,0.8033000230789185,0.8015900254249573,0.8025100231170654,0,2025-11-27 08:00:00+00:00
1764244800000,0.8025199770927429,0.8037199974060059,0.8018900156021118,0.8034499883651733,0,2025-11-27 12:00:00+00:00
1764259200000,0.8033900260925293,0.8036900162696838,0.8021799921989441,0.8024500012397766,0,2025-11-27 16:00:00+00:00
1764273600000,0.8024899959564209,0.8040800094604492,0.8017299771308899,0.8035600185394287,0,2025-11-27 20:00:00+00:00
1764288000000,0.8034300208091736,0.803820013999939,0.8016800284385681,0.8025199770927429,0,2025-11-28 00:00:00+00:00
1764302400000,0.8026900291442871,0.8028799891471863,0.8009999990463257,0.801639974117279,0,2025-11-28 04:00:00+00:00
1764316800000,0.8016300201416016,0.8021299839019775,0.8001899719238281,0.800819993019104,0,2025-11-28 08:00:00+00:00
1764331200000,0.8007400035858154,0.8012199997901917,0.7982699871063232,0.8001000285148621,0,2025-11-28 12:00:00+00:00
1764345600000,0.8000800013542175,0.8020899891853333,0.7997999787330627,0.8014699816703796,0,2025-11-28 16:00:00+00:00
1764360000000,0.8014000058174133,0.8018100261688232,0.7994300127029419,0.8010900020599365,0,2025-11-28 20:00:00+00:00
1764547200000,0.8011599779129028,0.8021100163459778,0.8005599975585938,0.8017899990081787,0,2025-12-01 00:00:00+00:00
1764561600000,0.8017899990081787,0.8019999861717224,0.8007000088691711,0.8016999959945679,0,2025-12-01 04:00:00+00:00
1764576000000,0.8016800284385681,0.8025199770927429,0.801010012626648,0.8016200065612793,0,2025-12-01 08:00:00+00:00
1764590400000,0.801609992980957,0.8027899861335754,0.8001199960708618,0.8016999959945679,0,2025-12-01 12:00:00+00:00
1764604800000,0.8016700148582458,0.8023200035095215,0.8003000020980835,0.8013499975204468,0,2025-12-01 16:00:00+00:00
1764619200000,0.8014000058174133,0.8019199967384338,0.8000400066375732,0.8014900088310242,0,2025-12-01 20:00:00+00:00
1764633600000,0.8014600276947021,0.8019700050354004,0.800570011138916,0.8014199733734131,0,2025-12-02 00:00:00+00:00
1764648000000,0.8014100193977356,0.8022000193595886,0.8011199831962585,0.8019899725914001,0,2025-12-02 04:00:00+00:00
1764662400000,0.8019800186157227,0.8020600080490112,0.7998200058937073,0.800790011882782,0,2025-12-02 08:00:00+00:00
1764676800000,0.8008099794387817,0.8027700185775757,0.8006500005722046,0.8024299740791321,0,2025-12-02 12:00:00+00:00
1764691200000,0.8024299740791321,0.8024799823760986,0.8002899885177612,0.8009999990463257,0,2025-12-02 16:00:00+00:00
1764705600000,0.8009999990463257,0.8020099997520447,0.7995700240135193,0.8017699718475342,0,2025-12-02 20:00:00+00:00
1764720000000,0.8018400073051453,0.8033699989318848,0.8009499907493591,0.8028900027275085,0,2025-12-03 00:00:00+00:00
1764734400000,0.8029500246047974,0.8039199709892273,0.8022500276565552,0.8024500012397766,0,2025-12-03 04:00:00+00:00
1764748800000,0.8024799823760986,0.8026599884033203,0.800819993019104,0.8018199801445007,0,2025-12-03 08:00:00+00:00
1764763200000,0.8018199801445007,0.8040800094604492,0.7999200224876404,0.8037599921226501,0,2025-12-03 12:00:00+00:00
1764777600000,0.8037599921226501,0.8055300116539001,0.8035699725151062,0.8054400086402893,0,2025-12-03 16:00:00+00:00
1764792000000,0.8054400086402893,0.8059300184249878,0.8038600087165833,0.8052800297737122,0,2025-12-03 20:00:00+00:00
1764806400000,0.8053500056266785,0.8059899806976318,0.8044499754905701,0.8050699830055237,0,2025-12-04 00:00:00+00:00
1764820800000,0.805109977722168,0.8060899972915649,0.8049299716949463,0.8059499859809875,0,2025-12-04 04:00:00+00:00
1764835200000,0.805899977684021,0.8066499829292297,0.8051199913024902,0.8059700131416321,0,2025-12-04 08:00:00+00:00
1764849600000,0.8059599995613098,0.8062199950218201,0.803820013999939,0.804390013217926,0,2025-12-04 12:00:00+00:00
1764864000000,0.8043699860572815,0.8052399754524231,0.8034999966621399,0.8045899868011475,0,2025-12-04 16:00:00+00:00
1764878400000,0.8045799732208252,0.8057100176811218,0.8024399876594543,0.8037700057029724,0,2025-12-04 20:00:00+00:00
1764892800000,0.8037700057029724,0.8048700094223022,0.8036699891090393,0.8041700124740601,0,2025-12-05 00:00:00+00:00
1764907200000,0.8042399883270264,0.8058900237083435,0.8042100071907043,0.8050600290298462,0,2025-12-05 04:00:00+00:00
1764921600000,0.8051599860191345,0.8057699799537659,0.8042100071907043,0.8043400049209595,0,2025-12-05 08:00:00+00:00
1764936000000,0.8044400215148926,0.8056899905204773,0.8001099824905396,0.8006899952888489,0,2025-12-05 12:00:00+00:00
1764950400000,0.800819993019104,0.8008700013160706,0.7985100150108337,0.7991099953651428,0,2025-12-05 16:00:00+00:00
1764964800000,0.7991999983787537,0.7994199991226196,0.7967699766159058,0.7976899743080139,0,2025-12-05 20:00:00+00:00
1765152000000,0.7987899780273438,0.8004900217056274,0.7985399961471558,0.7996299862861633,0,2025-12-08 00:00:00+00:00
1765166400000,0.7996900081634521,0.8000199794769287,0.798259973526001,0.7986099720001221,0,2025-12-08 04:00:00+00:00
1765180800000,0.7986099720001221,0.7998200058937073,0.7979300022125244,0.7979699969291687,0,2025-12-08 08:00:00+00:00
1765195200000,0.797980010509491,0.7994700074195862,0.7958199977874756,0.797510027885437,0,2025-12-08 12:00:00+00:00
1765209600000,0.7975199818611145,0.8000199794769287,0.7972699999809265,0.799560010433197,0,2025-12-08 16:00:00+00:00
1765224000000,0.799589991569519,0.8004099726676941,0.7983400225639343,0.7997099757194519,0,2025-12-08 20:00:00+00:00
1765238400000,0.7997300028800964,0.8013799786567688,0.7988899946212769,0.801010012626648,0,2025-12-09 00:00:00+00:00
1765252800000,0.801010012626648,0.8019099831581116,0.8004099726676941,0.8008800148963928,0,2025-12-09 04:00:00+00:00
1765267200000,0.8008800148963928,0.8019700050354004,0.8005800247192383,0.8011699914932251,0,2025-12-09 08:00:00+00:00
1765281600000,0.8011699914932251,0.8013200163841248,0.799049973487854,0.8004800081253052,0,2025-12-09 12:00:00+00:00
1765296000000,0.8004400134086609,0.8012700080871582,0.800059974193573,0.8002499938011169,0,2025-12-09 16:00:00+00:00
1765310400000,0.8002700209617615,0.8006200194358826,0.7985399961471558,0.8000100255012512,0,2025-12-09 20:00:00+00:00
1765324800000,0.800000011920929,0.8005099892616272,0.7981600165367126,0.7990700006484985,0,2025-12-10 00:00:00+00:00
1765339200000,0.799019992351532,0.8011699914932251,0.7987899780273438,0.8009899854660034,0,2025-12-10 04:00:00+00:00
1765353600000,0.8009700179100037,0.8017699718475342,0.7999799847602844,0.8010200262069702,0,2025-12-10 08:00:00+00:00
1765368000000,0.8009700179100037,0.8019199967384338,0.7994999885559082,0.8003100156784058,0,2025-12-10 12:00:00+00:00
1765382400000,0.8003100156784058,0.801800012588501,0.7983899712562561,0.8014100193977356,0,2025-12-10 16:00:00+00:00
1765396800000,0.8014000058174133,0.8029999732971191,0.8003000020980835,0.8017600178718567,0,2025-12-10 20:00:00+00:00
1765411200000,0.8017799854278564,0.8026300072669983,0.8003900051116943,0.8005599975585938,0,2025-12-11 00:00:00+00:00
1765425600000,0.8005499839782715,0.8018199801445007,0.7996299862861633,0.8013399839401245,0,2025-12-11 04:00:00+00:00
1765440000000,0.8013799786567688,0.8021199703216553,0.8007699847221375,0.8015699982643127,0,2025-12-11 08:00:00+00:00
1765454400000,0.8015699982643127,0.8028900027275085,0.800000011920929,0.8008400201797485,0,2025-12-11 12:00:00+00:00
1765468800000,0.8008700013160706,0.8015499711036682,0.8002700209617615,0.8003000020980835,0,2025-12-11 16:00:00+00:00
1765483200000,0.8003000020980835,0.8003299832344055,0.7984700202941895,0.8000100255012512,0,2025-12-11 20:00:00+00:00
1765497600000,0.8001199960708618,0.8013100028038025,0.800029993057251,0.8003900051116943,0,2025-12-12 00:00:00+00:00
1765512000000,0.8004299998283386,0.8008099794387817,0.7997900247573853,0.8001000285148621,0,2025-12-12 04:00:00+00:00
1765526400000,0.8000900149345398,0.8006200194358826,0.798829972743988,0.799239993095398,0,2025-12-12 08:00:00+00:00
1765540800000,0.7991999983787537,0.8000699877738953,0.797730028629303,0.7986400127410889,0,2025-12-12 12:00:00+00:00
1765555200000,0.7986099720001221,0.799310028553009,0.7979999780654907,0.7987200021743774,0,2025-12-12 16:00:00+00:00
1765569600000,0.7987200021743774,0.799310028553009,0.7974100112915039,0.799310028553009,0,2025-12-12 20:00:00+00:00
1765756800000,0.7986000180244446,0.7993699908256531,0.7939299941062927,0.7942500114440918,0,2025-12-15 00:00:00+00:00
1765771200000,0.7942500114440918,0.7964100241661072,0.7937300205230713,0.7957599759101868,0,2025-12-15 04:00:00+00:00
1765785600000,0.7958300113677979,0.7976199984550476,0.7946799993515015,0.7973200082778931,0,2025-12-15 08:00:00+00:00
1765800000000,0.7973300218582153,0.7985299825668335,0.796239972114563,0.7983599901199341,0,2025-12-15 12:00:00+00:00
1765814400000,0.7983499765396118,0.7985399961471558,0.7967600226402283,0.7969599962234497,0,2025-12-15 16:00:00+00:00
1765828800000,0.7969499826431274,0.7970700263977051,0.794510006904602,0.7964400053024292,0,2025-12-15 20:00:00+00:00
1765843200000,0.7965400218963623,0.7966399788856506,0.7933599948883057,0.7953699827194214,0,2025-12-16 00:00:00+00:00
1765857600000,0.795229971408844,0.7966700196266174,0.7950299978256226,0.796500027179718,0,2025-12-16 04:00:00+00:00
1765872000000,0.796500027179718,0.7974200248718262,0.7963100075721741,0.7967399954795837,0,2025-12-16 08:00:00+00:00
1765886400000,0.796720027923584,0.7977200150489807,0.7943800091743469,0.796180009841919,0,2025-12-16 12:00:00+00:00
1765900800000,0.7961999773979187,0.796720027923584,0.7931699752807617,0.795490026473999,0,2025-12-16 16:00:00+00:00
1765915200000,0.7954800128936768,0.7961699962615967,0.7937800288200378,0.7954699993133545,0,2025-12-16 20:00:00+00:00
1765929600000,0.7954699993133545,0.7966899871826172,0.7940800189971924,0.7965899705886841,0,2025-12-17 00:00:00+00:00
1765944000000,0.7966499924659729,0.7966700196266174,0.7946199774742126,0.7953199744224548,0,2025-12-17 04:00:00+00:00
1765958400000,0.7952799797058105,0.7966700196266174,0.7946100234985352,0.7960699796676636,0,2025-12-17 08:00:00+00:00
1765972800000,0.7960699796676636,0.7973399758338928,0.7943999767303467,0.7968900203704834,0,2025-12-17 12:00:00+00:00
1765987200000,0.7968699932098389,0.7974600195884705,0.7952799797058105,0.7962200045585632,0,2025-12-17 16:00:00+00:00
1766001600000,0.7961900234222412,0.7971600294113159,0.7942399978637695,0.7950800061225891,0,2025-12-17 20:00:00+00:00
1766016000000,0.7950000166893005,0.7953100204467773,0.7931299805641174,0.7932999730110168,0,2025-12-18 00:00:00+00:00
1766030400000,0.7933200001716614,0.7942699790000916,0.7931299805641174,0.7936300039291382,0,2025-12-18 04:00:00+00:00
1766044800000,0.7936199903488159,0.7948899865150452,0.7928599715232849,0.7945299744606018,0,2025-12-18 08:00:00+00:00
1766059200000,0.7945200204849243,0.7967900037765503,0.7937800288200378,0.7951700091362,0,2025-12-18 12:00:00+00:00
1766073600000,0.7952100038528442,0.7959799766540527,0.794439971446991,0.795229971408844,0,2025-12-18 16:00:00+00:00
1766088000000,0.7952399849891663,0.796019971370697,0.793910026550293,0.7955399751663208,0,2025-12-18 20:00:00+00:00
1766102400000,0.7954300045967102,0.7964400053024292,0.7937099933624268,0.794439971446991,0,2025-12-19 00:00:00+00:00
1766116800000,0.794439971446991,0.7946699857711792,0.7923799753189087,0.7926999926567078,0,2025-12-19 04:00:00+00:00
1766131200000,0.792739987373352,0.7932199835777283,0.7922400236129761,0.7925900220870972,0,2025-12-19 08:00:00+00:00
1766145600000,0.7926300168037415,0.7929400205612183,0.7906799912452698,0.7927700281143188,0,2025-12-19 12:00:00+00:00
1766160000000,0.7927899956703186,0.7946199774742126,0.7926599979400635,0.7945500016212463,0,2025-12-19 16:00:00+00:00
1766174400000,0.7945399880409241,0.7948200106620789,0.7928699851036072,0.7942299842834473,0,2025-12-19 20:00:00+00:00
1766361600000,0.7936499714851379,0.7961500287055969,0.7932199835777283,0.795520007610321,0,2025-12-22 00:00:00+00:00
1766376000000,0.7954699993133545,0.7970899939537048,0.7952499985694885,0.796280026435852,0,2025-12-22 04:00:00+00:00
1766390400000,0.7962599992752075,0.7970399856567383,0.7958700060844421,0.796720027923584,0,2025-12-22 08:00:00+00:00
1766404800000,0.7967900037765503,0.79721999168396,0.7955800294876099,0.7961099743843079,0,2025-12-22 12:00:00+00:00
1766419200000,0.7961900234222412,0.7969200015068054,0.7953500151634216,0.7961900234222412,0,2025-12-22 16:00:00+00:00
1766433600000,0.796209990978241,0.7969300150871277,0.7946299910545349,0.7967900037765503,0,2025-12-22 20:00:00+00:00
1766448000000,0.7965400218963623,0.798770010471344,0.7964100241661072,0.7981399893760681,0,2025-12-23 00:00:00+00:00
1766462400000,0.7981299757957458,0.7994199991226196,0.797819972038269,0.7991700172424316,0,2025-12-23 04:00:00+00:00
1766476800000,0.7991200089454651,0.8003699779510498,0.7989500164985657,0.7999299764633179,0,2025-12-23 08:00:00+00:00
1766491200000,0.7999299764633179,0.8002499938011169,0.7970799803733826,0.7989699840545654,0,2025-12-23 12:00:00+00:00
1766505600000,0.7990300059318542,0.799560010433197,0.7986099720001221,0.7992900013923645,0,2025-12-23 16:00:00+00:00
1766520000000,0.7992900013923645,0.7997099757194519,0.7972300052642822,0.7994099855422974,0,2025-12-23 20:00:00+00:00
1766534400000,0.7993999719619751,0.8004199862480164,0.7986900210380554,0.7989199757575989,0,2025-12-24 00:00:00+00:00
1766548800000,0.7989199757575989,0.7998700141906738,0.7984200119972229,0.7994800209999084,0,2025-12-24 04:00:00+00:00
1766563200000,0.7995200157165527,0.7998300194740295,0.7983999848365784,0.7985000014305115,0,2025-12-24 08:00:00+00:00
1766577600000,0.7984700202941895,0.7989199757575989,0.7972000241279602,0.7975500226020813,0,2025-12-24 12:00:00+00:00
1766592000000,0.797569990158081,0.7983700037002563,0.7969099879264832,0.797789990901947,0,2025-12-24 16:00:00+00:00
1766606400000,0.7979000210762024,0.7984600067138672,0.7970100045204163,0.7984300255775452,0,2025-12-24 20:00:00+00:00
1766620800000,0.7983800172805786,0.7988100051879883,0.797569990158081,0.7978399991989136,0,2025-12-25 00:00:00+00:00
1766635200000,0.7977700233459473,0.7992799878120422,0.797540009021759,0.7985399961471558,0,2025-12-25 04:00:00+00:00
1766649600000,0.7984799742698669,0.7986299991607666,0.7984799742698669,0.798520028591156,0,2025-12-25 08:00:00+00:00
1766664000000,0.798520028591156,0.7986199855804443,0.798520028591156,0.7985799908638,0,2025-12-25 12:00:00+00:00
1766678400000,0.7985799908638,0.7987599968910217,0.7985299825668335,0.7987599968910217,0,2025-12-25 16:00:00+00:00
1766692800000,0.797789990901947,0.7988799810409546,0.7964900135993958,0.797730028629303,0,2025-12-25 20:00:00+00:00
1766707200000,0.7977499961853027,0.7985399961471558,0.797249972820282,0.7976199984550476,0,2025-12-26 00:00:00+00:00
1766721600000,0.7976899743080139,0.7980999946594238,0.7958599925041199,0.796500027179718,0,2025-12-26 04:00:00+00:00
1766736000000,0.7963899970054626,0.7966700196266174,0.7957900166511536,0.7960799932479858,0,2025-12-26 08:00:00+00:00
1766750400000,0.7960900068283081,0.7971799969673157,0.795769989490509,0.7967000007629395,0,2025-12-26 12:00:00+00:00
1766764800000,0.7966899871826172,0.7971199750900269,0.7958400249481201,0.7968299984931946,0,2025-12-26 16:00:00+00:00
1766779200000,0.7968199849128723,0.797249972820282,0.7951499819755554,0.7968999743461609,0,2025-12-26 20:00:00+00:00
1766966400000,0.796209990978241,0.7972599864006042,0.7959399819374084,0.7962499856948853,0,2025-12-29 00:00:00+00:00
1766980800000,0.7963200211524963,0.796720027923584,0.7952399849891663,0.7962999939918518,0,2025-12-29 04:00:00+00:00
1766995200000,0.7962499856948853,0.7963399887084961,0.7937600016593933,0.7941100001335144,0,2025-12-29 08:00:00+00:00
1767009600000,0.7941200137138367,0.79448002576828,0.7925900220870972,0.7940700054168701,0,2025-12-29 12:00:00+00:00
1767024000000,0.7940400242805481,0.7947499752044678,0.7925800085067749,0.794160008430481,0,2025-12-29 16:00:00+00:00
1767038400000,0.7941700220108032,0.7949000000953674,0.792639970779419,0.7945399880409241,0,2025-12-29 20:00:00+00:00
1767052800000,0.7945500016212463,0.7951499819755554,0.7935400009155273,0.7945399880409241,0,2025-12-30 00:00:00+00:00
1767067200000,0.7945399880409241,0.7960399985313416,0.7945299744606018,0.7952700257301331,0,2025-12-30 04:00:00+00:00
1767081600000,0.7951499819755554,0.7955700159072876,0.7939199805259705,0.7942299842834473,0,2025-12-30 08:00:00+00:00
1767096000000,0.7942100167274475,0.7948200106620789,0.7932199835777283,0.7939900159835815,0,2025-12-30 12:00:00+00:00
1767110400000,0.7940199971199036,0.794219970703125,0.7925400137901306,0.7929199934005737,0,2025-12-30 16:00:00+00:00
1767124800000,0.7928699851036072,0.7932199835777283,0.7915899753570557,0.792739987373352,0,2025-12-30 20:00:00+00:00
1767139200000,0.792739987373352,0.7929700016975403,0.7910100221633911,0.7914699912071228,0,2025-12-31 00:00:00+00:00
1767153600000,0.7913900017738342,0.7916200160980225,0.7898499965667725,0.7907699942588806,0,2025-12-31 04:00:00+00:00
1767168000000,0.7907900214195251,0.791130006313324,0.7895100116729736,0.7902500033378601,0,2025-12-31 08:00:00+00:00
1767182400000,0.7902899980545044,0.790690004825592,0.7872700095176697,0.7878999710083008,0,2025-12-31 12:00:00+00:00
1767196800000,0.787909984588623,0.7896699905395508,0.7876799702644348,0.7889400124549866,0,2025-12-31 16:00:00+00:00
1767211200000,0.7889299988746643,0.7900400161743164,0.7885299921035767,0.7897899746894836,0,2025-12-31 20:00:00+00:00
1767225600000,0.7897899746894836,0.7897899746894836,0.7885000109672546,0.7885000109672546,0,2026-01-01 00:00:00+00:00
1767240000000,0.7885000109672546,0.7897899746894836,0.7885000109672546,0.7885000109672546,0,2026-01-01 04:00:00+00:00
1767254400000,0.7885000109672546,0.7897899746894836,0.7885000109672546,0.7885000109672546,0,2026-01-01 08:00:00+00:00
1767268800000,0.7885000109672546,0.7885000109672546,0.7885000109672546,0.7885000109672546,0,2026-01-01 12:00:00+00:00
1767283200000,0.7885000109672546,0.7885000109672546,0.7875400185585022,0.7875400185585022,0,2026-01-01 16:00:00+00:00
1767297600000,0.7902799844741821,0.7905600070953369,0.788320004940033,0.7895500063896179,0,2026-01-01 20:00:00+00:00
1767312000000,0.7897099852561951,0.7908999919891357,0.7887300252914429,0.7906399965286255,0,2026-01-02 00:00:00+00:00
1767326400000,0.7906500101089478,0.7908300161361694,0.7886999845504761,0.7896299958229065,0,2026-01-02 04:00:00+00:00
1767340800000,0.7897099852561951,0.792140007019043,0.7895799875259399,0.7918699979782104,0,2026-01-02 08:00:00+00:00
1767355200000,0.7918300032615662,0.7937999963760376,0.7910799980163574,0.7919999957084656,0,2026-01-02 12:00:00+00:00
1767369600000,0.7919999957084656,0.7924200296401978,0.7909700274467468,0.7918300032615662,0,2026-01-02 16:00:00+00:00
1767384000000,0.7918499708175659,0.7922700047492981,0.7907800078392029,0.7918199896812439,0,2026-01-02 20:00:00+00:00
1767571200000,0.7909600138664246,0.7922700047492981,0.7899699807167053,0.7915700078010559,0,2026-01-05 00:00:00+00:00
1767585600000,0.7915300130844116,0.7928100228309631,0.7909600138664246,0.7920699715614319,0,2026-01-05 04:00:00+00:00
1767600000000,0.7919999957084656,0.7933700084686279,0.7914900183677673,0.7925400137901306,0,2026-01-05 08:00:00+00:00
1767614400000,0.7925400137901306,0.7954800128936768,0.7921900153160095,0.7946500182151794,0,2026-01-05 12:00:00+00:00
1767628800000,0.7946599721908569,0.7965700030326843,0.7944899797439575,0.7964400053024292,0,2026-01-05 16:00:00+00:00
1767643200000,0.7964400053024292,0.79721999168396,0.795799970626831,0.7967000007629395,0,2026-01-05 20:00:00+00:00
1767657600000,0.7967100143432617,0.799019992351532,0.7958700060844421,0.7979699969291687,0,2026-01-06 00:00:00+00:00
1767672000000,0.7980700135231018,0.7989699840545654,0.7978000044822693,0.798770010471344,0,2026-01-06 04:00:00+00:00
1767686400000,0.7987099885940552,0.7990700006484985,0.7964500188827515,0.7969599962234497,0,2026-01-06 08:00:00+00:00
1767700800000,0.7969499826431274,0.7977200150489807,0.7959499955177307,0.7963600158691406,0,2026-01-06 12:00:00+00:00
1767715200000,0.7963600158691406,0.7981699705123901,0.7956600189208984,0.798009991645813,0,2026-01-06 16:00:00+00:00
1767729600000,0.7980200052261353,0.799589991569519,0.797290027141571,0.7985299825668335,0,2026-01-06 20:00:00+00:00
1767744000000,0.7985100150108337,0.8002099990844727,0.797760009765625,0.7995200157165527,0,2026-01-07 00:00:00+00:00
1767758400000,0.7994400262832642,0.7998899817466736,0.797980010509491,0.7991399765014648,0,2026-01-07 04:00:00+00:00
1767772800000,0.7991200089454651,0.7998200058937073,0.7988899946212769,0.7993599772453308,0,2026-01-07 08:00:00+00:00
1767787200000,0.7993699908256531,0.7997199892997742,0.7973999977111816,0.7983700037002563,0,2026-01-07 12:00:00+00:00
1767801600000,0.7983300089836121,0.8001199960708618,0.7980700135231018,0.7997400164604187,0,2026-01-07 16:00:00+00:00
1767816000000,0.7997499704360962,0.8005800247192383,0.7984700202941895,0.7998200058937073,0,2026-01-07 20:00:00+00:00
1767830400000,0.7998200058937073,0.8000400066375732,0.7986800074577332,0.7993500232696533,0,2026-01-08 00:00:00+00:00
1767844800000,0.7993900179862976,0.7994999885559082,0.7979400157928467,0.798259973526001,0,2026-01-08 04:00:00+00:00
1767859200000,0.7982000112533569,0.7986699938774109,0.7967900037765503,0.7971199750900269,0,2026-01-08 08:00:00+00:00
1767873600000,0.7971299886703491,0.7974200248718262,0.7955499887466431,0.7973499894142151,0,2026-01-08 12:00:00+00:00
1767888000000,0.7973399758338928,0.797469973564148,0.7964500188827515,0.796750009059906,0,2026-01-08 16:00:00+00:00
1767902400000,0.7967699766159058,0.7974299788475037,0.7958499789237976,0.796999990940094,0,2026-01-08 20:00:00+00:00
1767916800000,0.797029972076416,0.7971699833869934,0.7957500219345093,0.7964100241661072,0,2026-01-09 00:00:00+00:00
1767931200000,0.7963799834251404,0.7969200015068054,0.7948300242424011,0.7950299978256226,0,2026-01-09 04:00:00+00:00
1767945600000,0.7950299978256226,0.7953699827194214,0.7940999865531921,0.7943599820137024,0,2026-01-09 08:00:00+00:00
1767960000000,0.7943500280380249,0.7967100143432617,0.792900025844574,0.7959700226783752,0,2026-01-09 12:00:00+00:00
1767974400000,0.795960009098053,0.7971000075340271,0.7950500249862671,0.7968400120735168,0,2026-01-09 16:00:00+00:00
1767988800000,0.7968599796295166,0.7976700067520142,0.7961699962615967,0.7972000241279602,0,2026-01-09 20:00:00+00:00
1768176000000,0.7968699932098389,0.7982699871063232,0.7964800000190735,0.7981200218200684,0,2026-01-12 00:00:00+00:00
1768190400000,0.7980700135231018,0.79899001121521,0.7976099848747253,0.7982100248336792,0,2026-01-12 04:00:00+00:00
1768204800000,0.7981899976730347,0.7994400262832642,0.7977399826049805,0.799019992351532,0,2026-01-12 08:00:00+00:00
1768219200000,0.7990099787712097,0.800279974937439,0.798799991607666,0.799589991569519,0,2026-01-12 12:00:00+00:00
1768233600000,0.7996399998664856,0.8003299832344055,0.7985799908638,0.7997300028800964,0,2026-01-12 16:00:00+00:00
1768248000000,0.7997300028800964,0.8012599945068359,0.7996199727058411,0.8009300231933594,0,2026-01-12 20:00:00+00:00
1768262400000,0.8009099960327148,0.8019700050354004,0.8006700277328491,0.8013200163841248,0,2026-01-13 00:00:00+00:00
1768276800000,0.8012400269508362,0.8015499711036682,0.8006100058555603,0.800790011882782,0,2026-01-13 04:00:00+00:00
1768291200000,0.8007299900054932,0.801289975643158,0.7994999885559082,0.7997900247573853,0,2026-01-13 08:00:00+00:00
1768305600000,0.7997599840164185,0.801360011100769,0.7972800135612488,0.7978100180625916,0,2026-01-13 12:00:00+00:00
1768320000000,0.797819972038269,0.7979400157928467,0.7966300249099731,0.7969300150871277,0,2026-01-13 16:00:00+00:00
1768334400000,0.7968999743461609,0.797510027885437,0.7955099940299988,0.7967399954795837,0,2026-01-13 20:00:00+00:00
1768348800000,0.796720027923584,0.7979699969291687,0.7961599826812744,0.7976499795913696,0,2026-01-14 00:00:00+00:00
1768363200000,0.7976999878883362,0.7983099818229675,0.7970700263977051,0.7978699803352356,0,2026-01-14 04:00:00+00:00
1768377600000,0.797819972038269,0.7984600067138672,0.7966399788856506,0.7969099879264832,0,2026-01-14 08:00:00+00:00
1768392000000,0.7968199849128723,0.7985699772834778,0.795930027961731,0.7984899878501892,0,2026-01-14 12:00:00+00:00
1768406400000,0.798520028591156,0.7986199855804443,0.7958800196647644,0.7966799736022949,0,2026-01-14 16:00:00+00:00
1768420800000,0.7967100143432617,0.7984899878501892,0.7958300113677979,0.7972800135612488,0,2026-01-14 20:00:00+00:00
1768435200000,0.7972800135612488,0.7976999878883362,0.7962599992752075,0.7966399788856506,0,2026-01-15 00:00:00+00:00
1768449600000,0.7966300249099731,0.7977399826049805,0.7964400053024292,0.7975999712944031,0,2026-01-15 04:00:00+00:00
1768464000000,0.7976700067520142,0.7997599840164185,0.797290027141571,0.7983599901199341,0,2026-01-15 08:00:00+00:00
1768478400000,0.7983899712562561,0.7988899946212769,0.796459972858429,0.7973999977111816,0,2026-01-15 12:00:00+00:00
1768492800000,0.7974100112915039,0.7984700202941895,0.7967900037765503,0.7975800037384033,0,2026-01-15 16:00:00+00:00
1768507200000,0.797569990158081,0.7980300188064575,0.7965700030326843,0.797540009021759,0,2026-01-15 20:00:00+00:00
1768521600000,0.7975999712944031,0.7995399832725525,0.7975999712944031,0.7993199825286865,0,2026-01-16 00:00:00+00:00
1768536000000,0.7993000149726868,0.8004500269889832,0.7990400195121765,0.8000400066375732,0,2026-01-16 04:00:00+00:00
1768550400000,0.8001000285148621,0.8008599877357483,0.7996600270271301,0.8001400232315063,0,2026-01-16 08:00:00+00:00
1768564800000,0.8001499772071838,0.8006200194358826,0.7982800006866455,0.7994099855422974,0,2026-01-16 12:00:00+00:00
1768579200000,0.7994199991226196,0.8009600043296814,0.799310028553009,0.8005300164222717,0,2026-01-16 16:00:00+00:00
1768593600000,0.8005200028419495,0.8008700013160706,0.799239993095398,0.7998700141906738,0,2026-01-16 20:00:00+00:00
1768780800000,0.8009799718856812,0.8019700050354004,0.7998899817466736,0.8018400073051453,0,2026-01-19 00:00:00+00:00
1768795200000,0.8018500208854675,0.8027099967002869,0.8015999794006348,0.8017500042915344,0,2026-01-19 04:00:00+00:00
1768809600000,0.8017600178718567,0.8032699823379517,0.8013499975204468,0.8031799793243408,0,2026-01-19 08:00:00+00:00
1768824000000,0.8031700253486633,0.8035699725151062,0.8019400238990784,0.8027300238609314,0,2026-01-19 12:00:00+00:00
1768838400000,0.8027200102806091,0.8037099838256836,0.8025699853897095,0.8031299710273743,0,2026-01-19 16:00:00+00:00
1768852800000,0.8031299710273743,0.8047800064086914,0.8009099960327148,0.8035200238227844,0,2026-01-19 20:00:00+00:00
1768867200000,0.8035399913787842,0.8069999814033508,0.8030200004577637,0.8066200017929077,0,2026-01-20 00:00:00+00:00
1768881600000,0.8066099882125854,0.8085899949073792,0.8065699934959412,0.8076599836349487,0,2026-01-20 04:00:00+00:00
1768896000000,0.8075799942016602,0.8082200288772583,0.8062800168991089,0.8070300221443176,0,2026-01-20 08:00:00+00:00
1768910400000,0.8070899844169617,0.8086699843406677,0.8054800033569336,0.8086199760437012,0,2026-01-20 12:00:00+00:00
1768924800000,0.8086400032043457,0.8089699745178223,0.8061699867248535,0.8063700199127197,0,2026-01-20 16:00:00+00:00
1768939200000,0.8063799738883972,0.8072699904441833,0.8050600290298462,0.8059200048446655,0,2026-01-20 20:00:00+00:00
1768953600000,0.8059099912643433,0.8069599866867065,0.805079996585846,0.8067600131034851,0,2026-01-21 00:00:00+00:00
1768968000000,0.8067399859428406,0.8095899820327759,0.8062999844551086,0.8091300129890442,0,2026-01-21 04:00:00+00:00
1768982400000,0.809149980545044,0.8093799948692322,0.8078799843788147,0.8087599873542786,0,2026-01-21 08:00:00+00:00
1768996800000,0.8087700009346008,0.8093299865722656,0.8063799738883972,0.8069900274276733,0,2026-01-21 12:00:00+00:00
1769011200000,0.8069700002670288,0.8086199760437012,0.806410014629364,0.8085500001907349,0,2026-01-21 16:00:00+00:00
1769025600000,0.8085200190544128,0.80867999792099,0.8065800070762634,0.807889997959137,0,2026-01-21 20:00:00+00:00
1769040000000,0.8079800009727478,0.8101999759674072,0.8072100281715393,0.8101999759674072,0,2026-01-22 00:00:00+00:00
1769054400000,0.8101999759674072,0.8102099895477295,0.8089399933815002,0.8094300031661987,0,2026-01-22 04:00:00+00:00
1769068800000,0.8094099760055542,0.8124399781227112,0.8093500137329102,0.8121799826622009,0,2026-01-22 08:00:00+00:00
1769083200000,0.8121299743652344,0.8137900233268738,0.8116000294685364,0.813319981098175,0,2026-01-22 12:00:00+00:00
1769097600000,0.8133699893951416,0.8145800232887268,0.812969982624054,0.8142899870872498,0,2026-01-22 16:00:00+00:00
1769112000000,0.8142499923706055,0.8170700073242188,0.814050018787384,0.8152300119400024,0,2026-01-22 20:00:00+00:00
1769126400000,0.815339982509613,0.8164600133895874,0.8143100142478943,0.8148099780082703,0,2026-01-23 00:00:00+00:00
1769140800000,0.8147900104522705,0.815310001373291,0.8140299916267395,0.8141499757766724,0,2026-01-23 04:00:00+00:00
1769155200000,0.8141400218009949,0.8144199848175049,0.8123999834060669,0.8136299848556519,0,2026-01-23 08:00:00+00:00
1769169600000,0.8136399984359741,0.8144299983978271,0.8120800256729126,0.813289999961853,0,2026-01-23 12:00:00+00:00
1769184000000,0.8133100271224976,0.8144299983978271,0.8128399848937988,0.8141599893569946,0,2026-01-23 16:00:00+00:00
1769198400000,0.8141599893569946,0.8152300119400024,0.8135799765586853,0.8148599863052368,0,2026-01-23 20:00:00+00:00
1769385600000,0.8165599703788757,0.8166800141334534,0.8153300285339355,0.8155699968338013,0,2026-01-26 00:00:00+00:00
1769400000000,0.8155699968338013,0.815779983997345,0.8142099976539612,0.8154799938201904,0,2026-01-26 04:00:00+00:00
1769414400000,0.8154799938201904,0.8170999884605408,0.8153799772262573,0.8167300224304199,0,2026-01-26 08:00:00+00:00
1769428800000,0.8167300224304199,0.8200600147247314,0.8162299990653992,0.8198400139808655,0,2026-01-26 12:00:00+00:00
1769443200000,0.8198400139808655,0.8219699859619141,0.8188400268554688,0.8199599981307983,0,2026-01-26 16:00:00+00:00
1769457600000,0.8199099898338318,0.8200100064277649,0.816860020160675,0.8183500170707703,0,2026-01-26 20:00:00+00:00
1769472000000,0.8186399936676025,0.8196099996566772,0.8172000050544739,0.8187900185585022,0,2026-01-27 00:00:00+00:00
1769486400000,0.8187999725341797,0.8201500177383423,0.8184999823570251,0.8192200064659119,0,2026-01-27 04:00:00+00:00
1769500800000,0.8192300200462341,0.8198500275611877,0.8169400095939636,0.8197100162506104,0,2026-01-27 08:00:00+00:00
1769515200000,0.8196799755096436,0.8204399943351746,0.8172299861907959,0.8176699876785278,0,2026-01-27 12:00:00+00:00
1769529600000,0.8176100254058838,0.8195000290870667,0.8174600005149841,0.819379985332489,0,2026-01-27 16:00:00+00:00
1769544000000,0.8193399906158447,0.8211100101470947,0.8182500004768372,0.8192999958992004,0,2026-01-27 20:00:00+00:00
1769558400000,0.8193399906158447,0.8207700252532959,0.8177400231361389,0.8182299733161926,0,2026-01-28 00:00:00+00:00
1769572800000,0.8182299733161926,0.8202099800109863,0.8173699975013733,0.8187999725341797,0,2026-01-28 04:00:00+00:00
1769587200000,0.8187800049781799,0.8192399740219116,0.8166199922561646,0.818560004234314,0,2026-01-28 08:00:00+00:00
1769601600000,0.8185999989509583,0.8186399936676025,0.8160099983215332,0.818120002746582,0,2026-01-28 12:00:00+00:00
1769616000000,0.8180999755859375,0.8200399875640869,0.8172600269317627,0.8197199702262878,0,2026-01-28 16:00:00+00:00
1769630400000,0.8197299838066101,0.8219500184059143,0.8179000020027161,0.8207200169563293,0,2026-01-28 20:00:00+00:00
1769644800000,0.8207600116729736,0.8223099708557129,0.8186699748039246,0.8221099972724915,0,2026-01-29 00:00:00+00:00
1769659200000,0.8221499919891357,0.8236200213432312,0.8209900259971619,0.8216400146484375,0,2026-01-29 04:00:00+00:00
1769673600000,0.8216500282287598,0.8222299814224243,0.8200899958610535,0.8208799958229065,0,2026-01-29 08:00:00+00:00
1769688000000,0.8207899928092957,0.8219900131225586,0.8160099983215332,0.8174800276756287,0,2026-01-29 12:00:00+00:00
1769702400000,0.817520022392273,0.8198400139808655,0.8162999749183655,0.8183500170707703,0,2026-01-29 16:00:00+00:00
1769716800000,0.8183199763298035,0.8202599883079529,0.8165599703788757,0.8195899724960327,0,2026-01-29 20:00:00+00:00
1769731200000,0.8195400238037109,0.819920003414154,0.8166000247001648,0.8171799778938293,0,2026-01-30 00:00:00+00:00
1769745600000,0.8171799778938293,0.8180099725723267,0.8167099952697754,0.8174800276756287,0,2026-01-30 04:00:00+00:00
1769760000000,0.8175100088119507,0.8202000260353088,0.8169400095939636,0.8199999928474426,0,2026-01-30 08:00:00+00:00
1769774400000,0.8199999928474426,0.8217099905014038,0.8187800049781799,0.8191699981689453,0,2026-01-30 12:00:00+00:00
1770048000000,0.8206499814987183,0.8211100101470947,0.8204699754714966,0.8209400177001953,0,2026-02-02 16:00:00+00:00
1770062400000,0.820930004119873,0.8218100070953369,0.8189299702644348,0.8217099905014038,0,2026-02-02 20:00:00+00:00
1770076800000,0.8218799829483032,0.8241699934005737,0.8214100003242493,0.8238800168037415,0,2026-02-03 00:00:00+00:00
1770091200000,0.823889970779419,0.8271600008010864,0.8238000273704529,0.8263400197029114,0,2026-02-03 04:00:00+00:00
1770105600000,0.8264300227165222,0.8272299766540527,0.8243399858474731,0.8244100213050842,0,2026-02-03 08:00:00+00:00
1770120000000,0.8243799805641174,0.8256300091743469,0.8230500221252441,0.8250200152397156,0,2026-02-03 12:00:00+00:00
1770134400000,0.8251100182533264,0.8257200121879578,0.8237699866294861,0.8248800039291382,0,2026-02-03 16:00:00+00:00
1770148800000,0.8248699903488159,0.8266599774360657,0.8229900002479553,0.8237699866294861,0,2026-02-03 20:00:00+00:00
1770163200000,0.8237800002098083,0.8245599865913391,0.8223699927330017,0.8227699995040894,0,2026-02-04 00:00:00+00:00
1770177600000,0.8228399753570557,0.8242400288581848,0.8225499987602234,0.8234099745750427,0,2026-02-04 04:00:00+00:00
1770192000000,0.8234300017356873,0.8242300152778625,0.8213300108909607,0.8224200010299683,0,2026-02-04 08:00:00+00:00
1770206400000,0.8224300146102905,0.8232700228691101,0.8204500079154968,0.8206599950790405,0,2026-02-04 12:00:00+00:00
1770220800000,0.8206200003623962,0.8208199739456177,0.8185499906539917,0.8206899762153625,0,2026-02-04 16:00:00+00:00
1770235200000,0.8207200169563293,0.8207700252532959,0.8185399770736694,0.8196700215339661,0,2026-02-04 20:00:00+00:00
1770249600000,0.8195800185203552,0.8207100033760071,0.8176100254058838,0.8186600208282471,0,2026-02-05 00:00:00+00:00
1770264000000,0.8186900019645691,0.8197600245475769,0.8185099959373474,0.8193100094795227,0,2026-02-05 04:00:00+00:00
1770278400000,0.8192800283432007,0.8203700184822083,0.8187900185585022,0.8199700117111206,0,2026-02-05 08:00:00+00:00
1770292800000,0.8199899792671204,0.8204399943351746,0.8164200186729431,0.8177199959754944,0,2026-02-05 12:00:00+00:00
1770307200000,0.8177199959754944,0.8191499710083008,0.8169199824333191,0.8170400261878967,0,2026-02-05 16:00:00+00:00
1770321600000,0.8170099854469299,0.8175699710845947,0.8139399886131287,0.8140400052070618,0,2026-02-05 20:00:00+00:00
1770336000000,0.8140299916267395,0.8170999884605408,0.8133400082588196,0.8170099854469299,0,2026-02-06 00:00:00+00:00
1770350400000,0.8169400095939636,0.8186299800872803,0.8168699741363525,0.8180199861526489,0,2026-02-06 04:00:00+00:00
1770364800000,0.8179600238800049,0.8198999762535095,0.8176100254058838,0.8195899724960327,0,2026-02-06 08:00:00+00:00
1770379200000,0.8195800185203552,0.8201900124549866,0.8179000020027161,0.820169985294342,0,2026-02-06 12:00:00+00:00
1770393600000,0.820110023021698,0.8220599889755249,0.819890022277832,0.8217399716377258,0,2026-02-06 16:00:00+00:00
1770408000000,0.8217399716377258,0.8226900100708008,0.8204500079154968,0.8224200010299683,0,2026-02-06 20:00:00+00:00
1770595200000,0.8237299919128418,0.8238300085067749,0.8210999965667725,0.8215199708938599,0,2026-02-09 00:00:00+00:00
1770609600000,0.8214499950408936,0.8223699927330017,0.8208500146865845,0.8211699724197388,0,2026-02-09 04:00:00+00:00
1770624000000,0.821150004863739,0.8215199708938599,0.8187299966812134,0.8208299875259399,0,2026-02-09 08:00:00+00:00
1770638400000,0.8208500146865845,0.8220999836921692,0.8202599883079529,0.8204699754714966,0,2026-02-09 12:00:00+00:00
1770652800000,0.8208900094032288,0.8214700222015381,0.8202999830245972,0.8213199973106384,0,2026-02-09 16:00:00+00:00
1770667200000,0.8212900161743164,0.8214799761772156,0.8167300224304199,0.8206800222396851,0,2026-02-09 20:00:00+00:00
1770681600000,0.8206300139427185,0.8209400177001953,0.8182700276374817,0.8183500170707703,0,2026-02-10 00:00:00+00:00
1770696000000,0.8184400200843811,0.8190500140190125,0.8179799914360046,0.8190500140190125,0,2026-02-10 04:00:00+00:00
1770710400000,0.8189700245857239,0.8201900124549866,0.8188899755477905,0.8196899890899658,0,2026-02-10 08:00:00+00:00
1770724800000,0.8196399807929993,0.8206499814987183,0.8177400231361389,0.8190000057220459,0,2026-02-10 12:00:00+00:00
1770739200000,0.8190600275993347,0.8194699883460999,0.8176400065422058,0.819320023059845,0,2026-02-10 16:00:00+00:00
1770753600000,0.8192899823188782,0.8194900155067444,0.8169999718666077,0.8185300230979919,0,2026-02-10 20:00:00+00:00
1770768000000,0.8185399770736694,0.8203799724578857,0.8184800148010254,0.8195499777793884,0,2026-02-11 00:00:00+00:00
1770782400000,0.8195899724960327,0.8199899792671204,0.8185799717903137,0.819130003452301,0,2026-02-11 04:00:00+00:00
1770796800000,0.8191699981689453,0.8214100003242493,0.8184599876403809,0.8205000162124634,0,2026-02-11 08:00:00+00:00
1770811200000,0.8204900026321411,0.8230000138282776,0.8185700178146362,0.8215600252151489,0,2026-02-11 12:00:00+00:00
1770825600000,0.8215600252151489,0.8223199844360352,0.82014000415802,0.8213199973106384,0,2026-02-11 16:00:00+00:00
1770840000000,0.8213000297546387,0.8215399980545044,0.8176400065422058,0.8208299875259399,0,2026-02-11 20:00:00+00:00
1770854400000,0.8208799958229065,0.8221200108528137,0.8206200003623962,0.8216400146484375,0,2026-02-12 00:00:00+00:00
1770868800000,0.8215299844741821,0.8225100040435791,0.8194900155067444,0.8222699761390686,0,2026-02-12 04:00:00+00:00
1770883200000,0.8222699761390686,0.82396000623703,0.8221099972724915,0.8230800032615662,0,2026-02-12 08:00:00+00:00
1770897600000,0.8230699896812439,0.8249099850654602,0.8220900297164917,0.8248000144958496,0,2026-02-12 12:00:00+00:00
1770912000000,0.8247900009155273,0.824940025806427,0.8210499882698059,0.8214600086212158,0,2026-02-12 16:00:00+00:00
1770926400000,0.8214499950408936,0.8221399784088135,0.8197399973869324,0.821120023727417,0,2026-02-12 20:00:00+00:00
1770940800000,0.8208900094032288,0.8220800161361694,0.8204900026321411,0.8212500214576721,0,2026-02-13 00:00:00+00:00
1770955200000,0.8212900161743164,0.8218799829483032,0.8200700283050537,0.8208100199699402,0,2026-02-13 04:00:00+00:00
1770969600000,0.8208199739456177,0.82191002368927,0.8197600245475769,0.8199800252914429,0,2026-02-13 08:00:00+00:00
1770984000000,0.8199599981307983,0.8225399851799011,0.8196300268173218,0.8215199708938599,0,2026-02-13 12:00:00+00:00
1770998400000,0.8215199708938599,0.8227400183677673,0.8207799792289734,0.8225100040435791,0,2026-02-13 16:00:00+00:00
1771012800000,0.8225100040435791,0.823140025138855,0.8215000033378601,0.8222100138664246,0,2026-02-13 20:00:00+00:00
1771200000000,0.8213599920272827,0.8222699761390686,0.8204200267791748,0.8208600282669067,0,2026-02-16 00:00:00+00:00
1771214400000,0.8208199739456177,0.8223099708557129,0.8205100297927856,0.8215699791908264,0,2026-02-16 04:00:00+00:00
1771228800000,0.8216099739074707,0.8231899738311768,0.8214700222015381,0.8230900168418884,0,2026-02-16 08:00:00+00:00
1771243200000,0.8230999708175659,0.8234099745750427,0.8217999935150146,0.8219699859619141,0,2026-02-16 12:00:00+00:00
1771257600000,0.8219199776649475,0.8227400183677673,0.8217200040817261,0.8227099776268005,0,2026-02-16 16:00:00+00:00
1771272000000,0.8226900100708008,0.8228600025177002,0.8203499913215637,0.8223000168800354,0,2026-02-16 20:00:00+00:00
1771286400000,0.8223599791526794,0.8226199746131897,0.8211899995803833,0.8221499919891357,0,2026-02-17 00:00:00+00:00
1771300800000,0.8221499919891357,0.823639988899231,0.8220099806785583,0.822629988193512,0,2026-02-17 04:00:00+00:00
1771315200000,0.8225499987602234,0.8252699971199036,0.8224300146102905,0.8239700198173523,0,2026-02-17 08:00:00+00:00
1771329600000,0.8239399790763855,0.8246899843215942,0.8214100003242493,0.8228600025177002,0,2026-02-17 12:00:00+00:00
1771344000000,0.8229100108146667,0.824940025806427,0.8225399851799011,0.8248199820518494,0,2026-02-17 16:00:00+00:00
1771358400000,0.8248400092124939,0.8251799941062927,0.8233699798583984,0.8246099948883057,0,2026-02-17 20:00:00+00:00
1771372800000,0.8246200084686279,0.8251699805259705,0.8181899785995483,0.8187599778175354,0,2026-02-18 00:00:00+00:00
1771387200000,0.818880021572113,0.8194000124931335,0.8179399967193604,0.8191499710083008,0,2026-02-18 04:00:00+00:00
1771401600000,0.8191499710083008,0.8214200139045715,0.8190400004386902,0.8191199898719788,0,2026-02-18 08:00:00+00:00
1771416000000,0.8191699981689453,0.8197900056838989,0.8169400095939636,0.8189600110054016,0,2026-02-18 12:00:00+00:00
1771430400000,0.8189100027084351,0.8193699717521667,0.8164799809455872,0.8167499899864197,0,2026-02-18 16:00:00+00:00
1771444800000,0.8167499899864197,0.8173999786376953,0.8157100081443787,0.8171399831771851,0,2026-02-18 20:00:00+00:00
1771459200000,0.8169999718666077,0.8183599710464478,0.8155999779701233,0.8181300163269043,0,2026-02-19 00:00:00+00:00
1771473600000,0.8180599808692932,0.8188599944114685,0.8171899914741516,0.8183799982070923,0,2026-02-19 04:00:00+00:00
1771488000000,0.8183799982070923,0.819350004196167,0.8156499862670898,0.8171499967575073,0,2026-02-19 08:00:00+00:00
1771502400000,0.8170899748802185,0.8177400231361389,0.8151299953460693,0.8170999884605408,0,2026-02-19 12:00:00+00:00
1771516800000,0.8170700073242188,0.8178499937057495,0.8166400194168091,0.8171499967575073,0,2026-02-19 16:00:00+00:00
1771531200000,0.8171499967575073,0.8178499937057495,0.8156200051307678,0.8170899748802185,0,2026-02-19 20:00:00+00:00
1771545600000,0.8169900178909302,0.8172699809074402,0.8134700059890747,0.8140599727630615,0,2026-02-20 00:00:00+00:00
1771560000000,0.8141000270843506,0.8153600096702576,0.8136199712753296,0.8143500089645386,0,2026-02-20 04:00:00+00:00
1771574400000,0.8143799901008606,0.8160899877548218,0.8141300082206726,0.8147900104522705,0,2026-02-20 08:00:00+00:00
1771588800000,0.8148599863052368,0.8178300261497498,0.8140599727630615,0.8172699809074402,0,2026-02-20 12:00:00+00:00
1771603200000,0.8172500133514404,0.8185200095176697,0.8156599998474121,0.8174600005149841,0,2026-02-20 16:00:00+00:00
1771617600000,0.8174200057983398,0.8178399801254272,0.8167399764060974,0.8174300193786621,0,2026-02-20 20:00:00+00:00
1771804800000,0.8192399740219116,0.819379985332489,0.8169400095939636,0.8179600238800049,0,2026-02-23 00:00:00+00:00
1771819200000,0.8179600238800049,0.8184199929237366,0.8172699809074402,0.8176500201225281,0,2026-02-23 04:00:00+00:00
1771833600000,0.8175600171089172,0.8179699778556824,0.8163400292396545,0.8164799809455872,0,2026-02-23 08:00:00+00:00
1771848000000,0.8164899945259094,0.8173499703407288,0.8159000277519226,0.8162999749183655,0,2026-02-23 12:00:00+00:00
1771862400000,0.816290020942688,0.8166999816894531,0.8154399991035461,0.8155500292778015,0,2026-02-23 16:00:00+00:00
1771876800000,0.8155400156974792,0.8162099719047546,0.8139899969100952,0.8159099817276001,0,2026-02-23 20:00:00+00:00
1771891200000,0.8159400224685669,0.8178399801254272,0.8158400058746338,0.8170099854469299,0,2026-02-24 00:00:00+00:00
1771905600000,0.8170599937438965,0.8174600005149841,0.8160899877548218,0.8169000148773193,0,2026-02-24 04:00:00+00:00
1771920000000,0.8168500065803528,0.8178200125694275,0.8163599967956543,0.816510021686554,0,2026-02-24 08:00:00+00:00
1771934400000,0.8164499998092651,0.8178799748420715,0.8152300119400024,0.8172600269317627,0,2026-02-24 12:00:00+00:00
1771948800000,0.8172600269317627,0.8184599876403809,0.8171700239181519,0.8177700042724609,0,2026-02-24 16:00:00+00:00
1771963200000,0.8177199959754944,0.8179699778556824,0.8153200149536133,0.8170199990272522,0,2026-02-24 20:00:00+00:00
1771977600000,0.8170300126075745,0.818560004234314,0.8167600035667419,0.8175899982452393,0,2026-02-25 00:00:00+00:00
1771992000000,0.8176000118255615,0.8192700147628784,0.8174600005149841,0.8186500072479248,0,2026-02-25 04:00:00+00:00
1772006400000,0.8187400102615356,0.8190299868583679,0.8165900111198425,0.816860020160675,0,2026-02-25 08:00:00+00:00
1772020800000,0.8168699741363525,0.8193399906158447,0.8159700036048889,0.8192399740219116,0,2026-02-25 12:00:00+00:00
1772035200000,0.8192399740219116,0.8207899928092957,0.8187500238418579,0.8200399875640869,0,2026-02-25 16:00:00+00:00
1772049600000,0.8200700283050537,0.820900022983551,0.819100022315979,0.820330023765564,0,2026-02-25 20:00:00+00:00
1772064000000,0.8202800154685974,0.8213000297546387,0.8195899724960327,0.8204100131988525,0,2026-02-26 00:00:00+00:00
1772078400000,0.8203799724578857,0.821340024471283,0.8190199732780457,0.8190400004386902,0,2026-02-26 04:00:00+00:00
1772092800000,0.8190500140190125,0.8191999793052673,0.8184099793434143,0.8185099959373474,0,2026-02-26 08:00:00+00:00
1772107200000,0.8184599876403809,0.819920003414154,0.8165599703788757,0.8179100155830383,0,2026-02-26 12:00:00+00:00
1772121600000,0.8179399967193604,0.818809986114502,0.815850019454956,0.818589985370636,0,2026-02-26 16:00:00+00:00
1772136000000,0.8186200261116028,0.8189100027084351,0.8161399960517883,0.8177099823951721,0,2026-02-26 20:00:00+00:00
1772150400000,0.8176000118255615,0.819100022315979,0.8172100186347961,0.8185799717903137,0,2026-02-27 00:00:00+00:00
1772164800000,0.8186200261116028,0.8190699815750122,0.8178799748420715,0.8186900019645691,0,2026-02-27 04:00:00+00:00
1772179200000,0.8186900019645691,0.8191900253295898,0.8177099823951721,0.8179200291633606,0,2026-02-27 08:00:00+00:00
1772193600000,0.8179100155830383,0.8185399770736694,0.8162099719047546,0.8182399868965149,0,2026-02-27 12:00:00+00:00
1772208000000,0.8181399703025818,0.8185300230979919,0.8169100284576416,0.817359983921051,0,2026-02-27 16:00:00+00:00
1772222400000,0.817300021648407,0.8186100125312805,0.8171799778938293,0.8179399967193604,0,2026-02-27 20:00:00+00:00
1772409600000,0.8140000104904175,0.8176699876785278,0.8131800293922424,0.8165299892425537,0,2026-03-02 00:00:00+00:00
1772424000000,0.816540002822876,0.8169400095939636,0.8111500144004822,0.8115900158882141,0,2026-03-02 04:00:00+00:00
1772438400000,0.8115900158882141,0.8142799735069275,0.8107799887657166,0.813759982585907,0,2026-03-02 08:00:00+00:00
1772452800000,0.8137400150299072,0.8138200044631958,0.8108500242233276,0.8119500279426575,0,2026-03-02 12:00:00+00:00
1772467200000,0.8119500279426575,0.8141000270843506,0.8112099766731262,0.8133500218391418,0,2026-03-02 16:00:00+00:00
1772481600000,0.8132799863815308,0.8135200142860413,0.8103500008583069,0.812969982624054,0,2026-03-02 20:00:00+00:00
1772496000000,0.8128200173377991,0.8135600090026855,0.8113499879837036,0.8124200105667114,0,2026-03-03 00:00:00+00:00
1772510400000,0.8123599886894226,0.8126800060272217,0.8083000183105469,0.808430016040802,0,2026-03-03 04:00:00+00:00
1772524800000,0.808430016040802,0.8088099956512451,0.8035799860954285,0.8070200085639954,0,2026-03-03 08:00:00+00:00
1772539200000,0.8070399761199951,0.8078100085258484,0.8022199869155884,0.8033400177955627,0,2026-03-03 12:00:00+00:00
1772553600000,0.8033400177955627,0.80690997838974,0.8025400042533875,0.8057399988174438,0,2026-03-03 16:00:00+00:00
1772568000000,0.8057399988174438,0.8063200116157532,0.8035799860954285,0.8049899935722351,0,2026-03-03 20:00:00+00:00
1772582400000,0.8049600124359131,0.8072599768638611,0.8026000261306763,0.8070799708366394,0,2026-03-04 00:00:00+00:00
1772596800000,0.8070799708366394,0.8076900243759155,0.8051300048828125,0.8062800168991089,0,2026-03-04 04:00:00+00:00
1772611200000,0.8062700033187866,0.809660017490387,0.805899977684021,0.8074399828910828,0,2026-03-04 08:00:00+00:00
1772625600000,0.8075199723243713,0.8100900053977966,0.8066999912261963,0.8099200129508972,0,2026-03-04 12:00:00+00:00
1772640000000,0.809909999370575,0.8110299706459045,0.8095499873161316,0.809719979763031,0,2026-03-04 16:00:00+00:00
1772654400000,0.809719979763031,0.8104900121688843,0.8089799880981445,0.8098499774932861,0,2026-03-04 20:00:00+00:00
1772668800000,0.8098899722099304,0.8106499910354614,0.8090100288391113,0.8092600107192993,0,2026-03-05 00:00:00+00:00
1772683200000,0.8093400001525879,0.8095899820327759,0.8076599836349487,0.8080199956893921,0,2026-03-05 04:00:00+00:00
1772697600000,0.8080400228500366,0.810230016708374,0.8065599799156189,0.8072699904441833,0,2026-03-05 08:00:00+00:00
1772712000000,0.8072800040245056,0.808210015296936,0.8047699928283691,0.8064799904823303,0,2026-03-05 12:00:00+00:00
1772726400000,0.8064000010490417,0.8069400191307068,0.8042200207710266,0.8045399785041809,0,2026-03-05 16:00:00+00:00
1772740800000,0.8045700192451477,0.8069700002670288,0.8043100237846375,0.8059399724006653,0,2026-03-05 20:00:00+00:00
1772755200000,0.8058199882507324,0.8077099919319153,0.8054900169372559,0.807200014591217,0,2026-03-06 00:00:00+00:00
1772769600000,0.8071200251579285,0.8073899745941162,0.8060799837112427,0.8069499731063843,0,2026-03-06 04:00:00+00:00
1772784000000,0.8069700002670288,0.8070799708366394,0.8012400269508362,0.8014699816703796,0,2026-03-06 08:00:00+00:00
1772798400000,0.8014500141143799,0.8030700087547302,0.7993000149726868,0.8019099831581116,0,2026-03-06 12:00:00+00:00
1772812800000,0.8018699884414673,0.8032799959182739,0.8006200194358826,0.8015599846839905,0,2026-03-06 16:00:00+00:00
1772827200000,0.8015599846839905,0.801859974861145,0.7983999848365784,0.8003000020980835,0,2026-03-06 20:00:00+00:00
1773014400000,0.7956600189208984,0.7975299954414368,0.7948899865150452,0.7955700159072876,0,2026-03-09 00:00:00+00:00
1773028800000,0.7955800294876099,0.7986500263214111,0.795199990272522,0.7981399893760681,0,2026-03-09 04:00:00+00:00
1773043200000,0.7982000112533569,0.8017600178718567,0.7971000075340271,0.7994099855422974,0,2026-03-09 08:00:00+00:00
1773057600000,0.7993500232696533,0.8039500117301941,0.7992900013923645,0.8031499981880188,0,2026-03-09 12:00:00+00:00
1773072000000,0.8031299710273743,0.8055700063705444,0.8026900291442871,0.8048099875450134,0,2026-03-09 16:00:00+00:00
1773086400000,0.8048700094223022,0.8064699769020081,0.803820013999939,0.8050199747085571,0,2026-03-09 20:00:00+00:00
1773100800000,0.8050000071525574,0.8064500093460083,0.8031100034713745,0.8037599921226501,0,2026-03-10 00:00:00+00:00
1773115200000,0.803659975528717,0.8062800168991089,0.8029199838638306,0.8058500289916992,0,2026-03-10 04:00:00+00:00
1773129600000,0.8057900071144104,0.8065699934959412,0.8044899702072144,0.8057100176811218,0,2026-03-10 08:00:00+00:00
1773144000000,0.8057799935340881,0.8085500001907349,0.8040800094604492,0.8075100183486938,0,2026-03-10 12:00:00+00:00
1773158400000,0.8075000047683716,0.8093100190162659,0.8035299777984619,0.8052899837493896,0,2026-03-10 16:00:00+00:00
1773172800000,0.8052700161933899,0.8055199980735779,0.8036800026893616,0.8044499754905701,0,2026-03-10 20:00:00+00:00
1773187200000,0.8044899702072144,0.8058599829673767,0.8037999868392944,0.8055199980735779,0,2026-03-11 00:00:00+00:00
1773201600000,0.8055599927902222,0.806410014629364,0.8043699860572815,0.804669976234436,0,2026-03-11 04:00:00+00:00
1773216000000,0.8046900033950806,0.8053699731826782,0.8029000163078308,0.8034200072288513,0,2026-03-11 08:00:00+00:00
1773230400000,0.8034200072288513,0.8067200183868408,0.8027399778366089,0.8035399913787842,0,2026-03-11 12:00:00+00:00
1773244800000,0.8034999966621399,0.8042399883270264,0.8018900156021118,0.8038399815559387,0,2026-03-11 16:00:00+00:00
1773259200000,0.803849995136261,0.8040900230407715,0.8012300133705139,0.8015599846839905,0,2026-03-11 20:00:00+00:00
1773273600000,0.801609992980957,0.8028799891471863,0.8008700013160706,0.8024200201034546,0,2026-03-12 00:00:00+00:00
1773288000000,0.8024200201034546,0.8025699853897095,0.8010500073432922,0.8021000027656555,0,2026-03-12 04:00:00+00:00
1773302400000,0.8021100163459778,0.8030800223350525,0.8008000254631042,0.8021600246429443,0,2026-03-12 08:00:00+00:00
1773316800000,0.8021600246429443,0.8023099899291992,0.7974100112915039,0.7990300059318542,0,2026-03-12 12:00:00+00:00
1773331200000,0.799049973487854,0.7992100119590759,0.79680997133255,0.7977399826049805,0,2026-03-12 16:00:00+00:00
1773345600000,0.797760009765625,0.7986599802970886,0.7967299818992615,0.7978900074958801,0,2026-03-12 20:00:00+00:00
1773360000000,0.7977499961853027,0.7984799742698669,0.796500027179718,0.7971799969673157,0,2026-03-13 00:00:00+00:00
1773374400000,0.7971199750900269,0.7971699833869934,0.7930099964141846,0.7933800220489502,0,2026-03-13 04:00:00+00:00
1773388800000,0.7933200001716614,0.7971199750900269,0.7929199934005737,0.7967600226402283,0,2026-03-13 08:00:00+00:00
1773403200000,0.7967000007629395,0.7999100089073181,0.7953900098800659,0.7969300150871277,0,2026-03-13 12:00:00+00:00
1773417600000,0.7969200015068054,0.7972300052642822,0.7936699986457825,0.7937700152397156,0,2026-03-13 16:00:00+00:00
1773432000000,0.7937700152397156,0.7938799858093262,0.7910400032997131,0.791920006275177,0,2026-03-13 20:00:00+00:00
1773619200000,0.7945600152015686,0.7970700263977051,0.794510006904602,0.7965099811553955,0,2026-03-16 00:00:00+00:00
1773633600000,0.796500027179718,0.7968900203704834,0.7951700091362,0.7957000136375427,0,2026-03-16 04:00:00+00:00
1773648000000,0.795710027217865,0.799530029296875,0.7954999804496765,0.7990300059318542,0,2026-03-16 08:00:00+00:00
1773662400000,0.7989699840545654,0.8004999756813049,0.7985699772834778,0.7997900247573853,0,2026-03-16 12:00:00+00:00
1773676800000,0.799780011177063,0.8022900223731995,0.797980010509491,0.8016300201416016,0,2026-03-16 16:00:00+00:00
1773691200000,0.801609992980957,0.8020700216293335,0.7997900247573853,0.800849974155426,0,2026-03-16 20:00:00+00:00
1773705600000,0.8009099960327148,0.801010012626648,0.7994199991226196,0.7996600270271301,0,2026-03-17 00:00:00+00:00
1773720000000,0.7997400164604187,0.8003000020980835,0.7965499758720398,0.7972599864006042,0,2026-03-17 04:00:00+00:00
1773734400000,0.7973099946975708,0.8009099960327148,0.7967299818992615,0.8002600073814392,0,2026-03-17 08:00:00+00:00
1773748800000,0.8003299832344055,0.8030499815940857,0.7999600172042847,0.8027600049972534,0,2026-03-17 12:00:00+00:00
1773763200000,0.8027700185775757,0.8034999966621399,0.8012800216674805,0.802079975605011,0,2026-03-17 16:00:00+00:00
1773777600000,0.8021000027656555,0.8023300170898438,0.8001300096511841,0.8017399907112122,0,2026-03-17 20:00:00+00:00
1773792000000,0.8017100095748901,0.802869975566864,0.8015499711036682,0.8026000261306763,0,2026-03-18 00:00:00+00:00
1773806400000,0.8025500178337097,0.8047000169754028,0.8022300004959106,0.8029800057411194,0,2026-03-18 04:00:00+00:00
1773820800000,0.8029299974441528,0.8030400276184082,0.8007299900054932,0.8012499809265137,0,2026-03-18 08:00:00+00:00
1773835200000,0.8012400269508362,0.8014299869537354,0.7961300015449524,0.7996399998664856,0,2026-03-18 12:00:00+00:00
1773849600000,0.7996600270271301,0.8008900284767151,0.7965599894523621,0.7966099977493286,0,2026-03-18 16:00:00+00:00
1773864000000,0.7966200113296509,0.799530029296875,0.7938299775123596,0.7953299880027771,0,2026-03-18 20:00:00+00:00
1773878400000,0.7953799962997437,0.7991399765014648,0.7952799797058105,0.7986999750137329,0,2026-03-19 00:00:00+00:00
1773892800000,0.7986099720001221,0.7988700270652771,0.7971000075340271,0.7975800037384033,0,2026-03-19 04:00:00+00:00
1773907200000,0.7975599765777588,0.7999699711799622,0.7973300218582153,0.7985799908638,0,2026-03-19 08:00:00+00:00
1773921600000,0.798550009727478,0.8023899793624878,0.7958099842071533,0.7999699711799622,0,2026-03-19 12:00:00+00:00
1773936000000,0.8000100255012512,0.8078699707984924,0.7996600270271301,0.8065999746322632,0,2026-03-19 16:00:00+00:00
1773950400000,0.80663001537323,0.807420015335083,0.8052899837493896,0.805869996547699,0,2026-03-19 20:00:00+00:00
1773964800000,0.8058800101280212,0.8089799880981445,0.8057399988174438,0.807669997215271,0,2026-03-20 00:00:00+00:00
1773979200000,0.8075799942016602,0.8084700107574463,0.8066499829292297,0.8078500032424927,0,2026-03-20 04:00:00+00:00
1773993600000,0.8077899813652039,0.8079800009727478,0.8032500147819519,0.8048400282859802,0,2026-03-20 08:00:00+00:00
1774008000000,0.8048700094223022,0.8054400086402893,0.8002700209617615,0.8016600012779236,0,2026-03-20 12:00:00+00:00
1774022400000,0.8017200231552124,0.8023999929428101,0.7978299856185913,0.7991799712181091,0,2026-03-20 16:00:00+00:00
1774036800000,0.7992600202560425,0.8007199764251709,0.7986900210380554,0.8007199764251709,0,2026-03-20 20:00:00+00:00
1774224000000,0.7994099855422974,0.8004500269889832,0.7964800000190735,0.7968999743461609,0,2026-03-23 00:00:00+00:00
1774238400000,0.7968900203704834,0.7972800135612488,0.7946900129318237,0.7949100136756897,0,2026-03-23 04:00:00+00:00
1774252800000,0.7949100136756897,0.8019199967384338,0.7922199964523315,0.7978100180625916,0,2026-03-23 08:00:00+00:00
1774267200000,0.7978399991989136,0.8063300251960754,0.796970009803772,0.8014000058174133,0,2026-03-23 12:00:00+00:00
1774281600000,0.8013799786567688,0.8067299723625183,0.7999799847602844,0.804669976234436,0,2026-03-23 16:00:00+00:00
1774296000000,0.8045399785041809,0.8051300048828125,0.8020399808883667,0.8034999966621399,0,2026-03-23 20:00:00+00:00
1774310400000,0.8035799860954285,0.8037199974060059,0.8007199764251709,0.8020700216293335,0,2026-03-24 00:00:00+00:00
1774324800000,0.8021500110626221,0.8043199777603149,0.8009200096130371,0.8033199906349182,0,2026-03-24 04:00:00+00:00
1774339200000,0.8033999800682068,0.8035500049591064,0.7993699908256531,0.8015999794006348,0,2026-03-24 08:00:00+00:00
1774353600000,0.801580011844635,0.8022500276565552,0.7983700037002563,0.800570011138916,0,2026-03-24 12:00:00+00:00
1774368000000,0.800570011138916,0.8016700148582458,0.7977399826049805,0.8008000254631042,0,2026-03-24 16:00:00+00:00
1774382400000,0.8007699847221375,0.8040300011634827,0.8001599907875061,0.8028200268745422,0,2026-03-24 20:00:00+00:00
1774396800000,0.8027399778366089,0.8036400079727173,0.8014400005340576,0.8016300201416016,0,2026-03-25 00:00:00+00:00
1774411200000,0.801609992980957,0.8017699718475342,0.7999699711799622,0.8014600276947021,0,2026-03-25 04:00:00+00:00
1774425600000,0.8014799952507019,0.8038899898529053,0.8006200194358826,0.8032600283622742,0,2026-03-25 08:00:00+00:00
1774440000000,0.8032000064849854,0.8036500215530396,0.8001599907875061,0.8021299839019775,0,2026-03-25 12:00:00+00:00
1774454400000,0.8021000027656555,0.804099977016449,0.8009700179100037,0.8022199869155884,0,2026-03-25 16:00:00+00:00
1774468800000,0.8022099733352661,0.802299976348877,0.8005300164222717,0.8017200231552124,0,2026-03-25 20:00:00+00:00
1774483200000,0.8018400073051453,0.8023099899291992,0.8008900284767151,0.8022900223731995,0,2026-03-26 00:00:00+00:00
1774497600000,0.8022300004959106,0.8025299906730652,0.7996399998664856,0.7997300028800964,0,2026-03-26 04:00:00+00:00
1774512000000,0.7997199892997742,0.8007699847221375,0.7990700006484985,0.7991300225257874,0,2026-03-26 08:00:00+00:00
1774526400000,0.7990800142288208,0.80103999376297,0.7986699938774109,0.800000011920929,0,2026-03-26 12:00:00+00:00
1774540800000,0.7999699711799622,0.8002200126647949,0.7967600226402283,0.7969300150871277,0,2026-03-26 16:00:00+00:00
1774555200000,0.7969300150871277,0.7998800277709961,0.7965999841690063,0.7978500127792358,0,2026-03-26 20:00:00+00:00
1774569600000,0.7978799939155579,0.7996900081634521,0.7971400022506714,0.7995499968528748,0,2026-03-27 00:00:00+00:00
1774584000000,0.7994999885559082,0.8001499772071838,0.7981399893760681,0.7982800006866455,0,2026-03-27 04:00:00+00:00
1774598400000,0.7982699871063232,0.7996399998664856,0.7977399826049805,0.7983499765396118,0,2026-03-27 08:00:00+00:00
1774612800000,0.7983300089836121,0.7998999953269958,0.796970009803772,0.7990000247955322,0,2026-03-27 12:00:00+00:00
1774627200000,0.7990099787712097,0.7994199991226196,0.7968599796295166,0.7973999977111816,0,2026-03-27 16:00:00+00:00
1774641600000,0.7974299788475037,0.7984499931335449,0.7967699766159058,0.7980899810791016,0,2026-03-27 20:00:00+00:00
1774814400000,0.796239972114563,0.7967100143432617,0.7956200242042542,0.7958400249481201,0,2026-03-29 20:00:00+00:00
1774828800000,0.7958999872207642,0.7971400022506714,0.7951700091362,0.79694002866745,0,2026-03-30 00:00:00+00:00
1774843200000,0.7968599796295166,0.798550009727478,0.7960600256919861,0.7964400053024292,0,2026-03-30 04:00:00+00:00
1774857600000,0.7964400053024292,0.797290027141571,0.7943800091743469,0.7963799834251404,0,2026-03-30 08:00:00+00:00
1774872000000,0.7963899970054626,0.79721999168396,0.7940800189971924,0.7954199910163879,0,2026-03-30 12:00:00+00:00
1774886400000,0.7953900098800659,0.7963200211524963,0.7949900031089783,0.7961699962615967,0,2026-03-30 16:00:00+00:00
1774900800000,0.7961599826812744,0.79680997133255,0.7948300242424011,0.7961500287055969,0,2026-03-30 20:00:00+00:00
1774915200000,0.7960299849510193,0.7980899810791016,0.7950400114059448,0.796180009841919,0,2026-03-31 00:00:00+00:00
1774929600000,0.796180009841919,0.79653000831604,0.7946199774742126,0.7963100075721741,0,2026-03-31 04:00:00+00:00
1774944000000,0.7963799834251404,0.797980010509491,0.7946900129318237,0.797980010509491,0,2026-03-31 08:00:00+00:00
1774958400000,0.7979400157928467,0.7992500066757202,0.7951700091362,0.7964299917221069,0,2026-03-31 12:00:00+00:00
1774972800000,0.7964100241661072,0.800029993057251,0.7961000204086304,0.7991099953651428,0,2026-03-31 16:00:00+00:00
1774987200000,0.7991399765014648,0.8000800013542175,0.7971000075340271,0.799839973449707,0,2026-03-31 20:00:00+00:00
1775001600000,0.7998499870300293,0.8002200126647949,0.7968800067901611,0.797249972820282,0,2026-04-01 00:00:00+00:00
1775016000000,0.7971799969673157,0.8015900254249573,0.7970899939537048,0.7997300028800964,0,2026-04-01 04:00:00+00:00
1775030400000,0.7997699975967407,0.8023300170898438,0.7992200255393982,0.8017399907112122,0,2026-04-01 08:00:00+00:00
1775044800000,0.801800012588501,0.8019899725914001,0.7994800209999084,0.800320029258728,0,2026-04-01 12:00:00+00:00
1775059200000,0.800320029258728,0.8010600209236145,0.796779990196228,0.7980899810791016,0,2026-04-01 16:00:00+00:00
1775073600000,0.7980800271034241,0.7984799742698669,0.7967100143432617,0.7976199984550476,0,2026-04-01 20:00:00+00:00
1775088000000,0.7976199984550476,0.7985900044441223,0.7937800288200378,0.7945700287818909,0,2026-04-02 00:00:00+00:00
1775102400000,0.7946299910545349,0.7951200008392334,0.7929700016975403,0.7950400114059448,0,2026-04-02 04:00:00+00:00
1775116800000,0.7949900031089783,0.7953400015830994,0.7934499979019165,0.7937700152397156,0,2026-04-02 08:00:00+00:00
1775131200000,0.7937800288200378,0.7979999780654907,0.7935299873352051,0.7967699766159058,0,2026-04-02 12:00:00+00:00
1775145600000,0.7967100143432617,0.7973499894142151,0.7943800091743469,0.7954699993133545,0,2026-04-02 16:00:00+00:00
1775160000000,0.7954699993133545,0.7958599925041199,0.7937700152397156,0.7954300045967102,0,2026-04-02 20:00:00+00:00
1775174400000,0.7955300211906433,0.7959100008010864,0.7945899963378906,0.7948499917984009,0,2026-04-03 00:00:00+00:00
1775188800000,0.7948300242424011,0.7950800061225891,0.7934899926185608,0.7946500182151794,0,2026-04-03 04:00:00+00:00
1775203200000,0.7946000099182129,0.7953299880027771,0.7937700152397156,0.795199990272522,0,2026-04-03 08:00:00+00:00
1775217600000,0.7951899766921997,0.7954699993133545,0.7931699752807617,0.7938500046730042,0,2026-04-03 12:00:00+00:00
1775232000000,0.7937399744987488,0.7941399812698364,0.7921000123023987,0.7933800220489502,0,2026-04-03 16:00:00+00:00
1775246400000,0.7935199737548828,0.7954999804496765,0.7916600108146667,0.7936499714851379,0,2026-04-03 20:00:00+00:00
1775419200000,0.7931399941444397,0.7933099865913391,0.7926200032234192,0.7927700281143188,0,2026-04-05 20:00:00+00:00
1775433600000,0.7927299737930298,0.7951499819755554,0.792639970779419,0.7941300272941589,0,2026-04-06 00:00:00+00:00
1775448000000,0.7941300272941589,0.7968199849128723,0.7940300107002258,0.7964400053024292,0,2026-04-06 04:00:00+00:00
1775462400000,0.7965199947357178,0.7970100045204163,0.7946900129318237,0.796180009841919,0,2026-04-06 08:00:00+00:00
1775476800000,0.796180009841919,0.796750009059906,0.7943800091743469,0.7956100106239319,0,2026-04-06 12:00:00+00:00
1775491200000,0.7955999970436096,0.795740008354187,0.7940800189971924,0.7950000166893005,0,2026-04-06 16:00:00+00:00
1775505600000,0.795009970664978,0.795930027961731,0.7933499813079834,0.7947199940681458,0,2026-04-06 20:00:00+00:00
1775520000000,0.7947999835014343,0.7948499917984009,0.7922499775886536,0.7931900024414062,0,2026-04-07 00:00:00+00:00
1775534400000,0.7931200265884399,0.7942699790000916,0.7928100228309631,0.7932800054550171,0,2026-04-07 04:00:00+00:00
1775548800000,0.7932900190353394,0.7959200143814087,0.7928199768066406,0.7935299873352051,0,2026-04-07 08:00:00+00:00
1775563200000,0.7935100197792053,0.7942699790000916,0.7919700145721436,0.7928299903869629,0,2026-04-07 12:00:00+00:00
1775577600000,0.7928500175476074,0.7955499887466431,0.7919700145721436,0.7951499819755554,0,2026-04-07 16:00:00+00:00
1775592000000,0.7951400279998779,0.8057100176811218,0.7932199835777283,0.803820013999939,0,2026-04-07 20:00:00+00:00
1775606400000,0.8040000200271606,0.8063799738883972,0.8010299801826477,0.8056700229644775,0,2026-04-08 00:00:00+00:00
1775620800000,0.805649995803833,0.8094599843025208,0.8056300282478333,0.8068199753761292,0,2026-04-08 04:00:00+00:00
1775635200000,0.8067399859428406,0.8086299896240234,0.8055099844932556,0.8085299730300903,0,2026-04-08 08:00:00+00:00
1775649600000,0.8085299730300903,0.8108100295066833,0.8069000244140625,0.8083599805831909,0,2026-04-08 12:00:00+00:00
1775664000000,0.8083699941635132,0.8085899949073792,0.8040400147438049,0.8060299754142761,0,2026-04-08 16:00:00+00:00
1775678400000,0.8060100078582764,0.8072299957275391,0.804069995880127,0.8065199851989746,0,2026-04-08 20:00:00+00:00
1775692800000,0.8065299987792969,0.8078699707984924,0.8056399822235107,0.8074700236320496,0,2026-04-09 00:00:00+00:00
1775707200000,0.8074899911880493,0.8087800145149231,0.8071200251579285,0.8076099753379822,0,2026-04-09 04:00:00+00:00
1775721600000,0.8075900077819824,0.8082200288772583,0.8069400191307068,0.807640016078949,0,2026-04-09 08:00:00+00:00
1775736000000,0.8076199889183044,0.8102800250053406,0.8058000206947327,0.8100699782371521,0,2026-04-09 12:00:00+00:00
1775750400000,0.8101500272750854,0.8113700151443481,0.8084200024604797,0.8091999888420105,0,2026-04-09 16:00:00+00:00
1775764800000,0.8091999888420105,0.8102700114250183,0.8078399896621704,0.8086199760437012,0,2026-04-09 20:00:00+00:00
1775779200000,0.8085700273513794,0.8090800046920776,0.8079500198364258,0.808709979057312,0,2026-04-10 00:00:00+00:00
1775793600000,0.8086900115013123,0.8088600039482117,0.8072800040245056,0.8075199723243713,0,2026-04-10 04:00:00+00:00
1775808000000,0.8076099753379822,0.8088700175285339,0.8063799738883972,0.8080099821090698,0,2026-04-10 08:00:00+00:00
1775822400000,0.8080700039863586,0.8098999857902527,0.8075100183486938,0.8076300024986267,0,2026-04-10 12:00:00+00:00
1775836800000,0.807640016078949,0.8085899949073792,0.8069400191307068,0.8083000183105469,0,2026-04-10 16:00:00+00:00
1775851200000,0.8082699775695801,0.8087700009346008,0.8063700199127197,0.8076000213623047,0,2026-04-10 20:00:00+00:00
1776024000000,0.8044000267982483,0.8052499890327454,0.8041800260543823,0.8049600124359131,0,2026-04-12 20:00:00+00:00
1776038400000,0.8050199747085571,0.8073999881744385,0.8047299981117249,0.8072699904441833,0,2026-04-13 00:00:00+00:00
1776052800000,0.8072699904441833,0.80867999792099,0.8069800138473511,0.8080400228500366,0,2026-04-13 04:00:00+00:00
1776067200000,0.8080099821090698,0.8081200122833252,0.8055199980735779,0.8056700229644775,0,2026-04-13 08:00:00+00:00
1776081600000,0.8056600093841553,0.8078600168228149,0.8052300214767456,0.8066099882125854,0,2026-04-13 12:00:00+00:00
1776096000000,0.806689977645874,0.8098999857902527,0.8054500222206116,0.808899998664856,0,2026-04-13 16:00:00+00:00
1776110400000,0.8089100122451782,0.8097299933433533,0.8073199987411499,0.8092300295829773,0,2026-04-13 20:00:00+00:00
1776124800000,0.8093100190162659,0.8094300031661987,0.807449996471405,0.8083599805831909,0,2026-04-14 00:00:00+00:00
1776139200000,0.8083599805831909,0.8114699721336365,0.8083000183105469,0.8105800151824951,0,2026-04-14 04:00:00+00:00
1776153600000,0.8105400204658508,0.8118399977684021,0.8092600107192993,0.8115400075912476,0,2026-04-14 08:00:00+00:00
1776168000000,0.811519980430603,0.8135700225830078,0.810920000076294,0.8123700022697449,0,2026-04-14 12:00:00+00:00
1776182400000,0.8123499751091003,0.8132799863815308,0.8121200203895569,0.8125799894332886,0,2026-04-14 16:00:00+00:00
1776196800000,0.8126099705696106,0.8130199909210205,0.8109800219535828,0.8124200105667114,0,2026-04-14 20:00:00+00:00
1776211200000,0.8124200105667114,0.8130999803543091,0.8117600083351135,0.8127899765968323,0,2026-04-15 00:00:00+00:00
1776225600000,0.8127899765968323,0.8135700225830078,0.812030017375946,0.8127899765968323,0,2026-04-15 04:00:00+00:00
1776240000000,0.8128399848937988,0.8134700059890747,0.8116499781608582,0.8131800293922424,0,2026-04-15 08:00:00+00:00
1776254400000,0.8131099939346313,0.8131999969482422,0.8105400204658508,0.8115699887275696,0,2026-04-15 12:00:00+00:00
1776268800000,0.8115400075912476,0.8125200271606445,0.8110299706459045,0.8120099902153015,0,2026-04-15 16:00:00+00:00
1776283200000,0.8119999766349792,0.8125100135803223,0.8104400038719177,0.8115000128746033,0,2026-04-15 20:00:00+00:00
1776297600000,0.811489999294281,0.8122100234031677,0.8106099963188171,0.8115699887275696,0,2026-04-16 00:00:00+00:00
1776312000000,0.811489999294281,0.8118600249290466,0.8099300265312195,0.8100600242614746,0,2026-04-16 04:00:00+00:00
1776326400000,0.8100500106811523,0.810259997844696,0.8083000183105469,0.8090199828147888,0,2026-04-16 08:00:00+00:00
1776340800000,0.8090100288391113,0.8091400265693665,0.8066999912261963,0.8076599836349487,0,2026-04-16 12:00:00+00:00
1776355200000,0.8076500296592712,0.8080999851226807,0.8056399822235107,0.8068299889564514,0,2026-04-16 16:00:00+00:00
1776369600000,0.8068100214004517,0.8075299859046936,0.8060100078582764,0.8062300086021423,0,2026-04-16 20:00:00+00:00
1776384000000,0.8062300086021423,0.8067299723625183,0.8052800297737122,0.8057600259780884,0,2026-04-17 00:00:00+00:00
1776398400000,0.8057500123977661,0.8060100078582764,0.8045300245285034,0.8055400252342224,0,2026-04-17 04:00:00+00:00
1776412800000,0.8055300116539001,0.805840015411377,0.8043400049209595,0.804610013961792,0,2026-04-17 08:00:00+00:00
1776427200000,0.804639995098114,0.8096500039100647,0.8045300245285034,0.8074399828910828,0,2026-04-17 12:00:00+00:00
1776441600000,0.807449996471405,0.8079800009727478,0.8053900003433228,0.8060399889945984,0,2026-04-17 16:00:00+00:00
1776456000000,0.8060200214385986,0.8061400055885315,0.8038100004196167,0.8054100275039673,0,2026-04-17 20:00:00+00:00
1776628800000,0.8038100004196167,0.8042500019073486,0.8034999966621399,0.8037400245666504,0,2026-04-19 20:00:00+00:00
1776643200000,0.8036900162696838,0.8054999709129333,0.8034999966621399,0.8050000071525574,0,2026-04-20 00:00:00+00:00
1776657600000,0.8049100041389465,0.805180013179779,0.8032900094985962,0.8034300208091736,0,2026-04-20 04:00:00+00:00
1776672000000,0.8044899702072144,0.8054500222206116,0.8040800094604492,0.8054199814796448,0,2026-04-20 08:00:00+00:00
1776686400000,0.8054100275039673,0.805869996547699,0.8022500276565552,0.8039399981498718,0,2026-04-20 12:00:00+00:00
1776700800000,0.8040199875831604,0.8041599988937378,0.8026099801063538,0.8039299845695496,0,2026-04-20 16:00:00+00:00
1776715200000,0.8039299845695496,0.8069499731063843,0.8014199733734131,0.8056399822235107,0,2026-04-20 20:00:00+00:00
1776729600000,0.8056399822235107,0.807699978351593,0.8050199747085571,0.8057500123977661,0,2026-04-21 00:00:00+00:00
1776744000000,0.8057500123977661,0.8071500062942505,0.8056100010871887,0.8062199950218201,0,2026-04-21 04:00:00+00:00
1776758400000,0.8062099814414978,0.8072900176048279,0.8047800064086914,0.8071200251579285,0,2026-04-21 08:00:00+00:00
1776772800000,0.8070799708366394,0.8071900010108948,0.8047299981117249,0.8053699731826782,0,2026-04-21 12:00:00+00:00
1776787200000,0.8053399920463562,0.8060899972915649,0.802649974822998,0.8030099868774414,0,2026-04-21 16:00:00+00:00
1776801600000,0.8030800223350525,0.8059800267219543,0.802839994430542,0.8052999973297119,0,2026-04-21 20:00:00+00:00
1776816000000,0.8052899837493896,0.8069300055503845,0.8052800297737122,0.8065599799156189,0,2026-04-22 00:00:00+00:00
1776830400000,0.8065599799156189,0.8081899881362915,0.8060600161552429,0.8080599904060364,0,2026-04-22 04:00:00+00:00
1776844800000,0.8080700039863586,0.8082900047302246,0.8065000176429749,0.806850016117096,0,2026-04-22 08:00:00+00:00
1776859200000,0.8068299889564514,0.8079500198364258,0.8054100275039673,0.8070499897003174,0,2026-04-22 12:00:00+00:00
1776873600000,0.8070600032806396,0.8072500228881836,0.8057399988174438,0.8070399761199951,0,2026-04-22 16:00:00+00:00
1776888000000,0.8070399761199951,0.8083599805831909,0.8057600259780884,0.8069400191307068,0,2026-04-22 20:00:00+00:00
1776902400000,0.8069499731063843,0.8074100017547607,0.8037800192832947,0.8038700222969055,0,2026-04-23 00:00:00+00:00
1776916800000,0.8037999868392944,0.8052200078964233,0.8034200072288513,0.8051599860191345,0,2026-04-23 04:00:00+00:00
1776931200000,0.8051300048828125,0.8051999807357788,0.8027399778366089,0.8042799830436707,0,2026-04-23 08:00:00+00:00
1776945600000,0.8042700290679932,0.8049799799919128,0.8026900291442871,0.8040000200271606,0,2026-04-23 12:00:00+00:00
1776960000000,0.8039600253105164,0.8044899702072144,0.7996600270271301,0.8019499778747559,0,2026-04-23 16:00:00+00:00
1776974400000,0.8019599914550781,0.8042799830436707,0.7999799847602844,0.801580011844635,0,2026-04-23 20:00:00+00:00
1776988800000,0.8015699982643127,0.8027999997138977,0.8006899952888489,0.8010600209236145,0,2026-04-24 00:00:00+00:00
1777003200000,0.8010600209236145,0.8024799823760986,0.8009099960327148,0.8017799854278564,0,2026-04-24 04:00:00+00:00
1777017600000,0.801829993724823,0.804390013217926,0.8002899885177612,0.8033400177955627,0,2026-04-24 08:00:00+00:00
1777032000000,0.8033499717712402,0.804390013217926,0.801580011844635,0.8039699792861938,0,2026-04-24 12:00:00+00:00
1777046400000,0.8039199709892273,0.8040500283241272,0.8025400042533875,0.8036100268363953,0,2026-04-24 16:00:00+00:00
1777060800000,0.8036100268363953,0.8039900064468384,0.8024600148200989,0.8033199906349182,0,2026-04-24 20:00:00+00:00
1777233600000,0.8029599785804749,0.8031299710273743,0.8025400042533875,0.8026800155639648,0,2026-04-26 20:00:00+00:00
1777248000000,0.8026800155639648,0.8052700161933899,0.8026800155639648,0.8048700094223022,0,2026-04-27 00:00:00+00:00
1777262400000,0.80485999584198,0.8049899935722351,0.8031799793243408,0.8040800094604492,0,2026-04-27 04:00:00+00:00
1777276800000,0.8041099905967712,0.805079996585846,0.8038100004196167,0.8045300245285034,0,2026-04-27 08:00:00+00:00
1777291200000,0.8045099973678589,0.8059300184249878,0.803820013999939,0.8056100010871887,0,2026-04-27 12:00:00+00:00
1777305600000,0.8055899739265442,0.8058099746704102,0.8041399717330933,0.8053699731826782,0,2026-04-27 16:00:00+00:00
1777320000000,0.805400013923645,0.805649995803833,0.8032799959182739,0.8051999807357788,0,2026-04-27 20:00:00+00:00
1777334400000,0.8051400184631348,0.8056600093841553,0.8037599921226501,0.8043299913406372,0,2026-04-28 00:00:00+00:00
1777348800000,0.8043100237846375,0.8045600056648254,0.8024500012397766,0.8034600019454956,0,2026-04-28 04:00:00+00:00
1777363200000,0.8034899830818176,0.8041499853134155,0.8021500110626221,0.8024299740791321,0,2026-04-28 08:00:00+00:00
1777377600000,0.8024899959564209,0.8050500154495239,0.8012599945068359,0.804889976978302,0,2026-04-28 12:00:00+00:00
1777392000000,0.8049299716949463,0.8055800199508667,0.803820013999939,0.805109977722168,0,2026-04-28 16:00:00+00:00
1777406400000,0.8051599860191345,0.8056100010871887,0.8031200170516968,0.8052999973297119,0,2026-04-28 20:00:00+00:00
1777420800000,0.8052999973297119,0.8058800101280212,0.8012199997901917,0.801829993724823,0,2026-04-29 00:00:00+00:00
1777435200000,0.801829993724823,0.8033900260925293,0.8017899990081787,0.8021900057792664,0,2026-04-29 04:00:00+00:00
1777449600000,0.8021699786186218,0.8023499846458435,0.8009799718856812,0.8011199831962585,0,2026-04-29 08:00:00+00:00
1777464000000,0.8010900020599365,0.8013499975204468,0.7972699999809265,0.797760009765625,0,2026-04-29 12:00:00+00:00
1777478400000,0.7978000044822693,0.7985399961471558,0.7959799766540527,0.7976700067520142,0,2026-04-29 16:00:00+00:00
1777492800000,0.7976800203323364,0.7994400262832642,0.795740008354187,0.7981799840927124,0,2026-04-29 20:00:00+00:00
1777507200000,0.7980700135231018,0.7989299893379211,0.7967699766159058,0.7979199886322021,0,2026-04-30 00:00:00+00:00
1777521600000,0.7979300022125244,0.798229992389679,0.796459972858429,0.7979699969291687,0,2026-04-30 04:00:00+00:00
1777536000000,0.798009991645813,0.8024899959564209,0.7964900135993958,0.801360011100769,0,2026-04-30 08:00:00+00:00
1777550400000,0.8013799786567688,0.8029999732971191,0.8007799983024597,0.8015400171279907,0,2026-04-30 12:00:00+00:00
1777564800000,0.8015900254249573,0.8026999831199646,0.8008900284767151,0.8020600080490112,0,2026-04-30 16:00:00+00:00
1777579200000,0.8020300269126892,0.8025500178337097,0.8006799817085266,0.801829993724823,0,2026-04-30 20:00:00+00:00
1777593600000,0.8018500208854675,0.8021100163459778,0.8009499907493591,0.8011199831962585,0,2026-05-01 00:00:00+00:00
1777608000000,0.801110029220581,0.8012099862098694,0.7993299961090088,0.8002200126647949,0,2026-05-01 04:00:00+00:00
1777622400000,0.8002399802207947,0.8006299734115601,0.7990000247955322,0.7997699975967407,0,2026-05-01 08:00:00+00:00
1777636800000,0.799809992313385,0.8037499785423279,0.7993800044059753,0.8031799793243408,0,2026-05-01 12:00:00+00:00
1777651200000,0.8031700253486633,0.8036800026893616,0.8014299869537354,0.8017299771308899,0,2026-05-01 16:00:00+00:00
1777665600000,0.8017399907112122,0.8019400238990784,0.8001400232315063,0.8009099960327148,0,2026-05-01 20:00:00+00:00
1777867200000,0.8042299747467041,0.8045300245285034,0.8020899891853333,0.8021399974822998,0,2026-05-04 04:00:00+00:00
1777881600000,0.8022099733352661,0.8028799891471863,0.799019992351532,0.8009499907493591,0,2026-05-04 08:00:00+00:00
1777896000000,0.8009499907493591,0.8026400208473206,0.7977399826049805,0.7989400029182434,0,2026-05-04 12:00:00+00:00
1777910400000,0.7990099787712097,0.7998899817466736,0.796779990196228,0.7996299862861633,0,2026-05-04 16:00:00+00:00
1777924800000,0.7996199727058411,0.8005200028419495,0.7990300059318542,0.7996000051498413,0,2026-05-04 20:00:00+00:00
1777939200000,0.7996399998664856,0.7998700141906738,0.7980999946594238,0.7988600134849548,0,2026-05-05 00:00:00+00:00
1777953600000,0.7988399863243103,0.8004599809646606,0.7980700135231018,0.7998499870300293,0,2026-05-05 04:00:00+00:00
1777968000000,0.799839973449707,0.8012700080871582,0.799019992351532,0.8004999756813049,0,2026-05-05 08:00:00+00:00
1777982400000,0.8005200028419495,0.8037300109863281,0.7996500134468079,0.8030200004577637,0,2026-05-05 12:00:00+00:00
1777996800000,0.8030200004577637,0.8030800223350525,0.8015999794006348,0.8019999861717224,0,2026-05-05 16:00:00+00:00
1778011200000,0.8020099997520447,0.8039000034332275,0.7991099953651428,0.8026900291442871,0,2026-05-05 20:00:00+00:00
1778025600000,0.8026800155639648,0.8074600100517273,0.8026800155639648,0.8062700033187866,0,2026-05-06 00:00:00+00:00
1778040000000,0.8062999844551086,0.8092899918556213,0.8062300086021423,0.8091400265693665,0,2026-05-06 04:00:00+00:00
1778054400000,0.809149980545044,0.813730001449585,0.8076900243759155,0.8118299841880798,0,2026-05-06 08:00:00+00:00
1778068800000,0.8117700219154358,0.812690019607544,0.8098099827766418,0.8111000061035156,0,2026-05-06 12:00:00+00:00
1778083200000,0.8110899925231934,0.8125399947166443,0.8095800280570984,0.8119099736213684,0,2026-05-06 16:00:00+00:00
1778097600000,0.8119099736213684,0.8124099969863892,0.8100699782371521,0.8116300106048584,0,2026-05-06 20:00:00+00:00
1778112000000,0.8116599917411804,0.8130000233650208,0.8113499879837036,0.8124300241470337,0,2026-05-07 00:00:00+00:00
1778126400000,0.812470018863678,0.814329981803894,0.8121200203895569,0.8139299750328064,0,2026-05-07 04:00:00+00:00
1778140800000,0.8139299750328064,0.8151999711990356,0.8133800029754639,0.8149300217628479,0,2026-05-07 08:00:00+00:00
1778155200000,0.8149600028991699,0.8154500126838684,0.8127300143241882,0.8128600120544434,0,2026-05-07 12:00:00+00:00
1778169600000,0.8128499984741211,0.8130599856376648,0.8098999857902527,0.8110899925231934,0,2026-05-07 16:00:00+00:00
1778184000000,0.8110899925231934,0.8135499954223633,0.8092899918556213,0.8111299872398376,0,2026-05-07 20:00:00+00:00
1778198400000,0.8111000061035156,0.8117700219154358,0.8101300001144409,0.8112900257110596,0,2026-05-08 00:00:00+00:00
1778212800000,0.8112499713897705,0.8130499720573425,0.8111400008201599,0.8126099705696106,0,2026-05-08 04:00:00+00:00
1778227200000,0.8126000165939331,0.8144999742507935,0.8125,0.8131800293922424,0,2026-05-08 08:00:00+00:00
1778241600000,0.8131600022315979,0.8173900246620178,0.812279999256134,0.815060019493103,0,2026-05-08 12:00:00+00:00
1778256000000,0.8150399923324585,0.8159800171852112,0.8144099712371826,0.8156700134277344,0,2026-05-08 16:00:00+00:00
1778270400000,0.8156800270080566,0.8159000277519226,0.8150100111961365,0.8157200217247009,0,2026-05-08 20:00:00+00:00
1778443200000,0.8144800066947937,0.8144800066947937,0.8130999803543091,0.8139399886131287,0,2026-05-10 20:00:00+00:00
1778457600000,0.8138800263404846,0.8150299787521362,0.8134899735450745,0.8137500286102295,0,2026-05-11 00:00:00+00:00
1778472000000,0.8136699795722961,0.8140100240707397,0.8124099969863892,0.8130499720573425,0,2026-05-11 04:00:00+00:00
1778486400000,0.8130999803543091,0.8139700293540955,0.8121799826622009,0.8130099773406982,0,2026-05-11 08:00:00+00:00
1778500800000,0.8129600286483765,0.8156700134277344,0.8121399879455566,0.8153499960899353,0,2026-05-11 12:00:00+00:00
1778515200000,0.8153799772262573,0.8155500292778015,0.8143500089645386,0.8152999877929688,0,2026-05-11 16:00:00+00:00
1778529600000,0.8152899742126465,0.8161200284957886,0.8134700059890747,0.815779983997345,0,2026-05-11 20:00:00+00:00
1778544000000,0.8157899975776672,0.8159700036048889,0.8142600059509277,0.8151900172233582,0,2026-05-12 00:00:00+00:00
1778558400000,0.8151299953460693,0.8157100081443787,0.8131399750709534,0.814520001411438,0,2026-05-12 04:00:00+00:00
1778572800000,0.8145400285720825,0.8159099817276001,0.8141499757766724,0.815339982509613,0,2026-05-12 08:00:00+00:00
1778587200000,0.8153799772262573,0.8165299892425537,0.8137400150299072,0.814740002155304,0,2026-05-12 12:00:00+00:00
1778601600000,0.8147500157356262,0.8155699968338013,0.8139500021934509,0.8153700232505798,0,2026-05-12 16:00:00+00:00
1778616000000,0.8153799772262573,0.8155500292778015,0.8133500218391418,0.815060019493103,0,2026-05-12 20:00:00+00:00
1778630400000,0.8151299953460693,0.8165000081062317,0.8129900097846985,0.8137900233268738,0,2026-05-13 00:00:00+00:00
1778644800000,0.8137900233268738,0.8141099810600281,0.8127999901771545,0.8128299713134766,0,2026-05-13 04:00:00+00:00
1778659200000,0.8128299713134766,0.8133400082588196,0.8108500242233276,0.8119900226593018,0,2026-05-13 08:00:00+00:00
1778673600000,0.8119199872016907,0.813539981842041,0.8106600046157837,0.8131899833679199,0,2026-05-13 12:00:00+00:00
1778688000000,0.8131600022315979,0.8138999938964844,0.8124600052833557,0.8130499720573425,0,2026-05-13 16:00:00+00:00
1778702400000,0.8130999803543091,0.8138599991798401,0.811680018901825,0.8125699758529663,0,2026-05-13 20:00:00+00:00
1778716800000,0.8126599788665771,0.8131700158119202,0.8122000098228455,0.8123300075531006,0,2026-05-14 00:00:00+00:00
1778731200000,0.8123300075531006,0.8140599727630615,0.8121600151062012,0.8129400014877319,0,2026-05-14 04:00:00+00:00
1778745600000,0.8129299879074097,0.8141300082206726,0.8128399848937988,0.8134899735450745,0,2026-05-14 08:00:00+00:00
1778760000000,0.8134199976921082,0.8142600059509277,0.8121399879455566,0.8125900030136108,0,2026-05-14 12:00:00+00:00
1778774400000,0.8125399947166443,0.8128100037574768,0.8111100196838379,0.8113099932670593,0,2026-05-14 16:00:00+00:00
1778788800000,0.8113099932670593,0.8148599863052368,0.8095600008964539,0.8100500106811523,0,2026-05-14 20:00:00+00:00
1778803200000,0.8099700212478638,0.8103899955749512,0.8077999949455261,0.808430016040802,0,2026-05-15 00:00:00+00:00
1778817600000,0.8084400296211243,0.808459997177124,0.8053699731826782,0.805400013923645,0,2026-05-15 04:00:00+00:00
1778832000000,0.8054599761962891,0.8057799935340881,0.8030999898910522,0.8037300109863281,0,2026-05-15 08:00:00+00:00
1778846400000,0.803629994392395,0.8048099875450134,0.8027700185775757,0.8029299974441528,0,2026-05-15 12:00:00+00:00
1778860800000,0.8029999732971191,0.8036699891090393,0.8024100065231323,0.8029900193214417,0,2026-05-15 16:00:00+00:00
1778875200000,0.8029900193214417,0.8031700253486633,0.801580011844635,0.8025100231170654,0,2026-05-15 20:00:00+00:00
1779048000000,0.8030400276184082,0.8033300042152405,0.802079975605011,0.8023499846458435,0,2026-05-17 20:00:00+00:00
1779062400000,0.8023499846458435,0.8031200170516968,0.8011999726295471,0.8030700087547302,0,2026-05-18 00:00:00+00:00
1779076800000,0.8030200004577637,0.8044800162315369,0.8022099733352661,0.8040500283241272,0,2026-05-18 04:00:00+00:00
1779091200000,0.804069995880127,0.8063300251960754,0.8040300011634827,0.8057000041007996,0,2026-05-18 08:00:00+00:00
1779105600000,0.8056700229644775,0.8081700205802917,0.8041399717330933,0.8061299920082092,0,2026-05-18 12:00:00+00:00
1779120000000,0.8060899972915649,0.8078699707984924,0.8049499988555908,0.8071399927139282,0,2026-05-18 16:00:00+00:00
1779134400000,0.8070999979972839,0.8075100183486938,0.805620014667511,0.8067899942398071,0,2026-05-18 20:00:00+00:00
1779148800000,0.8067899942398071,0.8070099949836731,0.8044400215148926,0.8046799898147583,0,2026-05-19 00:00:00+00:00
1779163200000,0.8046500086784363,0.8053299784660339,0.8041999936103821,0.8042899966239929,0,2026-05-19 04:00:00+00:00
1779177600000,0.8042899966239929,0.8047900199890137,0.8031399846076965,0.8035899996757507,0,2026-05-19 08:00:00+00:00
1779192000000,0.8035200238227844,0.8051999807357788,0.8006200194358826,0.8020099997520447,0,2026-05-19 12:00:00+00:00
1779206400000,0.8019700050354004,0.8031600117683411,0.8015300035476685,0.8023099899291992,0,2026-05-19 16:00:00+00:00
1779220800000,0.8023099899291992,0.8026800155639648,0.8007400035858154,0.8018199801445007,0,2026-05-19 20:00:00+00:00
1779235200000,0.8017899990081787,0.8024600148200989,0.7999699711799622,0.8022800087928772,0,2026-05-20 00:00:00+00:00
1779249600000,0.8022599816322327,0.8037999868392944,0.8006200194358826,0.8033599853515625,0,2026-05-20 04:00:00+00:00
1779264000000,0.8034499883651733,0.8048099875450134,0.8030700087547302,0.8039900064468384,0,2026-05-20 08:00:00+00:00
1779278400000,0.8040500283241272,0.8086000084877014,0.8031200170516968,0.8066999912261963,0,2026-05-20 12:00:00+00:00
1779292800000,0.8066999912261963,0.8077399730682373,0.8059099912643433,0.8069999814033508,0,2026-05-20 16:00:00+00:00
1779307200000,0.8069900274276733,0.8071100115776062,0.8044499754905701,0.8064000010490417,0,2026-05-20 20:00:00+00:00
1779321600000,0.8064000010490417,0.8075500130653381,0.805079996585846,0.8062800168991089,0,2026-05-21 00:00:00+00:00
1779336000000,0.8062000274658203,0.8071600198745728,0.8051999807357788,0.8067799806594849,0,2026-05-21 04:00:00+00:00
1779350400000,0.8068000078201294,0.8083500266075134,0.8045700192451477,0.8060799837112427,0,2026-05-21 08:00:00+00:00
1779364800000,0.8060399889945984,0.8083900213241577,0.8053399920463562,0.8071699738502502,0,2026-05-21 12:00:00+00:00
1779379200000,0.8071900010108948,0.810949981212616,0.8070200085639954,0.8095600008964539,0,2026-05-21 16:00:00+00:00
1779393600000,0.8095899820327759,0.8099899888038635,0.8079299926757812,0.8096200227737427,0,2026-05-21 20:00:00+00:00
1779408000000,0.8095800280570984,0.8101800084114075,0.8090699911117554,0.8097800016403198,0,2026-05-22 00:00:00+00:00
1779422400000,0.8097500205039978,0.8102899789810181,0.8080499768257141,0.8085200190544128,0,2026-05-22 04:00:00+00:00
1779436800000,0.808489978313446,0.8090900182723999,0.8069900274276733,0.8077099919319153,0,2026-05-22 08:00:00+00:00
1779451200000,0.807669997215271,0.8092399835586548,0.8063700199127197,0.8088799715042114,0,2026-05-22 12:00:00+00:00
1779465600000,0.8088899850845337,0.8098499774932861,0.8076599836349487,0.8085899949073792,0,2026-05-22 16:00:00+00:00
1779480000000,0.8086400032043457,0.80867999792099,0.8070499897003174,0.8081799745559692,0,2026-05-22 20:00:00+00:00
1779652800000,0.810920000076294,0.8113800287246704,0.8102999925613403,0.8103299736976624,0,2026-05-24 20:00:00+00:00
1779667200000,0.8103200197219849,0.811489999294281,0.8101099729537964,0.81045001745224,0,2026-05-25 00:00:00+00:00
1779681600000,0.8104900121688843,0.8115500211715698,0.8089399933815002,0.8107500076293945,0,2026-05-25 04:00:00+00:00
1779696000000,0.8107399940490723,0.8115400075912476,0.8103799819946289,0.8111699819564819,0,2026-05-25 08:00:00+00:00
1779710400000,0.8111600279808044,0.8116199970245361,0.8099700212478638,0.8101599812507629,0,2026-05-25 12:00:00+00:00
1779724800000,0.8101599812507629,0.81072998046875,0.8097800016403198,0.8103299736976624,0,2026-05-25 16:00:00+00:00
1779739200000,0.8103100061416626,0.8106300234794617,0.8088600039482117,0.8090500235557556,0,2026-05-25 20:00:00+00:00
1779753600000,0.8090199828147888,0.8092300295829773,0.8073999881744385,0.8083500266075134,0,2026-05-26 00:00:00+00:00
1779768000000,0.8084099888801575,0.8084400296211243,0.8065400123596191,0.8069499731063843,0,2026-05-26 04:00:00+00:00
1779782400000,0.8069599866867065,0.8072800040245056,0.8057399988174438,0.8067399859428406,0,2026-05-26 08:00:00+00:00
1779796800000,0.8066099882125854,0.8072599768638611,0.8047699928283691,0.8052200078964233,0,2026-05-26 12:00:00+00:00
1779811200000,0.8052600026130676,0.8064000010490417,0.8051400184631348,0.806190013885498,0,2026-05-26 16:00:00+00:00
1779825600000,0.8061500191688538,0.8067600131034851,0.8050500154495239,0.8064600229263306,0,2026-05-26 20:00:00+00:00
1779840000000,0.8064500093460083,0.8117200136184692,0.8061800003051758,0.8100799918174744,0,2026-05-27 00:00:00+00:00
1779854400000,0.8100799918174744,0.8122900128364563,0.8098700046539307,0.8118299841880798,0,2026-05-27 04:00:00+00:00
1779868800000,0.8117200136184692,0.814520001411438,0.8108599781990051,0.8139100074768066,0,2026-05-27 08:00:00+00:00
1779883200000,0.8139100074768066,0.8171600103378296,0.8134300112724304,0.8148900270462036,0,2026-05-27 12:00:00+00:00
1779897600000,0.8148400187492371,0.816100001335144,0.8134499788284302,0.8158699870109558,0,2026-05-27 16:00:00+00:00
1779912000000,0.8158699870109558,0.8167399764060974,0.8146799802780151,0.8154500126838684,0,2026-05-27 20:00:00+00:00
1779926400000,0.8153799772262573,0.8183199763298035,0.8140599727630615,0.814329981803894,0,2026-05-28 00:00:00+00:00
1779940800000,0.8143200278282166,0.8157299757003784,0.8125600218772888,0.8155099749565125,0,2026-05-28 04:00:00+00:00
1779955200000,0.815559983253479,0.817080020904541,0.8147299885749817,0.8156300187110901,0,2026-05-28 08:00:00+00:00
1779969600000,0.8155800104141235,0.8190600275993347,0.8154100179672241,0.8174899816513062,0,2026-05-28 12:00:00+00:00
1779984000000,0.8174999952316284,0.8185399770736694,0.8164299726486206,0.8170199990272522,0,2026-05-28 16:00:00+00:00
1779998400000,0.8170199990272522,0.8196300268173218,0.8160200119018555,0.8191900253295898,0,2026-05-28 20:00:00+00:00
1780012800000,0.8191800117492676,0.820609986782074,0.8187699913978577,0.8204200267791748,0,2026-05-29 00:00:00+00:00
1780027200000,0.8204200267791748,0.8225700259208679,0.820389986038208,0.8225200176239014,0,2026-05-29 04:00:00+00:00
1780041600000,0.8224599957466125,0.8243899941444397,0.8220400214195251,0.8243100047111511,0,2026-05-29 08:00:00+00:00
1780056000000,0.8242899775505066,0.8271899819374084,0.8230199813842773,0.8256999850273132,0,2026-05-29 12:00:00+00:00
1780070400000,0.8257499933242798,0.8265200257301331,0.8242899775505066,0.8256700038909912,0,2026-05-29 16:00:00+00:00
1780084800000,0.8256800174713135,0.826259970664978,0.8242899775505066,0.8259199857711792,0,2026-05-29 20:00:00+00:00
1780257600000,0.8245900273323059,0.8251699805259705,0.824400007724762,0.8249300122261047,0,2026-05-31 20:00:00+00:00
1780272000000,0.8250899910926819,0.8254299759864807,0.8236700296401978,0.8240900039672852,0,2026-06-01 00:00:00+00:00
1780286400000,0.8240799903869629,0.8248400092124939,0.8235899806022644,0.8243499994277954,0,2026-06-01 04:00:00+00:00
1780300800000,0.8243399858474731,0.8246300220489502,0.8220199942588806,0.8235200047492981,0,2026-06-01 08:00:00+00:00
1780315200000,0.8234800100326538,0.8240399956703186,0.817579984664917,0.8204299807548523,0,2026-06-01 12:00:00+00:00
1780329600000,0.8204299807548523,0.8220199942588806,0.8197399973869324,0.8212500214576721,0,2026-06-01 16:00:00+00:00
1780344000000,0.8212000131607056,0.8220000267028809,0.8196300268173218,0.8213499784469604,0,2026-06-01 20:00:00+00:00
1780358400000,0.821399986743927,0.8215199708938599,0.8192099928855896,0.8213499784469604,0,2026-06-02 00:00:00+00:00
1780372800000,0.821340024471283,0.8225299715995789,0.8210499882698059,0.8212800025939941,0,2026-06-02 04:00:00+00:00
1780387200000,0.8213199973106384,0.8216300010681152,0.8202499747276306,0.8212900161743164,0,2026-06-02 08:00:00+00:00
1780401600000,0.8212900161743164,0.8216400146484375,0.818589985370636,0.819890022277832,0,2026-06-02 12:00:00+00:00
1780416000000,0.8198400139808655,0.8202400207519531,0.8185300230979919,0.8198300004005432,0,2026-06-02 16:00:00+00:00
1780430400000,0.8198099732398987,0.8206400275230408,0.8184800148010254,0.8196899890899658,0,2026-06-02 20:00:00+00:00
1780444800000,0.8196899890899658,0.8212900161743164,0.8196499943733215,0.8198800086975098,0,2026-06-03 00:00:00+00:00
1780459200000,0.8198699951171875,0.8199399709701538,0.8170099854469299,0.8177000284194946,0,2026-06-03 04:00:00+00:00
1780473600000,0.8176599740982056,0.8177700042724609,0.8162699937820435,0.8174399733543396,0,2026-06-03 08:00:00+00:00
1780488000000,0.8173999786376953,0.8174899816513062,0.8137400150299072,0.8152599930763245,0,2026-06-03 12:00:00+00:00
1780502400000,0.815280020236969,0.8153200149536133,0.8142200112342834,0.8148400187492371,0,2026-06-03 16:00:00+00:00
1780516800000,0.8148400187492371,0.8158400058746338,0.8126800060272217,0.8153600096702576,0,2026-06-03 20:00:00+00:00
1780531200000,0.8154600262641907,0.8163800239562988,0.8140599727630615,0.8157600164413452,0,2026-06-04 00:00:00+00:00
1780545600000,0.8158100247383118,0.8168900012969971,0.8153499960899353,0.8165000081062317,0,2026-06-04 04:00:00+00:00
1780560000000,0.8165000081062317,0.8176000118255615,0.8150200247764587,0.8174899816513062,0,2026-06-04 08:00:00+00:00
1780574400000,0.8174999952316284,0.8177000284194946,0.8159800171852112,0.8163400292396545,0,2026-06-04 12:00:00+00:00
1780588800000,0.8163300156593323,0.8167999982833862,0.8154500126838684,0.815850019454956,0,2026-06-04 16:00:00+00:00
1780603200000,0.8158400058746338,0.8167600035667419,0.8146499991416931,0.8160899877548218,0,2026-06-04 20:00:00+00:00
1780617600000,0.8161100149154663,0.8161500096321106,0.8134899735450745,0.8149099946022034,0,2026-06-05 00:00:00+00:00
1780632000000,0.8148699998855591,0.8159499764442444,0.8146600127220154,0.8153499960899353,0,2026-06-05 04:00:00+00:00
1780646400000,0.8153499960899353,0.816290020942688,0.8150299787521362,0.8159599900245667,0,2026-06-05 08:00:00+00:00
1780660800000,0.8159099817276001,0.8159700036048889,0.8090199828147888,0.809149980545044,0,2026-06-05 12:00:00+00:00
1780675200000,0.8091099858283997,0.8096100091934204,0.8073400259017944,0.8081200122833252,0,2026-06-05 16:00:00+00:00
1780689600000,0.8080899715423584,0.8081600069999695,0.8064500093460083,0.8074300289154053,0,2026-06-05 20:00:00+00:00
1780862400000,0.8070200085639954,0.8081899881362915,0.8070200085639954,0.8080099821090698,0,2026-06-07 20:00:00+00:00
1780876800000,0.8081099987030029,0.8094900250434875,0.8075000047683716,0.8093299865722656,0,2026-06-08 00:00:00+00:00
1780891200000,0.8092700242996216,0.8097900152206421,0.8076500296592712,0.8092700242996216,0,2026-06-08 04:00:00+00:00
1780905600000,0.809249997138977,0.8130599856376648,0.8079800009727478,0.8119999766349792,0,2026-06-08 08:00:00+00:00
1780920000000,0.812030017375946,0.8125500082969666,0.8100900053977966,0.8113099932670593,0,2026-06-08 12:00:00+00:00
1780934400000,0.8113099932670593,0.8116700053215027,0.8100600242614746,0.8103200197219849,0,2026-06-08 16:00:00+00:00
1780948800000,0.8103399872779846,0.8106799721717834,0.8092600107192993,0.8098000288009644,0,2026-06-08 20:00:00+00:00
1780963200000,0.8097800016403198,0.8119800090789795,0.8092799782752991,0.8115500211715698,0,2026-06-09 00:00:00+00:00
1780977600000,0.8115500211715698,0.8145800232887268,0.8112999796867371,0.8119099736213684,0,2026-06-09 04:00:00+00:00
1780992000000,0.8119199872016907,0.8136500120162964,0.8111799955368042,0.8131300210952759,0,2026-06-09 08:00:00+00:00
1781006400000,0.8131099939346313,0.8141800165176392,0.8118199706077576,0.8126299977302551,0,2026-06-09 12:00:00+00:00
1781020800000,0.8126199841499329,0.8128499984741211,0.8092600107192993,0.8109899759292603,0,2026-06-09 16:00:00+00:00
1781035200000,0.8109300136566162,0.8120999932289124,0.8093299865722656,0.8103299736976624,0,2026-06-09 20:00:00+00:00
1781049600000,0.8103299736976624,0.8121500015258789,0.8101999759674072,0.8118399977684021,0,2026-06-10 00:00:00+00:00
1781064000000,0.8117700219154358,0.8119199872016907,0.809660017490387,0.8100500106811523,0,2026-06-10 04:00:00+00:00
1781078400000,0.8100600242614746,0.8101199865341187,0.8073400259017944,0.8085399866104126,0,2026-06-10 08:00:00+00:00
1781092800000,0.8086000084877014,0.8115800023078918,0.8083199858665466,0.8107900023460388,0,2026-06-10 12:00:00+00:00
1781107200000,0.8107500076293945,0.8112300038337708,0.8083299994468689,0.8088700175285339,0,2026-06-10 16:00:00+00:00
1781121600000,0.8088700175285339,0.8134599924087524,0.8060600161552429,0.8078799843788147,0,2026-06-10 20:00:00+00:00
1781136000000,0.8078200221061707,0.8089100122451782,0.8075399994850159,0.8077800273895264,0,2026-06-11 00:00:00+00:00
1781150400000,0.8077499866485596,0.8090100288391113,0.8072800040245056,0.8082699775695801,0,2026-06-11 04:00:00+00:00
1781164800000,0.8082200288772583,0.8087300062179565,0.8070099949836731,0.8084999918937683,0,2026-06-11 08:00:00+00:00
1781179200000,0.8084800243377686,0.8097299933433533,0.8060899972915649,0.8090000152587891,0,2026-06-11 12:00:00+00:00
1781193600000,0.8090100288391113,0.8153300285339355,0.8076599836349487,0.8148499727249146,0,2026-06-11 16:00:00+00:00
1781208000000,0.8148499727249146,0.8156800270080566,0.8097900152206421,0.8148000240325928,0,2026-06-11 20:00:00+00:00
1781222400000,0.8147100210189819,0.8148699998855591,0.8123599886894226,0.8136199712753296,0,2026-06-12 00:00:00+00:00
1781236800000,0.8136199712753296,0.8141400218009949,0.8125,0.8139600157737732,0,2026-06-12 04:00:00+00:00
1781251200000,0.8140100240707397,0.8160600066184998,0.8137500286102295,0.8151699900627136,0,2026-06-12 08:00:00+00:00
1781265600000,0.8151800036430359,0.8151900172233582,0.8127800226211548,0.8140900135040283,0,2026-06-12 12:00:00+00:00
1781280000000,0.8140900135040283,0.8156700134277344,0.813759982585907,0.8153499960899353,0,2026-06-12 16:00:00+00:00
1781294400000,0.8154000043869019,0.8158299922943115,0.8144099712371826,0.8158299922943115,0,2026-06-12 20:00:00+00:00
1781467200000,0.8174899816513062,0.8180099725723267,0.8166599869728088,0.817330002784729,0,2026-06-14 20:00:00+00:00
1781481600000,0.8173199892044067,0.8175600171089172,0.8161699771881104,0.8171799778938293,0,2026-06-15 00:00:00+00:00
1781496000000,0.8172000050544739,0.8179100155830383,0.8163099884986877,0.8169599771499634,0,2026-06-15 04:00:00+00:00
1781510400000,0.8169599771499634,0.8171600103378296,0.8158699870109558,0.8165900111198425,0,2026-06-15 08:00:00+00:00
1781524800000,0.816510021686554,0.8171899914741516,0.8156099915504456,0.8157100081443787,0,2026-06-15 12:00:00+00:00
1781539200000,0.8157200217247009,0.8160899877548218,0.8140199780464172,0.814520001411438,0,2026-06-15 16:00:00+00:00
1781553600000,0.8144999742507935,0.8158299922943115,0.8132100105285645,0.815090000629425,0,2026-06-15 20:00:00+00:00
1781568000000,0.8150799870491028,0.8152499794960022,0.8125900030136108,0.8133599758148193,0,2026-06-16 00:00:00+00:00
1781582400000,0.8133500218391418,0.8149200081825256,0.8118100166320801,0.8148999810218811,0,2026-06-16 04:00:00+00:00
1781596800000,0.8148400187492371,0.8167300224304199,0.8146600127220154,0.8162299990653992,0,2026-06-16 08:00:00+00:00
1781611200000,0.8162500262260437,0.8171899914741516,0.8155500292778015,0.8164100050926208,0,2026-06-16 12:00:00+00:00
1781625600000,0.8163700103759766,0.8169599771499634,0.8153700232505798,0.8162699937820435,0,2026-06-16 16:00:00+00:00
1781640000000,0.8162699937820435,0.8163300156593323,0.8141300082206726,0.8157399892807007,0,2026-06-16 20:00:00+00:00
1781654400000,0.815750002861023,0.8164299726486206,0.8153600096702576,0.8154100179672241,0,2026-06-17 00:00:00+00:00
1781668800000,0.8153899908065796,0.8156899809837341,0.8142300248146057,0.8146899938583374,0,2026-06-17 04:00:00+00:00
1781683200000,0.8147000074386597,0.8147799968719482,0.8136199712753296,0.8137199878692627,0,2026-06-17 08:00:00+00:00
1781697600000,0.8137199878692627,0.8159999847412109,0.8130999803543091,0.8158000111579895,0,2026-06-17 12:00:00+00:00
1781712000000,0.815779983997345,0.816349983215332,0.8115000128746033,0.8131399750709534,0,2026-06-17 16:00:00+00:00
1781726400000,0.8131899833679199,0.814520001411438,0.8105000257492065,0.8141199946403503,0,2026-06-17 20:00:00+00:00
1781740800000,0.8141300082206726,0.817520022392273,0.8141300082206726,0.8173800110816956,0,2026-06-18 00:00:00+00:00
1781755200000,0.8173900246620178,0.8175699710845947,0.8152300119400024,0.8157299757003784,0,2026-06-18 04:00:00+00:00
1781769600000,0.8157100081443787,0.8159000277519226,0.8130199909210205,0.8138499855995178,0,2026-06-18 08:00:00+00:00
1781784000000,0.8138300180435181,0.8155999779701233,0.8131300210952759,0.8141599893569946,0,2026-06-18 12:00:00+00:00
1781798400000,0.8141999840736389,0.814329981803894,0.8128200173377991,0.8133599758148193,0,2026-06-18 16:00:00+00:00
1781812800000,0.8133699893951416,0.8158599734306335,0.8119500279426575,0.8136299848556519,0,2026-06-18 20:00:00+00:00
1781827200000,0.8135799765586853,0.81454998254776,0.8114799857139587,0.8116099834442139,0,2026-06-19 00:00:00+00:00
1781841600000,0.8116000294685364,0.8120099902153015,0.8100399971008301,0.8110299706459045,0,2026-06-19 04:00:00+00:00
1781856000000,0.8110799789428711,0.8125100135803223,0.8105499744415283,0.8121299743652344,0,2026-06-19 08:00:00+00:00
1781870400000,0.8121299743652344,0.8136299848556519,0.8111799955368042,0.8131899833679199,0,2026-06-19 12:00:00+00:00
1781884800000,0.8131800293922424,0.8139299750328064,0.8124899864196777,0.8134899735450745,0,2026-06-19 16:00:00+00:00
1781899200000,0.8134899735450745,0.8137900233268738,0.8110899925231934,0.8121200203895569,0,2026-06-19 20:00:00+00:00
1782072000000,0.8125600218772888,0.8129799962043762,0.8120700120925903,0.812529981136322,0,2026-06-21 20:00:00+00:00
1782086400000,0.8125500082969666,0.8132799863815308,0.8120200037956238,0.812250018119812,0,2026-06-22 00:00:00+00:00
1782100800000,0.8122299909591675,0.813040018081665,0.8109400272369385,0.8112000226974487,0,2026-06-22 04:00:00+00:00
1782115200000,0.8112000226974487,0.8124399781227112,0.8105800151824951,0.8112199902534485,0,2026-06-22 08:00:00+00:00
1782129600000,0.8112199902534485,0.8119099736213684,0.8098999857902527,0.8102899789810181,0,2026-06-22 12:00:00+00:00
1782144000000,0.8102800250053406,0.8103700280189514,0.8079900145530701,0.8090400099754333,0,2026-06-22 16:00:00+00:00
1782158400000,0.8090000152587891,0.8105700016021729,0.8077300190925598,0.8084400296211243,0,2026-06-22 20:00:00+00:00
1782172800000,0.8083999752998352,0.8085200190544128,0.8066099882125854,0.8077099919319153,0,2026-06-23 00:00:00+00:00
1782187200000,0.8077200055122375,0.8077999949455261,0.8055700063705444,0.805649995803833,0,2026-06-23 04:00:00+00:00
1782201600000,0.8057399988174438,0.8074399828910828,0.8049299716949463,0.8050299882888794,0,2026-06-23 08:00:00+00:00
1782216000000,0.8050199747085571,0.8063600063323975,0.8042299747467041,0.8051300048828125,0,2026-06-23 12:00:00+00:00
1782230400000,0.8050900101661682,0.8056399822235107,0.8045799732208252,0.8048999905586243,0,2026-06-23 16:00:00+00:00
1782244800000,0.8049200177192688,0.8068699836730957,0.803820013999939,0.8047599792480469,0,2026-06-23 20:00:00+00:00
1782259200000,0.8046799898147583,0.8055800199508667,0.8033599853515625,0.8035299777984619,0,2026-06-24 00:00:00+00:00
1782273600000,0.8035899996757507,0.8047400116920471,0.8030099868774414,0.803380012512207,0,2026-06-24 04:00:00+00:00
1782288000000,0.8033199906349182,0.8036100268363953,0.801110029220581,0.8025699853897095,0,2026-06-24 08:00:00+00:00
1782302400000,0.8026099801063538,0.8039299845695496,0.8017200231552124,0.8035799860954285,0,2026-06-24 12:00:00+00:00
1782316800000,0.8035600185394287,0.8037800192832947,0.802049994468689,0.8030099868774414,0,2026-06-24 16:00:00+00:00
1782331200000,0.8029800057411194,0.8058900237083435,0.8019300103187561,0.8031899929046631,0,2026-06-24 20:00:00+00:00
1782345600000,0.8031899929046631,0.8041200041770935,0.8016499876976013,0.8028299808502197,0,2026-06-25 00:00:00+00:00
1782360000000,0.8028200268745422,0.8038100004196167,0.8022199869155884,0.8029299974441528,0,2026-06-25 04:00:00+00:00
1782374400000,0.8029900193214417,0.8040000200271606,0.802370011806488,0.8025000095367432,0,2026-06-25 08:00:00+00:00
1782388800000,0.8025000095367432,0.8038600087165833,0.8014600276947021,0.8027099967002869,0,2026-06-25 12:00:00+00:00
1782403200000,0.8027399778366089,0.80281001329422,0.8009300231933594,0.801639974117279,0,2026-06-25 16:00:00+00:00
1782417600000,0.8016499876976013,0.8036800026893616,0.8002099990844727,0.8011900186538696,0,2026-06-25 20:00:00+00:00
1782432000000,0.801110029220581,0.8014900088310242,0.7993199825286865,0.8005300164222717,0,2026-06-26 00:00:00+00:00
1782446400000,0.8004500269889832,0.801800012588501,0.8001300096511841,0.8014699816703796,0,2026-06-26 04:00:00+00:00
1782460800000,0.8015199899673462,0.8021799921989441,0.8009399771690369,0.8010500073432922,0,2026-06-26 08:00:00+00:00
1782475200000,0.8010600209236145,0.8019800186157227,0.7999699711799622,0.8012199997901917,0,2026-06-26 12:00:00+00:00
1782489600000,0.8011199831962585,0.8012599945068359,0.7995700240135193,0.7996399998664856,0,2026-06-26 16:00:00+00:00
1782504000000,0.7996000051498413,0.8002499938011169,0.7987300157546997,0.8001400232315063,0,2026-06-26 20:00:00+00:00
1782676800000,0.7999500036239624,0.8004199862480164,0.7996299862861633,0.800059974193573,0,2026-06-28 20:00:00+00:00
1782691200000,0.8000900149345398,0.8009799718856812,0.7991799712181091,0.8007000088691711,0,2026-06-29 00:00:00+00:00
1782705600000,0.8007000088691711,0.8023599982261658,0.8005200028419495,0.8020300269126892,0,2026-06-29 04:00:00+00:00
1782720000000,0.8020300269126892,0.8032600283622742,0.801289975643158,0.8031700253486633,0,2026-06-29 08:00:00+00:00
1782734400000,0.8031799793243408,0.8031899929046631,0.8009399771690369,0.8025699853897095,0,2026-06-29 12:00:00+00:00
1782748800000,0.8025699853897095,0.8029599785804749,0.8021100163459778,0.8029199838638306,0,2026-06-29 16:00:00+00:00
1782763200000,0.8028900027275085,0.8035100102424622,0.8018199801445007,0.8028799891471863,0,2026-06-29 20:00:00+00:00
1782777600000,0.8028799891471863,0.8038100004196167,0.8018900156021118,0.8035799860954285,0,2026-06-30 00:00:00+00:00
1782792000000,0.8035699725151062,0.8050699830055237,0.8033900260925293,0.8044300079345703,0,2026-06-30 04:00:00+00:00
1782806400000,0.8043799996376038,0.805899977684021,0.8035899996757507,0.8056100010871887,0,2026-06-30 08:00:00+00:00
1782820800000,0.8055700063705444,0.807129979133606,0.8042500019073486,0.8059999942779541,0,2026-06-30 12:00:00+00:00
1782835200000,0.8060200214385986,0.806850016117096,0.8052700161933899,0.8054500222206116,0,2026-06-30 16:00:00+00:00
1782849600000,0.8054100275039673,0.8065199851989746,0.8042500019073486,0.8060500025749207,0,2026-06-30 20:00:00+00:00
1782864000000,0.8060600161552429,0.8065699934959412,0.804889976978302,0.8058599829673767,0,2026-07-01 00:00:00+00:00
1782878400000,0.8058599829673767,0.8071100115776062,0.8055899739265442,0.8070399761199951,0,2026-07-01 04:00:00+00:00
1782892800000,0.8069999814033508,0.8076000213623047,0.8065000176429749,0.80690997838974,0,2026-07-01 08:00:00+00:00
1782907200000,0.8068600296974182,0.8074100017547607,0.8051000237464905,0.8063499927520752,0,2026-07-01 12:00:00+00:00
1782921600000,0.8063600063323975,0.806850016117096,0.8054999709129333,0.8060200214385986,0,2026-07-01 16:00:00+00:00
1782936000000,0.8059999942779541,0.80690997838974,0.8048800230026245,0.8066700100898743,0,2026-07-01 20:00:00+00:00
1782950400000,0.80663001537323,0.8076300024986267,0.8057799935340881,0.8065900206565857,0,2026-07-02 00:00:00+00:00
1782964800000,0.8066400289535522,0.8071200251579285,0.8059700131416321,0.806190013885498,0,2026-07-02 04:00:00+00:00
1782979200000,0.8061800003051758,0.8079100251197815,0.8058199882507324,0.8059300184249878,0,2026-07-02 08:00:00+00:00
1782993600000,0.8059399724006653,0.8095499873161316,0.8052899837493896,0.8090800046920776,0,2026-07-02 12:00:00+00:00
1783008000000,0.8090900182723999,0.8091999888420105,0.8071500062942505,0.8076199889183044,0,2026-07-02 16:00:00+00:00
1783022400000,0.8076199889183044,0.8086599707603455,0.8066099882125854,0.8075900077819824,0,2026-07-02 20:00:00+00:00
1783036800000,0.8075900077819824,0.8095999956130981,0.807420015335083,0.8089799880981445,0,2026-07-03 00:00:00+00:00
1783051200000,0.808929979801178,0.8113499879837036,0.8086000084877014,0.8109400272369385,0,2026-07-03 04:00:00+00:00
1783065600000,0.8109599947929382,0.8111699819564819,0.8100200295448303,0.8106399774551392,0,2026-07-03 08:00:00+00:00
1783080000000,0.8106399774551392,0.8111100196838379,0.8101500272750854,0.8105000257492065,0,2026-07-03 12:00:00+00:00
1783094400000,0.8105000257492065,0.8108400106430054,0.8098099827766418,0.8103399872779846,0,2026-07-03 16:00:00+00:00
1783108800000,0.8102899789810181,0.8108500242233276,0.809249997138977,0.8105599880218506,0,2026-07-03 20:00:00+00:00
1783281600000,0.8098899722099304,0.8100399971008301,0.8095300197601318,0.809660017490387,0,2026-07-05 20:00:00+00:00
1783296000000,0.8097400069236755,0.8102099895477295,0.8075600266456604,0.8080899715423584,0,2026-07-06 00:00:00+00:00
1783310400000,0.8080400228500366,0.8089799880981445,0.807420015335083,0.8089100122451782,0,2026-07-06 04:00:00+00:00
1783324800000,0.8088700175285339,0.8089600205421448,0.8077600002288818,0.8082900047302246,0,2026-07-06 08:00:00+00:00
1783339200000,0.8082500100135803,0.8090500235557556,0.8073300123214722,0.8087499737739563,0,2026-07-06 12:00:00+00:00
1783353600000,0.8087499737739563,0.8105400204658508,0.8085700273513794,0.8098999857902527,0,2026-07-06 16:00:00+00:00
1783368000000,0.8098999857902527,0.8103200197219849,0.8078799843788147,0.8098400235176086,0,2026-07-06 20:00:00+00:00
1783382400000,0.8098400235176086,0.8107399940490723,0.8097100257873535,0.8101599812507629,0,2026-07-07 00:00:00+00:00
1783396800000,0.8101500272750854,0.8103899955749512,0.8083599805831909,0.8086400032043457,0,2026-07-07 04:00:00+00:00
1783411200000,0.8086199760437012,0.8093600273132324,0.8080099821090698,0.808899998664856,0,2026-07-07 08:00:00+00:00
1783425600000,0.8088399767875671,0.8099700212478638,0.8066099882125854,0.806879997253418,0,2026-07-07 12:00:00+00:00
1783440000000,0.806850016117096,0.8072900176048279,0.8055400252342224,0.806439995765686,0,2026-07-07 16:00:00+00:00
1783454400000,0.8064299821853638,0.8067200183868408,0.8047500252723694,0.8059399724006653,0,2026-07-07 20:00:00+00:00
1783468800000,0.8059800267219543,0.8100500106811523,0.8056100010871887,0.8095300197601318,0,2026-07-08 00:00:00+00:00
1783483200000,0.8095300197601318,0.8110700249671936,0.8087000250816345,0.8095300197601318,0,2026-07-08 04:00:00+00:00
1783497600000,0.8095200061798096,0.8096100091934204,0.8054100275039673,0.8071500062942505,0,2026-07-08 08:00:00+00:00
1783512000000,0.8071200251579285,0.8084200024604797,0.8054500222206116,0.8061100244522095,0,2026-07-08 12:00:00+00:00
1783526400000,0.8061400055885315,0.8087300062179565,0.8060399889945984,0.8080999851226807,0,2026-07-08 16:00:00+00:00
1783540800000,0.8081200122833252,0.8095300197601318,0.8050900101661682,0.809440016746521,0,2026-07-08 20:00:00+00:00
1783555200000,0.809440016746521,0.8110799789428711,0.809440016746521,0.8105000257492065,0,2026-07-09 00:00:00+00:00
1783569600000,0.8105199933052063,0.8127800226211548,0.8102099895477295,0.8126800060272217,0,2026-07-09 04:00:00+00:00
1783584000000,0.8126800060272217,0.813759982585907,0.8121700286865234,0.8127899765968323,0,2026-07-09 08:00:00+00:00
1783598400000,0.8127599954605103,0.8158400058746338,0.8126199841499329,0.8155699968338013,0,2026-07-09 12:00:00+00:00
1783612800000,0.8156099915504456,0.8161200284957886,0.8152599930763245,0.8155099749565125,0,2026-07-09 16:00:00+00:00
1783627200000,0.8155099749565125,0.8161799907684326,0.8136399984359741,0.816100001335144,0,2026-07-09 20:00:00+00:00
1783641600000,0.8160899877548218,0.8188599944114685,0.8158400058746338,0.8180099725723267,0,2026-07-10 00:00:00+00:00
1783656000000,0.8180199861526489,0.8182399868965149,0.8167600035667419,0.8171200156211853,0,2026-07-10 04:00:00+00:00
1783670400000,0.8170999884605408,0.8177300095558167,0.8156499862670898,0.8166800141334534,0,2026-07-10 08:00:00+00:00
1783684800000,0.8167399764060974,0.8173699975013733,0.8137400150299072,0.8158100247383118,0,2026-07-10 12:00:00+00:00
1783699200000,0.8158000111579895,0.8158900141716003,0.8143799901008606,0.8157899975776672,0,2026-07-10 16:00:00+00:00
1783713600000,0.8157699704170227,0.8160099983215332,0.8147299885749817,0.8152599930763245,0,2026-07-10 20:00:00+00:00
1783886400000,0.8145099878311157,0.8154399991035461,0.8141999840736389,0.815339982509613,0,2026-07-12 20:00:00+00:00
1783900800000,0.8153600096702576,0.8171799778938293,0.814329981803894,0.8153799772262573,0,2026-07-13 00:00:00+00:00
1783915200000,0.8153300285339355,0.8166599869728088,0.8143200278282166,0.8164399862289429,0,2026-07-13 04:00:00+00:00
1783929600000,0.8163999915122986,0.8179399967193604,0.8163899779319763,0.8170499801635742,0,2026-07-13 08:00:00+00:00
1783944000000,0.8170300126075745,0.8181999921798706,0.814769983291626,0.815750002861023,0,2026-07-13 12:00:00+00:00
1783958400000,0.8158000111579895,0.8159899711608887,0.8128100037574768,0.8138899803161621,0,2026-07-13 16:00:00+00:00
1783972800000,0.8138899803161621,0.8155500292778015,0.8125900030136108,0.8154399991035461,0,2026-07-13 20:00:00+00:00
1783987200000,0.8153899908065796,0.8188199996948242,0.8148199915885925,0.8183199763298035,0,2026-07-14 00:00:00+00:00
1784001600000,0.8182200193405151,0.8192200064659119,0.8162999749183655,0.817300021648407,0,2026-07-14 04:00:00+00:00
1784016000000,0.8172799944877625,0.819159984588623,0.8164499998092651,0.8188199996948242,0,2026-07-14 08:00:00+00:00
1784030400000,0.8187900185585022,0.8221099972724915,0.8166099786758423,0.8167700171470642,0,2026-07-14 12:00:00+00:00
1784044800000,0.8167499899864197,0.8175399899482727,0.8163599967956543,0.8168799877166748,0,2026-07-14 16:00:00+00:00
1784059200000,0.8168299794197083,0.817799985408783,0.8156899809837341,0.8166000247001648,0,2026-07-14 20:00:00+00:00
1784073600000,0.8166599869728088,0.8181800246238708,0.8159800171852112,0.8167200088500977,0,2026-07-15 00:00:00+00:00
1784088000000,0.8167099952697754,0.8182899951934814,0.81632000207901,0.8176199793815613,0,2026-07-15 04:00:00+00:00
1784102400000,0.8176000118255615,0.818880021572113,0.8172600269317627,0.8187299966812134,0,2026-07-15 08:00:00+00:00
1784116800000,0.8187500238418579,0.820580005645752,0.8180400133132935,0.8199899792671204,0,2026-07-15 12:00:00+00:00
1784131200000,0.8199800252914429,0.8223099708557129,0.8188599944114685,0.821179986000061,0,2026-07-15 16:00:00+00:00
1784145600000,0.8212000131607056,0.821619987487793,0.8196200132369995,0.8205999732017517,0,2026-07-15 20:00:00+00:00
1784160000000,0.8206300139427185,0.8218700289726257,0.8195499777793884,0.8218100070953369,0,2026-07-16 00:00:00+00:00
1784174400000,0.8217899799346924,0.8226400017738342,0.8211299777030945,0.8221499919891357,0,2026-07-16 04:00:00+00:00
1784188800000,0.8221700191497803,0.8225899934768677,0.8194900155067444,0.821370005607605,0,2026-07-16 08:00:00+00:00
1784203200000,0.8214300274848938,0.8214799761772156,0.8194100260734558,0.8199800252914429,0,2026-07-16 12:00:00+00:00
1784217600000,0.8199300169944763,0.8207399845123291,0.8188599944114685,0.8204799890518188,0,2026-07-16 16:00:00+00:00
1784232000000,0.8204799890518188,0.8207100033760071,0.8187699913978577,0.8199899792671204,0,2026-07-16 20:00:00+00:00
1784246400000,0.8200100064277649,0.8206499814987183,0.8189499974250793,0.8195800185203552,0,2026-07-17 00:00:00+00:00
1784260800000,0.8196099996566772,0.8200600147247314,0.8185200095176697,0.8193399906158447,0,2026-07-17 04:00:00+00:00
1784275200000,0.819350004196167,0.8199300169944763,0.8173999786376953,0.8178499937057495,0,2026-07-17 08:00:00+00:00
1784289600000,0.8178499937057495,0.8194299936294556,0.8159800171852112,0.819379985332489,0,2026-07-17 12:00:00+00:00
1784304000000,0.8193399906158447,0.8194100260734558,0.8182500004768372,0.8185799717903137,0,2026-07-17 16:00:00+00:00
1784318400000,0.8185700178146362,0.8191499710083008,0.8180299997329712,0.8189700245857239,0,2026-07-17 20:00:00+00:00
1784491200000,0.8174800276756287,0.8185700178146362,0.8174800276756287,0.8185399770736694,0,2026-07-19 20:00:00+00:00
1784505600000,0.8184499740600586,0.8206899762153625,0.8180000185966492,0.8204100131988525,0,2026-07-20 00:00:00+00:00
1784520000000,0.8203399777412415,0.8211899995803833,0.8189499974250793,0.8208199739456177,0,2026-07-20 04:00:00+00:00
1784534400000,0.8208299875259399,0.8223000168800354,0.82014000415802,0.8218899965286255,0,2026-07-20 08:00:00+00:00
1784548800000,0.8218799829483032,0.8223000168800354,0.8202700018882751,0.8218399882316589,0,2026-07-20 12:00:00+00:00
1784563200000,0.8217999935150146,0.8220700025558472,0.82014000415802,0.8214200139045715,0,2026-07-20 16:00:00+00:00
1784577600000,0.8214399814605713,0.8235599994659424,0.8202000260353088,0.8233500123023987,0,2026-07-20 20:00:00+00:00
1784592000000,0.8232899904251099,0.8264999985694885,0.8230000138282776,0.8255599737167358,0,2026-07-21 00:00:00+00:00
1784606400000,0.8255100250244141,0.82573002576828,0.8235800266265869,0.8240500092506409,0,2026-07-21 04:00:00+00:00
1784620800000,0.8240200281143188,0.8244799971580505,0.8222200274467468,0.8225700259208679,0,2026-07-21 08:00:00+00:00
1784635200000,0.8226000070571899,0.8227900266647339,0.819819986820221,0.8219199776649475,0,2026-07-21 12:00:00+00:00
1784649600000,0.82191002368927,0.8227400183677673,0.8218100070953369,0.8221399784088135,0,2026-07-21 16:00:00+00:00
1784664000000,0.8221499919891357,0.8228399753570557,0.8205699920654297,0.8216099739074707,0,2026-07-21 20:00:00+00:00
1784678400000,0.8216099739074707,0.8226500153541565,0.8211299777030945,0.8218700289726257,0,2026-07-22 00:00:00+00:00
1784692800000,0.8219000101089478,0.8219599723815918,0.8193600177764893,0.8196700215339661,0,2026-07-22 04:00:00+00:00
1784707200000,0.8197199702262878,0.8205299973487854,0.8185399770736694,0.8195800185203552,0,2026-07-22 08:00:00+00:00
1784721600000,0.819599986076355,0.8200100064277649,0.8175699710845947,0.8198400139808655,0,2026-07-22 12:00:00+00:00
1784736000000,0.8198300004005432,0.8198999762535095,0.8181800246238708,0.8187999725341797,0,2026-07-22 16:00:00+00:00
1784750400000,0.8187999725341797,0.8196799755096436,0.8172900080680847,0.8186799883842468,0,2026-07-22 20:00:00+00:00
1784764800000,0.8186699748039246,0.819130003452301,0.8175600171089172,0.8181800246238708,0,2026-07-23 00:00:00+00:00
1784779200000,0.818120002746582,0.8186799883842468,0.8156399726867676,0.8164399862289429,0,2026-07-23 04:00:00+00:00
1784793600000,0.8163700103759766,0.8164799809455872,0.8143500089645386,0.8146200180053711,0,2026-07-23 08:00:00+00:00
1784808000000,0.8145999908447266,0.8146499991416931,0.8111799955368042,0.813260018825531,0,2026-07-23 12:00:00+00:00
1784822400000,0.8133299946784973,0.8136500120162964,0.8113999962806702,0.812749981880188,0,2026-07-23 16:00:00+00:00
1784836800000,0.8127599954605103,0.813260018825531,0.8111199736595154,0.8130499720573425,0,2026-07-23 20:00:00+00:00
1784851200000,0.8130999803543091,0.8140000104904175,0.8127899765968323,0.8132799863815308,0,2026-07-24 00:00:00+00:00
1784865600000,0.813289999961853,0.814740002155304,0.8127400279045105,0.8146600127220154,0,2026-07-24 04:00:00+00:00
1784880000000,0.8146700263023376,0.8154799938201904,0.8139200210571289,0.815280020236969,0,2026-07-24 08:00:00+00:00
1784894400000,0.8152499794960022,0.8167300224304199,0.8136500120162964,0.8165599703788757,0,2026-07-24 12:00:00+00:00
1784908800000,0.8165599703788757,0.8168500065803528,0.8147000074386597,0.8161299824714661,0,2026-07-24 16:00:00+00:00
1784923200000,0.8161399960517883,0.8162800073623657,0.8146700263023376,0.8154600262641907,0,2026-07-24 20:00:00+00:00
1785096000000,0.8164100050926208,0.8167300224304199,0.816070020198822,0.8165799975395203,0,2026-07-26 20:00:00+00:00
1785110400000,0.816510021686554,0.8175399899482727,0.8150299787521362,0.8159300088882446,0,2026-07-27 00:00:00+00:00
1785124800000,0.8158699870109558,0.8184900283813477,0.8157899975776672,0.8175299763679504,0,2026-07-27 04:00:00+00:00
1785139200000,0.8174899816513062,0.8178099989891052,0.816290020942688,0.8167300224304199,0,2026-07-27 08:00:00+00:00
1785153600000,0.8167300224304199,0.8170400261878967,0.8151800036430359,0.8154199719429016,0,2026-07-27 12:00:00+00:00
1785168000000,0.8154100179672241,0.8161799907684326,0.8148300051689148,0.8156899809837341,0,2026-07-27 16:00:00+00:00
1785182400000,0.8156899809837341,0.8157699704170227,0.8139700293540955,0.8147299885749817,0,2026-07-27 20:00:00+00:00
1785196800000,0.8148400187492371,0.8154399991035461,0.8140599727630615,0.8146100044250488,0,2026-07-28 00:00:00+00:00
1785211200000,0.8145400285720825,0.8152999877929688,0.8136699795722961,0.8146700263023376,0,2026-07-28 04:00:00+00:00
1785225600000,0.8146700263023376,0.8149899840354919,0.8121299743652344,0.8137699961662292,0,2026-07-28 08:00:00+00:00
1785240000000,0.8138899803161621,0.816789984703064,0.8133000135421753,0.8166900277137756,0,2026-07-28 12:00:00+00:00
1785254400000,0.8166700005531311,0.816860020160675,0.8157699704170227,0.8163099884986877,0,2026-07-28 16:00:00+00:00
1785268800000,0.816290020942688,0.8166400194168091,0.8144099712371826,0.8154399991035461,0,2026-07-28 20:00:00+00:00
1785283200000,0.8153799772262573,0.8160099983215332,0.8141099810600281,0.8150799870491028,0,2026-07-29 00:00:00+00:00
1785297600000,0.8150299787521362,0.8162800073623657,0.8143799901008606,0.8154299855232239,0,2026-07-29 04:00:00+00:00
1785312000000,0.8154799938201904,0.8154900074005127,0.8137400150299072,0.8145400285720825,0,2026-07-29 08:00:00+00:00
1785326400000,0.8145400285720825,0.814740002155304,0.8118199706077576,0.8125100135803223,0,2026-07-29 12:00:00+00:00
1785340800000,0.8125200271606445,0.8174800276756287,0.8118799924850464,0.8141400218009949,0,2026-07-29 16:00:00+00:00
1785355200000,0.8140299916267395,0.815060019493103,0.8120599985122681,0.8141400218009949,0,2026-07-29 20:00:00+00:00
1785369600000,0.8140900135040283,0.8164700269699097,0.8134700059890747,0.8158199787139893,0,2026-07-30 00:00:00+00:00
1785384000000,0.8158100247383118,0.8173900246620178,0.8148400187492371,0.816290020942688,0,2026-07-30 04:00:00+00:00
1785398400000,0.8162500262260437,0.8204200267791748,0.8162500262260437,0.8204100131988525,0,2026-07-30 08:00:00+00:00
1785412800000,0.8203999996185303,0.8231599926948547,0.8186799883842468,0.8226000070571899,0,2026-07-30 12:00:00+00:00
1785427200000,0.8225399851799011,0.8234300017356873,0.8220900297164917,0.8231499791145325,0,2026-07-30 16:00:00+00:00
1785441600000,0.823140025138855,0.8238400220870972,0.8174200057983398,0.8230299949645996,0,2026-07-30 20:00:00+00:00
1785456000000,0.8230199813842773,0.8233399987220764,0.8216500282287598,0.8229600191116333,0,2026-07-31 00:00:00+00:00
1785470400000,0.8228899836540222,0.8236799836158752,0.8220099806785583,0.8233699798583984,0,2026-07-31 04:00:00+00:00
1785484800000,0.8234000205993652,0.8248199820518494,0.8222000002861023,0.8226799964904785,0,2026-07-31 08:00:00+00:00
1785499200000,0.822700023651123,0.8245800137519836,0.8207799792289734,0.8244500160217285,0,2026-07-31 12:00:00+00:00
1785513600000,0.8244900107383728,0.8258900046348572,0.8239799737930298,0.8256300091743469,0,2026-07-31 16:00:00+00:00
1785528000000,0.8256400227546692,0.8260300159454346,0.8229299783706665,0.8234699964523315,0,2026-07-31 20:00:00+00:00
1785700800000,0.826200008392334,0.8266100287437439,0.8258699774742126,0.8263000249862671,0,2026-08-02 20:00:00+00:00
1785715200000,0.8262500166893005,0.827489972114563,0.8248100280761719,0.824999988079071,0,2026-08-03 00:00:00+00:00
1785729600000,0.8249899744987488,0.8257399797439575,0.8233699798583984,0.8247299790382385,0,2026-08-03 04:00:00+00:00
1785744000000,0.8247500061988831,0.8247799873352051,0.8229100108146667,0.8239099979400635,0,2026-08-03 08:00:00+00:00
1785758400000,0.8238800168037415,0.8242499828338623,0.822130024433136,0.8236700296401978,0,2026-08-03 12:00:00+00:00
1785772800000,0.823710024356842,0.8244900107383728,0.823140025138855,0.824400007724762,0,2026-08-03 16:00:00+00:00
1785787200000,0.8243700265884399,0.8251199722290039,0.8225799798965454,0.8238499760627747,0,2026-08-03 20:00:00+00:00
1785801600000,0.8238499760627747,0.8244199752807617,0.8234099745750427,0.8238099813461304,0,2026-08-04 00:00:00+00:00
1785816000000,0.8238099813461304,0.825219988822937,0.8234699964523315,0.824720025062561,0,2026-08-04 04:00:00+00:00
1785830400000,0.824720025062561,0.827239990234375,0.823639988899231,0.8270800113677979,0,2026-08-04 08:00:00+00:00
1785844800000,0.8270900249481201,0.8288699984550476,0.8261899948120117,0.8284500241279602,0,2026-08-04 12:00:00+00:00
1785859200000,0.8284599781036377,0.8291299939155579,0.8274999856948853,0.8289700150489807,0,2026-08-04 16:00:00+00:00
1785873600000,0.8289099931716919,0.8293300271034241,0.8257499933242798,0.8263199925422668,0,2026-08-04 20:00:00+00:00
1785888000000,0.8263400197029114,0.8271399736404419,0.8246200084686279,0.8261799812316895,0,2026-08-05 00:00:00+00:00
1785902400000,0.8261799812316895,0.8267800211906433,0.8247500061988831,0.8255800008773804,0,2026-08-05 04:00:00+00:00
1785916800000,0.8256000280380249,0.8257499933242798,0.8240900039672852,0.8246700167655945,0,2026-08-05 08:00:00+00:00
1785931200000,0.8246700167655945,0.8258900046348572,0.8236600160598755,0.8239499926567078,0,2026-08-05 12:00:00+00:00
1785945600000,0.8239399790763855,0.8252400159835815,0.8235599994659424,0.8245999813079834,0,2026-08-05 16:00:00+00:00
1785960000000,0.8245999813079834,0.8254799842834473,0.8230699896812439,0.8245900273323059,0,2026-08-05 20:00:00+00:00
1785974400000,0.8245599865913391,0.8255000114440918,0.8234900236129761,0.8245199918746948,0,2026-08-06 00:00:00+00:00
1785988800000,0.8245199918746948,0.8245499730110168,0.8224599957466125,0.8228899836540222,0,2026-08-06 04:00:00+00:00
1786003200000,0.8228899836540222,0.8238800168037415,0.8225700259208679,0.8230100274085999,0,2026-08-06 08:00:00+00:00
1786017600000,0.8230000138282776,0.8244500160217285,0.8224300146102905,0.8228399753570557,0,2026-08-06 12:00:00+00:00
1786032000000,0.8228200078010559,0.8231199979782104,0.8220999836921692,0.822629988193512,0,2026-08-06 16:00:00+00:00
1786046400000,0.8226100206375122,0.8243899941444397,0.820900022983551,0.8221399784088135,0,2026-08-06 20:00:00+00:00
1786060800000,0.822160005569458,0.8225399851799011,0.8215799927711487,0.8220599889755249,0,2026-08-07 00:00:00+00:00
1786075200000,0.8220599889755249,0.8231099843978882,0.8216699957847595,0.8229799866676331,0,2026-08-07 04:00:00+00:00
1786089600000,0.8230000138282776,0.8234999775886536,0.8221200108528137,0.8224899768829346,0,2026-08-07 08:00:00+00:00
1786104000000,0.8224999904632568,0.8239799737930298,0.8198400139808655,0.8206899762153625,0,2026-08-07 12:00:00+00:00
1786118400000,0.8206899762153625,0.8225600123405457,0.8205900192260742,0.8220000267028809,0,2026-08-07 16:00:00+00:00
1786132800000,0.8219799995422363,0.8220099806785583,0.8202499747276306,0.8212199807167053,0,2026-08-07 20:00:00+00:00
1786305600000,0.821399986743927,0.8217499852180481,0.8209900259971619,0.8212400078773499,0,2026-08-09 20:00:00+00:00
1786320000000,0.8212400078773499,0.8218799829483032,0.8205000162124634,0.8214600086212158,0,2026-08-10 00:00:00+00:00
1786334400000,0.8215000033378601,0.8222399950027466,0.8212100267410278,0.8218399882316589,0,2026-08-10 04:00:00+00:00
1786348800000,0.8218600153923035,0.8223900198936462,0.8207100033760071,0.8210099935531616,0,2026-08-10 08:00:00+00:00
1786363200000,0.8210200071334839,0.8215199708938599,0.8202000260353088,0.8202400207519531,0,2026-08-10 12:00:00+00:00
1786377600000,0.8202599883079529,0.8204399943351746,0.8186100125312805,0.8198300004005432,0,2026-08-10 16:00:00+00:00
1786392000000,0.8198300004005432,0.8202700018882751,0.8185700178146362,0.8202300071716309,0,2026-08-10 20:00:00+00:00
1786406400000,0.8202300071716309,0.8204600214958191,0.8194100260734558,0.8197500109672546,0,2026-08-11 00:00:00+00:00
1786420800000,0.8197500109672546,0.8209900259971619,0.8179299831390381,0.8183000087738037,0,2026-08-11 04:00:00+00:00
1786435200000,0.8183299899101257,0.8201299905776978,0.8177400231361389,0.8190100193023682,0,2026-08-11 08:00:00+00:00
1786449600000,0.8190100193023682,0.8204699754714966,0.8175699710845947,0.8187000155448914,0,2026-08-11 12:00:00+00:00
1786464000000,0.8187100291252136,0.818809986114502,0.8169400095939636,0.8187500238418579,0,2026-08-11 16:00:00+00:00
1786478400000,0.8187299966812134,0.8192499876022339,0.8171799778938293,0.8183199763298035,0,2026-08-11 20:00:00+00:00
1786492800000,0.818310022354126,0.8184499740600586,0.8167999982833862,0.8171399831771851,0,2026-08-12 00:00:00+00:00
1786507200000,0.8171399831771851,0.8175600171089172,0.8162699937820435,0.8164499998092651,0,2026-08-12 04:00:00+00:00
1786521600000,0.8164299726486206,0.8180299997329712,0.815339982509613,0.8170300126075745,0,2026-08-12 08:00:00+00:00
1786536000000,0.8170300126075745,0.8186600208282471,0.815339982509613,0.8164100050926208,0,2026-08-12 12:00:00+00:00
1786550400000,0.8164100050926208,0.8169500231742859,0.8150200247764587,0.8163899779319763,0,2026-08-12 16:00:00+00:00
1786564800000,0.8164200186729431,0.8180299997329712,0.815339982509613,0.8168100118637085,0,2026-08-12 20:00:00+00:00
1786579200000,0.8168200254440308,0.8170999884605408,0.8131800293922424,0.8132500052452087,0,2026-08-13 00:00:00+00:00
1786593600000,0.8131999969482422,0.814050018787384,0.8118199706077576,0.8139399886131287,0,2026-08-13 04:00:00+00:00
1786608000000,0.8139399886131287,0.8150100111961365,0.8133999705314636,0.8148800134658813,0,2026-08-13 08:00:00+00:00
1786622400000,0.8148800134658813,0.8164899945259094,0.8135300278663635,0.8147500157356262,0,2026-08-13 12:00:00+00:00
1786636800000,0.8147000074386597,0.8151400089263916,0.8142200112342834,0.8147799968719482,0,2026-08-13 16:00:00+00:00
1786651200000,0.8147900104522705,0.815280020236969,0.8136100172996521,0.8151100277900696,0,2026-08-13 20:00:00+00:00
1786665600000,0.8151100277900696,0.8168100118637085,0.8150200247764587,0.8166199922561646,0,2026-08-14 00:00:00+00:00
1786680000000,0.8166199922561646,0.8167799711227417,0.8154000043869019,0.8159700036048889,0,2026-08-14 04:00:00+00:00
1786694400000,0.8159599900245667,0.8176299929618835,0.8156599998474121,0.8173400163650513,0,2026-08-14 08:00:00+00:00
1786708800000,0.8173099756240845,0.8181099891662598,0.8153700232505798,0.8178300261497498,0,2026-08-14 12:00:00+00:00
1786723200000,0.8178200125694275,0.8179500102996826,0.8156499862670898,0.8171700239181519,0,2026-08-14 16:00:00+00:00
1786737600000,0.8171799778938293,0.8172900080680847,0.8156899809837341,0.8172900080680847,0,2026-08-14 20:00:00+00:00
1786910400000,0.8172799944877625,0.817359983921051,0.8169199824333191,0.8169999718666077,0,2026-08-16 20:00:00+00:00
1786924800000,0.8169900178909302,0.8194000124931335,0.8169699907302856,0.8188400268554688,0,2026-08-17 00:00:00+00:00
1786939200000,0.8188599944114685,0.8208500146865845,0.8184700012207031,0.8203399777412415,0,2026-08-17 04:00:00+00:00
1786953600000,0.8203499913215637,0.8211699724197388,0.8198599815368652,0.8199999928474426,0,2026-08-17 08:00:00+00:00
1786968000000,0.8200100064277649,0.8201900124549866,0.8182200193405151,0.8193899989128113,0,2026-08-17 12:00:00+00:00
1786982400000,0.8194199800491333,0.8196799755096436,0.8179000020027161,0.8189700245857239,0,2026-08-17 16:00:00+00:00
1786996800000,0.8189799785614014,0.8192899823188782,0.8172799944877625,0.8190199732780457,0,2026-08-17 20:00:00+00:00
1787011200000,0.8190199732780457,0.8192999958992004,0.8158699870109558,0.8162000179290771,0,2026-08-18 00:00:00+00:00
1787025600000,0.8162400126457214,0.81632000207901,0.81427001953125,0.8144599795341492,0,2026-08-18 04:00:00+00:00
1787040000000,0.8144699931144714,0.8162199854850769,0.8141800165176392,0.8161500096321106,0,2026-08-18 08:00:00+00:00
1787054400000,0.8161799907684326,0.8174899816513062,0.8147299885749817,0.8164700269699097,0,2026-08-18 12:00:00+00:00
1787068800000,0.8164100050926208,0.8169100284576416,0.815339982509613,0.8161799907684326,0,2026-08-18 16:00:00+00:00
1787083200000,0.8161900043487549,0.8167399764060974,0.8147299885749817,0.8161500096321106,0,2026-08-18 20:00:00+00:00
1787097600000,0.8161500096321106,0.8162699937820435,0.8142499923706055,0.8150299787521362,0,2026-08-19 00:00:00+00:00
1787112000000,0.8150399923324585,0.8157200217247009,0.8141899704933167,0.8144800066947937,0,2026-08-19 04:00:00+00:00
1787126400000,0.8144699931144714,0.816100001335144,0.8143200278282166,0.8155099749565125,0,2026-08-19 08:00:00+00:00
1787140800000,0.8155099749565125,0.8197000026702881,0.8152999877929688,0.8193299770355225,0,2026-08-19 12:00:00+00:00
1787155200000,0.8193299770355225,0.8199800252914429,0.8179299831390381,0.8194500207901001,0,2026-08-19 16:00:00+00:00
1787169600000,0.8194500207901001,0.8200500011444092,0.817080020904541,0.8194900155067444,0,2026-08-19 20:00:00+00:00
1787184000000,0.8195199966430664,0.8217300176620483,0.8182600140571594,0.8212299942970276,0,2026-08-20 00:00:00+00:00
1787198400000,0.8212299942970276,0.8217200040817261,0.8191800117492676,0.8205400109291077,0,2026-08-20 04:00:00+00:00
1787212800000,0.8205500245094299,0.8206400275230408,0.8182100057601929,0.818589985370636,0,2026-08-20 08:00:00+00:00
1787227200000,0.818560004234314,0.8208100199699402,0.8169299960136414,0.8195000290870667,0,2026-08-20 12:00:00+00:00
1787241600000,0.8194800019264221,0.8196399807929993,0.818560004234314,0.8195300102233887,0,2026-08-20 16:00:00+00:00
1787256000000,0.8195199966430664,0.8204299807548523,0.8180599808692932,0.8203399777412415,0,2026-08-20 20:00:00+00:00
1787270400000,0.8203399777412415,0.8223199844360352,0.8199999928474426,0.8215699791908264,0,2026-08-21 00:00:00+00:00
1787284800000,0.8216099739074707,0.8219699859619141,0.82014000415802,0.8209499716758728,0,2026-08-21 04:00:00+00:00
1787299200000,0.8209699988365173,0.8224400281906128,0.819819986820221,0.8219299912452698,0,2026-08-21 08:00:00+00:00
1787313600000,0.8219299912452698,0.823639988899231,0.8212900161743164,0.823419988155365,0,2026-08-21 12:00:00+00:00
1787328000000,0.8234099745750427,0.8235499858856201,0.822700023651123,0.823199987411499,0,2026-08-21 16:00:00+00:00
1787342400000,0.8232100009918213,0.8232499957084656,0.8224300146102905,0.8229299783706665,0,2026-08-21 20:00:00+00:00
1787515200000,0.8237800002098083,0.8242899775505066,0.8230699896812439,0.8242700099945068,0,2026-08-23 20:00:00+00:00
1787529600000,0.8242200016975403,0.8248400092124939,0.8232600092887878,0.8238000273704529,0,2026-08-24 00:00:00+00:00
1787544000000,0.8237900137901306,0.825980007648468,0.8235599994659424,0.8258000016212463,0,2026-08-24 04:00:00+00:00
1787558400000,0.8258000016212463,0.8260700106620789,0.8248699903488159,0.8255800008773804,0,2026-08-24 08:00:00+00:00
1787572800000,0.8255800008773804,0.8259900212287903,0.8239700198173523,0.8242700099945068,0,2026-08-24 12:00:00+00:00
1787587200000,0.8242700099945068,0.8252900242805481,0.8233399987220764,0.8247299790382385,0,2026-08-24 16:00:00+00:00
1787601600000,0.8247500061988831,0.8257099986076355,0.8233399987220764,0.8255699872970581,0,2026-08-24 20:00:00+00:00
1787616000000,0.8255500197410583,0.8261100053787231,0.8250399827957153,0.8255100250244141,0,2026-08-25 00:00:00+00:00
1787630400000,0.825469970703125,0.8257899880409241,0.8246600031852722,0.824720025062561,0,2026-08-25 04:00:00+00:00
1787644800000,0.8247100114822388,0.8270599842071533,0.8241999745368958,0.8267499804496765,0,2026-08-25 08:00:00+00:00
1787659200000,0.8266900181770325,0.8268100023269653,0.8240100145339966,0.825980007648468,0,2026-08-25 12:00:00+00:00
1787673600000,0.825980007648468,0.8270300030708313,0.8255199790000916,0.8269299864768982,0,2026-08-25 16:00:00+00:00
1787688000000,0.8269100189208984,0.8275499939918518,0.8248999714851379,0.8266599774360657,0,2026-08-25 20:00:00+00:00
1787702400000,0.8266599774360657,0.8273599743843079,0.8236600160598755,0.8255199790000916,0,2026-08-26 00:00:00+00:00
1787716800000,0.8255199790000916,0.825689971446991,0.8233299851417542,0.8255100250244141,0,2026-08-26 04:00:00+00:00
1787731200000,0.8255100250244141,0.8260700106620789,0.8252400159835815,0.8256499767303467,0,2026-08-26 08:00:00+00:00
1787745600000,0.825689971446991,0.826229989528656,0.8230199813842773,0.8238300085067749,0,2026-08-26 12:00:00+00:00
1787760000000,0.8238300085067749,0.8246999979019165,0.8235999941825867,0.8245700001716614,0,2026-08-26 16:00:00+00:00
1787774400000,0.8245900273323059,0.8255199790000916,0.8232499957084656,0.8250200152397156,0,2026-08-26 20:00:00+00:00
1787788800000,0.8250399827957153,0.826479971408844,0.8246099948883057,0.826259970664978,0,2026-08-27 00:00:00+00:00
1787803200000,0.826259970664978,0.8265500068664551,0.8245199918746948,0.8245900273323059,0,2026-08-27 04:00:00+00:00
1787817600000,0.8245900273323059,0.8252800107002258,0.824180006980896,0.8250899910926819,0,2026-08-27 08:00:00+00:00
1787832000000,0.8251000046730042,0.8255900144577026,0.8239200115203857,0.8245499730110168,0,2026-08-27 12:00:00+00:00
1787846400000,0.8245300054550171,0.8247500061988831,0.8239499926567078,0.8241000175476074,0,2026-08-27 16:00:00+00:00
1787860800000,0.8241000175476074,0.8249199986457825,0.8230800032615662,0.82464998960495,0,2026-08-27 20:00:00+00:00
1787875200000,0.8246999979019165,0.8260899782180786,0.8244799971580505,0.8257499933242798,0,2026-08-28 00:00:00+00:00
1787889600000,0.825760006904602,0.8260800242424011,0.8246700167655945,0.825439989566803,0,2026-08-28 04:00:00+00:00
1787904000000,0.825439989566803,0.8256300091743469,0.8229799866676331,0.8233399987220764,0,2026-08-28 08:00:00+00:00
1787918400000,0.8233399987220764,0.825190007686615,0.8214600086212158,0.8217099905014038,0,2026-08-28 12:00:00+00:00
1787932800000,0.821690022945404,0.8220900297164917,0.8210499882698059,0.8219599723815918,0,2026-08-28 16:00:00+00:00
1787947200000,0.8220199942588806,0.8223199844360352,0.8208500146865845,0.8218500018119812,0,2026-08-28 20:00:00+00:00
1788120000000,0.8223199844360352,0.8227099776268005,0.8221099972724915,0.8226900100708008,0,2026-08-30 20:00:00+00:00
1788134400000,0.8226900100708008,0.8228099942207336,0.8201900124549866,0.8222799897193909,0,2026-08-31 00:00:00+00:00
1788148800000,0.8222699761390686,0.8223699927330017,0.8214899897575378,0.8221200108528137,0,2026-08-31 04:00:00+00:00
1788163200000,0.8221200108528137,0.8224400281906128,0.8210099935531616,0.8212800025939941,0,2026-08-31 08:00:00+00:00
1788177600000,0.8212800025939941,0.8217700123786926,0.8192099928855896,0.8199599981307983,0,2026-08-31 12:00:00+00:00
1788192000000,0.8199700117111206,0.8203099966049194,0.8190900087356567,0.8198599815368652,0,2026-08-31 16:00:00+00:00
1788206400000,0.8198599815368652,0.8202599883079529,0.8183799982070923,0.8201500177383423,0,2026-08-31 20:00:00+00:00
1788220800000,0.8201500177383423,0.8208400011062622,0.8187599778175354,0.8190799951553345,0,2026-09-01 00:00:00+00:00
1788235200000,0.8190799951553345,0.8198300004005432,0.8184099793434143,0.8187100291252136,0,2026-09-01 04:00:00+00:00
1788249600000,0.8187100291252136,0.8190000057220459,0.8166199922561646,0.8180500268936157,0,2026-09-01 08:00:00+00:00
1788264000000,0.8180699944496155,0.8209199905395508,0.8178499937057495,0.8205999732017517,0,2026-09-01 12:00:00+00:00
1788278400000,0.8206300139427185,0.8206499814987183,0.8180099725723267,0.8183500170707703,0,2026-09-01 16:00:00+00:00
1788292800000,0.81836998462677,0.8191699981689453,0.8176800012588501,0.8187900185585022,0,2026-09-01 20:00:00+00:00
1788307200000,0.8187599778175354,0.8195800185203552,0.812250018119812,0.8127800226211548,0,2026-09-02 00:00:00+00:00
1788321600000,0.8128100037574768,0.8137000203132629,0.8110600113868713,0.8117700219154358,0,2026-09-02 04:00:00+00:00
1788336000000,0.8117600083351135,0.8123700022697449,0.8085399866104126,0.8113600015640259,0,2026-09-02 08:00:00+00:00
1788350400000,0.8113700151443481,0.8117600083351135,0.8080499768257141,0.8097100257873535,0,2026-09-02 12:00:00+00:00
1788364800000,0.8097000122070312,0.8099899888038635,0.808489978313446,0.8096200227737427,0,2026-09-02 16:00:00+00:00
1788379200000,0.8095999956130981,0.8100799918174744,0.8062400221824646,0.8099899888038635,0,2026-09-02 20:00:00+00:00
1788393600000,0.8099899888038635,0.8111799955368042,0.8093100190162659,0.8104900121688843,0,2026-09-03 00:00:00+00:00
1788408000000,0.8104900121688843,0.8114500045776367,0.8088799715042114,0.8099700212478638,0,2026-09-03 04:00:00+00:00
1788422400000,0.8099899888038635,0.81072998046875,0.8083000183105469,0.8096200227737427,0,2026-09-03 08:00:00+00:00
1788436800000,0.8096200227737427,0.8115800023078918,0.8076500296592712,0.8108199834823608,0,2026-09-03 12:00:00+00:00
1788451200000,0.8108400106430054,0.8114699721336365,0.8103799819946289,0.8108000159263611,0,2026-09-03 16:00:00+00:00
1788465600000,0.8108400106430054,0.8116400241851807,0.8091199994087219,0.8113499879837036,0,2026-09-03 20:00:00+00:00
1788480000000,0.8113499879837036,0.8136699795722961,0.8112099766731262,0.8131300210952759,0,2026-09-04 00:00:00+00:00
1788494400000,0.8131300210952759,0.8138300180435181,0.811710000038147,0.8120599985122681,0,2026-09-04 04:00:00+00:00
1788508800000,0.8120599985122681,0.8123199939727783,0.8108699917793274,0.8117799758911133,0,2026-09-04 08:00:00+00:00
1788523200000,0.8118000030517578,0.8155099749565125,0.8083299994468689,0.8147299885749817,0,2026-09-04 12:00:00+00:00
1788537600000,0.8147000074386597,0.815339982509613,0.8134199976921082,0.8138399720191956,0,2026-09-04 16:00:00+00:00
1788552000000,0.8138800263404846,0.8138899803161621,0.8124499917030334,0.8135799765586853,0,2026-09-04 20:00:00+00:00
1788724800000,0.8133900165557861,0.8137999773025513,0.8132500052452087,0.8137900233268738,0,2026-09-06 20:00:00+00:00
1788739200000,0.8137900233268738,0.8140199780464172,0.8108599781990051,0.8124200105667114,0,2026-09-07 00:00:00+00:00
1788753600000,0.8124600052833557,0.8133699893951416,0.8119800090789795,0.813260018825531,0,2026-09-07 04:00:00+00:00
1788768000000,0.813319981098175,0.8138700127601624,0.8111799955368042,0.8120099902153015,0,2026-09-07 08:00:00+00:00
1788782400000,0.8120200037956238,0.8124799728393555,0.8115100264549255,0.811710000038147,0,2026-09-07 12:00:00+00:00
1788796800000,0.8116300106048584,0.8119500279426575,0.8114699721336365,0.8117899894714355,0,2026-09-07 16:00:00+00:00
1788811200000,0.8117899894714355,0.8130999803543091,0.8101900219917297,0.8119999766349792,0,2026-09-07 20:00:00+00:00
1788825600000,0.8119900226593018,0.8123199939727783,0.8080899715423584,0.8083999752998352,0,2026-09-08 00:00:00+00:00
1788840000000,0.8083900213241577,0.8089100122451782,0.8050199747085571,0.8059499859809875,0,2026-09-08 04:00:00+00:00
1788854400000,0.8059700131416321,0.8074399828910828,0.8044599890708923,0.8062400221824646,0,2026-09-08 08:00:00+00:00
1788868800000,0.8062300086021423,0.8075699806213379,0.8059800267219543,0.8065099716186523,0,2026-09-08 12:00:00+00:00
1788883200000,0.8065800070762634,0.8076099753379822,0.8054900169372559,0.8067799806594849,0,2026-09-08 16:00:00+00:00
1788897600000,0.8067799806594849,0.8075399994850159,0.8054100275039673,0.8070600032806396,0,2026-09-08 20:00:00+00:00
1788912000000,0.8070600032806396,0.8077600002288818,0.8062400221824646,0.8064799904823303,0,2026-09-09 00:00:00+00:00
1788926400000,0.8064799904823303,0.8075799942016602,0.8059499859809875,0.806689977645874,0,2026-09-09 04:00:00+00:00
1788940800000,0.8066999912261963,0.8067399859428406,0.8035799860954285,0.8053500056266785,0,2026-09-09 08:00:00+00:00
1788955200000,0.8053799867630005,0.8076500296592712,0.8052899837493896,0.8063499927520752,0,2026-09-09 12:00:00+00:00
1788969600000,0.8063499927520752,0.8065999746322632,0.8047800064086914,0.8059700131416321,0,2026-09-09 16:00:00+00:00
1788984000000,0.8059700131416321,0.8068900108337402,0.8042100071907043,0.8065699934959412,0,2026-09-09 20:00:00+00:00
1788998400000,0.8065800070762634,0.8081200122833252,0.8061500191688538,0.807669997215271,0,2026-09-10 00:00:00+00:00
1789012800000,0.807669997215271,0.8085500001907349,0.8071500062942505,0.8076300024986267,0,2026-09-10 04:00:00+00:00
1789027200000,0.8076199889183044,0.8076800107955933,0.8052099943161011,0.8054199814796448,0,2026-09-10 08:00:00+00:00
1789041600000,0.8054199814796448,0.8055199980735779,0.8009399771690369,0.8017500042915344,0,2026-09-10 12:00:00+00:00
1789056000000,0.8017500042915344,0.802370011806488,0.8003000020980835,0.8017799854278564,0,2026-09-10 16:00:00+00:00
1789070400000,0.8017699718475342,0.8034300208091736,0.8005099892616272,0.8032000064849854,0,2026-09-10 20:00:00+00:00
1789084800000,0.8031899929046631,0.8061100244522095,0.8028600215911865,0.8060399889945984,0,2026-09-11 00:00:00+00:00
1789099200000,0.8060500025749207,0.8074100017547607,0.8055800199508667,0.8066400289535522,0,2026-09-11 04:00:00+00:00
1789113600000,0.8066499829292297,0.8073199987411499,0.8047800064086914,0.8068400025367737,0,2026-09-11 08:00:00+00:00
1789128000000,0.8068299889564514,0.8081099987030029,0.8042100071907043,0.8063300251960754,0,2026-09-11 12:00:00+00:00
1789142400000,0.8063399791717529,0.8067299723625183,0.8048099875450134,0.8059800267219543,0,2026-09-11 16:00:00+00:00
1789156800000,0.8059399724006653,0.8063099980354309,0.8052999973297119,0.8063099980354309,0,2026-09-11 20:00:00+00:00
1789329600000,0.8059700131416321,0.8069199919700623,0.8054900169372559,0.805679976940155,0,2026-09-13 20:00:00+00:00
1789344000000,0.8057500123977661,0.8057500123977661,0.8018900156021118,0.8021500110626221,0,2026-09-14 00:00:00+00:00
1789358400000,0.8021000027656555,0.8029599785804749,0.8014600276947021,0.8018100261688232,0,2026-09-14 04:00:00+00:00
1789372800000,0.8017699718475342,0.8024399876594543,0.8007799983024597,0.8014600276947021,0,2026-09-14 08:00:00+00:00
1789387200000,0.8014199733734131,0.8042500019073486,0.7999799847602844,0.8038100004196167,0,2026-09-14 12:00:00+00:00
1789401600000,0.8037999868392944,0.8046900033950806,0.8025400042533875,0.8031399846076965,0,2026-09-14 16:00:00+00:00
1789416000000,0.8031499981880188,0.8037099838256836,0.8013499975204468,0.8029599785804749,0,2026-09-14 20:00:00+00:00
1789430400000,0.8029699921607971,0.8032900094985962,0.8001899719238281,0.8004199862480164,0,2026-09-15 00:00:00+00:00
1789444800000,0.8004299998283386,0.8016999959945679,0.8001199960708618,0.8011599779129028,0,2026-09-15 04:00:00+00:00
1789459200000,0.8011599779129028,0.8024700284004211,0.8005399703979492,0.8019800186157227,0,2026-09-15 08:00:00+00:00
1789473600000,0.8020099997520447,0.8025400042533875,0.7996600270271301,0.8010500073432922,0,2026-09-15 12:00:00+00:00
1789488000000,0.80103999376297,0.8015599846839905,0.8007100224494934,0.8012199997901917,0,2026-09-15 16:00:00+00:00
1789502400000,0.8012199997901917,0.8052899837493896,0.799340009689331,0.8004500269889832,0,2026-09-15 20:00:00+00:00
1789516800000,0.8005800247192383,0.8008800148963928,0.7992500066757202,0.7994599938392639,0,2026-09-16 00:00:00+00:00
1789531200000,0.7994599938392639,0.8023399710655212,0.7994300127029419,0.8015000224113464,0,2026-09-16 04:00:00+00:00
1789545600000,0.8014900088310242,0.8032699823379517,0.7999799847602844,0.8030700087547302,0,2026-09-16 08:00:00+00:00
1789560000000,0.8030800223350525,0.8033300042152405,0.8018800020217896,0.8022900223731995,0,2026-09-16 12:00:00+00:00
1789574400000,0.8022400140762329,0.803380012512207,0.7978600263595581,0.7991499900817871,0,2026-09-16 16:00:00+00:00
1789588800000,0.7992200255393982,0.801110029220581,0.7976899743080139,0.7997499704360962,0,2026-09-16 20:00:00+00:00
1789603200000,0.7997499704360962,0.8007599711418152,0.798799991607666,0.8006700277328491,0,2026-09-17 00:00:00+00:00
1789617600000,0.8006700277328491,0.8027300238609314,0.8004400134086609,0.8018800020217896,0,2026-09-17 04:00:00+00:00
1789632000000,0.801859974861145,0.8030700087547302,0.8008000254631042,0.8027600049972534,0,2026-09-17 08:00:00+00:00
1789646400000,0.8027700185775757,0.8039199709892273,0.8006200194358826,0.8021100163459778,0,2026-09-17 12:00:00+00:00
1789660800000,0.8021100163459778,0.802299976348877,0.8009499907493591,0.8017100095748901,0,2026-09-17 16:00:00+00:00
1789675200000,0.8017100095748901,0.8026300072669983,0.8001800179481506,0.801110029220581,0,2026-09-17 20:00:00+00:00
1789689600000,0.8011000156402588,0.8014000058174133,0.7992900013923645,0.8013200163841248,0,2026-09-18 00:00:00+00:00
1789704000000,0.8013200163841248,0.8023300170898438,0.7996600270271301,0.8004099726676941,0,2026-09-18 04:00:00+00:00
1789718400000,0.8004500269889832,0.8012700080871582,0.799340009689331,0.8000699877738953,0,2026-09-18 08:00:00+00:00
1789732800000,0.8000900149345398,0.8004400134086609,0.7988799810409546,0.7997000217437744,0,2026-09-18 12:00:00+00:00
1789747200000,0.7996900081634521,0.8012599945068359,0.7995700240135193,0.800849974155426,0,2026-09-18 16:00:00+00:00
1789761600000,0.8008800148963928,0.8009399771690369,0.799049973487854,0.8003000020980835,0,2026-09-18 20:00:00+00:00
