time,open,high,low,close,volume,datetime
1784757600000,0.47321999073028564,0.47363001108169556,0.47099998593330383,0.47332999110221863,0,2026-07-22 22:00:00+00:00
1784761200000,0.47332999110221863,0.47341999411582947,0.4730899930000305,0.47332000732421875,0,2026-07-22 23:00:00+00:00
1784764800000,0.47325000166893005,0.4735400080680847,0.4729599952697754,0.47341999411582947,0,2026-07-23 00:00:00+00:00
1784768400000,0.47343000769615173,0.47380000352859497,0.4728899896144867,0.4736500084400177,0,2026-07-23 01:00:00+00:00
1784772000000,0.47367000579833984,0.4738200008869171,0.47293001413345337,0.4731999933719635,0,2026-07-23 02:00:00+00:00
1784775600000,0.47315001487731934,0.4733000099658966,0.4727500081062317,0.47321000695228577,0,2026-07-23 03:00:00+00:00
1784779200000,0.47315001487731934,0.4733000099658966,0.4728600084781647,0.47308000922203064,0,2026-07-23 04:00:00+00:00
1784782800000,0.4730199873447418,0.4733999967575073,0.4727399945259094,0.4733400046825409,0,2026-07-23 05:00:00+00:00
1784786400000,0.47328001260757446,0.4737299978733063,0.4730899930000305,0.4732699990272522,0,2026-07-23 06:00:00+00:00
1784790000000,0.4731999933719635,0.47350001335144043,0.47244998812675476,0.47279998660087585,0,2026-07-23 07:00:00+00:00
1784793600000,0.47282999753952026,0.47284001111984253,0.47207000851631165,0.4721899926662445,0,2026-07-23 08:00:00+00:00
1784797200000,0.4721600115299225,0.47242000699043274,0.47185999155044556,0.4722000062465668,0,2026-07-23 09:00:00+00:00
1784800800000,0.4721300005912781,0.4724099934101105,0.4718399941921234,0.47224000096321106,0,2026-07-23 10:00:00+00:00
1784804400000,0.4722999930381775,0.4724400043487549,0.47196000814437866,0.4722000062465668,0,2026-07-23 11:00:00+00:00
1784808000000,0.47218000888824463,0.4722299873828888,0.4711399972438812,0.47178998589515686,0,2026-07-23 12:00:00+00:00
1784811600000,0.47178998589515686,0.47189998626708984,0.4712899923324585,0.4715299904346466,0,2026-07-23 13:00:00+00:00
1784815200000,0.4715299904346466,0.4717000126838684,0.47091999650001526,0.4712100028991699,0,2026-07-23 14:00:00+00:00
1784818800000,0.4712499976158142,0.47189998626708984,0.4708299934864044,0.4718399941921234,0,2026-07-23 15:00:00+00:00
1784822400000,0.4718100130558014,0.47189998626708984,0.4712199866771698,0.4714899957180023,0,2026-07-23 16:00:00+00:00
1784826000000,0.4714600145816803,0.47161000967025757,0.4711900055408478,0.47150999307632446,0,2026-07-23 17:00:00+00:00
1784829600000,0.47148001194000244,0.4715999960899353,0.47099000215530396,0.4713200032711029,0,2026-07-23 18:00:00+00:00
1784833200000,0.4712499976158142,0.4715000092983246,0.47095000743865967,0.4713299870491028,0,2026-07-23 19:00:00+00:00
1784836800000,0.4713299870491028,0.4715000092983246,0.47086000442504883,0.47086000442504883,0,2026-07-23 20:00:00+00:00
1784840400000,0.4710099995136261,0.4715000092983246,0.4691300094127655,0.47067999839782715,0,2026-07-23 21:00:00+00:00
1784844000000,0.4707599878311157,0.4713999927043915,0.46849000453948975,0.47130000591278076,0,2026-07-23 22:00:00+00:00
1784847600000,0.4711900055408478,0.4716300070285797,0.47110000252723694,0.47150999307632446,0,2026-07-23 23:00:00+00:00
1784851200000,0.4715699851512909,0.4721300005912781,0.47148001194000244,0.47200000286102295,0,2026-07-24 00:00:00+00:00
1784854800000,0.4720599949359894,0.4722299873828888,0.47172999382019043,0.4720099866390228,0,2026-07-24 01:00:00+00:00
1784858400000,0.47200000286102295,0.4722000062465668,0.4716300070285797,0.47200000286102295,0,2026-07-24 02:00:00+00:00
1784862000000,0.4720099866390228,0.47220999002456665,0.4717699885368347,0.4720200002193451,0,2026-07-24 03:00:00+00:00
1784865600000,0.47196000814437866,0.4722000062465668,0.4716799855232239,0.4719400107860565,0,2026-07-24 04:00:00+00:00
1784869200000,0.47189998626708984,0.4722999930381775,0.47172999382019043,0.4719499945640564,0,2026-07-24 05:00:00+00:00
1784872800000,0.4718700051307678,0.47235000133514404,0.47165998816490173,0.47235000133514404,0,2026-07-24 06:00:00+00:00
1784876400000,0.4722599983215332,0.4724999964237213,0.4718500077724457,0.4724299907684326,0,2026-07-24 07:00:00+00:00
1784880000000,0.47238001227378845,0.47251999378204346,0.4719499945640564,0.47231999039649963,0,2026-07-24 08:00:00+00:00
1784883600000,0.47238999605178833,0.4724400043487549,0.47189998626708984,0.4724099934101105,0,2026-07-24 09:00:00+00:00
1784887200000,0.47235000133514404,0.47279998660087585,0.4721899926662445,0.47269999980926514,0,2026-07-24 10:00:00+00:00
1784890800000,0.4726000130176544,0.47325000166893005,0.472460001707077,0.4731700122356415,0,2026-07-24 11:00:00+00:00
1784894400000,0.47310999035835266,0.47321999073028564,0.47251999378204346,0.47268998622894287,0,2026-07-24 12:00:00+00:00
1784898000000,0.47269999980926514,0.4731000065803528,0.47235000133514404,0.47258999943733215,0,2026-07-24 13:00:00+00:00
1784901600000,0.47293001413345337,0.4735400080680847,0.47258999943733215,0.473470002412796,0,2026-07-24 14:00:00+00:00
1784905200000,0.473470002412796,0.47374001145362854,0.47321000695228577,0.47369998693466187,0,2026-07-24 15:00:00+00:00
1784908800000,0.4736599922180176,0.47380000352859497,0.4734100103378296,0.4737899899482727,0,2026-07-24 16:00:00+00:00
1784912400000,0.4737499952316284,0.4738999903202057,0.4734100103378296,0.4737600088119507,0,2026-07-24 17:00:00+00:00
1784916000000,0.4737299978733063,0.4738999903202057,0.47334998846054077,0.473690003156662,0,2026-07-24 18:00:00+00:00
1784919600000,0.47367000579833984,0.47380000352859497,0.47334998846054077,0.4736100137233734,0,2026-07-24 19:00:00+00:00
1784923200000,0.4736100137233734,0.47371000051498413,0.47209998965263367,0.47332000732421875,0,2026-07-24 20:00:00+00:00
1784926800000,0.4731999933719635,0.47328999638557434,0.4731999933719635,0.47328999638557434,0,2026-07-24 21:00:00+00:00
1785106800000,0.47334998846054077,0.4734100103378296,0.4728800058364868,0.47321000695228577,0,2026-07-26 23:00:00+00:00
1785110400000,0.4728800058364868,0.4734399914741516,0.47255998849868774,0.4728499948978424,0,2026-07-27 00:00:00+00:00
1785114000000,0.47282999753952026,0.47290998697280884,0.47224000096321106,0.4724299907684326,0,2026-07-27 01:00:00+00:00
1785117600000,0.47249001264572144,0.4725399911403656,0.47185999155044556,0.4721199870109558,0,2026-07-27 02:00:00+00:00
1785121200000,0.4721300005912781,0.4722200036048889,0.47165998816490173,0.47220999002456665,0,2026-07-27 03:00:00+00:00
1785124800000,0.4721600115299225,0.4725399911403656,0.4719200134277344,0.4724000096321106,0,2026-07-27 04:00:00+00:00
1785128400000,0.4724299907684326,0.47304999828338623,0.47227001190185547,0.4728200137615204,0,2026-07-27 05:00:00+00:00
1785132000000,0.47277000546455383,0.47290000319480896,0.4722299873828888,0.4727100133895874,0,2026-07-27 06:00:00+00:00
1785135600000,0.4726699888706207,0.47290000319480896,0.4723599851131439,0.4728100001811981,0,2026-07-27 07:00:00+00:00
1785139200000,0.472790002822876,0.47293999791145325,0.47238001227378845,0.47258999943733215,0,2026-07-27 08:00:00+00:00
1785142800000,0.4725799858570099,0.4726000130176544,0.4720900058746338,0.4723699986934662,0,2026-07-27 09:00:00+00:00
1785146400000,0.4722900092601776,0.4724099934101105,0.47192999720573425,0.47231000661849976,0,2026-07-27 10:00:00+00:00
1785150000000,0.4722999930381775,0.4723300039768219,0.4717499911785126,0.47203001379966736,0,2026-07-27 11:00:00+00:00
1785153600000,0.4720200002193451,0.4726000130176544,0.47137999534606934,0.4725799858570099,0,2026-07-27 12:00:00+00:00
1785157200000,0.4725100100040436,0.4738999903202057,0.4724299907684326,0.47367000579833984,0,2026-07-27 13:00:00+00:00
1785160800000,0.47360000014305115,0.47371000051498413,0.47290000319480896,0.4733000099658966,0,2026-07-27 14:00:00+00:00
1785164400000,0.47325000166893005,0.47343000769615173,0.47275999188423157,0.47304001450538635,0,2026-07-27 15:00:00+00:00
1785168000000,0.47301000356674194,0.47314000129699707,0.472680002450943,0.47290000319480896,0,2026-07-27 16:00:00+00:00
1785171600000,0.47293001413345337,0.4729999899864197,0.4726000130176544,0.47290000319480896,0,2026-07-27 17:00:00+00:00
1785175200000,0.4729500114917755,0.47301000356674194,0.4725399911403656,0.4725399911403656,0,2026-07-27 18:00:00+00:00
1785178800000,0.4725100100040436,0.4731999933719635,0.4725100100040436,0.47308000922203064,0,2026-07-27 19:00:00+00:00
1785182400000,0.4731000065803528,0.4731999933719635,0.4726699888706207,0.47290000319480896,0,2026-07-27 20:00:00+00:00
1785186000000,0.4728499948978424,0.47290000319480896,0.46946999430656433,0.4723599851131439,0,2026-07-27 21:00:00+00:00
1785189600000,0.4723699986934662,0.4731000065803528,0.47029998898506165,0.47275999188423157,0,2026-07-27 22:00:00+00:00
1785193200000,0.4728899896144867,0.47290000319480896,0.47235000133514404,0.47268998622894287,0,2026-07-27 23:00:00+00:00
1785196800000,0.47269999980926514,0.4728200137615204,0.47231000661849976,0.47266000509262085,0,2026-07-28 00:00:00+00:00
1785200400000,0.4726099967956543,0.47269999980926514,0.4721300005912781,0.4723599851131439,0,2026-07-28 01:00:00+00:00
1785204000000,0.4723300039768219,0.47269999980926514,0.47216999530792236,0.4724999964237213,0,2026-07-28 02:00:00+00:00
1785207600000,0.4725300073623657,0.47290998697280884,0.47224000096321106,0.4725300073623657,0,2026-07-28 03:00:00+00:00
1785211200000,0.4724999964237213,0.4725300073623657,0.47207000851631165,0.47235000133514404,0,2026-07-28 04:00:00+00:00
1785214800000,0.4723399877548218,0.47251999378204346,0.4720500111579895,0.4724099934101105,0,2026-07-28 05:00:00+00:00
1785218400000,0.47231000661849976,0.4729999899864197,0.47203999757766724,0.4727799892425537,0,2026-07-28 06:00:00+00:00
1785222000000,0.4727500081062317,0.4732300043106079,0.47244998812675476,0.4731700122356415,0,2026-07-28 07:00:00+00:00
1785225600000,0.4731700122356415,0.47336000204086304,0.4727100133895874,0.47293999791145325,0,2026-07-28 08:00:00+00:00
1785229200000,0.47293999791145325,0.4731299877166748,0.47262001037597656,0.47282999753952026,0,2026-07-28 09:00:00+00:00
1785232800000,0.47282999753952026,0.4731000065803528,0.47258999943733215,0.47293999791145325,0,2026-07-28 10:00:00+00:00
1785236400000,0.4728899896144867,0.4730600118637085,0.47247999906539917,0.4728499948978424,0,2026-07-28 11:00:00+00:00
1785240000000,0.47284001111984253,0.4733999967575073,0.47262999415397644,0.4730199873447418,0,2026-07-28 12:00:00+00:00
1785243600000,0.4730300009250641,0.4731000065803528,0.4724699854850769,0.4728100001811981,0,2026-07-28 13:00:00+00:00
1785247200000,0.4728499948978424,0.4731999933719635,0.4716799855232239,0.47275999188423157,0,2026-07-28 14:00:00+00:00
1785250800000,0.4728100001811981,0.47360000014305115,0.47262001037597656,0.47352999448776245,0,2026-07-28 15:00:00+00:00
1785254400000,0.47348999977111816,0.4738300144672394,0.47325998544692993,0.4737600088119507,0,2026-07-28 16:00:00+00:00
1785258000000,0.47371000051498413,0.47380000352859497,0.4733400046825409,0.47363999485969543,0,2026-07-28 17:00:00+00:00
1785261600000,0.4736500084400177,0.4740999937057495,0.47348999977111816,0.47394001483917236,0,2026-07-28 18:00:00+00:00
1785265200000,0.4739699959754944,0.4740999937057495,0.4736799895763397,0.47391998767852783,0,2026-07-28 19:00:00+00:00
1785268800000,0.4739300012588501,0.4742000102996826,0.4729999899864197,0.4729999899864197,0,2026-07-28 20:00:00+00:00
1785272400000,0.4731299877166748,0.4740000069141388,0.46891000866889954,0.47325998544692993,0,2026-07-28 21:00:00+00:00
1785276000000,0.4727399945259094,0.4739300012588501,0.470660001039505,0.4737299978733063,0,2026-07-28 22:00:00+00:00
1785279600000,0.4737299978733063,0.4738999903202057,0.4734399914741516,0.47350001335144043,0,2026-07-28 23:00:00+00:00
1785283200000,0.47371000051498413,0.4740700125694275,0.47339001297950745,0.4735099971294403,0,2026-07-29 00:00:00+00:00
1785286800000,0.47345998883247375,0.4738999903202057,0.471780002117157,0.47275999188423157,0,2026-07-29 01:00:00+00:00
1785290400000,0.4728200137615204,0.4733000099658966,0.47262001037597656,0.47290000319480896,0,2026-07-29 02:00:00+00:00
1785294000000,0.4728800058364868,0.4731299877166748,0.47251999378204346,0.47308000922203064,0,2026-07-29 03:00:00+00:00
1785297600000,0.4729900062084198,0.4731200039386749,0.472460001707077,0.4729500114917755,0,2026-07-29 04:00:00+00:00
1785301200000,0.4728800058364868,0.4736100137233734,0.4727100133895874,0.47356998920440674,0,2026-07-29 05:00:00+00:00
1785304800000,0.47348999977111816,0.47380000352859497,0.4733699858188629,0.47363001108169556,0,2026-07-29 06:00:00+00:00
1785308400000,0.47356000542640686,0.47391000390052795,0.47332000732421875,0.4736799895763397,0,2026-07-29 07:00:00+00:00
1785312000000,0.47363001108169556,0.47380000352859497,0.4733699858188629,0.47369998693466187,0,2026-07-29 08:00:00+00:00
1785315600000,0.4736199975013733,0.4740000069141388,0.47348999977111816,0.4738500118255615,0,2026-07-29 09:00:00+00:00
1785319200000,0.4738500118255615,0.47394001483917236,0.47345998883247375,0.47374001145362854,0,2026-07-29 10:00:00+00:00
1785322800000,0.4736799895763397,0.4740000069141388,0.47336000204086304,0.47356998920440674,0,2026-07-29 11:00:00+00:00
1785326400000,0.47352999448776245,0.47369998693466187,0.4730699956417084,0.47343000769615173,0,2026-07-29 12:00:00+00:00
1785330000000,0.4733699858188629,0.47369998693466187,0.4728800058364868,0.4733799993991852,0,2026-07-29 13:00:00+00:00
1785333600000,0.47334998846054077,0.47360000014305115,0.472790002822876,0.4734799861907959,0,2026-07-29 14:00:00+00:00
1785337200000,0.4734399914741516,0.47350001335144043,0.4727399945259094,0.4728899896144867,0,2026-07-29 15:00:00+00:00
1785340800000,0.47290000319480896,0.4731000065803528,0.47258999943733215,0.4729999899864197,0,2026-07-29 16:00:00+00:00
1785344400000,0.4729599952697754,0.4736100137233734,0.4728200137615204,0.4732699990272522,0,2026-07-29 17:00:00+00:00
1785348000000,0.4731999933719635,0.47450000047683716,0.4702799916267395,0.473690003156662,0,2026-07-29 18:00:00+00:00
1785351600000,0.4742499887943268,0.4742699861526489,0.4718399941921234,0.4719800055027008,0,2026-07-29 19:00:00+00:00
1785355200000,0.4719800055027008,0.4721199870109558,0.47091999650001526,0.47095000743865967,0,2026-07-29 20:00:00+00:00
1785358800000,0.4706200063228607,0.4725300073623657,0.4682300090789795,0.47130998969078064,0,2026-07-29 21:00:00+00:00
1785362400000,0.47130998969078064,0.4724000096321106,0.46772000193595886,0.47216999530792236,0,2026-07-29 22:00:00+00:00
1785366000000,0.47220999002456665,0.4724000096321106,0.4716399908065796,0.4718799889087677,0,2026-07-29 23:00:00+00:00
1785369600000,0.47189000248908997,0.4724999964237213,0.471670001745224,0.4723699986934662,0,2026-07-30 00:00:00+00:00
1785373200000,0.4722900092601776,0.4731299877166748,0.4722299873828888,0.4730699956417084,0,2026-07-30 01:00:00+00:00
1785376800000,0.47308000922203064,0.47371000051498413,0.47293001413345337,0.473470002412796,0,2026-07-30 02:00:00+00:00
1785380400000,0.4734100103378296,0.47369998693466187,0.47310999035835266,0.47360000014305115,0,2026-07-30 03:00:00+00:00
1785384000000,0.47350001335144043,0.47369998693466187,0.4732699990272522,0.4733699858188629,0,2026-07-30 04:00:00+00:00
1785387600000,0.4733699858188629,0.47363999485969543,0.4730300009250641,0.4733699858188629,0,2026-07-30 05:00:00+00:00
1785391200000,0.4733699858188629,0.4738999903202057,0.4730600118637085,0.47380000352859497,0,2026-07-30 06:00:00+00:00
1785394800000,0.4737600088119507,0.4746200144290924,0.473580002784729,0.4743199944496155,0,2026-07-30 07:00:00+00:00
1785398400000,0.4742000102996826,0.4749999940395355,0.47400999069213867,0.4749400019645691,0,2026-07-30 08:00:00+00:00
1785402000000,0.47492000460624695,0.47519999742507935,0.47446998953819275,0.4749400019645691,0,2026-07-30 09:00:00+00:00
1785405600000,0.4749000072479248,0.47512000799179077,0.4742699861526489,0.47464999556541443,0,2026-07-30 10:00:00+00:00
1785409200000,0.47457998991012573,0.4750399887561798,0.4744200110435486,0.47475001215934753,0,2026-07-30 11:00:00+00:00
1785412800000,0.474700003862381,0.47477999329566956,0.47216999530792236,0.4743100106716156,0,2026-07-30 12:00:00+00:00
1785416400000,0.4742499887943268,0.4744499921798706,0.47336000204086304,0.4735200107097626,0,2026-07-30 13:00:00+00:00
1785420000000,0.4735899865627289,0.4739300012588501,0.47231999039649963,0.4732699990272522,0,2026-07-30 14:00:00+00:00
1785423600000,0.47332000732421875,0.47356000542640686,0.4728499948978424,0.47334998846054077,0,2026-07-30 15:00:00+00:00
1785427200000,0.47328001260757446,0.4734399914741516,0.4728200137615204,0.47286999225616455,0,2026-07-30 16:00:00+00:00
1785430800000,0.47290998697280884,0.4733999967575073,0.47269999980926514,0.47304999828338623,0,2026-07-30 17:00:00+00:00
1785434400000,0.4730699956417084,0.47321000695228577,0.4724999964237213,0.4726699888706207,0,2026-07-30 18:00:00+00:00
1785438000000,0.4728100001811981,0.4731299877166748,0.4726099967956543,0.47304999828338623,0,2026-07-30 19:00:00+00:00
1785441600000,0.47304999828338623,0.47345998883247375,0.47286999225616455,0.4731000065803528,0,2026-07-30 20:00:00+00:00
1785445200000,0.4729999899864197,0.47391998767852783,0.468639999628067,0.4728899896144867,0,2026-07-30 21:00:00+00:00
1785448800000,0.4725300073623657,0.4736100137233734,0.46875,0.47352999448776245,0,2026-07-30 22:00:00+00:00
1785452400000,0.47332999110221863,0.47360000014305115,0.4731299877166748,0.47325000166893005,0,2026-07-30 23:00:00+00:00
1785456000000,0.4733099937438965,0.4735099971294403,0.4730899930000305,0.4732699990272522,0,2026-07-31 00:00:00+00:00
1785459600000,0.47328999638557434,0.4733999967575073,0.4724400043487549,0.47315001487731934,0,2026-07-31 01:00:00+00:00
1785463200000,0.47315001487731934,0.47380000352859497,0.47304001450538635,0.4735400080680847,0,2026-07-31 02:00:00+00:00
1785466800000,0.4735400080680847,0.4738999903202057,0.4733099937438965,0.47363999485969543,0,2026-07-31 03:00:00+00:00
1785470400000,0.47356000542640686,0.4738200008869171,0.47336000204086304,0.4735400080680847,0,2026-07-31 04:00:00+00:00
1785474000000,0.473470002412796,0.4740000069141388,0.47334998846054077,0.4738999903202057,0,2026-07-31 05:00:00+00:00
1785477600000,0.4738599956035614,0.47398999333381653,0.4733099937438965,0.4735400080680847,0,2026-07-31 06:00:00+00:00
1785481200000,0.47356998920440674,0.4740999937057495,0.4732399880886078,0.4739699959754944,0,2026-07-31 07:00:00+00:00
1785484800000,0.4738999903202057,0.4746600091457367,0.4738200008869171,0.47429001331329346,0,2026-07-31 08:00:00+00:00
1785488400000,0.4744099974632263,0.4749999940395355,0.4740299880504608,0.4748600125312805,0,2026-07-31 09:00:00+00:00
1785492000000,0.4748600125312805,0.47530999779701233,0.47461000084877014,0.47508999705314636,0,2026-07-31 10:00:00+00:00
1785495600000,0.4750500023365021,0.47540000081062317,0.4744099974632263,0.47464001178741455,0,2026-07-31 11:00:00+00:00
1785499200000,0.474590003490448,0.47510001063346863,0.47440001368522644,0.47484999895095825,0,2026-07-31 12:00:00+00:00
1785502800000,0.4747999906539917,0.4758099913597107,0.47457998991012573,0.47547000646591187,0,2026-07-31 13:00:00+00:00
1785506400000,0.47536998987197876,0.4758000075817108,0.47499001026153564,0.47523999214172363,0,2026-07-31 14:00:00+00:00
1785510000000,0.47527000308036804,0.47540000081062317,0.4747200012207031,0.4749000072479248,0,2026-07-31 15:00:00+00:00
1785513600000,0.4747900068759918,0.47554999589920044,0.47470998764038086,0.47543999552726746,0,2026-07-31 16:00:00+00:00
1785517200000,0.4753600060939789,0.47574999928474426,0.47519001364707947,0.47558000683784485,0,2026-07-31 17:00:00+00:00
1785520800000,0.4755600094795227,0.47609999775886536,0.4753200113773346,0.4758799970149994,0,2026-07-31 18:00:00+00:00
1785524400000,0.4758700132369995,0.47620001435279846,0.4756999909877777,0.4760499894618988,0,2026-07-31 19:00:00+00:00
1785528000000,0.47613999247550964,0.47635000944137573,0.47387000918388367,0.47450000047683716,0,2026-07-31 20:00:00+00:00
1785531600000,0.4733000099658966,0.47516000270843506,0.4733000099658966,0.4743100106716156,0,2026-07-31 21:00:00+00:00
1785711600000,0.4759500026702881,0.4761199951171875,0.4755200147628784,0.4758799970149994,0,2026-08-02 23:00:00+00:00
1785715200000,0.4759100079536438,0.4761199951171875,0.47516998648643494,0.47589999437332153,0,2026-08-03 00:00:00+00:00
1785718800000,0.47571998834609985,0.4767000079154968,0.475629985332489,0.4765999913215637,0,2026-08-03 01:00:00+00:00
1785722400000,0.4765399992465973,0.47663000226020813,0.47606000304222107,0.47626999020576477,0,2026-08-03 02:00:00+00:00
1785726000000,0.4762899875640869,0.4763999879360199,0.4754999876022339,0.4756999909877777,0,2026-08-03 03:00:00+00:00
1785729600000,0.47562000155448914,0.4756999909877777,0.47527000308036804,0.47551000118255615,0,2026-08-03 04:00:00+00:00
1785733200000,0.4754199981689453,0.4756999909877777,0.4751499891281128,0.4755899906158447,0,2026-08-03 05:00:00+00:00
1785736800000,0.4754599928855896,0.4756999909877777,0.47505998611450195,0.4755899906158447,0,2026-08-03 06:00:00+00:00
1785740400000,0.4755299985408783,0.47571998834609985,0.4745599925518036,0.4747999906539917,0,2026-08-03 07:00:00+00:00
1785744000000,0.4747700095176697,0.4749999940395355,0.47446998953819275,0.47475001215934753,0,2026-08-03 08:00:00+00:00
1785747600000,0.47475001215934753,0.47481000423431396,0.47391000390052795,0.4743900001049042,0,2026-08-03 09:00:00+00:00
1785751200000,0.4743799865245819,0.4744099974632263,0.4738900065422058,0.4743199944496155,0,2026-08-03 10:00:00+00:00
1785754800000,0.47433000802993774,0.4748300015926361,0.4740599989891052,0.4745199978351593,0,2026-08-03 11:00:00+00:00
1785758400000,0.47450000047683716,0.4749999940395355,0.4743199944496155,0.4749099910259247,0,2026-08-03 12:00:00+00:00
1785762000000,0.47481998801231384,0.4749299883842468,0.47380000352859497,0.47380000352859497,0,2026-08-03 13:00:00+00:00
1785765600000,0.47435998916625977,0.47565001249313354,0.47363999485969543,0.47558000683784485,0,2026-08-03 14:00:00+00:00
1785769200000,0.4755600094795227,0.4758000075817108,0.47523999214172363,0.4755699932575226,0,2026-08-03 15:00:00+00:00
1785772800000,0.475490003824234,0.4758000075817108,0.4753299951553345,0.47569000720977783,0,2026-08-03 16:00:00+00:00
1785776400000,0.4756399989128113,0.47571998834609985,0.4752199947834015,0.475490003824234,0,2026-08-03 17:00:00+00:00
1785780000000,0.4754500091075897,0.4755299985408783,0.4750699996948242,0.475380003452301,0,2026-08-03 18:00:00+00:00
1785783600000,0.47523999214172363,0.475600004196167,0.4751099944114685,0.475490003824234,0,2026-08-03 19:00:00+00:00
1785787200000,0.47554999589920044,0.4758000075817108,0.47492000460624695,0.47492000460624695,0,2026-08-03 20:00:00+00:00
1785790800000,0.4750100076198578,0.4756399989128113,0.4713900089263916,0.4749299883842468,0,2026-08-03 21:00:00+00:00
1785794400000,0.47499001026153564,0.4756999909877777,0.47218000888824463,0.4754500091075897,0,2026-08-03 22:00:00+00:00
1785798000000,0.4752900004386902,0.47551000118255615,0.47510001063346863,0.4753299951553345,0,2026-08-03 23:00:00+00:00
1785801600000,0.4753499925136566,0.47540000081062317,0.4749000072479248,0.4752100110054016,0,2026-08-04 00:00:00+00:00
1785805200000,0.4752100110054016,0.4754999876022339,0.474839985370636,0.47516000270843506,0,2026-08-04 01:00:00+00:00
1785808800000,0.47512999176979065,0.4754199981689453,0.47501999139785767,0.47516998648643494,0,2026-08-04 02:00:00+00:00
1785812400000,0.47516998648643494,0.4754999876022339,0.4749400019645691,0.47540000081062317,0,2026-08-04 03:00:00+00:00
1785816000000,0.475380003452301,0.4755299985408783,0.47510001063346863,0.47536998987197876,0,2026-08-04 04:00:00+00:00
1785819600000,0.47534000873565674,0.47540000081062317,0.4749000072479248,0.47523999214172363,0,2026-08-04 05:00:00+00:00
1785823200000,0.47523999214172363,0.47540000081062317,0.47494998574256897,0.4752500057220459,0,2026-08-04 06:00:00+00:00
1785826800000,0.4752500057220459,0.475600004196167,0.4750500023365021,0.47554001212120056,0,2026-08-04 07:00:00+00:00
1785830400000,0.47554999589920044,0.4756999909877777,0.47516998648643494,0.4755699932575226,0,2026-08-04 08:00:00+00:00
1785834000000,0.47554001212120056,0.47589999437332153,0.47519999742507935,0.4757300019264221,0,2026-08-04 09:00:00+00:00
1785837600000,0.4756999909877777,0.4762600064277649,0.4754599928855896,0.47617000341415405,0,2026-08-04 10:00:00+00:00
1785841200000,0.47617000341415405,0.47620999813079834,0.475629985332489,0.47593000531196594,0,2026-08-04 11:00:00+00:00
1785844800000,0.47593000531196594,0.47631001472473145,0.4755200147628784,0.4760499894618988,0,2026-08-04 12:00:00+00:00
1785848400000,0.47602999210357666,0.47641998529434204,0.47576001286506653,0.4761100113391876,0,2026-08-04 13:00:00+00:00
1785852000000,0.4761199951171875,0.4763999879360199,0.47501999139785767,0.4759800136089325,0,2026-08-04 14:00:00+00:00
1785855600000,0.4759800136089325,0.4764400124549866,0.47574999928474426,0.47637999057769775,0,2026-08-04 15:00:00+00:00
1785859200000,0.47637999057769775,0.4770300090312958,0.4762499928474426,0.47690001130104065,0,2026-08-04 16:00:00+00:00
1785862800000,0.4768899977207184,0.4771200120449066,0.476639986038208,0.4770300090312958,0,2026-08-04 17:00:00+00:00
1785866400000,0.47703999280929565,0.47710999846458435,0.47655001282691956,0.4768100082874298,0,2026-08-04 18:00:00+00:00
1785870000000,0.47679999470710754,0.4769200086593628,0.47655999660491943,0.47687000036239624,0,2026-08-04 19:00:00+00:00
1785873600000,0.47690001130104065,0.47699999809265137,0.4764299988746643,0.4764699935913086,0,2026-08-04 20:00:00+00:00
1785877200000,0.47613999247550964,0.4771200120449066,0.4736100137233734,0.4768800139427185,0,2026-08-04 21:00:00+00:00
1785880800000,0.4768199920654297,0.47699999809265137,0.4756399989128113,0.4763199985027313,0,2026-08-04 22:00:00+00:00
1785884400000,0.47635000944137573,0.4763999879360199,0.4749999940395355,0.4753299951553345,0,2026-08-04 23:00:00+00:00
1785888000000,0.4753499925136566,0.4756999909877777,0.47510001063346863,0.47536998987197876,0,2026-08-05 00:00:00+00:00
1785891600000,0.4753600060939789,0.4754999876022339,0.47453001141548157,0.4747900068759918,0,2026-08-05 01:00:00+00:00
1785895200000,0.4747900068759918,0.4749000072479248,0.4742099940776825,0.47473999857902527,0,2026-08-05 02:00:00+00:00
1785898800000,0.47473999857902527,0.4749999940395355,0.4740999937057495,0.47429001331329346,0,2026-08-05 03:00:00+00:00
1785902400000,0.47429999709129333,0.4746200144290924,0.47415998578071594,0.47450000047683716,0,2026-08-05 04:00:00+00:00
1785906000000,0.47450000047683716,0.4745999872684479,0.4741699993610382,0.474480003118515,0,2026-08-05 05:00:00+00:00
1785909600000,0.47446998953819275,0.474700003862381,0.4740999937057495,0.4744499921798706,0,2026-08-05 06:00:00+00:00
1785913200000,0.4744499921798706,0.4749299883842468,0.47398000955581665,0.47488000988960266,0,2026-08-05 07:00:00+00:00
1785916800000,0.47488000988960266,0.4749999940395355,0.47429999709129333,0.4745500087738037,0,2026-08-05 08:00:00+00:00
1785920400000,0.47453001141548157,0.4747300148010254,0.4742400050163269,0.4745199978351593,0,2026-08-05 09:00:00+00:00
1785924000000,0.4745199978351593,0.47481000423431396,0.47426000237464905,0.4747599959373474,0,2026-08-05 10:00:00+00:00
1785927600000,0.47477999329566956,0.4747999906539917,0.47422000765800476,0.47453001141548157,0,2026-08-05 11:00:00+00:00
1785931200000,0.47453001141548157,0.47519999742507935,0.47437000274658203,0.4749099910259247,0,2026-08-05 12:00:00+00:00
1785934800000,0.4749099910259247,0.47519999742507935,0.4742799997329712,0.4749299883842468,0,2026-08-05 13:00:00+00:00
1785938400000,0.4749700129032135,0.4751400053501129,0.47429999709129333,0.4746299982070923,0,2026-08-05 14:00:00+00:00
1785942000000,0.4746600091457367,0.47510001063346863,0.47435998916625977,0.47473999857902527,0,2026-08-05 15:00:00+00:00
1785945600000,0.47473999857902527,0.4749999940395355,0.47453001141548157,0.47488000988960266,0,2026-08-05 16:00:00+00:00
1785949200000,0.47484999895095825,0.47519999742507935,0.4746899902820587,0.4751400053501129,0,2026-08-05 17:00:00+00:00
1785952800000,0.47516000270843506,0.47530999779701233,0.47494998574256897,0.4750699996948242,0,2026-08-05 18:00:00+00:00
1785956400000,0.47516998648643494,0.4753200113773346,0.474839985370636,0.47499001026153564,0,2026-08-05 19:00:00+00:00
1785960000000,0.4749700129032135,0.47512000799179077,0.4746699929237366,0.47468000650405884,0,2026-08-05 20:00:00+00:00
1785963600000,0.47464001178741455,0.47547999024391174,0.473580002784729,0.4745199978351593,0,2026-08-05 21:00:00+00:00
1785967200000,0.47477999329566956,0.47512000799179077,0.4741699993610382,0.47488999366760254,0,2026-08-05 22:00:00+00:00
1785970800000,0.47488000988960266,0.4749999940395355,0.4745199978351593,0.47481998801231384,0,2026-08-05 23:00:00+00:00
1785974400000,0.47481998801231384,0.4749000072479248,0.47418999671936035,0.47435998916625977,0,2026-08-06 00:00:00+00:00
1785978000000,0.47437000274658203,0.4750399887561798,0.47407999634742737,0.4749799966812134,0,2026-08-06 01:00:00+00:00
1785981600000,0.47499001026153564,0.47523999214172363,0.47475001215934753,0.47492000460624695,0,2026-08-06 02:00:00+00:00
1785985200000,0.47492000460624695,0.4750100076198578,0.47464001178741455,0.4749799966812134,0,2026-08-06 03:00:00+00:00
1785988800000,0.4749700129032135,0.4749999940395355,0.4744499921798706,0.47475001215934753,0,2026-08-06 04:00:00+00:00
1785992400000,0.4747300148010254,0.4747999906539917,0.47429001331329346,0.47470998764038086,0,2026-08-06 05:00:00+00:00
1785996000000,0.47473999857902527,0.47481000423431396,0.4742099940776825,0.4745999872684479,0,2026-08-06 06:00:00+00:00
1785999600000,0.47461000084877014,0.4750100076198578,0.4743799865245819,0.47488999366760254,0,2026-08-06 07:00:00+00:00
1786003200000,0.47488000988960266,0.47540000081062317,0.4745500087738037,0.47527000308036804,0,2026-08-06 08:00:00+00:00
1786006800000,0.4752799868583679,0.4759399890899658,0.47495999932289124,0.4759100079536438,0,2026-08-06 09:00:00+00:00
1786010400000,0.4759199917316437,0.4763000011444092,0.4756399989128113,0.47617998719215393,0,2026-08-06 10:00:00+00:00
1786014000000,0.47617000341415405,0.4763999879360199,0.47578999400138855,0.47628000378608704,0,2026-08-06 11:00:00+00:00
1786017600000,0.4763000011444092,0.476500004529953,0.47578999400138855,0.47606000304222107,0,2026-08-06 12:00:00+00:00
1786021200000,0.47606000304222107,0.47613999247550964,0.4753899872303009,0.4757100045681,0,2026-08-06 13:00:00+00:00
1786024800000,0.4757100045681,0.47624000906944275,0.4755899906158447,0.4762299954891205,0,2026-08-06 14:00:00+00:00
1786028400000,0.4762200117111206,0.4773299992084503,0.47597000002861023,0.4767799973487854,0,2026-08-06 15:00:00+00:00
1786032000000,0.47679999470710754,0.4768100082874298,0.4762499928474426,0.4765999913215637,0,2026-08-06 16:00:00+00:00
1786035600000,0.4765999913215637,0.47699999809265137,0.47641000151634216,0.47679999470710754,0,2026-08-06 17:00:00+00:00
1786039200000,0.47683000564575195,0.4770500063896179,0.476610004901886,0.47683998942375183,0,2026-08-06 18:00:00+00:00
1786042800000,0.4768500030040741,0.47699999809265137,0.476610004901886,0.47679001092910767,0,2026-08-06 19:00:00+00:00
1786046400000,0.47679999470710754,0.47690001130104065,0.47617998719215393,0.4763000011444092,0,2026-08-06 20:00:00+00:00
1786050000000,0.4762499928474426,0.477620005607605,0.4742400050163269,0.4763599932193756,0,2026-08-06 21:00:00+00:00
1786053600000,0.4765099883079529,0.47690001130104065,0.47512000799179077,0.4767400026321411,0,2026-08-06 22:00:00+00:00
1786057200000,0.4767099916934967,0.47679999470710754,0.47639000415802,0.47661998867988586,0,2026-08-06 23:00:00+00:00
1786060800000,0.47663000226020813,0.47690001130104065,0.47635000944137573,0.4767799973487854,0,2026-08-07 00:00:00+00:00
1786064400000,0.4767799973487854,0.476859986782074,0.4764299988746643,0.47668999433517456,0,2026-08-07 01:00:00+00:00
1786068000000,0.47668999433517456,0.47683000564575195,0.47628000378608704,0.47648999094963074,0,2026-08-07 02:00:00+00:00
1786071600000,0.47648000717163086,0.47661998867988586,0.47628000378608704,0.476500004529953,0,2026-08-07 03:00:00+00:00
1786075200000,0.4765099883079529,0.4766699969768524,0.47626999020576477,0.476500004529953,0,2026-08-07 04:00:00+00:00
1786078800000,0.476500004529953,0.4765999913215637,0.47617000341415405,0.47641998529434204,0,2026-08-07 05:00:00+00:00
1786082400000,0.47641998529434204,0.476500004529953,0.4759899973869324,0.47624000906944275,0,2026-08-07 06:00:00+00:00
1786086000000,0.47624000906944275,0.476500004529953,0.4760400056838989,0.47626999020576477,0,2026-08-07 07:00:00+00:00
1786089600000,0.47628000378608704,0.4763999879360199,0.47576001286506653,0.4762899875640869,0,2026-08-07 08:00:00+00:00
1786093200000,0.47626999020576477,0.4763300120830536,0.47574999928474426,0.47602999210357666,0,2026-08-07 09:00:00+00:00
1786096800000,0.47602999210357666,0.47609999775886536,0.47508999705314636,0.47530999779701233,0,2026-08-07 10:00:00+00:00
1786100400000,0.47530001401901245,0.4756999909877777,0.4751099944114685,0.4756399989128113,0,2026-08-07 11:00:00+00:00
1786104000000,0.4756399989128113,0.4762299954891205,0.47282999753952026,0.4759500026702881,0,2026-08-07 12:00:00+00:00
1786107600000,0.4759500026702881,0.47600001096725464,0.4751499891281128,0.47551000118255615,0,2026-08-07 13:00:00+00:00
1786111200000,0.4754999876022339,0.475849986076355,0.47516000270843506,0.47560998797416687,0,2026-08-07 14:00:00+00:00
1786114800000,0.475600004196167,0.4758000075817108,0.47527000308036804,0.47578001022338867,0,2026-08-07 15:00:00+00:00
1786118400000,0.47578999400138855,0.47593000531196594,0.475490003824234,0.47582000494003296,0,2026-08-07 16:00:00+00:00
1786122000000,0.47582000494003296,0.4761100113391876,0.475600004196167,0.47602999210357666,0,2026-08-07 17:00:00+00:00
1786125600000,0.4760400056838989,0.47609999775886536,0.47571998834609985,0.4760400056838989,0,2026-08-07 18:00:00+00:00
1786129200000,0.47606998682022095,0.47624000906944275,0.47589999437332153,0.47609999775886536,0,2026-08-07 19:00:00+00:00
1786132800000,0.47609999775886536,0.47624000906944275,0.475380003452301,0.4760800004005432,0,2026-08-07 20:00:00+00:00
1786136400000,0.47540000081062317,0.47595998644828796,0.47540000081062317,0.47595998644828796,0,2026-08-07 21:00:00+00:00
1786316400000,0.47609999775886536,0.47620001435279846,0.4755699932575226,0.47576001286506653,0,2026-08-09 23:00:00+00:00
1786320000000,0.4757699966430664,0.4759199917316437,0.47536998987197876,0.47562000155448914,0,2026-08-10 00:00:00+00:00
1786323600000,0.475629985332489,0.47606000304222107,0.47543999552726746,0.4758400022983551,0,2026-08-10 01:00:00+00:00
1786327200000,0.47582998871803284,0.4759100079536438,0.4755600094795227,0.47578999400138855,0,2026-08-10 02:00:00+00:00
1786330800000,0.47578999400138855,0.4763999879360199,0.47547000646591187,0.4761599898338318,0,2026-08-10 03:00:00+00:00
1786334400000,0.4761599898338318,0.47633999586105347,0.4759500026702881,0.4762899875640869,0,2026-08-10 04:00:00+00:00
1786338000000,0.4762899875640869,0.4765999913215637,0.47606998682022095,0.4764600098133087,0,2026-08-10 05:00:00+00:00
1786341600000,0.47644999623298645,0.4765999913215637,0.475739985704422,0.4760200083255768,0,2026-08-10 06:00:00+00:00
1786345200000,0.47600001096725464,0.4762299954891205,0.47560998797416687,0.4758000075817108,0,2026-08-10 07:00:00+00:00
1786348800000,0.47582998871803284,0.4764400124549866,0.4755699932575226,0.47637999057769775,0,2026-08-10 08:00:00+00:00
1786352400000,0.4763999879360199,0.4765999913215637,0.47606000304222107,0.47631001472473145,0,2026-08-10 09:00:00+00:00
1786356000000,0.4763300120830536,0.476500004529953,0.47609999775886536,0.4764400124549866,0,2026-08-10 10:00:00+00:00
1786359600000,0.47644999623298645,0.47652000188827515,0.4760200083255768,0.4762200117111206,0,2026-08-10 11:00:00+00:00
1786363200000,0.47624000906944275,0.47624000906944275,0.47578001022338867,0.4762299954891205,0,2026-08-10 12:00:00+00:00
1786366800000,0.47624000906944275,0.476500004529953,0.4759899973869324,0.47635000944137573,0,2026-08-10 13:00:00+00:00
1786370400000,0.47635000944137573,0.47666001319885254,0.4760099947452545,0.4761599898338318,0,2026-08-10 14:00:00+00:00
1786374000000,0.47617000341415405,0.47679999470710754,0.4759100079536438,0.47639000415802,0,2026-08-10 15:00:00+00:00
1786377600000,0.4763999879360199,0.47652000188827515,0.4761199951171875,0.47648000717163086,0,2026-08-10 16:00:00+00:00
1786381200000,0.47648000717163086,0.4767000079154968,0.4762499928474426,0.47648999094963074,0,2026-08-10 17:00:00+00:00
1786384800000,0.476500004529953,0.4767000079154968,0.4762600064277649,0.4763999879360199,0,2026-08-10 18:00:00+00:00
1786388400000,0.47652000188827515,0.47661998867988586,0.47628000378608704,0.47644999623298645,0,2026-08-10 19:00:00+00:00
1786392000000,0.47644999623298645,0.4765999913215637,0.47606998682022095,0.47617000341415405,0,2026-08-10 20:00:00+00:00
1786395600000,0.47620001435279846,0.4766699969768524,0.4736199975013733,0.4762200117111206,0,2026-08-10 21:00:00+00:00
1786399200000,0.47628000378608704,0.47672000527381897,0.47488000988960266,0.4765399992465973,0,2026-08-10 22:00:00+00:00
1786402800000,0.47655999660491943,0.47679999470710754,0.4763000011444092,0.47672998905181885,0,2026-08-10 23:00:00+00:00
1786406400000,0.47672000527381897,0.47683998942375183,0.4763000011444092,0.47648000717163086,0,2026-08-11 00:00:00+00:00
1786410000000,0.47648000717163086,0.47679999470710754,0.4761500060558319,0.47663000226020813,0,2026-08-11 01:00:00+00:00
1786413600000,0.476610004901886,0.47690001130104065,0.4763999879360199,0.47672000527381897,0,2026-08-11 02:00:00+00:00
1786417200000,0.47672998905181885,0.47690001130104065,0.4765099883079529,0.47675999999046326,0,2026-08-11 03:00:00+00:00
1786420800000,0.47675999999046326,0.4774099886417389,0.476500004529953,0.47738000750541687,0,2026-08-11 04:00:00+00:00
1786424400000,0.47738999128341675,0.4775699973106384,0.4766499996185303,0.4771000146865845,0,2026-08-11 05:00:00+00:00
1786428000000,0.47710999846458435,0.47720998525619507,0.4760400056838989,0.47631001472473145,0,2026-08-11 06:00:00+00:00
1786431600000,0.4763000011444092,0.476500004529953,0.4758099913597107,0.47602999210357666,0,2026-08-11 07:00:00+00:00
1786435200000,0.4760499894618988,0.4763000011444092,0.4758099913597107,0.4762299954891205,0,2026-08-11 08:00:00+00:00
1786438800000,0.4762299954891205,0.4765099883079529,0.4760099947452545,0.47637999057769775,0,2026-08-11 09:00:00+00:00
1786442400000,0.4763999879360199,0.47672000527381897,0.47613000869750977,0.476639986038208,0,2026-08-11 10:00:00+00:00
1786446000000,0.47666001319885254,0.4769600033760071,0.47626999020576477,0.47648999094963074,0,2026-08-11 11:00:00+00:00
1786449600000,0.476500004529953,0.47694000601768494,0.4760900139808655,0.47687000036239624,0,2026-08-11 12:00:00+00:00
1786453200000,0.4768800139427185,0.47710999846458435,0.4765399992465973,0.47683000564575195,0,2026-08-11 13:00:00+00:00
1786456800000,0.47683000564575195,0.47699999809265137,0.47655999660491943,0.47683998942375183,0,2026-08-11 14:00:00+00:00
1786460400000,0.47683998942375183,0.4771000146865845,0.47655001282691956,0.47683000564575195,0,2026-08-11 15:00:00+00:00
1786464000000,0.47683998942375183,0.4772000014781952,0.4765799939632416,0.47718000411987305,0,2026-08-11 16:00:00+00:00
1786467600000,0.47718000411987305,0.47749999165534973,0.4770199954509735,0.4773699939250946,0,2026-08-11 17:00:00+00:00
1786471200000,0.4773699939250946,0.47749999165534973,0.4764600098133087,0.47687000036239624,0,2026-08-11 18:00:00+00:00
1786474800000,0.47687000036239624,0.47699999809265137,0.4765799939632416,0.4766699969768524,0,2026-08-11 19:00:00+00:00
1786478400000,0.4766699969768524,0.47694000601768494,0.47626999020576477,0.4763199985027313,0,2026-08-11 20:00:00+00:00
1786482000000,0.47609999775886536,0.4771000146865845,0.4738999903202057,0.47672998905181885,0,2026-08-11 21:00:00+00:00
1786485600000,0.4767000079154968,0.47699999809265137,0.4763599932193756,0.47696998715400696,0,2026-08-11 22:00:00+00:00
1786489200000,0.4769499897956848,0.47699999809265137,0.4765700101852417,0.4767799973487854,0,2026-08-11 23:00:00+00:00
1786492800000,0.47679001092910767,0.4769099950790405,0.47648999094963074,0.47683000564575195,0,2026-08-12 00:00:00+00:00
1786496400000,0.47683000564575195,0.47690001130104065,0.4762499928474426,0.476529985666275,0,2026-08-12 01:00:00+00:00
1786500000000,0.476529985666275,0.47655001282691956,0.4760400056838989,0.47639000415802,0,2026-08-12 02:00:00+00:00
1786503600000,0.47639000415802,0.476500004529953,0.47606000304222107,0.47644999623298645,0,2026-08-12 03:00:00+00:00
1786507200000,0.4764299988746643,0.4765999913215637,0.47617998719215393,0.47652000188827515,0,2026-08-12 04:00:00+00:00
1786510800000,0.47652000188827515,0.4765999913215637,0.47620001435279846,0.47648999094963074,0,2026-08-12 05:00:00+00:00
1786514400000,0.47648999094963074,0.4765999913215637,0.47578999400138855,0.4760800004005432,0,2026-08-12 06:00:00+00:00
1786518000000,0.4760800004005432,0.4765999913215637,0.4759399890899658,0.47617998719215393,0,2026-08-12 07:00:00+00:00
1786521600000,0.47617000341415405,0.4765399992465973,0.4759800136089325,0.4763199985027313,0,2026-08-12 08:00:00+00:00
1786525200000,0.4763199985027313,0.47652000188827515,0.4757100045681,0.47578999400138855,0,2026-08-12 09:00:00+00:00
1786528800000,0.47578001022338867,0.47635000944137573,0.47562000155448914,0.4760800004005432,0,2026-08-12 10:00:00+00:00
1786532400000,0.4760800004005432,0.47620999813079834,0.4756999909877777,0.4760200083255768,0,2026-08-12 11:00:00+00:00
1786536000000,0.47602999210357666,0.4767000079154968,0.4737200140953064,0.47626999020576477,0,2026-08-12 12:00:00+00:00
1786539600000,0.47626999020576477,0.4769099950790405,0.4761599898338318,0.476610004901886,0,2026-08-12 13:00:00+00:00
1786543200000,0.47659000754356384,0.4767000079154968,0.475849986076355,0.4760200083255768,0,2026-08-12 14:00:00+00:00
1786546800000,0.4760099947452545,0.4763999879360199,0.47574999928474426,0.47606000304222107,0,2026-08-12 15:00:00+00:00
1786550400000,0.47606000304222107,0.47620999813079834,0.47576001286506653,0.4760400056838989,0,2026-08-12 16:00:00+00:00
1786554000000,0.4760400056838989,0.476500004529953,0.47582998871803284,0.47637999057769775,0,2026-08-12 17:00:00+00:00
1786557600000,0.4763700067996979,0.4765999913215637,0.47617000341415405,0.47639000415802,0,2026-08-12 18:00:00+00:00
1786561200000,0.47648999094963074,0.4765399992465973,0.4762299954891205,0.4764600098133087,0,2026-08-12 19:00:00+00:00
1786564800000,0.47648000717163086,0.4767000079154968,0.47578001022338867,0.47578001022338867,0,2026-08-12 20:00:00+00:00
1786568400000,0.4759500026702881,0.476749986410141,0.47231999039649963,0.4761599898338318,0,2026-08-12 21:00:00+00:00
1786572000000,0.47606998682022095,0.47661998867988586,0.47530001401901245,0.4765999913215637,0,2026-08-12 22:00:00+00:00
1786575600000,0.476610004901886,0.4767000079154968,0.4762499928474426,0.4765099883079529,0,2026-08-12 23:00:00+00:00
1786579200000,0.47652000188827515,0.476529985666275,0.4760200083255768,0.47626999020576477,0,2026-08-13 00:00:00+00:00
1786582800000,0.47626999020576477,0.47641000151634216,0.4758700132369995,0.4763599932193756,0,2026-08-13 01:00:00+00:00
1786586400000,0.4763700067996979,0.47641000151634216,0.4757300019264221,0.4759500026702881,0,2026-08-13 02:00:00+00:00
1786590000000,0.47595998644828796,0.47600001096725464,0.4745500087738037,0.47477999329566956,0,2026-08-13 03:00:00+00:00
1786593600000,0.47477999329566956,0.4749000072479248,0.4742000102996826,0.4744899868965149,0,2026-08-13 04:00:00+00:00
1786597200000,0.474480003118515,0.4747999906539917,0.4741100072860718,0.47457998991012573,0,2026-08-13 05:00:00+00:00
1786600800000,0.47457000613212585,0.4747999906539917,0.47404998540878296,0.47453999519348145,0,2026-08-13 06:00:00+00:00
1786604400000,0.4744899868965149,0.4746699929237366,0.47402000427246094,0.47429001331329346,0,2026-08-13 07:00:00+00:00
1786608000000,0.47429001331329346,0.4744200110435486,0.47387000918388367,0.4741800129413605,0,2026-08-13 08:00:00+00:00
1786611600000,0.47415998578071594,0.474700003862381,0.4739699959754944,0.4745199978351593,0,2026-08-13 09:00:00+00:00
1786615200000,0.47453001141548157,0.4748300015926361,0.4740700125694275,0.4745100140571594,0,2026-08-13 10:00:00+00:00
1786618800000,0.4744899868965149,0.4749299883842468,0.47418999671936035,0.474839985370636,0,2026-08-13 11:00:00+00:00
1786622400000,0.474839985370636,0.4752100110054016,0.47422000765800476,0.47510001063346863,0,2026-08-13 12:00:00+00:00
1786626000000,0.47512000799179077,0.47519999742507935,0.47468000650405884,0.47488999366760254,0,2026-08-13 13:00:00+00:00
1786629600000,0.47488000988960266,0.4754199981689453,0.47461000084877014,0.47523999214172363,0,2026-08-13 14:00:00+00:00
1786633200000,0.47527000308036804,0.4753600060939789,0.47484999895095825,0.4752900004386902,0,2026-08-13 15:00:00+00:00
1786636800000,0.4752900004386902,0.47560998797416687,0.4750800132751465,0.4754599928855896,0,2026-08-13 16:00:00+00:00
1786640400000,0.47547999024391174,0.4756999909877777,0.4752599895000458,0.47554001212120056,0,2026-08-13 17:00:00+00:00
1786644000000,0.47554999589920044,0.4760400056838989,0.4753499925136566,0.4759899973869324,0,2026-08-13 18:00:00+00:00
1786647600000,0.47595998644828796,0.4765399992465973,0.47560998797416687,0.4765099883079529,0,2026-08-13 19:00:00+00:00
1786651200000,0.4765099883079529,0.476610004901886,0.47571998834609985,0.47571998834609985,0,2026-08-13 20:00:00+00:00
1786654800000,0.4759100079536438,0.47631001472473145,0.47325000166893005,0.4759399890899658,0,2026-08-13 21:00:00+00:00
1786658400000,0.4758799970149994,0.4763999879360199,0.47512999176979065,0.4763000011444092,0,2026-08-13 22:00:00+00:00
1786662000000,0.4763000011444092,0.4765999913215637,0.47606000304222107,0.47648000717163086,0,2026-08-13 23:00:00+00:00
1786665600000,0.4764699935913086,0.47683998942375183,0.47635000944137573,0.4767700135707855,0,2026-08-14 00:00:00+00:00
1786669200000,0.4767700135707855,0.47690001130104065,0.47644999623298645,0.4766800105571747,0,2026-08-14 01:00:00+00:00
1786672800000,0.47668999433517456,0.4771299958229065,0.47648999094963074,0.47701001167297363,0,2026-08-14 02:00:00+00:00
1786676400000,0.4770199954509735,0.47745001316070557,0.4768500030040741,0.477400004863739,0,2026-08-14 03:00:00+00:00
1786680000000,0.47738999128341675,0.47742998600006104,0.4769900143146515,0.4772399961948395,0,2026-08-14 04:00:00+00:00
1786683600000,0.4772399961948395,0.47731998562812805,0.4768899977207184,0.47729000449180603,0,2026-08-14 05:00:00+00:00
1786687200000,0.47729000449180603,0.477510005235672,0.47707998752593994,0.47749000787734985,0,2026-08-14 06:00:00+00:00
1786690800000,0.47749999165534973,0.47800999879837036,0.4772999882698059,0.47791001200675964,0,2026-08-14 07:00:00+00:00
1786694400000,0.4779300093650818,0.47839999198913574,0.4776799976825714,0.47800999879837036,0,2026-08-14 08:00:00+00:00
1786698000000,0.47800999879837036,0.478300005197525,0.47760000824928284,0.47804999351501465,0,2026-08-14 09:00:00+00:00
1786701600000,0.4780600070953369,0.47850000858306885,0.4778499901294708,0.47815999388694763,0,2026-08-14 10:00:00+00:00
1786705200000,0.4781700074672699,0.47832998633384705,0.4776900112628937,0.4780200123786926,0,2026-08-14 11:00:00+00:00
1786708800000,0.4780200123786926,0.4781399965286255,0.47760000824928284,0.4780200123786926,0,2026-08-14 12:00:00+00:00
1786712400000,0.4780299961566925,0.4781999886035919,0.4776799976825714,0.47800999879837036,0,2026-08-14 13:00:00+00:00
1786716000000,0.47797998785972595,0.47821998596191406,0.47777000069618225,0.47808000445365906,0,2026-08-14 14:00:00+00:00
1786719600000,0.47808000445365906,0.47850000858306885,0.47784000635147095,0.47846999764442444,0,2026-08-14 15:00:00+00:00
1786723200000,0.47846999764442444,0.4786199927330017,0.47824999690055847,0.4785099923610687,0,2026-08-14 16:00:00+00:00
1786726800000,0.47850000858306885,0.4787999987602234,0.47832000255584717,0.4785900115966797,0,2026-08-14 17:00:00+00:00
1786730400000,0.47859999537467957,0.47874000668525696,0.47828999161720276,0.47870999574661255,0,2026-08-14 18:00:00+00:00
1786734000000,0.47870001196861267,0.4790000021457672,0.478520005941391,0.4788999855518341,0,2026-08-14 19:00:00+00:00
1786737600000,0.4788999855518341,0.4792099893093109,0.4785900115966797,0.47892001271247864,0,2026-08-14 20:00:00+00:00
1786741200000,0.47870001196861267,0.47898000478744507,0.47870001196861267,0.47898000478744507,0,2026-08-14 21:00:00+00:00
1786921200000,0.47890999913215637,0.4790000021457672,0.4784500002861023,0.478630006313324,0,2026-08-16 23:00:00+00:00
1786924800000,0.4786199927330017,0.47971999645233154,0.47859999537467957,0.47964000701904297,0,2026-08-17 00:00:00+00:00
1786928400000,0.4796299934387207,0.4796999990940094,0.47909000515937805,0.47947001457214355,0,2026-08-17 01:00:00+00:00
1786932000000,0.4794600009918213,0.4794999957084656,0.47898000478744507,0.4792799949645996,0,2026-08-17 02:00:00+00:00
1786935600000,0.4792799949645996,0.4794600009918213,0.47898000478744507,0.4792799949645996,0,2026-08-17 03:00:00+00:00
1786939200000,0.4792900085449219,0.4796000123023987,0.47901999950408936,0.47953000664711,0,2026-08-17 04:00:00+00:00
1786942800000,0.47953000664711,0.47999998927116394,0.47933000326156616,0.47984999418258667,0,2026-08-17 05:00:00+00:00
1786946400000,0.47984999418258667,0.4802300035953522,0.479420006275177,0.48006999492645264,0,2026-08-17 06:00:00+00:00
1786950000000,0.4800899922847748,0.48030000925064087,0.4781999886035919,0.478520005941391,0,2026-08-17 07:00:00+00:00
1786953600000,0.478520005941391,0.47909998893737793,0.47804000973701477,0.4789400100708008,0,2026-08-17 08:00:00+00:00
1786957200000,0.47894999384880066,0.47960999608039856,0.47861000895500183,0.4795199930667877,0,2026-08-17 09:00:00+00:00
1786960800000,0.47953999042510986,0.47991999983787537,0.4793500006198883,0.47982001304626465,0,2026-08-17 10:00:00+00:00
1786964400000,0.4798299968242645,0.4799000024795532,0.47890999913215637,0.47909000515937805,0,2026-08-17 11:00:00+00:00
1786968000000,0.47909000515937805,0.47933998703956604,0.4786500036716461,0.47889000177383423,0,2026-08-17 12:00:00+00:00
1786971600000,0.47889000177383423,0.47909998893737793,0.4781999886035919,0.47863999009132385,0,2026-08-17 13:00:00+00:00
1786975200000,0.47863999009132385,0.4788999855518341,0.4781300127506256,0.47839999198913574,0,2026-08-17 14:00:00+00:00
1786978800000,0.47839999198913574,0.47861000895500183,0.4781000018119812,0.4783500134944916,0,2026-08-17 15:00:00+00:00
1786982400000,0.4783399999141693,0.4786199927330017,0.47811999917030334,0.47857001423835754,0,2026-08-17 16:00:00+00:00
1786986000000,0.4785600006580353,0.47870001196861267,0.47822999954223633,0.478630006313324,0,2026-08-17 17:00:00+00:00
1786989600000,0.478630006313324,0.4788999855518341,0.4784500002861023,0.47852998971939087,0,2026-08-17 18:00:00+00:00
1786993200000,0.4787299931049347,0.4787600040435791,0.4783700108528137,0.4786199927330017,0,2026-08-17 19:00:00+00:00
1786996800000,0.478630006313324,0.4787200093269348,0.4779199957847595,0.4779199957847595,0,2026-08-17 20:00:00+00:00
1787000400000,0.4781999886035919,0.47839000821113586,0.47595998644828796,0.47808000445365906,0,2026-08-17 21:00:00+00:00
1787004000000,0.47808998823165894,0.47870999574661255,0.477400004863739,0.4786500036716461,0,2026-08-17 22:00:00+00:00
1787007600000,0.478630006313324,0.4788999855518341,0.4783700108528137,0.47867000102996826,0,2026-08-17 23:00:00+00:00
1787011200000,0.4786800146102905,0.4789299964904785,0.4783799946308136,0.47861000895500183,0,2026-08-18 00:00:00+00:00
1787014800000,0.47861000895500183,0.4787999987602234,0.47800999879837036,0.4781799912452698,0,2026-08-18 01:00:00+00:00
1787018400000,0.4781700074672699,0.4783099889755249,0.47786998748779297,0.47808000445365906,0,2026-08-18 02:00:00+00:00
1787022000000,0.4781000018119812,0.47811999917030334,0.4771200120449066,0.47753000259399414,0,2026-08-18 03:00:00+00:00
1787025600000,0.47753000259399414,0.47760000824928284,0.47701001167297363,0.47745001316070557,0,2026-08-18 04:00:00+00:00
1787029200000,0.4774399995803833,0.47749999165534973,0.47683998942375183,0.4771899878978729,0,2026-08-18 05:00:00+00:00
1787032800000,0.4771699905395508,0.47725000977516174,0.47655001282691956,0.4769800007343292,0,2026-08-18 06:00:00+00:00
1787036400000,0.4769800007343292,0.47703999280929565,0.4762200117111206,0.47652000188827515,0,2026-08-18 07:00:00+00:00
1787040000000,0.47652000188827515,0.47710999846458435,0.47631001472473145,0.47694000601768494,0,2026-08-18 08:00:00+00:00
1787043600000,0.4769499897956848,0.4774099886417389,0.47679001092910767,0.47738999128341675,0,2026-08-18 09:00:00+00:00
1787047200000,0.47738999128341675,0.4777199923992157,0.4771699905395508,0.477539986371994,0,2026-08-18 10:00:00+00:00
1787050800000,0.477539986371994,0.4779999852180481,0.47734999656677246,0.4779199957847595,0,2026-08-18 11:00:00+00:00
1787054400000,0.47791001200675964,0.478300005197525,0.4776799976825714,0.4781999886035919,0,2026-08-18 12:00:00+00:00
1787058000000,0.4781999886035919,0.47850000858306885,0.4776099920272827,0.4778499901294708,0,2026-08-18 13:00:00+00:00
1787061600000,0.4778499901294708,0.4780299961566925,0.47718000411987305,0.47742000222206116,0,2026-08-18 14:00:00+00:00
1787065200000,0.477400004863739,0.47769999504089355,0.47718000411987305,0.4773400127887726,0,2026-08-18 15:00:00+00:00
1787068800000,0.4773600101470947,0.4774399995803833,0.4767099916934967,0.47707000374794006,0,2026-08-18 16:00:00+00:00
1787072400000,0.47707000374794006,0.47720998525619507,0.47679001092910767,0.4769800007343292,0,2026-08-18 17:00:00+00:00
1787076000000,0.4769900143146515,0.4771299958229065,0.47679001092910767,0.4769600033760071,0,2026-08-18 18:00:00+00:00
1787079600000,0.4769600033760071,0.4772000014781952,0.4767700135707855,0.4771000146865845,0,2026-08-18 19:00:00+00:00
1787083200000,0.4771200120449066,0.47721999883651733,0.4765099883079529,0.47655999660491943,0,2026-08-18 20:00:00+00:00
1787086800000,0.4766499996185303,0.47742000222206116,0.4749999940395355,0.47687000036239624,0,2026-08-18 21:00:00+00:00
1787090400000,0.4768100082874298,0.477400004863739,0.47600001096725464,0.47714000940322876,0,2026-08-18 22:00:00+00:00
1787094000000,0.47729000449180603,0.477400004863739,0.47679001092910767,0.4769499897956848,0,2026-08-18 23:00:00+00:00
1787097600000,0.4769499897956848,0.4769900143146515,0.4758700132369995,0.47602999210357666,0,2026-08-19 00:00:00+00:00
1787101200000,0.47602999210357666,0.47679999470710754,0.47593000531196594,0.476639986038208,0,2026-08-19 01:00:00+00:00
1787104800000,0.47666001319885254,0.4767000079154968,0.4761199951171875,0.4765399992465973,0,2026-08-19 02:00:00+00:00
1787108400000,0.47655001282691956,0.4765999913215637,0.47613000869750977,0.47648000717163086,0,2026-08-19 03:00:00+00:00
1787112000000,0.4765099883079529,0.4765999913215637,0.4758099913597107,0.47620001435279846,0,2026-08-19 04:00:00+00:00
1787115600000,0.47620999813079834,0.47633999586105347,0.47576001286506653,0.47617000341415405,0,2026-08-19 05:00:00+00:00
1787119200000,0.47617000341415405,0.47641998529434204,0.47560998797416687,0.4761199951171875,0,2026-08-19 06:00:00+00:00
1787122800000,0.4761199951171875,0.4763000011444092,0.475600004196167,0.4760400056838989,0,2026-08-19 07:00:00+00:00
1787126400000,0.47602999210357666,0.47661998867988586,0.4758700132369995,0.4764600098133087,0,2026-08-19 08:00:00+00:00
1787130000000,0.4764600098133087,0.47679999470710754,0.4762200117111206,0.47652000188827515,0,2026-08-19 09:00:00+00:00
1787133600000,0.47652000188827515,0.4767000079154968,0.4761900007724762,0.47659000754356384,0,2026-08-19 10:00:00+00:00
1787137200000,0.4765999913215637,0.47661998867988586,0.4760499894618988,0.4762600064277649,0,2026-08-19 11:00:00+00:00
1787140800000,0.47626999020576477,0.476610004901886,0.4759199917316437,0.4761500060558319,0,2026-08-19 12:00:00+00:00
1787144400000,0.47613999247550964,0.4767000079154968,0.47503000497817993,0.47554999589920044,0,2026-08-19 13:00:00+00:00
1787148000000,0.47554999589920044,0.475629985332489,0.47387999296188354,0.4751499891281128,0,2026-08-19 14:00:00+00:00
1787151600000,0.4751400053501129,0.4752900004386902,0.4738500118255615,0.4741699993610382,0,2026-08-19 15:00:00+00:00
1787155200000,0.4741399884223938,0.47450000047683716,0.4737800061702728,0.47418999671936035,0,2026-08-19 16:00:00+00:00
1787158800000,0.47418999671936035,0.47429999709129333,0.4738200008869171,0.4741699993610382,0,2026-08-19 17:00:00+00:00
1787162400000,0.47415000200271606,0.47415998578071594,0.47332999110221863,0.47332999110221863,0,2026-08-19 18:00:00+00:00
1787166000000,0.47348999977111816,0.4736199975013733,0.47290000319480896,0.47297000885009766,0,2026-08-19 19:00:00+00:00
1787169600000,0.47297000885009766,0.4731299877166748,0.4727100133895874,0.47290000319480896,0,2026-08-19 20:00:00+00:00
1787173200000,0.4729500114917755,0.4732300043106079,0.470660001039505,0.4721600115299225,0,2026-08-19 21:00:00+00:00
1787176800000,0.47262999415397644,0.4733999967575073,0.4716399908065796,0.47310999035835266,0,2026-08-19 22:00:00+00:00
1787180400000,0.4732699990272522,0.47369998693466187,0.47310999035835266,0.4734399914741516,0,2026-08-19 23:00:00+00:00
1787184000000,0.47343000769615173,0.47429999709129333,0.47308000922203064,0.4742000102996826,0,2026-08-20 00:00:00+00:00
1787187600000,0.47422000765800476,0.4754300117492676,0.47380998730659485,0.4752799868583679,0,2026-08-20 01:00:00+00:00
1787191200000,0.4752799868583679,0.47589999437332153,0.47505998611450195,0.4758099913597107,0,2026-08-20 02:00:00+00:00
1787194800000,0.47582998871803284,0.47609999775886536,0.475490003824234,0.4758700132369995,0,2026-08-20 03:00:00+00:00
1787198400000,0.4758799970149994,0.4763999879360199,0.4756999909877777,0.4760200083255768,0,2026-08-20 04:00:00+00:00
1787202000000,0.47602999210357666,0.4763999879360199,0.4758099913597107,0.4760800004005432,0,2026-08-20 05:00:00+00:00
1787205600000,0.4760800004005432,0.47613999247550964,0.47516998648643494,0.4754199981689453,0,2026-08-20 06:00:00+00:00
1787209200000,0.4754199981689453,0.47600001096725464,0.47523000836372375,0.4754599928855896,0,2026-08-20 07:00:00+00:00
1787212800000,0.47547000646591187,0.47562000155448914,0.474700003862381,0.47494998574256897,0,2026-08-20 08:00:00+00:00
1787216400000,0.47494998574256897,0.4749999940395355,0.47387000918388367,0.47418999671936035,0,2026-08-20 09:00:00+00:00
1787220000000,0.47418999671936035,0.47450000047683716,0.4737600088119507,0.47440001368522644,0,2026-08-20 10:00:00+00:00
1787223600000,0.4743900001049042,0.4749999940395355,0.4740299880504608,0.4746600091457367,0,2026-08-20 11:00:00+00:00
1787227200000,0.47464001178741455,0.4748300015926361,0.47407999634742737,0.4748300015926361,0,2026-08-20 12:00:00+00:00
1787230800000,0.4748300015926361,0.4756599962711334,0.4747599959373474,0.4755699932575226,0,2026-08-20 13:00:00+00:00
1787234400000,0.4755699932575226,0.4758799970149994,0.4749999940395355,0.47516998648643494,0,2026-08-20 14:00:00+00:00
1787238000000,0.47516998648643494,0.4758000075817108,0.47508999705314636,0.475629985332489,0,2026-08-20 15:00:00+00:00
1787241600000,0.475629985332489,0.47589999437332153,0.47519999742507935,0.47554001212120056,0,2026-08-20 16:00:00+00:00
1787245200000,0.47554001212120056,0.4758000075817108,0.4753299951553345,0.475600004196167,0,2026-08-20 17:00:00+00:00
1787248800000,0.47562000155448914,0.4756999909877777,0.47523999214172363,0.47565001249313354,0,2026-08-20 18:00:00+00:00
1787252400000,0.47562000155448914,0.4758000075817108,0.4754199981689453,0.475629985332489,0,2026-08-20 19:00:00+00:00
1787256000000,0.47565001249313354,0.4758000075817108,0.47481998801231384,0.47481998801231384,0,2026-08-20 20:00:00+00:00
1787259600000,0.4750399887561798,0.47593000531196594,0.4723599851131439,0.475380003452301,0,2026-08-20 21:00:00+00:00
1787263200000,0.47547999024391174,0.47589001059532166,0.47510001063346863,0.47567999362945557,0,2026-08-20 22:00:00+00:00
1787266800000,0.4756599962711334,0.4760499894618988,0.475380003452301,0.47595998644828796,0,2026-08-20 23:00:00+00:00
1787270400000,0.47595998644828796,0.4767000079154968,0.4759100079536438,0.47655999660491943,0,2026-08-21 00:00:00+00:00
1787274000000,0.4765799939632416,0.4771000146865845,0.4762200117111206,0.47701001167297363,0,2026-08-21 01:00:00+00:00
1787277600000,0.4769800007343292,0.47734999656677246,0.4766699969768524,0.47694000601768494,0,2026-08-21 02:00:00+00:00
1787281200000,0.4769600033760071,0.47734999656677246,0.47655001282691956,0.47729000449180603,0,2026-08-21 03:00:00+00:00
1787284800000,0.4773100018501282,0.47742000222206116,0.47696998715400696,0.47720998525619507,0,2026-08-21 04:00:00+00:00
1787288400000,0.4772300124168396,0.4772999882698059,0.4768100082874298,0.47707998752593994,0,2026-08-21 05:00:00+00:00
1787292000000,0.4770900011062622,0.47762998938560486,0.47694000601768494,0.47742000222206116,0,2026-08-21 06:00:00+00:00
1787295600000,0.4774399995803833,0.4777199923992157,0.4770599901676178,0.47753000259399414,0,2026-08-21 07:00:00+00:00
1787299200000,0.4775199890136719,0.4781000018119812,0.4772599935531616,0.4779199957847595,0,2026-08-21 08:00:00+00:00
1787302800000,0.4779199957847595,0.4781000018119812,0.4772300124168396,0.47773000597953796,0,2026-08-21 09:00:00+00:00
1787306400000,0.4777500033378601,0.4778999984264374,0.47734999656677246,0.4776099920272827,0,2026-08-21 10:00:00+00:00
1787310000000,0.4776099920272827,0.47832998633384705,0.4773600101470947,0.47822999954223633,0,2026-08-21 11:00:00+00:00
1787313600000,0.47822999954223633,0.4787299931049347,0.47797998785972595,0.4785099923610687,0,2026-08-21 12:00:00+00:00
1787317200000,0.478520005941391,0.4787200093269348,0.47756001353263855,0.4785900115966797,0,2026-08-21 13:00:00+00:00
1787320800000,0.4785900115966797,0.4787999987602234,0.47797998785972595,0.47824999690055847,0,2026-08-21 14:00:00+00:00
1787324400000,0.47824999690055847,0.4791100025177002,0.47819000482559204,0.47898998856544495,0,2026-08-21 15:00:00+00:00
1787328000000,0.47898998856544495,0.47920000553131104,0.47874999046325684,0.47909000515937805,0,2026-08-21 16:00:00+00:00
1787331600000,0.47909998893737793,0.4792400002479553,0.47889000177383423,0.4792099893093109,0,2026-08-21 17:00:00+00:00
1787335200000,0.47920000553131104,0.47933000326156616,0.4789400100708008,0.47912999987602234,0,2026-08-21 18:00:00+00:00
1787338800000,0.47912999987602234,0.47920000553131104,0.47867000102996826,0.4788700044155121,0,2026-08-21 19:00:00+00:00
1787342400000,0.4788700044155121,0.47909998893737793,0.47822999954223633,0.47887998819351196,0,2026-08-21 20:00:00+00:00
1787346000000,0.4778999984264374,0.4787600040435791,0.4778999984264374,0.4787600040435791,0,2026-08-21 21:00:00+00:00
1787526000000,0.4783099889755249,0.47859999537467957,0.47804999351501465,0.47843998670578003,0,2026-08-23 23:00:00+00:00
1787529600000,0.47843998670578003,0.47863999009132385,0.47804000973701477,0.47839000821113586,0,2026-08-24 00:00:00+00:00
1787533200000,0.47839999198913574,0.47843998670578003,0.47780001163482666,0.4781099855899811,0,2026-08-24 01:00:00+00:00
1787536800000,0.47811999917030334,0.478300005197525,0.4776900112628937,0.47804000973701477,0,2026-08-24 02:00:00+00:00
1787540400000,0.47804999351501465,0.4781000018119812,0.4776400029659271,0.47804000973701477,0,2026-08-24 03:00:00+00:00
1787544000000,0.47804999351501465,0.4781999886035919,0.4778299927711487,0.47804000973701477,0,2026-08-24 04:00:00+00:00
1787547600000,0.47804000973701477,0.47839999198913574,0.4778299927711487,0.47819000482559204,0,2026-08-24 05:00:00+00:00
1787551200000,0.4781999886035919,0.47874000668525696,0.4778900146484375,0.4785099923610687,0,2026-08-24 06:00:00+00:00
1787554800000,0.47850000858306885,0.47870001196861267,0.4781700074672699,0.47859999537467957,0,2026-08-24 07:00:00+00:00
1787558400000,0.47861000895500183,0.4787999987602234,0.47832000255584717,0.4785799980163574,0,2026-08-24 08:00:00+00:00
1787562000000,0.4785799980163574,0.4790399968624115,0.4783500134944916,0.47892001271247864,0,2026-08-24 09:00:00+00:00
1787565600000,0.4789400100708008,0.4790399968624115,0.4783399999141693,0.478549987077713,0,2026-08-24 10:00:00+00:00
1787569200000,0.4785600006580353,0.47859999537467957,0.4779999852180481,0.4782800078392029,0,2026-08-24 11:00:00+00:00
1787572800000,0.4782800078392029,0.4787999987602234,0.4780200123786926,0.4786800146102905,0,2026-08-24 12:00:00+00:00
1787576400000,0.4786800146102905,0.47881001234054565,0.4783099889755249,0.47857001423835754,0,2026-08-24 13:00:00+00:00
1787580000000,0.4785799980163574,0.4787200093269348,0.47797998785972595,0.47815999388694763,0,2026-08-24 14:00:00+00:00
1787583600000,0.4781700074672699,0.478300005197525,0.4776099920272827,0.4778600037097931,0,2026-08-24 15:00:00+00:00
1787587200000,0.4778600037097931,0.4781000018119812,0.47760000824928284,0.4779599905014038,0,2026-08-24 16:00:00+00:00
1787590800000,0.4779599905014038,0.4781000018119812,0.47758999466896057,0.4778299927711487,0,2026-08-24 17:00:00+00:00
1787594400000,0.4778299927711487,0.4781000018119812,0.477620005607605,0.4778999984264374,0,2026-08-24 18:00:00+00:00
1787598000000,0.47797998785972595,0.4781399965286255,0.47775998711586,0.47808998823165894,0,2026-08-24 19:00:00+00:00
1787601600000,0.4781000018119812,0.4781999886035919,0.4775699973106384,0.4775699973106384,0,2026-08-24 20:00:00+00:00
1787605200000,0.47793999314308167,0.4781999886035919,0.47606000304222107,0.4780600070953369,0,2026-08-24 21:00:00+00:00
1787608800000,0.4778499901294708,0.478300005197525,0.4768899977207184,0.4781999886035919,0,2026-08-24 22:00:00+00:00
1787612400000,0.4782100021839142,0.47859999537467957,0.4779900014400482,0.47852998971939087,0,2026-08-24 23:00:00+00:00
1787616000000,0.478520005941391,0.4786800146102905,0.4781799912452698,0.47839999198913574,0,2026-08-25 00:00:00+00:00
1787619600000,0.47839999198913574,0.478630006313324,0.47804000973701477,0.478549987077713,0,2026-08-25 01:00:00+00:00
1787623200000,0.478549987077713,0.4790099859237671,0.4783700108528137,0.4789600074291229,0,2026-08-25 02:00:00+00:00
1787626800000,0.4789600074291229,0.47920000553131104,0.478630006313324,0.47881001234054565,0,2026-08-25 03:00:00+00:00
1787630400000,0.47881001234054565,0.4790300130844116,0.478549987077713,0.47874000668525696,0,2026-08-25 04:00:00+00:00
1787634000000,0.4787600040435791,0.4788999855518341,0.47846999764442444,0.47857001423835754,0,2026-08-25 05:00:00+00:00
1787637600000,0.47857001423835754,0.4787299931049347,0.4782100021839142,0.47867000102996826,0,2026-08-25 06:00:00+00:00
1787641200000,0.47867000102996826,0.47870001196861267,0.47804999351501465,0.47843000292778015,0,2026-08-25 07:00:00+00:00
1787644800000,0.47843000292778015,0.478630006313324,0.4777500033378601,0.4779199957847595,0,2026-08-25 08:00:00+00:00
1787648400000,0.4779300093650818,0.47850000858306885,0.4777899980545044,0.4783700108528137,0,2026-08-25 09:00:00+00:00
1787652000000,0.4783500134944916,0.47870001196861267,0.4779599905014038,0.4786199927330017,0,2026-08-25 10:00:00+00:00
1787655600000,0.47859999537467957,0.4790099859237671,0.4783799946308136,0.47885000705718994,0,2026-08-25 11:00:00+00:00
1787659200000,0.47885000705718994,0.4788999855518341,0.47822999954223633,0.47870001196861267,0,2026-08-25 12:00:00+00:00
1787662800000,0.4787200093269348,0.4788999855518341,0.4783099889755249,0.4786899983882904,0,2026-08-25 13:00:00+00:00
1787666400000,0.47870999574661255,0.47920000553131104,0.47835999727249146,0.47916001081466675,0,2026-08-25 14:00:00+00:00
1787670000000,0.4791400134563446,0.47929999232292175,0.4787200093269348,0.47905999422073364,0,2026-08-25 15:00:00+00:00
1787673600000,0.4790700078010559,0.47920000553131104,0.47878000140190125,0.47898998856544495,0,2026-08-25 16:00:00+00:00
1787677200000,0.4790099859237671,0.47909998893737793,0.4787200093269348,0.47898998856544495,0,2026-08-25 17:00:00+00:00
1787680800000,0.47898998856544495,0.47909998893737793,0.47874999046325684,0.4788999855518341,0,2026-08-25 18:00:00+00:00
1787684400000,0.4788599908351898,0.47920000553131104,0.4787299931049347,0.47909000515937805,0,2026-08-25 19:00:00+00:00
1787688000000,0.47909000515937805,0.47909998893737793,0.478520005941391,0.478630006313324,0,2026-08-25 20:00:00+00:00
1787691600000,0.4786800146102905,0.47909998893737793,0.47635000944137573,0.4783399999141693,0,2026-08-25 21:00:00+00:00
1787695200000,0.4784800112247467,0.4790099859237671,0.4774700105190277,0.47898000478744507,0,2026-08-25 22:00:00+00:00
1787698800000,0.47898998856544495,0.47920000553131104,0.4787999987602234,0.4790099859237671,0,2026-08-25 23:00:00+00:00
1787702400000,0.4790099859237671,0.4792400002479553,0.478769987821579,0.47901999950408936,0,2026-08-26 00:00:00+00:00
1787706000000,0.4790300130844116,0.47912999987602234,0.4777899980545044,0.47828999161720276,0,2026-08-26 01:00:00+00:00
1787709600000,0.47828999161720276,0.4787999987602234,0.4778299927711487,0.47854000329971313,0,2026-08-26 02:00:00+00:00
1787713200000,0.47854000329971313,0.47859999537467957,0.47808998823165894,0.47839000821113586,0,2026-08-26 03:00:00+00:00
1787716800000,0.47839000821113586,0.47850000858306885,0.4781000018119812,0.47835999727249146,0,2026-08-26 04:00:00+00:00
1787720400000,0.4783700108528137,0.4785099923610687,0.4780200123786926,0.47832998633384705,0,2026-08-26 05:00:00+00:00
1787724000000,0.47832998633384705,0.4783399999141693,0.4775699973106384,0.47788000106811523,0,2026-08-26 06:00:00+00:00
1787727600000,0.47788000106811523,0.4783399999141693,0.47753000259399414,0.47824999690055847,0,2026-08-26 07:00:00+00:00
1787731200000,0.4782400131225586,0.47870001196861267,0.4779900014400482,0.4785799980163574,0,2026-08-26 08:00:00+00:00
1787734800000,0.4785900115966797,0.4787999987602234,0.4783399999141693,0.47870999574661255,0,2026-08-26 09:00:00+00:00
1787738400000,0.4786899983882904,0.47881001234054565,0.47839999198913574,0.4787600040435791,0,2026-08-26 10:00:00+00:00
1787742000000,0.47878000140190125,0.4790000021457672,0.4782699942588806,0.4788399934768677,0,2026-08-26 11:00:00+00:00
1787745600000,0.4788599908351898,0.47905999422073364,0.47824999690055847,0.47859999537467957,0,2026-08-26 12:00:00+00:00
1787749200000,0.47861000895500183,0.4790000021457672,0.47826001048088074,0.47885000705718994,0,2026-08-26 13:00:00+00:00
1787752800000,0.4788599908351898,0.4788999855518341,0.47811999917030334,0.478300005197525,0,2026-08-26 14:00:00+00:00
1787756400000,0.4782800078392029,0.47850000858306885,0.47788000106811523,0.4781700074672699,0,2026-08-26 15:00:00+00:00
1787760000000,0.47815001010894775,0.4785099923610687,0.47795000672340393,0.47843000292778015,0,2026-08-26 16:00:00+00:00
1787763600000,0.47843000292778015,0.47861000895500183,0.47815999388694763,0.47854000329971313,0,2026-08-26 17:00:00+00:00
1787767200000,0.47857001423835754,0.478630006313324,0.47826001048088074,0.4783399999141693,0,2026-08-26 18:00:00+00:00
1787770800000,0.47843000292778015,0.47859999537467957,0.4781700074672699,0.4784899950027466,0,2026-08-26 19:00:00+00:00
1787774400000,0.4784899950027466,0.47859999537467957,0.4779999852180481,0.47804999351501465,0,2026-08-26 20:00:00+00:00
1787778000000,0.4783099889755249,0.47878000140190125,0.4749799966812134,0.478410005569458,0,2026-08-26 21:00:00+00:00
1787781600000,0.47846999764442444,0.4787999987602234,0.4778200089931488,0.47861000895500183,0,2026-08-26 22:00:00+00:00
1787785200000,0.47861000895500183,0.47892001271247864,0.4784899950027466,0.4787299931049347,0,2026-08-26 23:00:00+00:00
1787788800000,0.4787299931049347,0.4790000021457672,0.47824999690055847,0.47887998819351196,0,2026-08-27 00:00:00+00:00
1787792400000,0.4788999855518341,0.47920000553131104,0.47859999537467957,0.4790799915790558,0,2026-08-27 01:00:00+00:00
1787796000000,0.4790799915790558,0.47951000928878784,0.4788700044155121,0.4793899953365326,0,2026-08-27 02:00:00+00:00
1787799600000,0.4793800115585327,0.47960999608039856,0.47912999987602234,0.47940000891685486,0,2026-08-27 03:00:00+00:00
1787803200000,0.47940999269485474,0.4795199930667877,0.4790000021457672,0.47936999797821045,0,2026-08-27 04:00:00+00:00
1787806800000,0.4793800115585327,0.47940000891685486,0.47885000705718994,0.47916001081466675,0,2026-08-27 05:00:00+00:00
1787810400000,0.47916001081466675,0.47940000891685486,0.47889000177383423,0.4792900085449219,0,2026-08-27 06:00:00+00:00
1787814000000,0.4792900085449219,0.47929999232292175,0.4784800112247467,0.4787299931049347,0,2026-08-27 07:00:00+00:00
1787817600000,0.4787200093269348,0.47920000553131104,0.4784800112247467,0.47878000140190125,0,2026-08-27 08:00:00+00:00
1787821200000,0.4787899851799011,0.47881999611854553,0.4782800078392029,0.47850000858306885,0,2026-08-27 09:00:00+00:00
1787824800000,0.47854000329971313,0.4790000021457672,0.4783500134944916,0.47892001271247864,0,2026-08-27 10:00:00+00:00
1787828400000,0.4789299964904785,0.47905001044273376,0.4785900115966797,0.4790099859237671,0,2026-08-27 11:00:00+00:00
1787832000000,0.47901999950408936,0.47920000553131104,0.4780699908733368,0.4786199927330017,0,2026-08-27 12:00:00+00:00
1787835600000,0.4786199927330017,0.4786500036716461,0.47800999879837036,0.4785600006580353,0,2026-08-27 13:00:00+00:00
1787839200000,0.47857001423835754,0.47863999009132385,0.47780001163482666,0.47808998823165894,0,2026-08-27 14:00:00+00:00
1787842800000,0.4781099855899811,0.478300005197525,0.47780999541282654,0.47826001048088074,0,2026-08-27 15:00:00+00:00
1787846400000,0.47826001048088074,0.47843000292778015,0.47797998785972595,0.47839000821113586,0,2026-08-27 16:00:00+00:00
1787850000000,0.47839000821113586,0.47859999537467957,0.4781300127506256,0.478520005941391,0,2026-08-27 17:00:00+00:00
1787853600000,0.4785099923610687,0.47859999537467957,0.4781099855899811,0.4784199893474579,0,2026-08-27 18:00:00+00:00
1787857200000,0.4783799946308136,0.4785099923610687,0.47819000482559204,0.47843998670578003,0,2026-08-27 19:00:00+00:00
1787860800000,0.47843998670578003,0.47850000858306885,0.47808000445365906,0.47808000445365906,0,2026-08-27 20:00:00+00:00
1787864400000,0.4783099889755249,0.47863999009132385,0.47595998644828796,0.4780600070953369,0,2026-08-27 21:00:00+00:00
1787868000000,0.47819000482559204,0.4786500036716461,0.476859986782074,0.478630006313324,0,2026-08-27 22:00:00+00:00
1787871600000,0.47861000895500183,0.47874000668525696,0.4783700108528137,0.4785900115966797,0,2026-08-27 23:00:00+00:00
1787875200000,0.47857001423835754,0.4790000021457672,0.4784800112247467,0.47881001234054565,0,2026-08-28 00:00:00+00:00
1787878800000,0.47881999611854553,0.47940999269485474,0.47857001423835754,0.4792900085449219,0,2026-08-28 01:00:00+00:00
1787882400000,0.4792799949645996,0.4797399938106537,0.4790700078010559,0.4796299934387207,0,2026-08-28 02:00:00+00:00
1787886000000,0.47964999079704285,0.47982001304626465,0.4793899953365326,0.47975000739097595,0,2026-08-28 03:00:00+00:00
1787889600000,0.47975000739097595,0.47999998927116394,0.47947999835014343,0.47953000664711,0,2026-08-28 04:00:00+00:00
1787893200000,0.47953000664711,0.47971001267433167,0.4792200028896332,0.479449987411499,0,2026-08-28 05:00:00+00:00
1787896800000,0.479449987411499,0.4798400104045868,0.47920000553131104,0.4796999990940094,0,2026-08-28 06:00:00+00:00
1787900400000,0.47971999645233154,0.4797999858856201,0.4792099893093109,0.479420006275177,0,2026-08-28 07:00:00+00:00
1787904000000,0.479420006275177,0.479449987411499,0.4782800078392029,0.478410005569458,0,2026-08-28 08:00:00+00:00
1787907600000,0.478410005569458,0.47861000895500183,0.47793999314308167,0.4783500134944916,0,2026-08-28 09:00:00+00:00
1787911200000,0.4783500134944916,0.478410005569458,0.4778499901294708,0.4781999886035919,0,2026-08-28 10:00:00+00:00
1787914800000,0.4781700074672699,0.47821998596191406,0.47762998938560486,0.4777800142765045,0,2026-08-28 11:00:00+00:00
1787918400000,0.4777899980545044,0.4782400131225586,0.477620005607605,0.47819000482559204,0,2026-08-28 12:00:00+00:00
1787922000000,0.4781999886035919,0.4786199927330017,0.47800999879837036,0.4782800078392029,0,2026-08-28 13:00:00+00:00
1787925600000,0.47832998633384705,0.4790099859237671,0.4779999852180481,0.4787200093269348,0,2026-08-28 14:00:00+00:00
1787929200000,0.4787200093269348,0.47881999611854553,0.4777899980545044,0.47804999351501465,0,2026-08-28 15:00:00+00:00
1787932800000,0.47804999351501465,0.47839999198913574,0.47780999541282654,0.4781999886035919,0,2026-08-28 16:00:00+00:00
1787936400000,0.4781999886035919,0.478410005569458,0.4779300093650818,0.4783399999141693,0,2026-08-28 17:00:00+00:00
1787940000000,0.4783500134944916,0.47839999198913574,0.4779700040817261,0.47832000255584717,0,2026-08-28 18:00:00+00:00
1787943600000,0.47832000255584717,0.47870001196861267,0.47819000482559204,0.4784199893474579,0,2026-08-28 19:00:00+00:00
1787947200000,0.47843000292778015,0.47870001196861267,0.47786998748779297,0.4781999886035919,0,2026-08-28 20:00:00+00:00
1787950800000,0.4740000069141388,0.4783500134944916,0.4740000069141388,0.4783099889755249,0,2026-08-28 21:00:00+00:00
1788130800000,0.4785900115966797,0.4787999987602234,0.47839999198913574,0.4787200093269348,0,2026-08-30 23:00:00+00:00
1788134400000,0.4787200093269348,0.478769987821579,0.4780200123786926,0.4782400131225586,0,2026-08-31 00:00:00+00:00
1788138000000,0.47826001048088074,0.47828999161720276,0.47714999318122864,0.47808998823165894,0,2026-08-31 01:00:00+00:00
1788141600000,0.4780699908733368,0.47850000858306885,0.47795000672340393,0.47846001386642456,0,2026-08-31 02:00:00+00:00
1788145200000,0.47846999764442444,0.4789400100708008,0.4783399999141693,0.4788999855518341,0,2026-08-31 03:00:00+00:00
1788148800000,0.47887998819351196,0.4790099859237671,0.47861000895500183,0.4789400100708008,0,2026-08-31 04:00:00+00:00
1788152400000,0.4789600074291229,0.4790000021457672,0.47857001423835754,0.4788300096988678,0,2026-08-31 05:00:00+00:00
1788156000000,0.4788399934768677,0.4788999855518341,0.47821998596191406,0.47843998670578003,0,2026-08-31 06:00:00+00:00
1788159600000,0.47843998670578003,0.47854000329971313,0.47762998938560486,0.47804999351501465,0,2026-08-31 07:00:00+00:00
1788163200000,0.47804999351501465,0.47843000292778015,0.4779199957847595,0.4783399999141693,0,2026-08-31 08:00:00+00:00
1788166800000,0.478300005197525,0.4785099923610687,0.47800999879837036,0.4781399965286255,0,2026-08-31 09:00:00+00:00
1788170400000,0.47815999388694763,0.4784199893474579,0.4779300093650818,0.4781000018119812,0,2026-08-31 10:00:00+00:00
1788174000000,0.47808000445365906,0.478300005197525,0.4777100086212158,0.4781399965286255,0,2026-08-31 11:00:00+00:00
1788177600000,0.4781300127506256,0.478410005569458,0.47767001390457153,0.4780699908733368,0,2026-08-31 12:00:00+00:00
1788181200000,0.4780699908733368,0.47839999198913574,0.4778600037097931,0.47832000255584717,0,2026-08-31 13:00:00+00:00
1788184800000,0.47832000255584717,0.47859999537467957,0.47742000222206116,0.4778200089931488,0,2026-08-31 14:00:00+00:00
1788188400000,0.4778200089931488,0.478300005197525,0.477510005235672,0.47822999954223633,0,2026-08-31 15:00:00+00:00
1788192000000,0.47822999954223633,0.47832998633384705,0.47788000106811523,0.478300005197525,0,2026-08-31 16:00:00+00:00
1788195600000,0.478300005197525,0.47832000255584717,0.47784000635147095,0.47815999388694763,0,2026-08-31 17:00:00+00:00
1788199200000,0.4781700074672699,0.4782100021839142,0.47788000106811523,0.47800999879837036,0,2026-08-31 18:00:00+00:00
1788202800000,0.47804000973701477,0.478300005197525,0.4778499901294708,0.47811999917030334,0,2026-08-31 19:00:00+00:00
1788206400000,0.47811999917030334,0.4781999886035919,0.4777800142765045,0.4780600070953369,0,2026-08-31 20:00:00+00:00
1788210000000,0.4780600070953369,0.4783099889755249,0.4733699858188629,0.4779999852180481,0,2026-08-31 21:00:00+00:00
1788213600000,0.4779900014400482,0.478300005197525,0.4773299992084503,0.47804000973701477,0,2026-08-31 22:00:00+00:00
1788217200000,0.4782400131225586,0.47870001196861267,0.47800999879837036,0.47863999009132385,0,2026-08-31 23:00:00+00:00
1788220800000,0.47857001423835754,0.47909998893737793,0.47828999161720276,0.47867000102996826,0,2026-09-01 00:00:00+00:00
1788224400000,0.4786800146102905,0.47870001196861267,0.47815001010894775,0.4785600006580353,0,2026-09-01 01:00:00+00:00
1788228000000,0.478549987077713,0.4786500036716461,0.47815001010894775,0.47843000292778015,0,2026-09-01 02:00:00+00:00
1788231600000,0.47843000292778015,0.47850000858306885,0.47800999879837036,0.4783399999141693,0,2026-09-01 03:00:00+00:00
1788235200000,0.47835999727249146,0.47850000858306885,0.47808000445365906,0.47828999161720276,0,2026-09-01 04:00:00+00:00
1788238800000,0.47828999161720276,0.478520005941391,0.47804000973701477,0.47826001048088074,0,2026-09-01 05:00:00+00:00
1788242400000,0.47826001048088074,0.47843998670578003,0.47780001163482666,0.47808000445365906,0,2026-09-01 06:00:00+00:00
1788246000000,0.47808000445365906,0.47850000858306885,0.4778900146484375,0.4781000018119812,0,2026-09-01 07:00:00+00:00
1788249600000,0.4781000018119812,0.4784199893474579,0.4772599935531616,0.477400004863739,0,2026-09-01 08:00:00+00:00
1788253200000,0.47734999656677246,0.4775499999523163,0.4769099950790405,0.4773699939250946,0,2026-09-01 09:00:00+00:00
1788256800000,0.47738000750541687,0.47780001163482666,0.47710999846458435,0.47758999466896057,0,2026-09-01 10:00:00+00:00
1788260400000,0.47758999466896057,0.47769999504089355,0.4770500063896179,0.47749000787734985,0,2026-09-01 11:00:00+00:00
1788264000000,0.47749999165534973,0.47804999351501465,0.4772000014781952,0.4780299961566925,0,2026-09-01 12:00:00+00:00
1788267600000,0.4779999852180481,0.47850000858306885,0.47780001163482666,0.4781999886035919,0,2026-09-01 13:00:00+00:00
1788271200000,0.4784199893474579,0.47940000891685486,0.4773100018501282,0.47936001420021057,0,2026-09-01 14:00:00+00:00
1788274800000,0.47936001420021057,0.47940000891685486,0.47867000102996826,0.4790700078010559,0,2026-09-01 15:00:00+00:00
1788278400000,0.47905999422073364,0.47920000553131104,0.47828999161720276,0.47859999537467957,0,2026-09-01 16:00:00+00:00
1788282000000,0.4785900115966797,0.47878000140190125,0.47822999954223633,0.47843998670578003,0,2026-09-01 17:00:00+00:00
1788285600000,0.47846999764442444,0.47850000858306885,0.47784000635147095,0.4781000018119812,0,2026-09-01 18:00:00+00:00
1788289200000,0.4780600070953369,0.4782699942588806,0.4776799976825714,0.47780999541282654,0,2026-09-01 19:00:00+00:00
1788292800000,0.47780001163482666,0.4781099855899811,0.4776799976825714,0.4779700040817261,0,2026-09-01 20:00:00+00:00
1788296400000,0.47793999314308167,0.4783099889755249,0.4768199920654297,0.47791001200675964,0,2026-09-01 21:00:00+00:00
1788300000000,0.4776799976825714,0.4783500134944916,0.4773400127887726,0.47824999690055847,0,2026-09-01 22:00:00+00:00
1788303600000,0.47821998596191406,0.4785099923610687,0.4780600070953369,0.47839999198913574,0,2026-09-01 23:00:00+00:00
1788307200000,0.4784199893474579,0.47870001196861267,0.47808000445365906,0.47863999009132385,0,2026-09-02 00:00:00+00:00
1788310800000,0.4786500036716461,0.4792400002479553,0.47819000482559204,0.47898998856544495,0,2026-09-02 01:00:00+00:00
1788314400000,0.47898998856544495,0.4793500006198883,0.47516998648643494,0.4760200083255768,0,2026-09-02 02:00:00+00:00
1788318000000,0.4760099947452545,0.4760400056838989,0.4744400084018707,0.4747900068759918,0,2026-09-02 03:00:00+00:00
1788321600000,0.4747900068759918,0.4749000072479248,0.47387999296188354,0.47404998540878296,0,2026-09-02 04:00:00+00:00
1788325200000,0.4740400016307831,0.4749000072479248,0.47376999258995056,0.474839985370636,0,2026-09-02 05:00:00+00:00
1788328800000,0.4748600125312805,0.4752500057220459,0.4745599925518036,0.4747700095176697,0,2026-09-02 06:00:00+00:00
1788332400000,0.4747599959373474,0.47481000423431396,0.47400999069213867,0.4744200110435486,0,2026-09-02 07:00:00+00:00
1788336000000,0.4744099974632263,0.4747300148010254,0.4732399880886078,0.4732699990272522,0,2026-09-02 08:00:00+00:00
1788339600000,0.47328999638557434,0.4738500118255615,0.4728899896144867,0.47321999073028564,0,2026-09-02 09:00:00+00:00
1788343200000,0.47321999073028564,0.47433000802993774,0.47290998697280884,0.47415000200271606,0,2026-09-02 10:00:00+00:00
1788346800000,0.47415000200271606,0.47450000047683716,0.4738500118255615,0.4744200110435486,0,2026-09-02 11:00:00+00:00
1788350400000,0.47440001368522644,0.4745500087738037,0.47402000427246094,0.47429999709129333,0,2026-09-02 12:00:00+00:00
1788354000000,0.47429999709129333,0.4746600091457367,0.4738999903202057,0.4744400084018707,0,2026-09-02 13:00:00+00:00
1788357600000,0.47442999482154846,0.47516000270843506,0.4740400016307831,0.47516000270843506,0,2026-09-02 14:00:00+00:00
1788361200000,0.4751800000667572,0.475600004196167,0.4749099910259247,0.4752799868583679,0,2026-09-02 15:00:00+00:00
1788364800000,0.4752900004386902,0.47543999552726746,0.474839985370636,0.4752900004386902,0,2026-09-02 16:00:00+00:00
1788368400000,0.47530001401901245,0.47540000081062317,0.4749700129032135,0.47536998987197876,0,2026-09-02 17:00:00+00:00
1788372000000,0.475380003452301,0.4754599928855896,0.4750699996948242,0.47530999779701233,0,2026-09-02 18:00:00+00:00
1788375600000,0.4753899872303009,0.4754999876022339,0.4749000072479248,0.4754300117492676,0,2026-09-02 19:00:00+00:00
1788379200000,0.4754199981689453,0.4755299985408783,0.4750699996948242,0.4752199947834015,0,2026-09-02 20:00:00+00:00
1788382800000,0.4750100076198578,0.4754999876022339,0.4713299870491028,0.4752199947834015,0,2026-09-02 21:00:00+00:00
1788386400000,0.4752100110054016,0.475600004196167,0.4749999940395355,0.475490003824234,0,2026-09-02 22:00:00+00:00
1788390000000,0.4754999876022339,0.4758000075817108,0.47536998987197876,0.475629985332489,0,2026-09-02 23:00:00+00:00
1788393600000,0.475629985332489,0.47589999437332153,0.4752100110054016,0.475739985704422,0,2026-09-03 00:00:00+00:00
1788397200000,0.4757100045681,0.4763999879360199,0.4756700098514557,0.47600001096725464,0,2026-09-03 01:00:00+00:00
1788400800000,0.47600001096725464,0.47606998682022095,0.47551000118255615,0.4758099913597107,0,2026-09-03 02:00:00+00:00
1788404400000,0.47582000494003296,0.4761599898338318,0.4755600094795227,0.4759199917316437,0,2026-09-03 03:00:00+00:00
1788408000000,0.4759199917316437,0.4763199985027313,0.4757100045681,0.4760800004005432,0,2026-09-03 04:00:00+00:00
1788411600000,0.47606998682022095,0.4761100113391876,0.474839985370636,0.47512000799179077,0,2026-09-03 05:00:00+00:00
1788415200000,0.47512000799179077,0.47516998648643494,0.4736199975013733,0.4743399918079376,0,2026-09-03 06:00:00+00:00
1788418800000,0.4743399918079376,0.47464001178741455,0.47391998767852783,0.4743500053882599,0,2026-09-03 07:00:00+00:00
1788422400000,0.4743500053882599,0.4748300015926361,0.4740299880504608,0.47429001331329346,0,2026-09-03 08:00:00+00:00
1788426000000,0.4742799997329712,0.47495999932289124,0.47398999333381653,0.474590003490448,0,2026-09-03 09:00:00+00:00
1788429600000,0.474590003490448,0.47470998764038086,0.4740599989891052,0.47468000650405884,0,2026-09-03 10:00:00+00:00
1788433200000,0.474700003862381,0.4750500023365021,0.47437000274658203,0.4747700095176697,0,2026-09-03 11:00:00+00:00
1788436800000,0.4747599959373474,0.47505998611450195,0.4718500077724457,0.4745100140571594,0,2026-09-03 12:00:00+00:00
1788440400000,0.4745100140571594,0.47457998991012573,0.4731900095939636,0.4742000102996826,0,2026-09-03 13:00:00+00:00
1788444000000,0.4740599989891052,0.47510001063346863,0.4740599989891052,0.4750399887561798,0,2026-09-03 14:00:00+00:00
1788447600000,0.4750399887561798,0.4754199981689453,0.4747300148010254,0.4749999940395355,0,2026-09-03 15:00:00+00:00
1788451200000,0.47499001026153564,0.4750100076198578,0.4741399884223938,0.4745100140571594,0,2026-09-03 16:00:00+00:00
1788454800000,0.4745100140571594,0.4747300148010254,0.47415998578071594,0.474590003490448,0,2026-09-03 17:00:00+00:00
1788458400000,0.47457998991012573,0.474839985370636,0.4744099974632263,0.47468000650405884,0,2026-09-03 18:00:00+00:00
1788462000000,0.47457000613212585,0.4749999940395355,0.47453001141548157,0.47488000988960266,0,2026-09-03 19:00:00+00:00
1788465600000,0.47488000988960266,0.4750399887561798,0.47450000047683716,0.4747999906539917,0,2026-09-03 20:00:00+00:00
1788469200000,0.47473999857902527,0.4747700095176697,0.47130000591278076,0.4739300012588501,0,2026-09-03 21:00:00+00:00
1788472800000,0.4740000069141388,0.4752100110054016,0.4729999899864197,0.4749799966812134,0,2026-09-03 22:00:00+00:00
1788476400000,0.4751400053501129,0.47530001401901245,0.4749400019645691,0.4750800132751465,0,2026-09-03 23:00:00+00:00
1788480000000,0.4751099944114685,0.47589999437332153,0.4748600125312805,0.4758099913597107,0,2026-09-04 00:00:00+00:00
1788483600000,0.4758000075817108,0.4763999879360199,0.4754500091075897,0.4763300120830536,0,2026-09-04 01:00:00+00:00
1788487200000,0.47631001472473145,0.4765999913215637,0.47578001022338867,0.47652000188827515,0,2026-09-04 02:00:00+00:00
1788490800000,0.4765399992465973,0.4766699969768524,0.47620001435279846,0.476500004529953,0,2026-09-04 03:00:00+00:00
1788494400000,0.47652000188827515,0.4765999913215637,0.47595998644828796,0.4763300120830536,0,2026-09-04 04:00:00+00:00
1788498000000,0.4763000011444092,0.47652000188827515,0.47609999775886536,0.4763300120830536,0,2026-09-04 05:00:00+00:00
1788501600000,0.4763000011444092,0.4765999913215637,0.4758700132369995,0.47624000906944275,0,2026-09-04 06:00:00+00:00
1788505200000,0.47624000906944275,0.4764299988746643,0.47530001401901245,0.4755699932575226,0,2026-09-04 07:00:00+00:00
1788508800000,0.47558000683784485,0.4759500026702881,0.4752500057220459,0.4756700098514557,0,2026-09-04 08:00:00+00:00
1788512400000,0.4756700098514557,0.4758400022983551,0.47512000799179077,0.47582998871803284,0,2026-09-04 09:00:00+00:00
1788516000000,0.47582998871803284,0.4760200083255768,0.4754599928855896,0.47562000155448914,0,2026-09-04 10:00:00+00:00
1788519600000,0.475629985332489,0.47593000531196594,0.47536998987197876,0.4759100079536438,0,2026-09-04 11:00:00+00:00
1788523200000,0.4759100079536438,0.4766699969768524,0.4749099910259247,0.47613999247550964,0,2026-09-04 12:00:00+00:00
1788526800000,0.47613999247550964,0.47661998867988586,0.47582998871803284,0.47655999660491943,0,2026-09-04 13:00:00+00:00
1788530400000,0.4765700101852417,0.4769200086593628,0.47628000378608704,0.47659000754356384,0,2026-09-04 14:00:00+00:00
1788534000000,0.47659000754356384,0.47690001130104065,0.4763000011444092,0.4767000079154968,0,2026-09-04 15:00:00+00:00
1788537600000,0.4767000079154968,0.47683000564575195,0.47628000378608704,0.476529985666275,0,2026-09-04 16:00:00+00:00
1788541200000,0.47655001282691956,0.47661998867988586,0.47613000869750977,0.4763700067996979,0,2026-09-04 17:00:00+00:00
1788544800000,0.4763599932193756,0.476500004529953,0.4761500060558319,0.4764600098133087,0,2026-09-04 18:00:00+00:00
1788548400000,0.4764699935913086,0.476500004529953,0.4761599898338318,0.4764400124549866,0,2026-09-04 19:00:00+00:00
1788552000000,0.4764400124549866,0.476500004529953,0.4754999876022339,0.47585999965667725,0,2026-09-04 20:00:00+00:00
1788555600000,0.47600001096725464,0.47600001096725464,0.4759800136089325,0.4759800136089325,0,2026-09-04 21:00:00+00:00
1788735600000,0.47620999813079834,0.476500004529953,0.4760499894618988,0.47641000151634216,0,2026-09-06 23:00:00+00:00
1788739200000,0.47641000151634216,0.47655001282691956,0.47571998834609985,0.4760099947452545,0,2026-09-07 00:00:00+00:00
1788742800000,0.4760099947452545,0.4760400056838989,0.4753299951553345,0.4754599928855896,0,2026-09-07 01:00:00+00:00
1788746400000,0.47547000646591187,0.4759800136089325,0.4752900004386902,0.47593000531196594,0,2026-09-07 02:00:00+00:00
1788750000000,0.4759500026702881,0.4760200083255768,0.47560998797416687,0.4759500026702881,0,2026-09-07 03:00:00+00:00
1788753600000,0.4759500026702881,0.47620999813079834,0.4757300019264221,0.4761599898338318,0,2026-09-07 04:00:00+00:00
1788757200000,0.47617000341415405,0.47635000944137573,0.4759100079536438,0.4762600064277649,0,2026-09-07 05:00:00+00:00
1788760800000,0.47626999020576477,0.47633999586105347,0.47578001022338867,0.47606998682022095,0,2026-09-07 06:00:00+00:00
1788764400000,0.47606998682022095,0.4763000011444092,0.475600004196167,0.4762499928474426,0,2026-09-07 07:00:00+00:00
1788768000000,0.4762600064277649,0.4763000011444092,0.4757699966430664,0.4760800004005432,0,2026-09-07 08:00:00+00:00
1788771600000,0.4760499894618988,0.47609999775886536,0.475490003824234,0.475629985332489,0,2026-09-07 09:00:00+00:00
1788775200000,0.47565001249313354,0.4758000075817108,0.47530999779701233,0.47567999362945557,0,2026-09-07 10:00:00+00:00
1788778800000,0.47569000720977783,0.4758000075817108,0.47503000497817993,0.47530001401901245,0,2026-09-07 11:00:00+00:00
1788782400000,0.4753200113773346,0.4756999909877777,0.47505998611450195,0.47551000118255615,0,2026-09-07 12:00:00+00:00
1788786000000,0.47551000118255615,0.4758400022983551,0.4752900004386902,0.47578999400138855,0,2026-09-07 13:00:00+00:00
1788789600000,0.47578999400138855,0.4759100079536438,0.47541001439094543,0.47558000683784485,0,2026-09-07 14:00:00+00:00
1788793200000,0.4755600094795227,0.4758000075817108,0.4752900004386902,0.4755200147628784,0,2026-09-07 15:00:00+00:00
1788796800000,0.4755299985408783,0.4756999909877777,0.4753200113773346,0.47562000155448914,0,2026-09-07 16:00:00+00:00
1788800400000,0.47558000683784485,0.47574999928474426,0.47541001439094543,0.4756700098514557,0,2026-09-07 17:00:00+00:00
1788804000000,0.47569000720977783,0.4758000075817108,0.47547999024391174,0.4757300019264221,0,2026-09-07 18:00:00+00:00
1788807600000,0.47571998834609985,0.47576001286506653,0.475490003824234,0.4756700098514557,0,2026-09-07 19:00:00+00:00
1788811200000,0.4756700098514557,0.4758099913597107,0.475380003452301,0.47551000118255615,0,2026-09-07 20:00:00+00:00
1788814800000,0.475600004196167,0.47613999247550964,0.4730600118637085,0.475490003824234,0,2026-09-07 21:00:00+00:00
1788818400000,0.475490003824234,0.4758000075817108,0.47508999705314636,0.4757300019264221,0,2026-09-07 22:00:00+00:00
1788822000000,0.4756999909877777,0.47600001096725464,0.4752500057220459,0.4758099913597107,0,2026-09-07 23:00:00+00:00
1788825600000,0.4758099913597107,0.4759500026702881,0.4753200113773346,0.4756700098514557,0,2026-09-08 00:00:00+00:00
1788829200000,0.4756700098514557,0.4757100045681,0.4748300015926361,0.47494998574256897,0,2026-09-08 01:00:00+00:00
1788832800000,0.47495999932289124,0.47495999932289124,0.47433000802993774,0.4746200144290924,0,2026-09-08 02:00:00+00:00
1788836400000,0.4746299982070923,0.474700003862381,0.4736599922180176,0.47398000955581665,0,2026-09-08 03:00:00+00:00
1788840000000,0.4740000069141388,0.4741300046443939,0.47341999411582947,0.47411999106407166,0,2026-09-08 04:00:00+00:00
1788843600000,0.4741300046443939,0.4743199944496155,0.4737200140953064,0.47398999333381653,0,2026-09-08 05:00:00+00:00
1788847200000,0.47400999069213867,0.47433000802993774,0.4736100137233734,0.47422999143600464,0,2026-09-08 06:00:00+00:00
1788850800000,0.47426000237464905,0.47461000084877014,0.4731599986553192,0.4736199975013733,0,2026-09-08 07:00:00+00:00
1788854400000,0.47363001108169556,0.47411999106407166,0.47334998846054077,0.47400999069213867,0,2026-09-08 08:00:00+00:00
1788858000000,0.47400999069213867,0.47450000047683716,0.4737800061702728,0.47404998540878296,0,2026-09-08 09:00:00+00:00
1788861600000,0.4740599989891052,0.47429999709129333,0.4737600088119507,0.4742099940776825,0,2026-09-08 10:00:00+00:00
1788865200000,0.4742099940776825,0.4745999872684479,0.4738300144672394,0.4740000069141388,0,2026-09-08 11:00:00+00:00
1788868800000,0.4740299880504608,0.47422999143600464,0.4737200140953064,0.47418999671936035,0,2026-09-08 12:00:00+00:00
1788872400000,0.47418999671936035,0.47422000765800476,0.473580002784729,0.47387000918388367,0,2026-09-08 13:00:00+00:00
1788876000000,0.4738500118255615,0.4742000102996826,0.4734399914741516,0.47380000352859497,0,2026-09-08 14:00:00+00:00
1788879600000,0.47380998730659485,0.47380998730659485,0.47332000732421875,0.4735899865627289,0,2026-09-08 15:00:00+00:00
1788883200000,0.47360000014305115,0.4738200008869171,0.4733400046825409,0.47367000579833984,0,2026-09-08 16:00:00+00:00
1788886800000,0.4736599922180176,0.4738999903202057,0.47350001335144043,0.4738500118255615,0,2026-09-08 17:00:00+00:00
1788890400000,0.47383999824523926,0.4740999937057495,0.4736500084400177,0.4739600121974945,0,2026-09-08 18:00:00+00:00
1788894000000,0.47398999333381653,0.4740999937057495,0.4735400080680847,0.47394001483917236,0,2026-09-08 19:00:00+00:00
1788897600000,0.47394001483917236,0.47411999106407166,0.47297999262809753,0.4734100103378296,0,2026-09-08 20:00:00+00:00
1788901200000,0.4731999933719635,0.47404998540878296,0.4711500108242035,0.47325000166893005,0,2026-09-08 21:00:00+00:00
1788904800000,0.47332999110221863,0.4739300012588501,0.4729900062084198,0.4738999903202057,0,2026-09-08 22:00:00+00:00
1788908400000,0.4739300012588501,0.4740000069141388,0.4735899865627289,0.4739699959754944,0,2026-09-08 23:00:00+00:00
1788912000000,0.4739600121974945,0.47422999143600464,0.47356998920440674,0.4740999937057495,0,2026-09-09 00:00:00+00:00
1788915600000,0.47411999106407166,0.47429999709129333,0.47369998693466187,0.4741100072860718,0,2026-09-09 01:00:00+00:00
1788919200000,0.47407999634742737,0.4742000102996826,0.47380000352859497,0.47404998540878296,0,2026-09-09 02:00:00+00:00
1788922800000,0.47404998540878296,0.4740999937057495,0.47339001297950745,0.4735899865627289,0,2026-09-09 03:00:00+00:00
1788926400000,0.473580002784729,0.47369998693466187,0.4732399880886078,0.4735899865627289,0,2026-09-09 04:00:00+00:00
1788930000000,0.47356998920440674,0.4736199975013733,0.4731700122356415,0.47356998920440674,0,2026-09-09 05:00:00+00:00
1788933600000,0.473580002784729,0.47369998693466187,0.4731900095939636,0.4736799895763397,0,2026-09-09 06:00:00+00:00
1788937200000,0.4736599922180176,0.4740400016307831,0.4731999933719635,0.47336000204086304,0,2026-09-09 07:00:00+00:00
1788940800000,0.4733699858188629,0.4733699858188629,0.4727199971675873,0.4731200039386749,0,2026-09-09 08:00:00+00:00
1788944400000,0.4731299877166748,0.47350001335144043,0.4728100001811981,0.47304001450538635,0,2026-09-09 09:00:00+00:00
1788948000000,0.47304001450538635,0.47314000129699707,0.4721300005912781,0.4724099934101105,0,2026-09-09 10:00:00+00:00
1788951600000,0.4724299907684326,0.47262999415397644,0.4718700051307678,0.4724099934101105,0,2026-09-09 11:00:00+00:00
1788955200000,0.47238001227378845,0.47290000319480896,0.4720599949359894,0.472790002822876,0,2026-09-09 12:00:00+00:00
1788958800000,0.4728100001811981,0.47293999791145325,0.4722500145435333,0.4724699854850769,0,2026-09-09 13:00:00+00:00
1788962400000,0.472460001707077,0.4728200137615204,0.47218000888824463,0.4727100133895874,0,2026-09-09 14:00:00+00:00
1788966000000,0.4727100133895874,0.4734500050544739,0.4725300073623657,0.47328999638557434,0,2026-09-09 15:00:00+00:00
1788969600000,0.47328999638557434,0.47343000769615173,0.47277000546455383,0.47308000922203064,0,2026-09-09 16:00:00+00:00
1788973200000,0.47308000922203064,0.47310999035835266,0.4727399945259094,0.47297000885009766,0,2026-09-09 17:00:00+00:00
1788976800000,0.47297000885009766,0.4731000065803528,0.4727500081062317,0.4729900062084198,0,2026-09-09 18:00:00+00:00
1788980400000,0.47293001413345337,0.4730300009250641,0.47269999980926514,0.47284001111984253,0,2026-09-09 19:00:00+00:00
1788984000000,0.4728499948978424,0.47290000319480896,0.47238999605178833,0.47277000546455383,0,2026-09-09 20:00:00+00:00
1788987600000,0.4726499915122986,0.47282999753952026,0.4695200026035309,0.47255998849868774,0,2026-09-09 21:00:00+00:00
1788991200000,0.4724999964237213,0.4729999899864197,0.4719200134277344,0.4729200005531311,0,2026-09-09 22:00:00+00:00
1788994800000,0.47293999791145325,0.47350001335144043,0.4727100133895874,0.47325998544692993,0,2026-09-09 23:00:00+00:00
1788998400000,0.47325998544692993,0.47374001145362854,0.4730300009250641,0.47341999411582947,0,2026-09-10 00:00:00+00:00
1789002000000,0.47341999411582947,0.47360000014305115,0.4728499948978424,0.47343000769615173,0,2026-09-10 01:00:00+00:00
1789005600000,0.47341999411582947,0.4734399914741516,0.47290998697280884,0.4732699990272522,0,2026-09-10 02:00:00+00:00
1789009200000,0.47325000166893005,0.47341999411582947,0.4728800058364868,0.4733000099658966,0,2026-09-10 03:00:00+00:00
1789012800000,0.47328999638557434,0.4733999967575073,0.47293999791145325,0.47328999638557434,0,2026-09-10 04:00:00+00:00
1789016400000,0.47328001260757446,0.4733999967575073,0.4728499948978424,0.47336000204086304,0,2026-09-10 05:00:00+00:00
1789020000000,0.47339001297950745,0.47380000352859497,0.47293999791145325,0.47363001108169556,0,2026-09-10 06:00:00+00:00
1789023600000,0.47363001108169556,0.47380000352859497,0.4730899930000305,0.4733799993991852,0,2026-09-10 07:00:00+00:00
1789027200000,0.4733799993991852,0.4737299978733063,0.47304999828338623,0.47363001108169556,0,2026-09-10 08:00:00+00:00
1789030800000,0.47363001108169556,0.4738999903202057,0.4731000065803528,0.4737899899482727,0,2026-09-10 09:00:00+00:00
1789034400000,0.4737899899482727,0.47380998730659485,0.47328001260757446,0.4733799993991852,0,2026-09-10 10:00:00+00:00
1789038000000,0.4733799993991852,0.47350001335144043,0.47293999791145325,0.47325000166893005,0,2026-09-10 11:00:00+00:00
1789041600000,0.4732699990272522,0.47391998767852783,0.47161999344825745,0.4718700051307678,0,2026-09-10 12:00:00+00:00
1789045200000,0.4718700051307678,0.47209998965263367,0.4709399938583374,0.47154000401496887,0,2026-09-10 13:00:00+00:00
1789048800000,0.47154000401496887,0.47172001004219055,0.47088998556137085,0.47119998931884766,0,2026-09-10 14:00:00+00:00
1789052400000,0.4712100028991699,0.47134000062942505,0.47088000178337097,0.4711799919605255,0,2026-09-10 15:00:00+00:00
1789056000000,0.4711399972438812,0.4715000092983246,0.47091999650001526,0.47145000100135803,0,2026-09-10 16:00:00+00:00
1789059600000,0.4714199900627136,0.4717000126838684,0.4712100028991699,0.4713900089263916,0,2026-09-10 17:00:00+00:00
1789063200000,0.4713900089263916,0.4714600145816803,0.47095999121665955,0.4711199998855591,0,2026-09-10 18:00:00+00:00
1789066800000,0.4710400104522705,0.47130000591278076,0.4708400070667267,0.4711500108242035,0,2026-09-10 19:00:00+00:00
1789070400000,0.47113001346588135,0.4713999927043915,0.4708099961280823,0.4710400104522705,0,2026-09-10 20:00:00+00:00
1789074000000,0.47086000442504883,0.4744400084018707,0.46970000863075256,0.47088998556137085,0,2026-09-10 21:00:00+00:00
1789077600000,0.47102999687194824,0.47209998965263367,0.4706200063228607,0.47200000286102295,0,2026-09-10 22:00:00+00:00
1789081200000,0.47196999192237854,0.4722299873828888,0.47172999382019043,0.4720500111579895,0,2026-09-10 23:00:00+00:00
1789084800000,0.4720200002193451,0.47262999415397644,0.4717999994754791,0.47255998849868774,0,2026-09-11 00:00:00+00:00
1789088400000,0.47257000207901,0.47279998660087585,0.4722599983215332,0.47266000509262085,0,2026-09-11 01:00:00+00:00
1789092000000,0.47269999980926514,0.47314000129699707,0.47242000699043274,0.4731200039386749,0,2026-09-11 02:00:00+00:00
1789095600000,0.4731000065803528,0.47391998767852783,0.47273001074790955,0.47391998767852783,0,2026-09-11 03:00:00+00:00
1789099200000,0.47391000390052795,0.4740999937057495,0.47350001335144043,0.4738900065422058,0,2026-09-11 04:00:00+00:00
1789102800000,0.4738999903202057,0.4742000102996826,0.473470002412796,0.47391998767852783,0,2026-09-11 05:00:00+00:00
1789106400000,0.47391000390052795,0.47426000237464905,0.47363001108169556,0.47422999143600464,0,2026-09-11 06:00:00+00:00
1789110000000,0.4742099940776825,0.4744099974632263,0.47387999296188354,0.47426000237464905,0,2026-09-11 07:00:00+00:00
1789113600000,0.4742799997329712,0.47442999482154846,0.473690003156662,0.47407999634742737,0,2026-09-11 08:00:00+00:00
1789117200000,0.4740700125694275,0.47440001368522644,0.4737499952316284,0.47429001331329346,0,2026-09-11 09:00:00+00:00
1789120800000,0.47429001331329346,0.47461000084877014,0.47402000427246094,0.4745199978351593,0,2026-09-11 10:00:00+00:00
1789124400000,0.47450000047683716,0.4749999940395355,0.47433000802993774,0.4745199978351593,0,2026-09-11 11:00:00+00:00
1789128000000,0.47457998991012573,0.47464001178741455,0.4729200005531311,0.4744099974632263,0,2026-09-11 12:00:00+00:00
1789131600000,0.4744499921798706,0.474700003862381,0.4738500118255615,0.4743199944496155,0,2026-09-11 13:00:00+00:00
1789135200000,0.47433000802993774,0.47450000047683716,0.47387000918388367,0.4742000102996826,0,2026-09-11 14:00:00+00:00
1789138800000,0.4741800129413605,0.4746200144290924,0.47391998767852783,0.474480003118515,0,2026-09-11 15:00:00+00:00
1789142400000,0.474480003118515,0.474700003862381,0.4742699861526489,0.4746200144290924,0,2026-09-11 16:00:00+00:00
1789146000000,0.4746299982070923,0.4747999906539917,0.4744099974632263,0.47473999857902527,0,2026-09-11 17:00:00+00:00
1789149600000,0.4747200012207031,0.4749000072479248,0.474480003118515,0.4746699929237366,0,2026-09-11 18:00:00+00:00
1789153200000,0.47464999556541443,0.4749299883842468,0.47446998953819275,0.47470998764038086,0,2026-09-11 19:00:00+00:00
1789156800000,0.4747300148010254,0.4747999906539917,0.47387999296188354,0.4743799865245819,0,2026-09-11 20:00:00+00:00
1789160400000,0.47450000047683716,0.474590003490448,0.47450000047683716,0.474590003490448,0,2026-09-11 21:00:00+00:00
1789340400000,0.4747700095176697,0.4753200113773346,0.47426000237464905,0.4744499921798706,0,2026-09-13 23:00:00+00:00
1789344000000,0.47440001368522644,0.474480003118515,0.4734500050544739,0.4738200008869171,0,2026-09-14 00:00:00+00:00
1789347600000,0.47387000918388367,0.4740599989891052,0.4733000099658966,0.473580002784729,0,2026-09-14 01:00:00+00:00
1789351200000,0.4735899865627289,0.47363001108169556,0.4730300009250641,0.47334998846054077,0,2026-09-14 02:00:00+00:00
1789354800000,0.47334998846054077,0.4733999967575073,0.4728200137615204,0.4730300009250641,0,2026-09-14 03:00:00+00:00
1789358400000,0.4730300009250641,0.4733999967575073,0.4729200005531311,0.4732399880886078,0,2026-09-14 04:00:00+00:00
1789362000000,0.4731999933719635,0.4733000099658966,0.47282999753952026,0.4730699956417084,0,2026-09-14 05:00:00+00:00
1789365600000,0.47317999601364136,0.47380000352859497,0.4728499948978424,0.4733099937438965,0,2026-09-14 06:00:00+00:00
1789369200000,0.47332999110221863,0.473470002412796,0.4727500081062317,0.47293999791145325,0,2026-09-14 07:00:00+00:00
1789372800000,0.4729500114917755,0.4729999899864197,0.47224000096321106,0.47249001264572144,0,2026-09-14 08:00:00+00:00
1789376400000,0.47249001264572144,0.4726000130176544,0.47115999460220337,0.47137001156806946,0,2026-09-14 09:00:00+00:00
1789380000000,0.47152000665664673,0.47189998626708984,0.47099000215530396,0.4718399941921234,0,2026-09-14 10:00:00+00:00
1789383600000,0.4718399941921234,0.47200000286102295,0.4712499976158142,0.4713999927043915,0,2026-09-14 11:00:00+00:00
1789387200000,0.47143998742103577,0.4716399908065796,0.4709100127220154,0.4710899889469147,0,2026-09-14 12:00:00+00:00
1789390800000,0.4710899889469147,0.4717999994754791,0.4707399904727936,0.4715299904346466,0,2026-09-14 13:00:00+00:00
1789394400000,0.47172001004219055,0.47200000286102295,0.47115999460220337,0.47165998816490173,0,2026-09-14 14:00:00+00:00
1789398000000,0.47165000438690186,0.47231000661849976,0.47143998742103577,0.47220999002456665,0,2026-09-14 15:00:00+00:00
1789401600000,0.47220999002456665,0.4722599983215332,0.47168999910354614,0.4719099998474121,0,2026-09-14 16:00:00+00:00
1789405200000,0.4719200134277344,0.4722000062465668,0.47172001004219055,0.47209998965263367,0,2026-09-14 17:00:00+00:00
1789408800000,0.4720799922943115,0.4722999930381775,0.47189998626708984,0.4722500145435333,0,2026-09-14 18:00:00+00:00
1789412400000,0.4722500145435333,0.4722999930381775,0.47196000814437866,0.47214001417160034,0,2026-09-14 19:00:00+00:00
1789416000000,0.4721199870109558,0.4722999930381775,0.4718700051307678,0.4720599949359894,0,2026-09-14 20:00:00+00:00
1789419600000,0.4719099998474121,0.4723699986934662,0.4687199890613556,0.47082000970840454,0,2026-09-14 21:00:00+00:00
1789423200000,0.47082000970840454,0.4724000096321106,0.4704500138759613,0.4721300005912781,0,2026-09-14 22:00:00+00:00
1789426800000,0.47203999757766724,0.4722999930381775,0.4719400107860565,0.4721499979496002,0,2026-09-14 23:00:00+00:00
1789430400000,0.47209998965263367,0.4724000096321106,0.47196999192237854,0.4721600115299225,0,2026-09-15 00:00:00+00:00
1789434000000,0.4721300005912781,0.4722200036048889,0.4712100028991699,0.4713999927043915,0,2026-09-15 01:00:00+00:00
1789437600000,0.4714699983596802,0.4715000092983246,0.4708999991416931,0.4708999991416931,0,2026-09-15 02:00:00+00:00
1789441200000,0.47106000781059265,0.47113001346588135,0.47044000029563904,0.470660001039505,0,2026-09-15 03:00:00+00:00
1789444800000,0.470660001039505,0.4709100127220154,0.4704200029373169,0.47082000970840454,0,2026-09-15 04:00:00+00:00
1789448400000,0.47082000970840454,0.4715000092983246,0.4706200063228607,0.4712499976158142,0,2026-09-15 05:00:00+00:00
1789452000000,0.47124001383781433,0.47152000665664673,0.47021999955177307,0.4704200029373169,0,2026-09-15 06:00:00+00:00
1789455600000,0.47056999802589417,0.47119998931884766,0.47040000557899475,0.4710400104522705,0,2026-09-15 07:00:00+00:00
1789459200000,0.4710899889469147,0.4715999960899353,0.47049999237060547,0.4714600145816803,0,2026-09-15 08:00:00+00:00
1789462800000,0.4714600145816803,0.47181999683380127,0.4711099863052368,0.47154998779296875,0,2026-09-15 09:00:00+00:00
1789466400000,0.47154998779296875,0.4717099964618683,0.4711399972438812,0.47148001194000244,0,2026-09-15 10:00:00+00:00
1789470000000,0.4714199900627136,0.47165998816490173,0.47113001346588135,0.4713900089263916,0,2026-09-15 11:00:00+00:00
1789473600000,0.47119998931884766,0.4715000092983246,0.470770001411438,0.47124001383781433,0,2026-09-15 12:00:00+00:00
1789477200000,0.47124001383781433,0.47161000967025757,0.47064998745918274,0.47154998779296875,0,2026-09-15 13:00:00+00:00
1789480800000,0.47152000665664673,0.4719400107860565,0.47095999121665955,0.47181999683380127,0,2026-09-15 14:00:00+00:00
1789484400000,0.4718100130558014,0.47189998626708984,0.47117000818252563,0.4713599979877472,0,2026-09-15 15:00:00+00:00
1789488000000,0.4713500142097473,0.4717000126838684,0.47110000252723694,0.47157999873161316,0,2026-09-15 16:00:00+00:00
1789491600000,0.4715699851512909,0.4717099964618683,0.4713200032711029,0.471560001373291,0,2026-09-15 17:00:00+00:00
1789495200000,0.4715299904346466,0.4716300070285797,0.47106999158859253,0.47115999460220337,0,2026-09-15 18:00:00+00:00
1789498800000,0.47130998969078064,0.4713999927043915,0.4710800051689148,0.4713299870491028,0,2026-09-15 19:00:00+00:00
1789502400000,0.47137001156806946,0.4714600145816803,0.4710099995136261,0.4711399972438812,0,2026-09-15 20:00:00+00:00
1789506000000,0.47119998931884766,0.4732699990272522,0.46889999508857727,0.47058001160621643,0,2026-09-15 21:00:00+00:00
1789509600000,0.4705899953842163,0.4716300070285797,0.4700700044631958,0.4714300036430359,0,2026-09-15 22:00:00+00:00
1789513200000,0.4713999927043915,0.4715000092983246,0.4707599878311157,0.470770001411438,0,2026-09-15 23:00:00+00:00
1789516800000,0.4708999991416931,0.47099998593330383,0.47018998861312866,0.47040000557899475,0,2026-09-16 00:00:00+00:00
1789520400000,0.47040000557899475,0.47082000970840454,0.47012999653816223,0.4702700078487396,0,2026-09-16 01:00:00+00:00
1789524000000,0.47029998898506165,0.4708000123500824,0.4699999988079071,0.47064998745918274,0,2026-09-16 02:00:00+00:00
1789527600000,0.4706000089645386,0.4707599878311157,0.4696100056171417,0.46977001428604126,0,2026-09-16 03:00:00+00:00
1789531200000,0.4697999954223633,0.47021999955177307,0.4696600139141083,0.4701800048351288,0,2026-09-16 04:00:00+00:00
1789534800000,0.4701699912548065,0.4708999991416931,0.46998000144958496,0.47064000368118286,0,2026-09-16 05:00:00+00:00
1789538400000,0.47071000933647156,0.47119998931884766,0.4703800082206726,0.4711399972438812,0,2026-09-16 06:00:00+00:00
1789542000000,0.4711500108242035,0.4715000092983246,0.47064000368118286,0.4708699882030487,0,2026-09-16 07:00:00+00:00
1789545600000,0.4708699882030487,0.47130000591278076,0.47067001461982727,0.4711500108242035,0,2026-09-16 08:00:00+00:00
1789549200000,0.4711500108242035,0.4716399908065796,0.470770001411438,0.4715900123119354,0,2026-09-16 09:00:00+00:00
1789552800000,0.47157999873161316,0.4719099998474121,0.4713599979877472,0.4717400074005127,0,2026-09-16 10:00:00+00:00
1789556400000,0.4717699885368347,0.4719400107860565,0.4714600145816803,0.47181999683380127,0,2026-09-16 11:00:00+00:00
1789560000000,0.4717699885368347,0.47200000286102295,0.4712600111961365,0.4713500142097473,0,2026-09-16 12:00:00+00:00
1789563600000,0.4713500142097473,0.471560001373291,0.4709700047969818,0.47145000100135803,0,2026-09-16 13:00:00+00:00
1789567200000,0.47141000628471375,0.47168999910354614,0.47119998931884766,0.4715999960899353,0,2026-09-16 14:00:00+00:00
1789570800000,0.47161000967025757,0.47189998626708984,0.4713200032711029,0.4715699851512909,0,2026-09-16 15:00:00+00:00
1789574400000,0.4715900123119354,0.47176000475883484,0.47141000628471375,0.4715999960899353,0,2026-09-16 16:00:00+00:00
1789578000000,0.47143998742103577,0.4716399908065796,0.46928998827934265,0.4712100028991699,0,2026-09-16 17:00:00+00:00
1789581600000,0.4713200032711029,0.4717999994754791,0.4689899981021881,0.47088000178337097,0,2026-09-16 18:00:00+00:00
1789585200000,0.4710800051689148,0.4715000092983246,0.47058001160621643,0.47115999460220337,0,2026-09-16 19:00:00+00:00
1789588800000,0.47113001346588135,0.47209998965263367,0.47099998593330383,0.47148001194000244,0,2026-09-16 20:00:00+00:00
1789592400000,0.4713500142097473,0.4720799922943115,0.4660800099372864,0.4715000092983246,0,2026-09-16 21:00:00+00:00
1789596000000,0.47084999084472656,0.47308000922203064,0.4704900085926056,0.4727100133895874,0,2026-09-16 22:00:00+00:00
1789599600000,0.4727500081062317,0.47293001413345337,0.4717499911785126,0.4718799889087677,0,2026-09-16 23:00:00+00:00
1789603200000,0.4718799889087677,0.4722200036048889,0.4712600111961365,0.4713900089263916,0,2026-09-17 00:00:00+00:00
1789606800000,0.4715900123119354,0.47214001417160034,0.47148001194000244,0.47200000286102295,0,2026-09-17 01:00:00+00:00
1789610400000,0.4719899892807007,0.4724400043487549,0.4717000126838684,0.4724000096321106,0,2026-09-17 02:00:00+00:00
1789614000000,0.4724099934101105,0.47269999980926514,0.4721300005912781,0.47255998849868774,0,2026-09-17 03:00:00+00:00
1789617600000,0.47255998849868774,0.47290000319480896,0.4723699986934662,0.47284001111984253,0,2026-09-17 04:00:00+00:00
1789621200000,0.47279998660087585,0.47290000319480896,0.4724000096321106,0.4726499915122986,0,2026-09-17 05:00:00+00:00
1789624800000,0.4726499915122986,0.4729999899864197,0.4722500145435333,0.4728899896144867,0,2026-09-17 06:00:00+00:00
1789628400000,0.4728499948978424,0.47345998883247375,0.47249001264572144,0.47321999073028564,0,2026-09-17 07:00:00+00:00
1789632000000,0.47328001260757446,0.4733400046825409,0.4727100133895874,0.47310999035835266,0,2026-09-17 08:00:00+00:00
1789635600000,0.4732399880886078,0.47369998693466187,0.4731700122356415,0.4736100137233734,0,2026-09-17 09:00:00+00:00
1789639200000,0.4735499918460846,0.4737299978733063,0.47317999601364136,0.47348999977111816,0,2026-09-17 10:00:00+00:00
1789642800000,0.4734799861907959,0.47371000051498413,0.47315001487731934,0.47332000732421875,0,2026-09-17 11:00:00+00:00
1789646400000,0.4733699858188629,0.47360000014305115,0.47227999567985535,0.47293999791145325,0,2026-09-17 12:00:00+00:00
1789650000000,0.47293999791145325,0.47304999828338623,0.47238001227378845,0.4727500081062317,0,2026-09-17 13:00:00+00:00
1789653600000,0.4727500081062317,0.4728499948978424,0.4720900058746338,0.4723699986934662,0,2026-09-17 14:00:00+00:00
1789657200000,0.4723699986934662,0.4727399945259094,0.4720599949359894,0.4727399945259094,0,2026-09-17 15:00:00+00:00
1789660800000,0.47266000509262085,0.47279998660087585,0.47227001190185547,0.4724299907684326,0,2026-09-17 16:00:00+00:00
1789664400000,0.47258999943733215,0.47290000319480896,0.47238001227378845,0.47262001037597656,0,2026-09-17 17:00:00+00:00
1789668000000,0.4725799858570099,0.47273001074790955,0.47235000133514404,0.4724999964237213,0,2026-09-17 18:00:00+00:00
1789671600000,0.4725300073623657,0.47269999980926514,0.4722200036048889,0.47258999943733215,0,2026-09-17 19:00:00+00:00
1789675200000,0.47258999943733215,0.4727500081062317,0.47209998965263367,0.4722500145435333,0,2026-09-17 20:00:00+00:00
1789678800000,0.47242000699043274,0.4726499915122986,0.46966999769210815,0.4719800055027008,0,2026-09-17 21:00:00+00:00
1789682400000,0.4719899892807007,0.47269999980926514,0.4712100028991699,0.47235000133514404,0,2026-09-17 22:00:00+00:00
1789686000000,0.4723699986934662,0.4727399945259094,0.4721199870109558,0.4724099934101105,0,2026-09-17 23:00:00+00:00
1789689600000,0.47231999039649963,0.4724000096321106,0.4714899957180023,0.4716300070285797,0,2026-09-18 00:00:00+00:00
1789693200000,0.4717099964618683,0.4717999994754791,0.4712800085544586,0.4716399908065796,0,2026-09-18 01:00:00+00:00
1789696800000,0.47165000438690186,0.4717699885368347,0.47123000025749207,0.471670001745224,0,2026-09-18 02:00:00+00:00
1789700400000,0.47165000438690186,0.4721199870109558,0.4713200032711029,0.47209998965263367,0,2026-09-18 03:00:00+00:00
1789704000000,0.47211000323295593,0.4722999930381775,0.47152000665664673,0.4717699885368347,0,2026-09-18 04:00:00+00:00
1789707600000,0.47176000475883484,0.47203999757766724,0.4715000092983246,0.4718799889087677,0,2026-09-18 05:00:00+00:00
1789711200000,0.4718799889087677,0.47216999530792236,0.47154998779296875,0.4719899892807007,0,2026-09-18 06:00:00+00:00
1789714800000,0.47196999192237854,0.4720599949359894,0.4712800085544586,0.47172999382019043,0,2026-09-18 07:00:00+00:00
1789718400000,0.4717699885368347,0.47189998626708984,0.4712600111961365,0.47157999873161316,0,2026-09-18 08:00:00+00:00
1789722000000,0.47157999873161316,0.47189998626708984,0.47110000252723694,0.4712800085544586,0,2026-09-18 09:00:00+00:00
1789725600000,0.47126999497413635,0.4716300070285797,0.4710899889469147,0.47161999344825745,0,2026-09-18 10:00:00+00:00
1789729200000,0.4715999960899353,0.4717999994754791,0.4708999991416931,0.4713999927043915,0,2026-09-18 11:00:00+00:00
1789732800000,0.4713999927043915,0.47154000401496887,0.47082000970840454,0.4709799885749817,0,2026-09-18 12:00:00+00:00
1789736400000,0.4709799885749817,0.47106000781059265,0.4705899953842163,0.4708400070667267,0,2026-09-18 13:00:00+00:00
1789740000000,0.4706900119781494,0.47123000025749207,0.4703899919986725,0.4705899953842163,0,2026-09-18 14:00:00+00:00
1789743600000,0.4705300033092499,0.47060999274253845,0.46985000371932983,0.4704900085926056,0,2026-09-18 15:00:00+00:00
1789747200000,0.4704900085926056,0.47060999274253845,0.4701800048351288,0.4704200029373169,0,2026-09-18 16:00:00+00:00
1789750800000,0.47047001123428345,0.47064000368118286,0.4701800048351288,0.4704200029373169,0,2026-09-18 17:00:00+00:00
1789754400000,0.4702500104904175,0.4706000089645386,0.4701800048351288,0.4704299867153168,0,2026-09-18 18:00:00+00:00
1789758000000,0.4704299867153168,0.4705600142478943,0.4701699912548065,0.47047001123428345,0,2026-09-18 19:00:00+00:00
1789761600000,0.47047001123428345,0.4706000089645386,0.46992000937461853,0.4702700078487396,0,2026-09-18 20:00:00+00:00
1789765200000,0.4702000021934509,0.4702000021934509,0.47018998861312866,0.47018998861312866,0,2026-09-18 21:00:00+00:00
