time,open,high,low,close,volume,datetime
1759982400000,2.032130002975464,2.033440113067627,2.027679920196533,2.0281500816345215,0,2025-10-09 04:00:00+00:00
1759996800000,2.0280399322509766,2.0321500301361084,2.025830030441284,2.027129888534546,0,2025-10-09 08:00:00+00:00
1760011200000,2.0271899700164795,2.032550096511841,2.0246798992156982,2.030400037765503,0,2025-10-09 12:00:00+00:00
1760025600000,2.030400037765503,2.030630111694336,2.0285799503326416,2.029639959335327,0,2025-10-09 16:00:00+00:00
1760040000000,2.029510021209717,2.0305399894714355,2.0267999172210693,2.0274899005889893,0,2025-10-09 20:00:00+00:00
1760054400000,2.0276100635528564,2.028209924697876,2.024709939956665,2.026550054550171,0,2025-10-10 00:00:00+00:00
1760068800000,2.0264101028442383,2.0294699668884277,2.0258700847625732,2.0289900302886963,0,2025-10-10 04:00:00+00:00
1760083200000,2.0290400981903076,2.0304501056671143,2.024060010910034,2.025520086288452,0,2025-10-10 08:00:00+00:00
1760097600000,2.025520086288452,2.0592899322509766,2.0248100757598877,2.0546600818634033,0,2025-10-10 12:00:00+00:00
1760112000000,2.054610013961792,2.059540033340454,2.054579973220825,2.058500051498413,0,2025-10-10 16:00:00+00:00
1760126400000,2.058500051498413,2.064840078353882,2.0569400787353516,2.064840078353882,0,2025-10-10 20:00:00+00:00
1760299200000,2.0530500411987305,2.0553500652313232,2.0516600608825684,2.0520200729370117,0,2025-10-12 20:00:00+00:00
1760313600000,2.0522000789642334,2.05292010307312,2.0446300506591797,2.048759937286377,0,2025-10-13 00:00:00+00:00
1760328000000,2.0488600730895996,2.049220085144043,2.043839931488037,2.0445098876953125,0,2025-10-13 04:00:00+00:00
1760342400000,2.0444400310516357,2.0493500232696533,2.042330026626587,2.0483999252319336,0,2025-10-13 08:00:00+00:00
1760356800000,2.048520088195801,2.04899001121521,2.04338002204895,2.044689893722534,0,2025-10-13 12:00:00+00:00
1760371200000,2.044689893722534,2.0467400550842285,2.042759895324707,2.045650005340576,0,2025-10-13 16:00:00+00:00
1760385600000,2.0457100868225098,2.0476999282836914,2.0431599617004395,2.047110080718994,0,2025-10-13 20:00:00+00:00
1760400000000,2.047110080718994,2.055269956588745,2.0444600582122803,2.053570032119751,0,2025-10-14 00:00:00+00:00
1760414400000,2.053719997406006,2.0653600692749023,2.050529956817627,2.0537400245666504,0,2025-10-14 04:00:00+00:00
1760428800000,2.053760051727295,2.059299945831299,2.0524098873138428,2.055579900741577,0,2025-10-14 08:00:00+00:00
1760443200000,2.055579900741577,2.0591299533843994,2.049180030822754,2.0516700744628906,0,2025-10-14 12:00:00+00:00
1760457600000,2.0517799854278564,2.0566399097442627,2.0503199100494385,2.0550599098205566,0,2025-10-14 16:00:00+00:00
1760472000000,2.055069923400879,2.055530071258545,2.050529956817627,2.0521299839019775,0,2025-10-14 20:00:00+00:00
1760486400000,2.0522100925445557,2.0542900562286377,2.048919916152954,2.0499300956726074,0,2025-10-15 00:00:00+00:00
1760500800000,2.0498499870300293,2.0510199069976807,2.0473198890686035,2.048490047454834,0,2025-10-15 04:00:00+00:00
1760515200000,2.0484700202941895,2.049999952316284,2.045830011367798,2.049420118331909,0,2025-10-15 08:00:00+00:00
1760529600000,2.049530029296875,2.0572900772094727,2.0476300716400146,2.0564699172973633,0,2025-10-15 12:00:00+00:00
1760544000000,2.0565900802612305,2.0618700981140137,2.0551199913024902,2.0571799278259277,0,2025-10-15 16:00:00+00:00
1760558400000,2.0572400093078613,2.060889959335327,2.0548899173736572,2.0593600273132324,0,2025-10-15 20:00:00+00:00
1760572800000,2.0593600273132324,2.071460008621216,2.05853009223938,2.0689399242401123,0,2025-10-16 00:00:00+00:00
1760587200000,2.0689198970794678,2.0690200328826904,2.0608699321746826,2.0632801055908203,0,2025-10-16 04:00:00+00:00
1760601600000,2.0632400512695312,2.066580057144165,2.0624899864196777,2.065419912338257,0,2025-10-16 08:00:00+00:00
1760616000000,2.065500020980835,2.0707900524139404,2.063930034637451,2.067780017852783,0,2025-10-16 12:00:00+00:00
1760630400000,2.067840099334717,2.0752201080322266,2.0671401023864746,2.0717101097106934,0,2025-10-16 16:00:00+00:00
1760644800000,2.071540117263794,2.075860023498535,2.068880081176758,2.0738298892974854,0,2025-10-16 20:00:00+00:00
1760659200000,2.073820114135742,2.080889940261841,2.0715301036834717,2.079349994659424,0,2025-10-17 00:00:00+00:00
1760673600000,2.079349994659424,2.085010051727295,2.077310085296631,2.078360080718994,0,2025-10-17 04:00:00+00:00
1760688000000,2.078360080718994,2.080049991607666,2.066649913787842,2.0710299015045166,0,2025-10-17 08:00:00+00:00
1760702400000,2.07096004486084,2.073699951171875,2.064039945602417,2.0693399906158447,0,2025-10-17 12:00:00+00:00
1760716800000,2.0694000720977783,2.069999933242798,2.065579891204834,2.0671799182891846,0,2025-10-17 16:00:00+00:00
1760731200000,2.0670900344848633,2.067379951477051,2.0654399394989014,2.0663700103759766,0,2025-10-17 20:00:00+00:00
1760904000000,2.063810110092163,2.0663399696350098,2.063649892807007,2.0649499893188477,0,2025-10-19 20:00:00+00:00
1760918400000,2.0647799968719482,2.0673699378967285,2.0622200965881348,2.0663299560546875,0,2025-10-20 00:00:00+00:00
1760932800000,2.0663599967956543,2.067349910736084,2.0630199909210205,2.0650999546051025,0,2025-10-20 04:00:00+00:00
1760947200000,2.065030097961426,2.0690701007843018,2.0643200874328613,2.066230058670044,0,2025-10-20 08:00:00+00:00
1760961600000,2.066279888153076,2.0686800479888916,2.057889938354492,2.059499979019165,0,2025-10-20 12:00:00+00:00
1760976000000,2.059499979019165,2.059839963912964,2.0567400455474854,2.0579299926757812,0,2025-10-20 16:00:00+00:00
1760990400000,2.058000087738037,2.0603699684143066,2.055569887161255,2.056989908218384,0,2025-10-20 20:00:00+00:00
1761004800000,2.0568599700927734,2.0589799880981445,2.0557799339294434,2.058619976043701,0,2025-10-21 00:00:00+00:00
1761019200000,2.058619976043701,2.0643301010131836,2.0580899715423584,2.064199924468994,0,2025-10-21 04:00:00+00:00
1761033600000,2.0642199516296387,2.0663700103759766,2.0589001178741455,2.0613200664520264,0,2025-10-21 08:00:00+00:00
1761048000000,2.0613598823547363,2.066270112991333,2.0587000846862793,2.060270071029663,0,2025-10-21 12:00:00+00:00
1761062400000,2.060270071029663,2.0608599185943604,2.0588300228118896,2.0603699684143066,0,2025-10-21 16:00:00+00:00
1761076800000,2.0603699684143066,2.061850070953369,2.057300090789795,2.058850049972534,0,2025-10-21 20:00:00+00:00
1761091200000,2.0588300228118896,2.0622398853302,2.0580201148986816,2.0589399337768555,0,2025-10-22 00:00:00+00:00
1761105600000,2.0589399337768555,2.059079885482788,2.047100067138672,2.048490047454834,0,2025-10-22 04:00:00+00:00
1761120000000,2.0485899448394775,2.0557899475097656,2.0481200218200684,2.0552101135253906,0,2025-10-22 08:00:00+00:00
1761134400000,2.0552799701690674,2.0583600997924805,2.0517001152038574,2.056380033493042,0,2025-10-22 12:00:00+00:00
1761148800000,2.056380033493042,2.0630300045013428,2.056180000305176,2.057849884033203,0,2025-10-22 16:00:00+00:00
1761163200000,2.057800054550171,2.0591399669647217,2.0554800033569336,2.05757999420166,0,2025-10-22 20:00:00+00:00
1761177600000,2.057490110397339,2.0587100982666016,2.05430006980896,2.057539939880371,0,2025-10-23 00:00:00+00:00
1761192000000,2.057529926300049,2.057620048522949,2.0510799884796143,2.0522799491882324,0,2025-10-23 04:00:00+00:00
1761206400000,2.0522000789642334,2.0522899627685547,2.0493099689483643,2.0510199069976807,0,2025-10-23 08:00:00+00:00
1761220800000,2.051029920578003,2.0522100925445557,2.0436201095581055,2.0445199012756348,0,2025-10-23 12:00:00+00:00
1761235200000,2.0445001125335693,2.046030044555664,2.0432701110839844,2.0459799766540527,0,2025-10-23 16:00:00+00:00
1761249600000,2.046060085296631,2.047499895095825,2.0440499782562256,2.0454299449920654,0,2025-10-23 20:00:00+00:00
1761264000000,2.045559883117676,2.0500800609588623,2.0451700687408447,2.0480399131774902,0,2025-10-24 00:00:00+00:00
1761278400000,2.0480799674987793,2.050610065460205,2.0466198921203613,2.04761004447937,0,2025-10-24 04:00:00+00:00
1761292800000,2.047559976577759,2.0513999462127686,2.0464301109313965,2.046869993209839,0,2025-10-24 08:00:00+00:00
1761307200000,2.0468099117279053,2.0500199794769287,2.041980028152466,2.0424299240112305,0,2025-10-24 12:00:00+00:00
1761321600000,2.0424299240112305,2.044409990310669,2.041800022125244,2.0443599224090576,0,2025-10-24 16:00:00+00:00
1761336000000,2.044300079345703,2.0447099208831787,2.0415499210357666,2.0438599586486816,0,2025-10-24 20:00:00+00:00
1761523200000,2.0387399196624756,2.0405499935150146,2.037220001220703,2.0396299362182617,0,2025-10-27 00:00:00+00:00
1761537600000,2.0395500659942627,2.039910078048706,2.035449981689453,2.0375800132751465,0,2025-10-27 04:00:00+00:00
1761552000000,2.0375800132751465,2.0378499031066895,2.033060073852539,2.035550117492676,0,2025-10-27 08:00:00+00:00
1761566400000,2.0354700088500977,2.03725004196167,2.0330300331115723,2.0339300632476807,0,2025-10-27 12:00:00+00:00
1761580800000,2.0339200496673584,2.0346500873565674,2.0329599380493164,2.0342800617218018,0,2025-10-27 16:00:00+00:00
1761595200000,2.034209966659546,2.0353500843048096,2.03275990486145,2.033989906311035,0,2025-10-27 20:00:00+00:00
1761609600000,2.0339999198913574,2.037179946899414,2.0335700511932373,2.0357000827789307,0,2025-10-28 00:00:00+00:00
1761624000000,2.0358400344848633,2.0395100116729736,2.035249948501587,2.035830020904541,0,2025-10-28 04:00:00+00:00
1761638400000,2.0358099937438965,2.0358400344848633,2.028860092163086,2.030100107192993,0,2025-10-28 08:00:00+00:00
1761652800000,2.0300700664520264,2.030829906463623,2.016249895095825,2.0162999629974365,0,2025-10-28 12:00:00+00:00
1761667200000,2.016439914703369,2.017549991607666,2.0142099857330322,2.0154099464416504,0,2025-10-28 16:00:00+00:00
1761681600000,2.015510082244873,2.017199993133545,2.013550043106079,2.0161900520324707,0,2025-10-28 20:00:00+00:00
1761696000000,2.0163400173187256,2.0182299613952637,2.0076398849487305,2.0076498985290527,0,2025-10-29 00:00:00+00:00
1761710400000,2.0076398849487305,2.009320020675659,1.99836003780365,2.0003299713134766,0,2025-10-29 04:00:00+00:00
1761724800000,2.000339984893799,2.0051798820495605,1.9986799955368042,2.003920078277588,0,2025-10-29 08:00:00+00:00
1761739200000,2.003920078277588,2.005419969558716,1.9989500045776367,2.002579927444458,0,2025-10-29 12:00:00+00:00
1761753600000,2.002530097961426,2.007699966430664,1.9972000122070312,2.0071001052856445,0,2025-10-29 16:00:00+00:00
1761768000000,2.007110118865967,2.008769989013672,2.0029499530792236,2.0060200691223145,0,2025-10-29 20:00:00+00:00
1761782400000,2.006200075149536,2.0063400268554688,2.002579927444458,2.0032100677490234,0,2025-10-30 00:00:00+00:00
1761796800000,2.0030899047851562,2.0094399452209473,2.002650022506714,2.005500078201294,0,2025-10-30 04:00:00+00:00
1761811200000,2.005419969558716,2.0107500553131104,2.004729986190796,2.0100901126861572,0,2025-10-30 08:00:00+00:00
1761825600000,2.01023006439209,2.011320114135742,2.005419969558716,2.0056300163269043,0,2025-10-30 12:00:00+00:00
1761840000000,2.0056400299072266,2.0078299045562744,2.0044798851013184,2.0071799755096436,0,2025-10-30 16:00:00+00:00
1761854400000,2.0071399211883545,2.008080005645752,2.0035600662231445,2.0059099197387695,0,2025-10-30 20:00:00+00:00
1761868800000,2.0059399604797363,2.0091500282287598,2.0057199001312256,2.0077900886535645,0,2025-10-31 00:00:00+00:00
1761883200000,2.0077500343322754,2.0111498832702637,2.0073399543762207,2.010129928588867,0,2025-10-31 04:00:00+00:00
1761897600000,2.0099499225616455,2.010420083999634,2.0055301189422607,2.0064001083374023,0,2025-10-31 08:00:00+00:00
1761912000000,2.00639009475708,2.007309913635254,2.0020699501037598,2.007050037384033,0,2025-10-31 12:00:00+00:00
1761926400000,2.0070700645446777,2.009269952774048,2.0067501068115234,2.007699966430664,0,2025-10-31 16:00:00+00:00
1761940800000,2.0077199935913086,2.0095698833465576,2.006309986114502,2.0095698833465576,0,2025-10-31 20:00:00+00:00
1762128000000,2.006239891052246,2.008049964904785,2.0048398971557617,2.004930019378662,0,2025-11-03 00:00:00+00:00
1762142400000,2.004970073699951,2.006580114364624,2.002729892730713,2.004650115966797,0,2025-11-03 04:00:00+00:00
1762156800000,2.0046401023864746,2.0067999362945557,2.001739978790283,2.0045700073242188,0,2025-11-03 08:00:00+00:00
1762171200000,2.004509925842285,2.014090061187744,2.00396990776062,2.014009952545166,0,2025-11-03 12:00:00+00:00
1762185600000,2.0139501094818115,2.0139999389648438,2.0086100101470947,2.0088999271392822,0,2025-11-03 16:00:00+00:00
1762200000000,2.0089099407196045,2.011470079421997,2.007230043411255,2.008699893951416,0,2025-11-03 20:00:00+00:00
1762214400000,2.0086400508880615,2.014159917831421,2.0071399211883545,2.009589910507202,0,2025-11-04 00:00:00+00:00
1762228800000,2.009589910507202,2.0172901153564453,2.0085198879241943,2.013780117034912,0,2025-11-04 04:00:00+00:00
1762243200000,2.013780117034912,2.0138800144195557,2.0091800689697266,2.009619951248169,0,2025-11-04 08:00:00+00:00
1762257600000,2.009619951248169,2.0124499797821045,2.0061099529266357,2.006190061569214,0,2025-11-04 12:00:00+00:00
1762272000000,2.006190061569214,2.0077500343322754,2.0056400299072266,2.006999969482422,0,2025-11-04 16:00:00+00:00
1762286400000,2.006969928741455,2.008080005645752,2.004300117492676,2.0076000690460205,0,2025-11-04 20:00:00+00:00
1762300800000,2.0076000690460205,2.0149600505828857,2.0041799545288086,2.0051000118255615,0,2025-11-05 00:00:00+00:00
1762315200000,2.005239963531494,2.008430004119873,2.0044400691986084,2.0078999996185303,0,2025-11-05 04:00:00+00:00
1762329600000,2.0078399181365967,2.0121400356292725,2.0068399906158447,2.0117900371551514,0,2025-11-05 08:00:00+00:00
1762344000000,2.0117599964141846,2.0132999420166016,2.004580020904541,2.0062599182128906,0,2025-11-05 12:00:00+00:00
1762358400000,2.0062201023101807,2.0070300102233887,2.002919912338257,2.0050299167633057,0,2025-11-05 16:00:00+00:00
1762372800000,2.00504994392395,2.0066299438476562,2.003040075302124,2.0047900676727295,0,2025-11-05 20:00:00+00:00
1762387200000,2.0048599243164062,2.0100998878479004,2.0048000812530518,2.0058701038360596,0,2025-11-06 00:00:00+00:00
1762401600000,2.005880117416382,2.0072500705718994,2.004319906234741,2.006079912185669,0,2025-11-06 04:00:00+00:00
1762416000000,2.006040096282959,2.012350082397461,2.005500078201294,2.0115199089050293,0,2025-11-06 08:00:00+00:00
1762430400000,2.0116000175476074,2.0252699851989746,2.0062599182128906,2.025130033493042,0,2025-11-06 12:00:00+00:00
1762444800000,2.0251500606536865,2.028589963912964,2.0244100093841553,2.0253000259399414,0,2025-11-06 16:00:00+00:00
1762459200000,2.025360107421875,2.0281999111175537,2.023560047149658,2.0263500213623047,0,2025-11-06 20:00:00+00:00
1762473600000,2.0264101028442383,2.028700113296509,2.025099992752075,2.026740074157715,0,2025-11-07 00:00:00+00:00
1762488000000,2.0268800258636475,2.0280098915100098,2.021430015563965,2.023900032043457,0,2025-11-07 04:00:00+00:00
1762502400000,2.0238499641418457,2.0246798992156982,2.019779920578003,2.0228500366210938,0,2025-11-07 08:00:00+00:00
1762516800000,2.022860050201416,2.032710075378418,2.02239990234375,2.0318100452423096,0,2025-11-07 12:00:00+00:00
1762531200000,2.0318100452423096,2.034090042114258,2.0251500606536865,2.025710105895996,0,2025-11-07 16:00:00+00:00
1762545600000,2.025739908218384,2.027400016784668,2.024399995803833,2.02659010887146,0,2025-11-07 20:00:00+00:00
1762732800000,2.0207700729370117,2.0231900215148926,2.0160300731658936,2.018310070037842,0,2025-11-10 00:00:00+00:00
1762747200000,2.018199920654297,2.0183699131011963,2.0131900310516357,2.015089988708496,0,2025-11-10 04:00:00+00:00
1762761600000,2.0150299072265625,2.017709970474243,2.013550043106079,2.016400098800659,0,2025-11-10 08:00:00+00:00
1762776000000,2.016400098800659,2.019129991531372,2.0155398845672607,2.017519950866699,0,2025-11-10 12:00:00+00:00
1762790400000,2.017469882965088,2.0188400745391846,2.015010118484497,2.015899896621704,0,2025-11-10 16:00:00+00:00
1762804800000,2.01596999168396,2.016940116882324,2.013400077819824,2.015549898147583,0,2025-11-10 20:00:00+00:00
1762819200000,2.0155398845672607,2.0177199840545654,2.014549970626831,2.016710042953491,0,2025-11-11 00:00:00+00:00
1762833600000,2.016700029373169,2.020159959793091,2.0125300884246826,2.0131900310516357,0,2025-11-11 04:00:00+00:00
1762848000000,2.0131399631500244,2.0153300762176514,2.0111100673675537,2.014669895172119,0,2025-11-11 08:00:00+00:00
1762862400000,2.014709949493408,2.0205399990081787,2.0141000747680664,2.019789934158325,0,2025-11-11 12:00:00+00:00
1762876800000,2.01990008354187,2.0199999809265137,2.015700101852417,2.0162999629974365,0,2025-11-11 16:00:00+00:00
1762891200000,2.016239881515503,2.0168099403381348,2.012809991836548,2.014169931411743,0,2025-11-11 20:00:00+00:00
1762905600000,2.014130115509033,2.0158300399780273,2.0127599239349365,2.0140600204467773,0,2025-11-12 00:00:00+00:00
1762920000000,2.0140600204467773,2.0150699615478516,2.0088300704956055,2.010730028152466,0,2025-11-12 04:00:00+00:00
1762934400000,2.0107200145721436,2.0131900310516357,2.004699945449829,2.0099899768829346,0,2025-11-12 08:00:00+00:00
1762948800000,2.0099899768829346,2.010240077972412,2.001800060272217,2.007689952850342,0,2025-11-12 12:00:00+00:00
1762963200000,2.00777006149292,2.008820056915283,2.0060501098632812,2.006190061569214,0,2025-11-12 16:00:00+00:00
1762977600000,2.006309986114502,2.0091300010681152,2.0039401054382324,2.0082900524139404,0,2025-11-12 20:00:00+00:00
1762992000000,2.0082499980926514,2.008690118789673,1.998460054397583,2.001460075378418,0,2025-11-13 00:00:00+00:00
1763006400000,2.001460075378418,2.002739906311035,1.9957400560379028,1.9983899593353271,0,2025-11-13 04:00:00+00:00
1763020800000,1.998479962348938,2.0039401054382324,1.9960700273513794,2.0033700466156006,0,2025-11-13 08:00:00+00:00
1763035200000,2.0034101009368896,2.0156500339508057,2.003350019454956,2.014050006866455,0,2025-11-13 12:00:00+00:00
1763049600000,2.014050006866455,2.023020029067993,2.0116899013519287,2.0203800201416016,0,2025-11-13 16:00:00+00:00
1763064000000,2.0202999114990234,2.021320104598999,2.012079954147339,2.015130043029785,0,2025-11-13 20:00:00+00:00
1763078400000,2.0150198936462402,2.0161800384521484,2.006850004196167,2.0094199180603027,0,2025-11-14 00:00:00+00:00
1763092800000,2.0092999935150146,2.016129970550537,2.0091500282287598,2.0136399269104004,0,2025-11-14 04:00:00+00:00
1763107200000,2.0136399269104004,2.022160053253174,2.010629892349243,2.0181400775909424,0,2025-11-14 08:00:00+00:00
1763121600000,2.0180599689483643,2.0218300819396973,2.00639009475708,2.006969928741455,0,2025-11-14 12:00:00+00:00
1763136000000,2.0070199966430664,2.014349937438965,2.00642991065979,2.013390064239502,0,2025-11-14 16:00:00+00:00
1763150400000,2.013469934463501,2.015810012817383,2.0122499465942383,2.0150198936462402,0,2025-11-14 20:00:00+00:00
1763337600000,2.0141000747680664,2.0184500217437744,2.013629913330078,2.0168099403381348,0,2025-11-17 00:00:00+00:00
1763352000000,2.0168299674987793,2.017169952392578,2.0138099193573,2.0157198905944824,0,2025-11-17 04:00:00+00:00
1763366400000,2.015700101852417,2.0222599506378174,2.015160083770752,2.022160053253174,0,2025-11-17 08:00:00+00:00
1763380800000,2.022160053253174,2.0249600410461426,2.0205399990081787,2.0244200229644775,0,2025-11-17 12:00:00+00:00
1763395200000,2.0244600772857666,2.0280098915100098,2.0208098888397217,2.027509927749634,0,2025-11-17 16:00:00+00:00
1763409600000,2.027509927749634,2.0285298824310303,2.0229299068450928,2.025789976119995,0,2025-11-17 20:00:00+00:00
1763424000000,2.026129961013794,2.030090093612671,2.024009943008423,2.0293099880218506,0,2025-11-18 00:00:00+00:00
1763438400000,2.0293099880218506,2.0341999530792236,2.0273098945617676,2.027590036392212,0,2025-11-18 04:00:00+00:00
1763452800000,2.027590036392212,2.0289299488067627,2.020090103149414,2.020620107650757,0,2025-11-18 08:00:00+00:00
1763467200000,2.0206298828125,2.028179883956909,2.019289970397949,2.026170015335083,0,2025-11-18 12:00:00+00:00
1763481600000,2.026170015335083,2.0271899700164795,2.0177600383758545,2.018389940261841,0,2025-11-18 16:00:00+00:00
1763496000000,2.0185298919677734,2.0213699340820312,2.01747989654541,2.019929885864258,0,2025-11-18 20:00:00+00:00
1763510400000,2.0196800231933594,2.0274600982666016,2.0195300579071045,2.0268099308013916,0,2025-11-19 00:00:00+00:00
1763524800000,2.026829957962036,2.0286200046539307,2.0224199295043945,2.0239601135253906,0,2025-11-19 04:00:00+00:00
1763539200000,2.023940086364746,2.0268900394439697,2.0184500217437744,2.0226900577545166,0,2025-11-19 08:00:00+00:00
1763553600000,2.022739887237549,2.024199962615967,2.0188000202178955,2.022979974746704,0,2025-11-19 12:00:00+00:00
1763568000000,2.022979974746704,2.0250000953674316,2.017699956893921,2.018009901046753,0,2025-11-19 16:00:00+00:00
1763582400000,2.018019914627075,2.0185000896453857,2.011850118637085,2.012209892272949,0,2025-11-19 20:00:00+00:00
1763596800000,2.012160062789917,2.0155398845672607,2.01131010055542,2.012779951095581,0,2025-11-20 00:00:00+00:00
1763611200000,2.012769937515259,2.018389940261841,2.0120599269866943,2.018209934234619,0,2025-11-20 04:00:00+00:00
1763625600000,2.018090009689331,2.020050048828125,2.0158400535583496,2.01747989654541,0,2025-11-20 08:00:00+00:00
1763640000000,2.0174100399017334,2.021820068359375,2.0133700370788574,2.021699905395508,0,2025-11-20 12:00:00+00:00
1763654400000,2.021699905395508,2.030410051345825,2.0211598873138428,2.0268499851226807,0,2025-11-20 16:00:00+00:00
1763668800000,2.0268499851226807,2.030329942703247,2.0253400802612305,2.0285699367523193,0,2025-11-20 20:00:00+00:00
1763683200000,2.0284600257873535,2.0297999382019043,2.025899887084961,2.029750108718872,0,2025-11-21 00:00:00+00:00
1763697600000,2.0296199321746826,2.032829999923706,2.025860071182251,2.032259941101074,0,2025-11-21 04:00:00+00:00
1763712000000,2.032259941101074,2.0324699878692627,2.0273098945617676,2.028369903564453,0,2025-11-21 08:00:00+00:00
1763726400000,2.028409957885742,2.036520004272461,2.0279200077056885,2.033859968185425,0,2025-11-21 12:00:00+00:00
1763740800000,2.033950090408325,2.034060001373291,2.027250051498413,2.0296199321746826,0,2025-11-21 16:00:00+00:00
1763755200000,2.02947998046875,2.029910087585449,2.0252699851989746,2.0287599563598633,0,2025-11-21 20:00:00+00:00
1763942400000,2.0264999866485596,2.029589891433716,2.0259299278259277,2.027090072631836,0,2025-11-24 00:00:00+00:00
1763956800000,2.0269899368286133,2.028249979019165,2.025520086288452,2.025899887084961,0,2025-11-24 04:00:00+00:00
1763971200000,2.02593994140625,2.031709909439087,2.02593994140625,2.029320001602173,0,2025-11-24 08:00:00+00:00
1763985600000,2.029330015182495,2.032599925994873,2.025170087814331,2.0282399654388428,0,2025-11-24 12:00:00+00:00
1764000000000,2.028179883956909,2.0294899940490723,2.026930093765259,2.0285000801086426,0,2025-11-24 16:00:00+00:00
1764014400000,2.0285000801086426,2.028700113296509,2.025480031967163,2.0267601013183594,0,2025-11-24 20:00:00+00:00
1764028800000,2.0269200801849365,2.0306899547576904,2.0269200801849365,2.0297598838806152,0,2025-11-25 00:00:00+00:00
1764043200000,2.0297300815582275,2.0339200496673584,2.027909994125366,2.032829999923706,0,2025-11-25 04:00:00+00:00
1764057600000,2.032829999923706,2.035449981689453,2.031290054321289,2.0330700874328613,0,2025-11-25 08:00:00+00:00
1764072000000,2.0330700874328613,2.0473599433898926,2.0318899154663086,2.0436599254608154,0,2025-11-25 12:00:00+00:00
1764086400000,2.0437700748443604,2.0442299842834473,2.038059949874878,2.040750026702881,0,2025-11-25 16:00:00+00:00
1764100800000,2.0406599044799805,2.0408599376678467,2.0329298973083496,2.0335299968719482,0,2025-11-25 20:00:00+00:00
1764115200000,2.0335299968719482,2.035029888153076,2.02810001373291,2.0295701026916504,0,2025-11-26 00:00:00+00:00
1764129600000,2.0295701026916504,2.029829978942871,2.0249900817871094,2.026979923248291,0,2025-11-26 04:00:00+00:00
1764144000000,2.0269699096679688,2.033250093460083,2.0255699157714844,2.02908992767334,0,2025-11-26 08:00:00+00:00
1764158400000,2.029139995574951,2.034990072250366,2.0228700637817383,2.031719923019409,0,2025-11-26 12:00:00+00:00
1764172800000,2.031719923019409,2.0321500301361084,2.029129981994629,2.030060052871704,0,2025-11-26 16:00:00+00:00
1764187200000,2.030179977416992,2.031869888305664,2.028820037841797,2.0298800468444824,0,2025-11-26 20:00:00+00:00
1764201600000,2.030050039291382,2.031049966812134,2.028280019760132,2.0292699337005615,0,2025-11-27 00:00:00+00:00
1764216000000,2.0291500091552734,2.0314700603485107,2.0264201164245605,2.0265300273895264,0,2025-11-27 04:00:00+00:00
1764230400000,2.026520013809204,2.0279901027679443,2.0238499641418457,2.0267200469970703,0,2025-11-27 08:00:00+00:00
1764244800000,2.026669979095459,2.0297598838806152,2.0257599353790283,2.0280699729919434,0,2025-11-27 12:00:00+00:00
1764259200000,2.0280001163482666,2.029330015182495,2.0261099338531494,2.026900053024292,0,2025-11-27 16:00:00+00:00
1764273600000,2.026900053024292,2.027100086212158,2.0232698917388916,2.025700092315674,0,2025-11-27 20:00:00+00:00
1764288000000,2.025779962539673,2.0266199111938477,2.0223400592803955,2.026099920272827,0,2025-11-28 00:00:00+00:00
1764302400000,2.02593994140625,2.027859926223755,2.0236101150512695,2.025700092315674,0,2025-11-28 04:00:00+00:00
1764316800000,2.025670051574707,2.027060031890869,2.0221800804138184,2.0234100818634033,0,2025-11-28 08:00:00+00:00
1764331200000,2.023509979248047,2.025860071182251,2.0169200897216797,2.0204999446868896,0,2025-11-28 12:00:00+00:00
1764345600000,2.020550012588501,2.0229299068450928,2.0195300579071045,2.0218300819396973,0,2025-11-28 16:00:00+00:00
1764360000000,2.022010087966919,2.022550106048584,2.018620014190674,2.0201399326324463,0,2025-11-28 20:00:00+00:00
1764547200000,2.0204899311065674,2.0244300365448,2.019469976425171,2.02059006690979,0,2025-12-01 00:00:00+00:00
1764561600000,2.02059006690979,2.0233399868011475,2.0178000926971436,2.0179998874664307,0,2025-12-01 04:00:00+00:00
1764576000000,2.018090009689331,2.020750045776367,2.016819953918457,2.018980026245117,0,2025-12-01 08:00:00+00:00
1764590400000,2.019049882888794,2.022559881210327,2.0177700519561768,2.0219099521636963,0,2025-12-01 12:00:00+00:00
1764604800000,2.021859884262085,2.02197003364563,2.0175600051879883,2.0192699432373047,0,2025-12-01 16:00:00+00:00
1764619200000,2.019320011138916,2.020829916000366,2.016890048980713,2.0189599990844727,0,2025-12-01 20:00:00+00:00
1764633600000,2.019040107727051,2.0198800563812256,2.0168099403381348,2.01747989654541,0,2025-12-02 00:00:00+00:00
1764648000000,2.017390012741089,2.018239974975586,2.0144200325012207,2.0157999992370605,0,2025-12-02 04:00:00+00:00
1764662400000,2.0157599449157715,2.0183799266815186,2.013730049133301,2.0153300762176514,0,2025-12-02 08:00:00+00:00
1764676800000,2.015350103378296,2.0159499645233154,2.0091800689697266,2.009200096130371,0,2025-12-02 12:00:00+00:00
1764691200000,2.009269952774048,2.0133800506591797,2.009160041809082,2.012190103530884,0,2025-12-02 16:00:00+00:00
1764705600000,2.0120999813079834,2.013780117034912,2.0086700916290283,2.0107100009918213,0,2025-12-02 20:00:00+00:00
1764720000000,2.0107901096343994,2.01747989654541,2.0099101066589355,2.0106201171875,0,2025-12-03 00:00:00+00:00
1764734400000,2.0106201171875,2.0133399963378906,2.0102100372314453,2.0132501125335693,0,2025-12-03 04:00:00+00:00
1764748800000,2.013309955596924,2.0180599689483643,2.0124199390411377,2.017859935760498,0,2025-12-03 08:00:00+00:00
1764763200000,2.0178399085998535,2.022559881210327,2.0165300369262695,2.0204999446868896,0,2025-12-03 12:00:00+00:00
1764777600000,2.0205600261688232,2.0233800411224365,2.0203299522399902,2.0224499702453613,0,2025-12-03 16:00:00+00:00
1764792000000,2.0223801136016846,2.0236101150512695,2.020780086517334,2.020940065383911,0,2025-12-03 20:00:00+00:00
1764806400000,2.020859956741333,2.021059989929199,2.0164999961853027,2.0170300006866455,0,2025-12-04 00:00:00+00:00
1764820800000,2.0170300006866455,2.018510103225708,2.0153400897979736,2.015749931335449,0,2025-12-04 04:00:00+00:00
1764835200000,2.015820026397705,2.0214200019836426,2.0148000717163086,2.0207200050354004,0,2025-12-04 08:00:00+00:00
1764849600000,2.0206100940704346,2.0225698947906494,2.015660047531128,2.0200400352478027,0,2025-12-04 12:00:00+00:00
1764864000000,2.0201098918914795,2.020289897918701,2.0159599781036377,2.016900062561035,0,2025-12-04 16:00:00+00:00
1764878400000,2.016900062561035,2.017590045928955,2.013129949569702,2.0161900520324707,0,2025-12-04 20:00:00+00:00
1764892800000,2.016429901123047,2.0169498920440674,2.0145699977874756,2.0146799087524414,0,2025-12-05 00:00:00+00:00
1764907200000,2.0146501064300537,2.0162999629974365,2.014120101928711,2.0154900550842285,0,2025-12-05 04:00:00+00:00
1764921600000,2.015429973602295,2.0155699253082275,2.0092599391937256,2.0120599269866943,0,2025-12-05 08:00:00+00:00
1764936000000,2.0121099948883057,2.0122900009155273,2.007189989089966,2.0086801052093506,0,2025-12-05 12:00:00+00:00
1764950400000,2.008549928665161,2.010159969329834,2.007080078125,2.0083799362182617,0,2025-12-05 16:00:00+00:00
1764964800000,2.0081899166107178,2.008579969406128,2.004810094833374,2.0075600147247314,0,2025-12-05 20:00:00+00:00
1765152000000,2.0083301067352295,2.0087900161743164,2.0065300464630127,2.007810115814209,0,2025-12-08 00:00:00+00:00
1765166400000,2.0078399181365967,2.0085999965667725,2.005579948425293,2.007430076599121,0,2025-12-08 04:00:00+00:00
1765180800000,2.0074000358581543,2.0082099437713623,2.0058000087738037,2.0074400901794434,0,2025-12-08 08:00:00+00:00
1765195200000,2.0075299739837646,2.0123300552368164,2.005919933319092,2.0114998817443848,0,2025-12-08 12:00:00+00:00
1765209600000,2.0114901065826416,2.0127100944519043,2.009700059890747,2.0119400024414062,0,2025-12-08 16:00:00+00:00
1765224000000,2.0119400024414062,2.012579917907715,2.0089900493621826,2.0107100009918213,0,2025-12-08 20:00:00+00:00
1765238400000,2.0108399391174316,2.0168700218200684,2.0084099769592285,2.0114800930023193,0,2025-12-09 00:00:00+00:00
1765252800000,2.011399984359741,2.012389898300171,2.0046000480651855,2.007960081100464,0,2025-12-09 04:00:00+00:00
1765267200000,2.0078299045562744,2.011430025100708,2.0070600509643555,2.007740020751953,0,2025-12-09 08:00:00+00:00
1765281600000,2.007780075073242,2.0081100463867188,1.999619960784912,2.0012400150299072,0,2025-12-09 12:00:00+00:00
1765296000000,2.0012400150299072,2.004319906234741,2.000190019607544,2.0034899711608887,0,2025-12-09 16:00:00+00:00
1765310400000,2.0034399032592773,2.003849983215332,1.9999899864196777,2.003420114517212,0,2025-12-09 20:00:00+00:00
1765324800000,2.003380060195923,2.0065701007843018,2.000649929046631,2.0040700435638428,0,2025-12-10 00:00:00+00:00
1765339200000,2.0040700435638428,2.0050899982452393,2.0018999576568604,2.004319906234741,0,2025-12-10 04:00:00+00:00
1765353600000,2.0042600631713867,2.004610061645508,2.0009400844573975,2.002190113067627,0,2025-12-10 08:00:00+00:00
1765368000000,2.0021800994873047,2.0095999240875244,2.0020499229431152,2.007009983062744,0,2025-12-10 12:00:00+00:00
1765382400000,2.007040023803711,2.0092899799346924,2.0032899379730225,2.0045299530029297,0,2025-12-10 16:00:00+00:00
1765396800000,2.004470109939575,2.0068299770355225,2.0010900497436523,2.006040096282959,0,2025-12-10 20:00:00+00:00
1765411200000,2.005970001220703,2.0141000747680664,2.0046799182891846,2.0139501094818115,0,2025-12-11 00:00:00+00:00
1765425600000,2.0138800144195557,2.016170024871826,2.0118799209594727,2.0126500129699707,0,2025-12-11 04:00:00+00:00
1765440000000,2.012619972229004,2.013170003890991,2.0086300373077393,2.010319948196411,0,2025-12-11 08:00:00+00:00
1765454400000,2.0102899074554443,2.0152299404144287,2.0085299015045166,2.0132999420166016,0,2025-12-11 12:00:00+00:00
1765468800000,2.0133299827575684,2.0151000022888184,2.008500099182129,2.008650064468384,0,2025-12-11 16:00:00+00:00
1765483200000,2.008660078048706,2.0104799270629883,2.0065500736236572,2.009819984436035,0,2025-12-11 20:00:00+00:00
1765497600000,2.010050058364868,2.0104100704193115,2.0071799755096436,2.0091700553894043,0,2025-12-12 00:00:00+00:00
1765512000000,2.009229898452759,2.0106101036071777,2.006850004196167,2.006850004196167,0,2025-12-12 04:00:00+00:00
1765526400000,2.0069799423217773,2.0078299045562744,2.0040900707244873,2.0061399936676025,0,2025-12-12 08:00:00+00:00
1765540800000,2.0061299800872803,2.011430025100708,2.0047500133514404,2.010279893875122,0,2025-12-12 12:00:00+00:00
1765555200000,2.010240077972412,2.012389898300171,2.007849931716919,2.0091099739074707,0,2025-12-12 16:00:00+00:00
1765569600000,2.0090699195861816,2.0106201171875,2.007460117340088,2.0100200176239014,0,2025-12-12 20:00:00+00:00
1765756800000,2.0107998847961426,2.012190103530884,2.0088300704956055,2.0101799964904785,0,2025-12-15 00:00:00+00:00
1765771200000,2.0100700855255127,2.0114200115203857,2.0092599391937256,2.010390043258667,0,2025-12-15 04:00:00+00:00
1765785600000,2.0103299617767334,2.0142900943756104,2.009390115737915,2.0123400688171387,0,2025-12-15 08:00:00+00:00
1765800000000,2.0123400688171387,2.016319990158081,2.011460065841675,2.0137100219726562,0,2025-12-15 12:00:00+00:00
1765814400000,2.013669967651367,2.0153000354766846,2.0128700733184814,2.0131800174713135,0,2025-12-15 16:00:00+00:00
1765828800000,2.0131800174713135,2.015079975128174,2.0113298892974854,2.014359951019287,0,2025-12-15 20:00:00+00:00
1765843200000,2.0142500400543213,2.0191500186920166,2.013859987258911,2.0143299102783203,0,2025-12-16 00:00:00+00:00
1765857600000,2.014319896697998,2.0155398845672607,2.0111899375915527,2.014859914779663,0,2025-12-16 04:00:00+00:00
1765872000000,2.014859914779663,2.023590087890625,2.014090061187744,2.023390054702759,0,2025-12-16 08:00:00+00:00
1765886400000,2.0233399868011475,2.024869918823242,2.017859935760498,2.020469903945923,0,2025-12-16 12:00:00+00:00
1765900800000,2.0204200744628906,2.024440050125122,2.0203399658203125,2.0227200984954834,0,2025-12-16 16:00:00+00:00
1765915200000,2.022749900817871,2.0249099731445312,2.0213000774383545,2.024049997329712,0,2025-12-16 20:00:00+00:00
1765929600000,2.023859977722168,2.027909994125366,2.0229101181030273,2.023560047149658,0,2025-12-17 00:00:00+00:00
1765944000000,2.023509979248047,2.025059938430786,2.012279987335205,2.0132501125335693,0,2025-12-17 04:00:00+00:00
1765958400000,2.013319969177246,2.015209913253784,2.011850118637085,2.0139999389648438,0,2025-12-17 08:00:00+00:00
1765972800000,2.0139598846435547,2.026819944381714,2.0137100219726562,2.026639938354492,0,2025-12-17 12:00:00+00:00
1765987200000,2.026740074157715,2.0273399353027344,2.024480104446411,2.0252699851989746,0,2025-12-17 16:00:00+00:00
1766001600000,2.0252299308776855,2.0261800289154053,2.0218300819396973,2.0260300636291504,0,2025-12-17 20:00:00+00:00
1766016000000,2.0258800983428955,2.0276501178741455,2.024359941482544,2.026779890060425,0,2025-12-18 00:00:00+00:00
1766030400000,2.026669979095459,2.026930093765259,2.021739959716797,2.022480010986328,0,2025-12-18 04:00:00+00:00
1766044800000,2.022480010986328,2.0243499279022217,2.0186500549316406,2.020509958267212,0,2025-12-18 08:00:00+00:00
1766059200000,2.020550012588501,2.0287699699401855,2.017519950866699,2.0244998931884766,0,2025-12-18 12:00:00+00:00
1766073600000,2.024480104446411,2.024930000305176,2.021660089492798,2.0236599445343018,0,2025-12-18 16:00:00+00:00
1766088000000,2.02374005317688,2.0244100093841553,2.0211598873138428,2.0236399173736572,0,2025-12-18 20:00:00+00:00
1766102400000,2.0235800743103027,2.0247299671173096,2.0209100246429443,2.0236599445343018,0,2025-12-19 00:00:00+00:00
1766116800000,2.023560047149658,2.026639938354492,2.0229499340057373,2.0240299701690674,0,2025-12-19 04:00:00+00:00
1766131200000,2.024019956588745,2.025860071182251,2.023360013961792,2.024169921875,0,2025-12-19 08:00:00+00:00
1766145600000,2.024240016937256,2.0252299308776855,2.016540050506592,2.0218899250030518,0,2025-12-19 12:00:00+00:00
1766160000000,2.02197003364563,2.023829936981201,2.0206000804901123,2.0229499340057373,0,2025-12-19 16:00:00+00:00
1766174400000,2.0229299068450928,2.0243799686431885,2.0211100578308105,2.023390054702759,0,2025-12-19 20:00:00+00:00
1766361600000,2.022860050201416,2.0243399143218994,2.021660089492798,2.0228500366210938,0,2025-12-22 00:00:00+00:00
1766376000000,2.0226800441741943,2.0231399536132812,2.019700050354004,2.020250082015991,0,2025-12-22 04:00:00+00:00
1766390400000,2.0203399658203125,2.0239100456237793,2.0199100971221924,2.022860050201416,0,2025-12-22 08:00:00+00:00
1766404800000,2.022779941558838,2.0236599445343018,2.0204200744628906,2.020829916000366,0,2025-12-22 12:00:00+00:00
1766419200000,2.0208899974823,2.023710012435913,2.020159959793091,2.02239990234375,0,2025-12-22 16:00:00+00:00
1766433600000,2.022480010986328,2.0231499671936035,2.019479990005493,2.022670030593872,0,2025-12-22 20:00:00+00:00
1766448000000,2.022979974746704,2.0238800048828125,2.021090030670166,2.02239990234375,0,2025-12-23 00:00:00+00:00
1766462400000,2.0223701000213623,2.0244300365448,2.020050048828125,2.022480010986328,0,2025-12-23 04:00:00+00:00
1766476800000,2.022629976272583,2.023010015487671,2.016479969024658,2.017709970474243,0,2025-12-23 08:00:00+00:00
1766491200000,2.017709970474243,2.020159959793091,2.014039993286133,2.015079975128174,0,2025-12-23 12:00:00+00:00
1766505600000,2.015049934387207,2.0153000354766846,2.013540029525757,2.01488995552063,0,2025-12-23 16:00:00+00:00
1766520000000,2.0148699283599854,2.0179998874664307,2.0131399631500244,2.0161099433898926,0,2025-12-23 20:00:00+00:00
1766534400000,2.0159900188446045,2.0177199840545654,2.0149600505828857,2.0159199237823486,0,2025-12-24 00:00:00+00:00
1766548800000,2.0159099102020264,2.0162699222564697,2.0119099617004395,2.0128400325775146,0,2025-12-24 04:00:00+00:00
1766563200000,2.0129098892211914,2.015660047531128,2.0124599933624268,2.013659954071045,0,2025-12-24 08:00:00+00:00
1766577600000,2.013619899749756,2.015310049057007,2.0115599632263184,2.012320041656494,0,2025-12-24 12:00:00+00:00
1766592000000,2.0123000144958496,2.0141398906707764,2.011090040206909,2.0130600929260254,0,2025-12-24 16:00:00+00:00
1766606400000,2.013230085372925,2.015320062637329,2.0118000507354736,2.0118000507354736,0,2025-12-24 20:00:00+00:00
1766620800000,2.0117599964141846,2.0174999237060547,2.010129928588867,2.0114400386810303,0,2025-12-25 00:00:00+00:00
1766635200000,2.0114400386810303,2.0186800956726074,2.0109400749206543,2.0150599479675293,0,2025-12-25 04:00:00+00:00
1766649600000,2.0153799057006836,2.0201900005340576,2.0153799057006836,2.0182299613952637,0,2025-12-25 08:00:00+00:00
1766664000000,2.0182299613952637,2.0182299613952637,2.0182299613952637,2.0182299613952637,0,2025-12-25 12:00:00+00:00
1766678400000,2.0182299613952637,2.0191900730133057,2.0182299613952637,2.0182600021362305,0,2025-12-25 16:00:00+00:00
1766692800000,2.0172998905181885,2.01882004737854,2.0109500885009766,2.014430046081543,0,2025-12-25 20:00:00+00:00
1766707200000,2.0141499042510986,2.014430046081543,2.0115199089050293,2.0135700702667236,0,2025-12-26 00:00:00+00:00
1766721600000,2.0134899616241455,2.013659954071045,2.0103800296783447,2.011389970779419,0,2025-12-26 04:00:00+00:00
1766736000000,2.011539936065674,2.013780117034912,2.0112500190734863,2.0126500129699707,0,2025-12-26 08:00:00+00:00
1766750400000,2.0124900341033936,2.0136799812316895,2.009929895401001,2.0111498832702637,0,2025-12-26 12:00:00+00:00
1766764800000,2.01131010055542,2.0118699073791504,2.0099799633026123,2.011509895324707,0,2025-12-26 16:00:00+00:00
1766779200000,2.0115199089050293,2.012010097503662,2.0060598850250244,2.0101499557495117,0,2025-12-26 20:00:00+00:00
1766966400000,2.009819984436035,2.0114500522613525,2.0076398849487305,2.008359909057617,0,2025-12-29 00:00:00+00:00
1766980800000,2.0082600116729736,2.010319948196411,2.006269931793213,2.0089199542999268,0,2025-12-29 04:00:00+00:00
1766995200000,2.009049892425537,2.016969919204712,2.0088400840759277,2.014630079269409,0,2025-12-29 08:00:00+00:00
1767009600000,2.014630079269409,2.018120050430298,2.013590097427368,2.016129970550537,0,2025-12-29 12:00:00+00:00
1767024000000,2.016129970550537,2.0177500247955322,2.014970064163208,2.0169899463653564,0,2025-12-29 16:00:00+00:00
1767038400000,2.0170600414276123,2.019170045852661,2.0150699615478516,2.0177900791168213,0,2025-12-29 20:00:00+00:00
1767052800000,2.0175399780273438,2.01813006401062,2.013050079345703,2.013849973678589,0,2025-12-30 00:00:00+00:00
1767067200000,2.0138099193573,2.014009952545166,2.0114500522613525,2.013740062713623,0,2025-12-30 04:00:00+00:00
1767081600000,2.0136098861694336,2.0163800716400146,2.0130999088287354,2.0152299404144287,0,2025-12-30 08:00:00+00:00
1767096000000,2.015310049057007,2.015810012817383,2.00957989692688,2.010629892349243,0,2025-12-30 12:00:00+00:00
1767110400000,2.0106699466705322,2.0121700763702393,2.0090200901031494,2.0109798908233643,0,2025-12-30 16:00:00+00:00
1767124800000,2.0109000205993652,2.012079954147339,2.0087499618530273,2.010960102081299,0,2025-12-30 20:00:00+00:00
1767139200000,2.010970115661621,2.0116798877716064,2.0090301036834717,2.01065993309021,0,2025-12-31 00:00:00+00:00
1767153600000,2.010499954223633,2.013400077819824,2.010159969329834,2.0118000507354736,0,2025-12-31 04:00:00+00:00
1767168000000,2.0117900371551514,2.0138399600982666,2.008349895477295,2.012399911880493,0,2025-12-31 08:00:00+00:00
1767182400000,2.012500047683716,2.017469882965088,2.0103399753570557,2.0169999599456787,0,2025-12-31 12:00:00+00:00
1767196800000,2.017009973526001,2.0179600715637207,2.015199899673462,2.0170199871063232,0,2025-12-31 16:00:00+00:00
1767211200000,2.0170199871063232,2.0203700065612793,2.0166800022125244,2.01921010017395,0,2025-12-31 20:00:00+00:00
1767225600000,2.01921010017395,2.01921010017395,2.018120050430298,2.01921010017395,0,2026-01-01 00:00:00+00:00
1767240000000,2.01921010017395,2.01921010017395,2.018120050430298,2.01921010017395,0,2026-01-01 04:00:00+00:00
1767254400000,2.01921010017395,2.01921010017395,2.018120050430298,2.01921010017395,0,2026-01-01 08:00:00+00:00
1767268800000,2.01921010017395,2.01921010017395,2.01921010017395,2.01921010017395,0,2026-01-01 12:00:00+00:00
1767283200000,2.01921010017395,2.01921010017395,2.01921010017395,2.01921010017395,0,2026-01-01 16:00:00+00:00
1767297600000,2.0166499614715576,2.0199499130249023,2.015130043029785,2.017549991607666,0,2026-01-01 20:00:00+00:00
1767312000000,2.017270088195801,2.0180299282073975,2.0122199058532715,2.0132598876953125,0,2026-01-02 00:00:00+00:00
1767326400000,2.013200044631958,2.0137100219726562,2.010190010070801,2.010629892349243,0,2026-01-02 04:00:00+00:00
1767340800000,2.0106899738311768,2.010730028152466,2.0064399242401123,2.008729934692383,0,2026-01-02 08:00:00+00:00
1767355200000,2.008690118789673,2.0187699794769287,2.007810115814209,2.0181000232696533,0,2026-01-02 12:00:00+00:00
1767369600000,2.018019914627075,2.018939971923828,2.011240005493164,2.011460065841675,0,2026-01-02 16:00:00+00:00
1767384000000,2.0114500522613525,2.0117599964141846,2.0079500675201416,2.010859966278076,0,2026-01-02 20:00:00+00:00
1767571200000,2.010349988937378,2.0137100219726562,2.0080699920654297,2.0109899044036865,0,2026-01-05 00:00:00+00:00
1767585600000,2.010859966278076,2.0132100582122803,2.009730100631714,2.0102100372314453,0,2026-01-05 04:00:00+00:00
1767600000000,2.0102601051330566,2.0145299434661865,2.0100998878479004,2.0134999752044678,0,2026-01-05 08:00:00+00:00
1767614400000,2.0134999752044678,2.016239881515503,2.0105700492858887,2.0128300189971924,0,2026-01-05 12:00:00+00:00
1767628800000,2.0128800868988037,2.01705002784729,2.012049913406372,2.0163300037384033,0,2026-01-05 16:00:00+00:00
1767643200000,2.0163300037384033,2.017129898071289,2.0149500370025635,2.01567006111145,0,2026-01-05 20:00:00+00:00
1767657600000,2.0155699253082275,2.0188701152801514,2.015170097351074,2.016819953918457,0,2026-01-06 00:00:00+00:00
1767672000000,2.0169599056243896,2.017159938812256,2.0115199089050293,2.013010025024414,0,2026-01-06 04:00:00+00:00
1767686400000,2.013040065765381,2.016849994659424,2.0119099617004395,2.0124800205230713,0,2026-01-06 08:00:00+00:00
1767700800000,2.0126399993896484,2.0130999088287354,2.006319999694824,2.006969928741455,0,2026-01-06 12:00:00+00:00
1767715200000,2.007009983062744,2.0072200298309326,2.003340005874634,2.0051798820495605,0,2026-01-06 16:00:00+00:00
1767729600000,2.005189895629883,2.0053999423980713,2.0007801055908203,2.0040600299835205,0,2026-01-06 20:00:00+00:00
1767744000000,2.004159927368164,2.009619951248169,1.999500036239624,1.9998699426651,0,2026-01-07 00:00:00+00:00
1767758400000,1.999899983406067,2.002890110015869,1.9965800046920776,2.00177001953125,0,2026-01-07 04:00:00+00:00
1767772800000,2.001800060272217,2.0043399333953857,2.0010299682617188,2.003230094909668,0,2026-01-07 08:00:00+00:00
1767787200000,2.0032498836517334,2.005000114440918,1.9992599487304688,2.003690004348755,0,2026-01-07 12:00:00+00:00
1767801600000,2.0037899017333984,2.0048000812530518,2.000420093536377,2.0011699199676514,0,2026-01-07 16:00:00+00:00
1767816000000,2.001230001449585,2.0036098957061768,2.0005500316619873,2.0019900798797607,0,2026-01-07 20:00:00+00:00
1767830400000,2.0019500255584717,2.0063300132751465,2.000570058822632,2.0054099559783936,0,2026-01-08 00:00:00+00:00
1767844800000,2.005340099334717,2.0109200477600098,2.004879951477051,2.0077900886535645,0,2026-01-08 04:00:00+00:00
1767859200000,2.0077900886535645,2.0087499618530273,2.0045900344848633,2.0074000358581543,0,2026-01-08 08:00:00+00:00
1767873600000,2.007280111312866,2.0083301067352295,2.0047600269317627,2.006540060043335,0,2026-01-08 12:00:00+00:00
1767888000000,2.006469964981079,2.0084800720214844,2.005769968032837,2.0065300464630127,0,2026-01-08 16:00:00+00:00
1767902400000,2.0065300464630127,2.007080078125,2.000880002975464,2.0056800842285156,0,2026-01-08 20:00:00+00:00
1767916800000,2.00570011138916,2.007699966430664,2.0047500133514404,2.0069799423217773,0,2026-01-09 00:00:00+00:00
1767931200000,2.0069799423217773,2.009779930114746,2.005120038986206,2.009619951248169,0,2026-01-09 04:00:00+00:00
1767945600000,2.0096099376678467,2.0105600357055664,2.0056099891662598,2.006999969482422,0,2026-01-09 08:00:00+00:00
1767960000000,2.006930112838745,2.0109000205993652,2.0053999423980713,2.008359909057617,0,2026-01-09 12:00:00+00:00
1767974400000,2.0083699226379395,2.0085699558258057,2.0046799182891846,2.0048699378967285,0,2026-01-09 16:00:00+00:00
1767988800000,2.004879951477051,2.0050599575042725,2.001739978790283,2.0042901039123535,0,2026-01-09 20:00:00+00:00
1768176000000,2.003040075302124,2.005270004272461,2.0026700496673584,2.0035500526428223,0,2026-01-12 00:00:00+00:00
1768190400000,2.0034799575805664,2.0062201023101807,2.0031399726867676,2.0050199031829834,0,2026-01-12 04:00:00+00:00
1768204800000,2.00504994392395,2.007930040359497,2.0040700435638428,2.0069398880004883,0,2026-01-12 08:00:00+00:00
1768219200000,2.006999969482422,2.0091300010681152,2.00504994392395,2.0052099227905273,0,2026-01-12 12:00:00+00:00
1768233600000,2.0051798820495605,2.005889892578125,2.0033299922943115,2.005460023880005,0,2026-01-12 16:00:00+00:00
1768248000000,2.005460023880005,2.007580041885376,2.0029399394989014,2.0073800086975098,0,2026-01-12 20:00:00+00:00
1768262400000,2.007240056991577,2.0085699558258057,2.006040096282959,2.0073399543762207,0,2026-01-13 00:00:00+00:00
1768276800000,2.0073399543762207,2.009049892425537,2.007080078125,2.0085699558258057,0,2026-01-13 04:00:00+00:00
1768291200000,2.008470058441162,2.011389970779419,2.007970094680786,2.0093801021575928,0,2026-01-13 08:00:00+00:00
1768305600000,2.0093801021575928,2.01282000541687,2.0044000148773193,2.010080099105835,0,2026-01-13 12:00:00+00:00
1768320000000,2.010119915008545,2.012310028076172,2.0091300010681152,2.0106399059295654,0,2026-01-13 16:00:00+00:00
1768334400000,2.0106399059295654,2.0109500885009766,2.0054900646209717,2.0088000297546387,0,2026-01-13 20:00:00+00:00
1768348800000,2.008820056915283,2.00996994972229,2.0066099166870117,2.0068600177764893,0,2026-01-14 00:00:00+00:00
1768363200000,2.0067598819732666,2.0076100826263428,2.0058000087738037,2.0072898864746094,0,2026-01-14 04:00:00+00:00
1768377600000,2.007270097732544,2.013439893722534,2.0070900917053223,2.0127499103546143,0,2026-01-14 08:00:00+00:00
1768392000000,2.0127499103546143,2.014430046081543,2.0104799270629883,2.013309955596924,0,2026-01-14 12:00:00+00:00
1768406400000,2.0133399963378906,2.0136098861694336,2.0097200870513916,2.0106101036071777,0,2026-01-14 16:00:00+00:00
1768420800000,2.010629892349243,2.013010025024414,2.0084800720214844,2.011240005493164,0,2026-01-14 20:00:00+00:00
1768435200000,2.0110700130462646,2.013859987258911,2.0090599060058594,2.012389898300171,0,2026-01-15 00:00:00+00:00
1768449600000,2.012269973754883,2.0126500129699707,2.0088798999786377,2.010129928588867,0,2026-01-15 04:00:00+00:00
1768464000000,2.0100700855255127,2.0109100341796875,2.0027899742126465,2.0034799575805664,0,2026-01-15 08:00:00+00:00
1768478400000,2.003499984741211,2.004189968109131,1.99753999710083,1.9978200197219849,0,2026-01-15 12:00:00+00:00
1768492800000,1.9978200197219849,1.9979900121688843,1.9951200485229492,1.9971599578857422,0,2026-01-15 16:00:00+00:00
1768507200000,1.9971599578857422,1.9980599880218506,1.9946000576019287,1.9966800212860107,0,2026-01-15 20:00:00+00:00
1768521600000,1.9966299533843994,1.9986599683761597,1.9958200454711914,1.9972200393676758,0,2026-01-16 00:00:00+00:00
1768536000000,1.9973599910736084,1.9984699487686157,1.9960999488830566,1.9983700513839722,0,2026-01-16 04:00:00+00:00
1768550400000,1.9984899759292603,2.000200033187866,1.9972399473190308,1.9999099969863892,0,2026-01-16 08:00:00+00:00
1768564800000,1.9999099969863892,2.00423002243042,1.998460054397583,2.0026800632476807,0,2026-01-16 12:00:00+00:00
1768579200000,2.002690076828003,2.003580093383789,2.001579999923706,2.001960039138794,0,2026-01-16 16:00:00+00:00
1768593600000,2.0019800662994385,2.0023000240325928,1.9997800588607788,2.0018301010131836,0,2026-01-16 20:00:00+00:00
1768780800000,2.0038399696350098,2.004970073699951,2.001110076904297,2.0018599033355713,0,2026-01-19 00:00:00+00:00
1768795200000,2.0018599033355713,2.002769947052002,1.9996099472045898,2.0012800693511963,0,2026-01-19 04:00:00+00:00
1768809600000,2.001310110092163,2.003269910812378,1.9997700452804565,2.000380039215088,0,2026-01-19 08:00:00+00:00
1768824000000,2.000339984893799,2.00108003616333,1.9988800287246704,1.9997199773788452,0,2026-01-19 12:00:00+00:00
1768838400000,1.9998500347137451,2.0009500980377197,1.999169945716858,1.9995700120925903,0,2026-01-19 16:00:00+00:00
1768852800000,1.9995700120925903,2.00137996673584,1.996880054473877,1.9998899698257446,0,2026-01-19 20:00:00+00:00
1768867200000,1.9999799728393555,2.0005600452423096,1.9966700077056885,1.9969600439071655,0,2026-01-20 00:00:00+00:00
1768881600000,1.9970500469207764,1.9994800090789795,1.9940199851989746,1.9981000423431396,0,2026-01-20 04:00:00+00:00
1768896000000,1.9980900287628174,2.0045299530029297,1.9979900121688843,1.9987399578094482,0,2026-01-20 08:00:00+00:00
1768910400000,1.9987399578094482,2.0006000995635986,1.99590003490448,1.9959299564361572,0,2026-01-20 12:00:00+00:00
1768924800000,1.99590003490448,1.9982600212097168,1.994070053100586,1.9943100214004517,0,2026-01-20 16:00:00+00:00
1768939200000,1.9942899942398071,1.9970999956130981,1.9930599927902222,1.9965699911117554,0,2026-01-20 20:00:00+00:00
1768953600000,1.9965200424194336,1.996840000152588,1.994439959526062,1.9962899684906006,0,2026-01-21 00:00:00+00:00
1768968000000,1.996209979057312,1.9969799518585205,1.9893100261688232,1.9906500577926636,0,2026-01-21 04:00:00+00:00
1768982400000,1.9906599521636963,1.9912899732589722,1.9855999946594238,1.9865399599075317,0,2026-01-21 08:00:00+00:00
1768996800000,1.9865399599075317,1.9877099990844727,1.9821799993515015,1.9830199480056763,0,2026-01-21 12:00:00+00:00
1769011200000,1.9830299615859985,1.987779974937439,1.9830299615859985,1.9848899841308594,0,2026-01-21 16:00:00+00:00
1769025600000,1.984969973564148,1.987339973449707,1.9834599494934082,1.9864799976348877,0,2026-01-21 20:00:00+00:00
1769040000000,1.986430048942566,1.9866199493408203,1.9731899499893188,1.9737099409103394,0,2026-01-22 00:00:00+00:00
1769054400000,1.9736900329589844,1.97461998462677,1.9711600542068481,1.9739400148391724,0,2026-01-22 04:00:00+00:00
1769068800000,1.9739199876785278,1.9775400161743164,1.9708199501037598,1.9728599786758423,0,2026-01-22 08:00:00+00:00
1769083200000,1.9727699756622314,1.9764900207519531,1.9678399562835693,1.9744700193405151,0,2026-01-22 12:00:00+00:00
1769097600000,1.9745099544525146,1.9757100343704224,1.9709700345993042,1.9722700119018555,0,2026-01-22 16:00:00+00:00
1769112000000,1.9722299575805664,1.97475004196167,1.9697599411010742,1.9735900163650513,0,2026-01-22 20:00:00+00:00
1769126400000,1.9736599922180176,1.973770022392273,1.970020055770874,1.9713599681854248,0,2026-01-23 00:00:00+00:00
1769140800000,1.971269965171814,1.973099946975708,1.9677000045776367,1.9716999530792236,0,2026-01-23 04:00:00+00:00
1769155200000,1.9715800285339355,1.9802099466323853,1.9701299667358398,1.9727200269699097,0,2026-01-23 08:00:00+00:00
1769169600000,1.9727100133895874,1.974679946899414,1.9700700044631958,1.9736599922180176,0,2026-01-23 12:00:00+00:00
1769184000000,1.9736700057983398,1.9786399602890015,1.9732099771499634,1.9780700206756592,0,2026-01-23 16:00:00+00:00
1769198400000,1.9781700372695923,1.9788899421691895,1.975790023803711,1.9767800569534302,0,2026-01-23 20:00:00+00:00
1769385600000,1.9762699604034424,1.9766099452972412,1.9733599424362183,1.9758800268173218,0,2026-01-26 00:00:00+00:00
1769400000000,1.975950002670288,1.9773800373077393,1.9739999771118164,1.974519968032837,0,2026-01-26 04:00:00+00:00
1769414400000,1.974519968032837,1.9765100479125977,1.9727200269699097,1.9744199514389038,0,2026-01-26 08:00:00+00:00
1769428800000,1.974429965019226,1.9773399829864502,1.9722399711608887,1.9753199815750122,0,2026-01-26 12:00:00+00:00
1769443200000,1.9753299951553345,1.9782999753952026,1.9734899997711182,1.9774500131607056,0,2026-01-26 16:00:00+00:00
1769457600000,1.977489948272705,1.9794399738311768,1.975250005722046,1.978060007095337,0,2026-01-26 20:00:00+00:00
1769472000000,1.9777799844741821,1.9808299541473389,1.9763799905776978,1.9785200357437134,0,2026-01-27 00:00:00+00:00
1769486400000,1.9783999919891357,1.9800399541854858,1.9767800569534302,1.9773099422454834,0,2026-01-27 04:00:00+00:00
1769500800000,1.9771599769592285,1.9802700281143188,1.9759700298309326,1.9778900146484375,0,2026-01-27 08:00:00+00:00
1769515200000,1.9779399633407593,1.9790400266647339,1.9730900526046753,1.974179983139038,0,2026-01-27 12:00:00+00:00
1769529600000,1.974179983139038,1.976580023765564,1.9730900526046753,1.9746099710464478,0,2026-01-27 16:00:00+00:00
1769544000000,1.9746400117874146,1.9783600568771362,1.970639944076538,1.9757499694824219,0,2026-01-27 20:00:00+00:00
1769558400000,1.9760099649429321,1.9767500162124634,1.9685100317001343,1.97406005859375,0,2026-01-28 00:00:00+00:00
1769572800000,1.9739999771118164,1.9751700162887573,1.9698100090026855,1.971809983253479,0,2026-01-28 04:00:00+00:00
1769587200000,1.971809983253479,1.972059965133667,1.9659199714660645,1.9664000272750854,0,2026-01-28 08:00:00+00:00
1769601600000,1.966380000114441,1.971119999885559,1.9663100242614746,1.970289945602417,0,2026-01-28 12:00:00+00:00
1769616000000,1.970229983329773,1.9722700119018555,1.966860055923462,1.9675999879837036,0,2026-01-28 16:00:00+00:00
1769630400000,1.9677200317382812,1.967829942703247,1.9579600095748901,1.964269995689392,0,2026-01-28 20:00:00+00:00
1769644800000,1.9641200304031372,1.9658600091934204,1.9537999629974365,1.9539599418640137,0,2026-01-29 00:00:00+00:00
1769659200000,1.9540799856185913,1.957319974899292,1.9505900144577026,1.9564900398254395,0,2026-01-29 04:00:00+00:00
1769673600000,1.9566400051116943,1.9620100259780884,1.9547200202941895,1.959820032119751,0,2026-01-29 08:00:00+00:00
1769688000000,1.9598100185394287,1.9726300239562988,1.952299952507019,1.9723600149154663,0,2026-01-29 12:00:00+00:00
1769702400000,1.9724600315093994,1.972540020942688,1.9608700275421143,1.9629499912261963,0,2026-01-29 16:00:00+00:00
1769716800000,1.9629499912261963,1.9632400274276733,1.9550199508666992,1.9590100049972534,0,2026-01-29 20:00:00+00:00
1769731200000,1.959130048751831,1.9703400135040283,1.9580299854278564,1.9652400016784668,0,2026-01-30 00:00:00+00:00
1769745600000,1.9652600288391113,1.9690899848937988,1.963230013847351,1.967519998550415,0,2026-01-30 04:00:00+00:00
1769760000000,1.9673500061035156,1.9698699712753296,1.9613900184631348,1.9617300033569336,0,2026-01-30 08:00:00+00:00
1769774400000,1.9618899822235107,1.9667600393295288,1.9573700428009033,1.9588099718093872,0,2026-01-30 12:00:00+00:00
1770048000000,1.9669300317764282,1.967560052871704,1.966040015220642,1.9665499925613403,0,2026-02-02 16:00:00+00:00
1770062400000,1.9666099548339844,1.9675500392913818,1.962649941444397,1.965559959411621,0,2026-02-02 20:00:00+00:00
1770076800000,1.9649300575256348,1.9652899503707886,1.9477200508117676,1.9485000371932983,0,2026-02-03 00:00:00+00:00
1770091200000,1.9485299587249756,1.9548100233078003,1.9429500102996826,1.9446300268173218,0,2026-02-03 04:00:00+00:00
1770105600000,1.944659948348999,1.9529600143432617,1.94268000125885,1.950160026550293,0,2026-02-03 08:00:00+00:00
1770120000000,1.9502700567245483,1.9576300382614136,1.9493800401687622,1.9536199569702148,0,2026-02-03 12:00:00+00:00
1770134400000,1.9536000490188599,1.9553500413894653,1.9506800174713135,1.9533900022506714,0,2026-02-03 16:00:00+00:00
1770148800000,1.9533799886703491,1.9540499448776245,1.948099970817566,1.9503300189971924,0,2026-02-03 20:00:00+00:00
1770163200000,1.9501800537109375,1.9529199600219727,1.9478700160980225,1.9518100023269653,0,2026-02-04 00:00:00+00:00
1770177600000,1.951889991760254,1.953089952468872,1.9491100311279297,1.949779987335205,0,2026-02-04 04:00:00+00:00
1770192000000,1.9497599601745605,1.9545600414276123,1.9486199617385864,1.952489972114563,0,2026-02-04 08:00:00+00:00
1770206400000,1.9523999691009521,1.9532699584960938,1.948240041732788,1.9523299932479858,0,2026-02-04 12:00:00+00:00
1770220800000,1.9523199796676636,1.9579099416732788,1.9506800174713135,1.9522500038146973,0,2026-02-04 16:00:00+00:00
1770235200000,1.9521700143814087,1.953570008277893,1.9475300312042236,1.9506200551986694,0,2026-02-04 20:00:00+00:00
1770249600000,1.9507100582122803,1.9585299491882324,1.9478000402450562,1.9563000202178955,0,2026-02-05 00:00:00+00:00
1770264000000,1.9562900066375732,1.9564299583435059,1.9506299495697021,1.9523899555206299,0,2026-02-05 04:00:00+00:00
1770278400000,1.952370047569275,1.9524999856948853,1.9439200162887573,1.9498499631881714,0,2026-02-05 08:00:00+00:00
1770292800000,1.9497699737548828,1.9501399993896484,1.940269947052002,1.945580005645752,0,2026-02-05 12:00:00+00:00
1770307200000,1.9456000328063965,1.9470000267028809,1.9420599937438965,1.9466500282287598,0,2026-02-05 16:00:00+00:00
1770321600000,1.9466500282287598,1.9560999870300293,1.9448299407958984,1.9551000595092773,0,2026-02-05 20:00:00+00:00
1770336000000,1.9548699855804443,1.9586600065231323,1.9501899480819702,1.951550006866455,0,2026-02-06 00:00:00+00:00
1770350400000,1.951550006866455,1.9539300203323364,1.9489200115203857,1.9491599798202515,0,2026-02-06 04:00:00+00:00
1770364800000,1.9504499435424805,1.9506299495697021,1.9441499710083008,1.9444799423217773,0,2026-02-06 08:00:00+00:00
1770379200000,1.944409966468811,1.947119951248169,1.9399000406265259,1.9432200193405151,0,2026-02-06 12:00:00+00:00
1770393600000,1.9431400299072266,1.9432400465011597,1.937459945678711,1.9402899742126465,0,2026-02-06 16:00:00+00:00
1770408000000,1.9403300285339355,1.940690040588379,1.937540054321289,1.9401600360870361,0,2026-02-06 20:00:00+00:00
1770595200000,1.9341200590133667,1.9389400482177734,1.9341200590133667,1.9364999532699585,0,2026-02-09 00:00:00+00:00
1770609600000,1.9364999532699585,1.9374500513076782,1.931689977645874,1.9342600107192993,0,2026-02-09 04:00:00+00:00
1770624000000,1.9343199729919434,1.9396899938583374,1.93094003200531,1.9380300045013428,0,2026-02-09 08:00:00+00:00
1770638400000,1.9381999969482422,1.938420057296753,1.9261499643325806,1.9294400215148926,0,2026-02-09 12:00:00+00:00
1770652800000,1.9295300245285034,1.9311800003051758,1.9274799823760986,1.9300899505615234,0,2026-02-09 16:00:00+00:00
1770667200000,1.9300800561904907,1.9320600032806396,1.9272099733352661,1.9312399625778198,0,2026-02-09 20:00:00+00:00
1770681600000,1.931439995765686,1.934440016746521,1.9302300214767456,1.9338799715042114,0,2026-02-10 00:00:00+00:00
1770696000000,1.9339200258255005,1.9352999925613403,1.9327800273895264,1.9333900213241577,0,2026-02-10 04:00:00+00:00
1770710400000,1.9332900047302246,1.9342299699783325,1.9304800033569336,1.931399941444397,0,2026-02-10 08:00:00+00:00
1770724800000,1.9313600063323975,1.9365299940109253,1.9289400577545166,1.9298800230026245,0,2026-02-10 12:00:00+00:00
1770739200000,1.929960012435913,1.9329500198364258,1.9282699823379517,1.9289499521255493,0,2026-02-10 16:00:00+00:00
1770753600000,1.929029941558838,1.9313299655914307,1.9264500141143799,1.9270199537277222,0,2026-02-10 20:00:00+00:00
1770768000000,1.9270800352096558,1.9274200201034546,1.916890025138855,1.917549967765808,0,2026-02-11 00:00:00+00:00
1770782400000,1.9174400568008423,1.9243199825286865,1.9171099662780762,1.9236500263214111,0,2026-02-11 04:00:00+00:00
1770796800000,1.9236799478530884,1.927090048789978,1.922950029373169,1.9249999523162842,0,2026-02-11 08:00:00+00:00
1770811200000,1.9251199960708618,1.9259400367736816,1.915120005607605,1.9179600477218628,0,2026-02-11 12:00:00+00:00
1770825600000,1.9179999828338623,1.91989004611969,1.9103399515151978,1.9120099544525146,0,2026-02-11 16:00:00+00:00
1770840000000,1.9120299816131592,1.9131900072097778,1.9084500074386597,1.9118900299072266,0,2026-02-11 20:00:00+00:00
1770854400000,1.9118399620056152,1.9128700494766235,1.9078799486160278,1.9117799997329712,0,2026-02-12 00:00:00+00:00
1770868800000,1.9117900133132935,1.9152599573135376,1.9101899862289429,1.9146699905395508,0,2026-02-12 04:00:00+00:00
1770883200000,1.9146900177001953,1.9181300401687622,1.9137500524520874,1.91457998752594,0,2026-02-12 08:00:00+00:00
1770897600000,1.9145100116729736,1.9189800024032593,1.911120057106018,1.9140100479125977,0,2026-02-12 12:00:00+00:00
1770912000000,1.913930058479309,1.9228299856185913,1.9138699769973755,1.9199399948120117,0,2026-02-12 16:00:00+00:00
1770926400000,1.9198100566864014,1.9224400520324707,1.9175000190734863,1.921180009841919,0,2026-02-12 20:00:00+00:00
1770940800000,1.9210799932479858,1.9229600429534912,1.9187099933624268,1.9220099449157715,0,2026-02-13 00:00:00+00:00
1770955200000,1.921839952468872,1.929819941520691,1.919950008392334,1.9282000064849854,0,2026-02-13 04:00:00+00:00
1770969600000,1.9281799793243408,1.9309600591659546,1.9248299598693848,1.929260015487671,0,2026-02-13 08:00:00+00:00
1770984000000,1.9293299913406372,1.9327900409698486,1.9256000518798828,1.9279299974441528,0,2026-02-13 12:00:00+00:00
1770998400000,1.9278299808502197,1.9307899475097656,1.9263900518417358,1.9292199611663818,0,2026-02-13 16:00:00+00:00
1771012800000,1.9292700290679932,1.9310100078582764,1.9278899431228638,1.930050015449524,0,2026-02-13 20:00:00+00:00
1771200000000,1.929669976234436,1.9304300546646118,1.9249099493026733,1.9256000518798828,0,2026-02-16 00:00:00+00:00
1771214400000,1.9255000352859497,1.9256800413131714,1.9233700037002563,1.9249800443649292,0,2026-02-16 04:00:00+00:00
1771228800000,1.9249600172042847,1.9280999898910522,1.9241000413894653,1.9261800050735474,0,2026-02-16 08:00:00+00:00
1771243200000,1.9261200428009033,1.9285999536514282,1.9241299629211426,1.9284600019454956,0,2026-02-16 12:00:00+00:00
1771257600000,1.9285600185394287,1.9286600351333618,1.9261000156402588,1.926550030708313,0,2026-02-16 16:00:00+00:00
1771272000000,1.926550030708313,1.928130030632019,1.9240700006484985,1.9267499446868896,0,2026-02-16 20:00:00+00:00
1771286400000,1.9265400171279907,1.9310100078582764,1.925089955329895,1.9293800592422485,0,2026-02-17 00:00:00+00:00
1771300800000,1.929360032081604,1.929479956626892,1.918619990348816,1.91975998878479,0,2026-02-17 04:00:00+00:00
1771315200000,1.9198100566864014,1.9243700504302979,1.918720006942749,1.9208699464797974,0,2026-02-17 08:00:00+00:00
1771329600000,1.9207099676132202,1.922070026397705,1.9166300296783447,1.9170900583267212,0,2026-02-17 12:00:00+00:00
1771344000000,1.9170500040054321,1.9191399812698364,1.9125399589538574,1.9148099422454834,0,2026-02-17 16:00:00+00:00
1771358400000,1.9148199558258057,1.916700005531311,1.9108200073242188,1.9150899648666382,0,2026-02-17 20:00:00+00:00
1771372800000,1.9149800539016724,1.918370008468628,1.9144799709320068,1.9171500205993652,0,2026-02-18 00:00:00+00:00
1771387200000,1.9171799421310425,1.920009970664978,1.9159300327301025,1.9181699752807617,0,2026-02-18 04:00:00+00:00
1771401600000,1.9180999994277954,1.9196399450302124,1.9162299633026123,1.9194400310516357,0,2026-02-18 08:00:00+00:00
1771416000000,1.9195400476455688,1.9213600158691406,1.9139399528503418,1.9153300523757935,0,2026-02-18 12:00:00+00:00
1771430400000,1.9152899980545044,1.9186700582504272,1.9132299423217773,1.9180699586868286,0,2026-02-18 16:00:00+00:00
1771444800000,1.9180699586868286,1.91867995262146,1.9137300252914429,1.9157600402832031,0,2026-02-18 20:00:00+00:00
1771459200000,1.9160699844360352,1.9171299934387207,1.9084199666976929,1.9096499681472778,0,2026-02-19 00:00:00+00:00
1771473600000,1.9096499681472778,1.9135899543762207,1.9084800481796265,1.9096499681472778,0,2026-02-19 04:00:00+00:00
1771488000000,1.9096299409866333,1.913450002670288,1.9086300134658813,1.91103994846344,0,2026-02-19 08:00:00+00:00
1771502400000,1.9110300540924072,1.9127899408340454,1.9061800241470337,1.9062000513076782,0,2026-02-19 12:00:00+00:00
1771516800000,1.9063400030136108,1.9094300270080566,1.9052200317382812,1.9084899425506592,0,2026-02-19 16:00:00+00:00
1771531200000,1.9084999561309814,1.9088300466537476,1.9060100317001343,1.907670021057129,0,2026-02-19 20:00:00+00:00
1771545600000,1.907439947128296,1.9155499935150146,1.9071799516677856,1.9119999408721924,0,2026-02-20 00:00:00+00:00
1771560000000,1.9120999574661255,1.9127299785614014,1.9072200059890747,1.9092799425125122,0,2026-02-20 04:00:00+00:00
1771574400000,1.9092799425125122,1.9120099544525146,1.904539942741394,1.9112600088119507,0,2026-02-20 08:00:00+00:00
1771588800000,1.9112600088119507,1.9140900373458862,1.9043699502944946,1.9051799774169922,0,2026-02-20 12:00:00+00:00
1771603200000,1.9052900075912476,1.908769965171814,1.903480052947998,1.904979944229126,0,2026-02-20 16:00:00+00:00
1771617600000,1.9048899412155151,1.9050099849700928,1.9004499912261963,1.9029699563980103,0,2026-02-20 20:00:00+00:00
1771804800000,1.9026600122451782,1.9125800132751465,1.9026000499725342,1.9118000268936157,0,2026-02-23 00:00:00+00:00
1771819200000,1.9118599891662598,1.9124200344085693,1.9095499515533447,1.9100600481033325,0,2026-02-23 04:00:00+00:00
1771833600000,1.9100600481033325,1.9106199741363525,1.9061199426651,1.9079899787902832,0,2026-02-23 08:00:00+00:00
1771848000000,1.9078999757766724,1.9119499921798706,1.9074000120162964,1.9113399982452393,0,2026-02-23 12:00:00+00:00
1771862400000,1.9112800359725952,1.913409948348999,1.9102200269699097,1.9118499755859375,0,2026-02-23 16:00:00+00:00
1771876800000,1.9118200540542603,1.9134999513626099,1.9093300104141235,1.9114999771118164,0,2026-02-23 20:00:00+00:00
1771891200000,1.9113500118255615,1.9123400449752808,1.9084999561309814,1.9088599681854248,0,2026-02-24 00:00:00+00:00
1771905600000,1.9088599681854248,1.910290002822876,1.905869960784912,1.9068900346755981,0,2026-02-24 04:00:00+00:00
1771920000000,1.9067399501800537,1.914430022239685,1.9063299894332886,1.9136699438095093,0,2026-02-24 08:00:00+00:00
1771934400000,1.9136699438095093,1.9185400009155273,1.9131699800491333,1.9162100553512573,0,2026-02-24 12:00:00+00:00
1771948800000,1.9161200523376465,1.9163099527359009,1.9121700525283813,1.91225004196167,0,2026-02-24 16:00:00+00:00
1771963200000,1.9123300313949585,1.9126100540161133,1.9084999561309814,1.9117399454116821,0,2026-02-24 20:00:00+00:00
1771977600000,1.911810040473938,1.9121700525283813,1.9018900394439697,1.9028799533843994,0,2026-02-25 00:00:00+00:00
1771992000000,1.9028199911117554,1.9042099714279175,1.9005299806594849,1.9040700197219849,0,2026-02-25 04:00:00+00:00
1772006400000,1.9039299488067627,1.908229947090149,1.9026700258255005,1.9072799682617188,0,2026-02-25 08:00:00+00:00
1772020800000,1.9072699546813965,1.907639980316162,1.903290033340454,1.9036200046539307,0,2026-02-25 12:00:00+00:00
1772035200000,1.9037200212478638,1.9051200151443481,1.901900053024292,1.9025299549102783,0,2026-02-25 16:00:00+00:00
1772049600000,1.902459979057312,1.9058799743652344,1.9003299474716187,1.904099941253662,0,2026-02-25 20:00:00+00:00
1772064000000,1.903980016708374,1.9055299758911133,1.9015799760818481,1.9028700590133667,0,2026-02-26 00:00:00+00:00
1772078400000,1.9028700590133667,1.9032399654388428,1.9003000259399414,1.9016300439834595,0,2026-02-26 04:00:00+00:00
1772092800000,1.9018199443817139,1.902940034866333,1.8994300365447998,1.902609944343567,0,2026-02-26 08:00:00+00:00
1772107200000,1.9024900197982788,1.910730004310608,1.9014699459075928,1.9035600423812866,0,2026-02-26 12:00:00+00:00
1772121600000,1.9035300016403198,1.9049400091171265,1.8965500593185425,1.8972300291061401,0,2026-02-26 16:00:00+00:00
1772136000000,1.8972300291061401,1.8998299837112427,1.8938900232315063,1.8996399641036987,0,2026-02-26 20:00:00+00:00
1772150400000,1.8992600440979004,1.900439977645874,1.8939599990844727,1.8952200412750244,0,2026-02-27 00:00:00+00:00
1772164800000,1.8953100442886353,1.8956199884414673,1.8894799947738647,1.8933700323104858,0,2026-02-27 04:00:00+00:00
1772179200000,1.8933000564575195,1.8977500200271606,1.8932100534439087,1.8945200443267822,0,2026-02-27 08:00:00+00:00
1772193600000,1.8945800065994263,1.896780014038086,1.8861299753189087,1.8864200115203857,0,2026-02-27 12:00:00+00:00
1772208000000,1.886489987373352,1.8955899477005005,1.88618004322052,1.8948099613189697,0,2026-02-27 16:00:00+00:00
1772222400000,1.894819974899292,1.8955199718475342,1.8915899991989136,1.8946199417114258,0,2026-02-27 20:00:00+00:00
1772409600000,1.899590015411377,1.9003100395202637,1.890120029449463,1.8912999629974365,0,2026-03-02 00:00:00+00:00
1772424000000,1.8912400007247925,1.8958100080490112,1.8908499479293823,1.8930699825286865,0,2026-03-02 04:00:00+00:00
1772438400000,1.8929599523544312,1.8940399885177612,1.8854800462722778,1.8931699991226196,0,2026-03-02 08:00:00+00:00
1772452800000,1.8933000564575195,1.8985300064086914,1.891569972038269,1.8943599462509155,0,2026-03-02 12:00:00+00:00
1772467200000,1.8943599462509155,1.8964600563049316,1.88919997215271,1.890239953994751,0,2026-03-02 16:00:00+00:00
1772481600000,1.8901300430297852,1.8929400444030762,1.884809970855713,1.8872699737548828,0,2026-03-02 20:00:00+00:00
1772496000000,1.8876500129699707,1.8904600143432617,1.8841300010681152,1.8847600221633911,0,2026-03-03 00:00:00+00:00
1772510400000,1.8847099542617798,1.886680006980896,1.8802399635314941,1.883929967880249,0,2026-03-03 04:00:00+00:00
1772524800000,1.884060025215149,1.8944300413131714,1.8821699619293213,1.8917499780654907,0,2026-03-03 08:00:00+00:00
1772539200000,1.8918399810791016,1.9108099937438965,1.8909900188446045,1.9013700485229492,0,2026-03-03 12:00:00+00:00
1772553600000,1.9013999700546265,1.9022200107574463,1.8935500383377075,1.8962199687957764,0,2026-03-03 16:00:00+00:00
1772568000000,1.8962299823760986,1.8995100259780884,1.8945200443267822,1.8963299989700317,0,2026-03-03 20:00:00+00:00
1772582400000,1.8965699672698975,1.905500054359436,1.8954499959945679,1.9033199548721313,0,2026-03-04 00:00:00+00:00
1772596800000,1.9033000469207764,1.9057199954986572,1.8975900411605835,1.9001699686050415,0,2026-03-04 04:00:00+00:00
1772611200000,1.900130033493042,1.9022400379180908,1.8935600519180298,1.8976000547409058,0,2026-03-04 08:00:00+00:00
1772625600000,1.8975900411605835,1.899209976196289,1.8894799947738647,1.8899400234222412,0,2026-03-04 12:00:00+00:00
1772640000000,1.8899099826812744,1.8918499946594238,1.8868299722671509,1.8881900310516357,0,2026-03-04 16:00:00+00:00
1772654400000,1.888219952583313,1.8904800415039062,1.8868800401687622,1.8891899585723877,0,2026-03-04 20:00:00+00:00
1772668800000,1.8894399404525757,1.8924700021743774,1.8877300024032593,1.8916499614715576,0,2026-03-05 00:00:00+00:00
1772683200000,1.8915499448776245,1.8971099853515625,1.8892600536346436,1.8963799476623535,0,2026-03-05 04:00:00+00:00
1772697600000,1.8962700366973877,1.8991999626159668,1.8907599449157715,1.8948800563812256,0,2026-03-05 08:00:00+00:00
1772712000000,1.8949600458145142,1.9016300439834595,1.8939499855041504,1.8996200561523438,0,2026-03-05 12:00:00+00:00
1772726400000,1.899549961090088,1.9097199440002441,1.8993099927902222,1.9077600240707397,0,2026-03-05 16:00:00+00:00
1772740800000,1.9076800346374512,1.9087799787521362,1.9013500213623047,1.9050500392913818,0,2026-03-05 20:00:00+00:00
1772755200000,1.9050899744033813,1.9056899547576904,1.898710012435913,1.8995100259780884,0,2026-03-06 00:00:00+00:00
1772769600000,1.8994699716567993,1.9012600183486938,1.8969000577926636,1.8978699445724487,0,2026-03-06 04:00:00+00:00
1772784000000,1.8979099988937378,1.905460000038147,1.897379994392395,1.904379963874817,0,2026-03-06 08:00:00+00:00
1772798400000,1.904360055923462,1.9114099740982056,1.9017800092697144,1.9071500301361084,0,2026-03-06 12:00:00+00:00
1772812800000,1.9071500301361084,1.9100199937820435,1.905210018157959,1.9053599834442139,0,2026-03-06 16:00:00+00:00
1772827200000,1.9053499698638916,1.9077600240707397,1.904420018196106,1.9077099561691284,0,2026-03-06 20:00:00+00:00
1773014400000,1.909060001373291,1.911679983139038,1.9010100364685059,1.9014899730682373,0,2026-03-09 00:00:00+00:00
1773028800000,1.9015100002288818,1.905019998550415,1.8975600004196167,1.9036099910736084,0,2026-03-09 04:00:00+00:00
1773043200000,1.9035199880599976,1.906559944152832,1.899549961090088,1.9029200077056885,0,2026-03-09 08:00:00+00:00
1773057600000,1.9028700590133667,1.905460000038147,1.8975000381469727,1.9010599851608276,0,2026-03-09 12:00:00+00:00
1773072000000,1.9010800123214722,1.9034099578857422,1.89752995967865,1.8995599746704102,0,2026-03-09 16:00:00+00:00
1773086400000,1.8994799852371216,1.90106999874115,1.8963199853897095,1.8991600275039673,0,2026-03-09 20:00:00+00:00
1773100800000,1.8990399837493896,1.9020700454711914,1.8983099460601807,1.9005399942398071,0,2026-03-10 00:00:00+00:00
1773115200000,1.9003900289535522,1.902359962463379,1.8924399614334106,1.89451003074646,0,2026-03-10 04:00:00+00:00
1773129600000,1.8945399522781372,1.8976900577545166,1.887850046157837,1.8880200386047363,0,2026-03-10 08:00:00+00:00
1773144000000,1.8880900144577026,1.8916499614715576,1.882159948348999,1.8822100162506104,0,2026-03-10 12:00:00+00:00
1773158400000,1.8822699785232544,1.8850699663162231,1.87978994846344,1.884559988975525,0,2026-03-10 16:00:00+00:00
1773172800000,1.8846100568771362,1.8857799768447876,1.880769968032837,1.8847999572753906,0,2026-03-10 20:00:00+00:00
1773187200000,1.8847099542617798,1.8849899768829346,1.8741799592971802,1.8749799728393555,0,2026-03-11 00:00:00+00:00
1773201600000,1.8751100301742554,1.8775299787521362,1.872630000114441,1.8753000497817993,0,2026-03-11 04:00:00+00:00
1773216000000,1.8751800060272217,1.8780100345611572,1.8722200393676758,1.875730037689209,0,2026-03-11 08:00:00+00:00
1773230400000,1.875789999961853,1.8767900466918945,1.8693499565124512,1.8737599849700928,0,2026-03-11 12:00:00+00:00
1773244800000,1.8738499879837036,1.8778400421142578,1.8732500076293945,1.8749699592590332,0,2026-03-11 16:00:00+00:00
1773259200000,1.8749300241470337,1.8777899742126465,1.8725299835205078,1.877020001411438,0,2026-03-11 20:00:00+00:00
1773273600000,1.876979947090149,1.8772000074386597,1.8706400394439697,1.8734899759292603,0,2026-03-12 00:00:00+00:00
1773288000000,1.873520016670227,1.8801000118255615,1.8733999729156494,1.8769899606704712,0,2026-03-12 04:00:00+00:00
1773302400000,1.8769899606704712,1.8778400421142578,1.8743599653244019,1.8771100044250488,0,2026-03-12 08:00:00+00:00
1773316800000,1.8771100044250488,1.8866499662399292,1.874709963798523,1.882949948310852,0,2026-03-12 12:00:00+00:00
1773331200000,1.8829699754714966,1.885890007019043,1.8817499876022339,1.8857699632644653,0,2026-03-12 16:00:00+00:00
1773345600000,1.8858100175857544,1.8871899843215942,1.8828599452972412,1.8865900039672852,0,2026-03-12 20:00:00+00:00
1773360000000,1.8866699934005737,1.8892699480056763,1.884559988975525,1.8873200416564941,0,2026-03-13 00:00:00+00:00
1773374400000,1.8873200416564941,1.8924200534820557,1.88687002658844,1.8898600339889526,0,2026-03-13 04:00:00+00:00
1773388800000,1.889870047569275,1.8908900022506714,1.8800699710845947,1.8801499605178833,0,2026-03-13 08:00:00+00:00
1773403200000,1.8801300525665283,1.8905800580978394,1.878980040550232,1.8905600309371948,0,2026-03-13 12:00:00+00:00
1773417600000,1.8904999494552612,1.8920400142669678,1.888219952583313,1.8919199705123901,0,2026-03-13 16:00:00+00:00
1773432000000,1.8919399976730347,1.8945200443267822,1.8917200565338135,1.8945200443267822,0,2026-03-13 20:00:00+00:00
1773619200000,1.8908100128173828,1.8933600187301636,1.8887499570846558,1.891569972038269,0,2026-03-16 00:00:00+00:00
1773633600000,1.8915300369262695,1.8919399976730347,1.8868499994277954,1.8883299827575684,0,2026-03-16 04:00:00+00:00
1773648000000,1.8882900476455688,1.8889199495315552,1.8812899589538574,1.8834400177001953,0,2026-03-16 08:00:00+00:00
1773662400000,1.8834500312805176,1.8861700296401978,1.8806500434875488,1.8853399753570557,0,2026-03-16 12:00:00+00:00
1773676800000,1.8854199647903442,1.8866300582885742,1.8832499980926514,1.8839199542999268,0,2026-03-16 16:00:00+00:00
1773691200000,1.8839999437332153,1.8847999572753906,1.8808000087738037,1.8835400342941284,0,2026-03-16 20:00:00+00:00
1773705600000,1.8835699558258057,1.8877500295639038,1.8749799728393555,1.8824299573898315,0,2026-03-17 00:00:00+00:00
1773720000000,1.8823399543762207,1.884060025215149,1.877120018005371,1.8825299739837646,0,2026-03-17 04:00:00+00:00
1773734400000,1.8826199769973755,1.8838900327682495,1.8799599409103394,1.8809700012207031,0,2026-03-17 08:00:00+00:00
1773748800000,1.881019949913025,1.8821899890899658,1.8754099607467651,1.879289984703064,0,2026-03-17 12:00:00+00:00
1773763200000,1.8792099952697754,1.8807799816131592,1.8776999711990356,1.8795700073242188,0,2026-03-17 16:00:00+00:00
1773777600000,1.8795100450515747,1.8816100358963013,1.8770999908447266,1.8788700103759766,0,2026-03-17 20:00:00+00:00
1773792000000,1.878909945487976,1.8804500102996826,1.8759499788284302,1.8783199787139893,0,2026-03-18 00:00:00+00:00
1773806400000,1.8783299922943115,1.8794499635696411,1.8766499757766724,1.8774700164794922,0,2026-03-18 04:00:00+00:00
1773820800000,1.8775500059127808,1.8821500539779663,1.8771799802780151,1.8815499544143677,0,2026-03-18 08:00:00+00:00
1773835200000,1.8815499544143677,1.8882100582122803,1.8811899423599243,1.8824599981307983,0,2026-03-18 12:00:00+00:00
1773849600000,1.8824299573898315,1.8873399496078491,1.8819500207901,1.886929988861084,0,2026-03-18 16:00:00+00:00
1773864000000,1.8869400024414062,1.8887100219726562,1.8829799890518188,1.8868999481201172,0,2026-03-18 20:00:00+00:00
1773878400000,1.8867299556732178,1.8882999420166016,1.8836300373077393,1.8847700357437134,0,2026-03-19 00:00:00+00:00
1773892800000,1.884719967842102,1.8881499767303467,1.882949948310852,1.8876099586486816,0,2026-03-19 04:00:00+00:00
1773907200000,1.8875199556350708,1.8879300355911255,1.8811999559402466,1.8858699798583984,0,2026-03-19 08:00:00+00:00
1773921600000,1.8871599435806274,1.8997000455856323,1.8859100341796875,1.8988100290298462,0,2026-03-19 12:00:00+00:00
1773936000000,1.8986799716949463,1.9005199670791626,1.8935199975967407,1.8956199884414673,0,2026-03-19 16:00:00+00:00
1773950400000,1.8955899477005005,1.8965500593185425,1.8913300037384033,1.8961399793624878,0,2026-03-19 20:00:00+00:00
1773964800000,1.895840048789978,1.8971099853515625,1.8913400173187256,1.8923900127410889,0,2026-03-20 00:00:00+00:00
1773979200000,1.8923900127410889,1.8939399719238281,1.889430046081543,1.8933600187301636,0,2026-03-20 04:00:00+00:00
1773993600000,1.8933700323104858,1.8955800533294678,1.8910399675369263,1.8918800354003906,0,2026-03-20 08:00:00+00:00
1774008000000,1.8917900323867798,1.8960399627685547,1.8906400203704834,1.8913700580596924,0,2026-03-20 12:00:00+00:00
1774022400000,1.8913899660110474,1.9016200304031372,1.8909800052642822,1.9000099897384644,0,2026-03-20 16:00:00+00:00
1774036800000,1.9000699520111084,1.90106999874115,1.8977500200271606,1.8996399641036987,0,2026-03-20 20:00:00+00:00
1774224000000,1.902109980583191,1.9088399410247803,1.9009699821472168,1.9070500135421753,0,2026-03-23 00:00:00+00:00
1774238400000,1.9070700407028198,1.9127600193023682,1.9064600467681885,1.91103994846344,0,2026-03-23 04:00:00+00:00
1774252800000,1.91103994846344,1.9190700054168701,1.9009900093078613,1.9118900299072266,0,2026-03-23 08:00:00+00:00
1774267200000,1.9118000268936157,1.9149199724197388,1.9053699970245361,1.913830041885376,0,2026-03-23 12:00:00+00:00
1774281600000,1.913830041885376,1.9173500537872314,1.910249948501587,1.9155199527740479,0,2026-03-23 16:00:00+00:00
1774296000000,1.9155299663543701,1.9177800416946411,1.9117100238800049,1.9157400131225586,0,2026-03-23 20:00:00+00:00
1774310400000,1.9154399633407593,1.9235700368881226,1.9154399633407593,1.922760009765625,0,2026-03-24 00:00:00+00:00
1774324800000,1.9226900339126587,1.9244999885559082,1.9159499406814575,1.9213900566101074,0,2026-03-24 04:00:00+00:00
1774339200000,1.9213999509811401,1.9251500368118286,1.919909954071045,1.9221299886703491,0,2026-03-24 08:00:00+00:00
1774353600000,1.9221500158309937,1.926900029182434,1.9194200038909912,1.9212499856948853,0,2026-03-24 12:00:00+00:00
1774368000000,1.9212599992752075,1.9257299900054932,1.9188899993896484,1.9204299449920654,0,2026-03-24 16:00:00+00:00
1774382400000,1.9203100204467773,1.9208099842071533,1.913390040397644,1.9176000356674194,0,2026-03-24 20:00:00+00:00
1774396800000,1.9177900552749634,1.9226499795913696,1.917199969291687,1.9203100204467773,0,2026-03-25 00:00:00+00:00
1774411200000,1.9201500415802002,1.9224400520324707,1.9181599617004395,1.9218699932098389,0,2026-03-25 04:00:00+00:00
1774425600000,1.921820044517517,1.9263700246810913,1.919319987297058,1.9255199432373047,0,2026-03-25 08:00:00+00:00
1774440000000,1.9255599975585938,1.9270600080490112,1.9195499420166016,1.9208199977874756,0,2026-03-25 12:00:00+00:00
1774454400000,1.9207500219345093,1.9240200519561768,1.9202699661254883,1.923449993133545,0,2026-03-25 16:00:00+00:00
1774468800000,1.9234199523925781,1.9254300594329834,1.9196300506591797,1.9246799945831299,0,2026-03-25 20:00:00+00:00
1774483200000,1.924530029296875,1.9256700277328491,1.9221199750900269,1.922700047492981,0,2026-03-26 00:00:00+00:00
1774497600000,1.9227099418640137,1.92399001121521,1.9208500385284424,1.9236500263214111,0,2026-03-26 04:00:00+00:00
1774512000000,1.9236299991607666,1.9286400079727173,1.9220900535583496,1.928320050239563,0,2026-03-26 08:00:00+00:00
1774526400000,1.9283299446105957,1.9333399534225464,1.9261800050735474,1.9317200183868408,0,2026-03-26 12:00:00+00:00
1774540800000,1.9316999912261963,1.9360100030899048,1.9306999444961548,1.9358199834823608,0,2026-03-26 16:00:00+00:00
1774555200000,1.93572998046875,1.9378000497817993,1.9298800230026245,1.93641996383667,0,2026-03-26 20:00:00+00:00
1774569600000,1.9362499713897705,1.9401099681854248,1.9315299987792969,1.931879997253418,0,2026-03-27 00:00:00+00:00
1774584000000,1.9316799640655518,1.9348000288009644,1.9303300380706787,1.932129979133606,0,2026-03-27 04:00:00+00:00
1774598400000,1.932289958000183,1.9337199926376343,1.9270000457763672,1.9281699657440186,0,2026-03-27 08:00:00+00:00
1774612800000,1.928339958190918,1.933459997177124,1.927459955215454,1.9293800592422485,0,2026-03-27 12:00:00+00:00
1774627200000,1.929419994354248,1.9322400093078613,1.9269100427627563,1.9307600259780884,0,2026-03-27 16:00:00+00:00
1774641600000,1.9307500123977661,1.932070016860962,1.9264500141143799,1.92917001247406,0,2026-03-27 20:00:00+00:00
1774814400000,1.9320399761199951,1.9332900047302246,1.9315999746322632,1.932360053062439,0,2026-03-29 20:00:00+00:00
1774828800000,1.932379961013794,1.9353300333023071,1.9307700395584106,1.931939959526062,0,2026-03-30 00:00:00+00:00
1774843200000,1.931839942932129,1.9342199563980103,1.9305200576782227,1.9331200122833252,0,2026-03-30 04:00:00+00:00
1774857600000,1.9331200122833252,1.933590054512024,1.9284199476242065,1.92877995967865,0,2026-03-30 08:00:00+00:00
1774872000000,1.9287500381469727,1.9292700290679932,1.9230799674987793,1.9234100580215454,0,2026-03-30 12:00:00+00:00
1774886400000,1.9234800338745117,1.9260300397872925,1.9226000308990479,1.924739956855774,0,2026-03-30 16:00:00+00:00
1774900800000,1.9247599840164185,1.9255499839782715,1.921429991722107,1.9239399433135986,0,2026-03-30 20:00:00+00:00
1774915200000,1.9240599870681763,1.9280400276184082,1.9228399991989136,1.9271800518035889,0,2026-03-31 00:00:00+00:00
1774929600000,1.9272199869155884,1.9292199611663818,1.9220600128173828,1.9229400157928467,0,2026-03-31 04:00:00+00:00
1774944000000,1.923050045967102,1.927780032157898,1.9211900234222412,1.922719955444336,0,2026-03-31 08:00:00+00:00
1774958400000,1.922659993171692,1.92808997631073,1.9218599796295166,1.9234999418258667,0,2026-03-31 12:00:00+00:00
1774972800000,1.9235800504684448,1.9242299795150757,1.9174400568008423,1.9181499481201172,0,2026-03-31 16:00:00+00:00
1774987200000,1.9181699752807617,1.9190499782562256,1.9133000373840332,1.9134800434112549,0,2026-03-31 20:00:00+00:00
1775001600000,1.9134800434112549,1.9175399541854858,1.9104100465774536,1.9164899587631226,0,2026-04-01 00:00:00+00:00
1775016000000,1.9165400266647339,1.9204000234603882,1.9117900133132935,1.9144999980926514,0,2026-04-01 04:00:00+00:00
1775030400000,1.9145100116729736,1.9175299406051636,1.9120500087738037,1.9153399467468262,0,2026-04-01 08:00:00+00:00
1775044800000,1.9153599739074707,1.9210400581359863,1.9125499725341797,1.9194400310516357,0,2026-04-01 12:00:00+00:00
1775059200000,1.9194600582122803,1.9234100580215454,1.9187699556350708,1.921049952507019,0,2026-04-01 16:00:00+00:00
1775073600000,1.9209699630737305,1.922700047492981,1.9162299633026123,1.9212900400161743,0,2026-04-01 20:00:00+00:00
1775088000000,1.921280026435852,1.925860047340393,1.9186400175094604,1.9227299690246582,0,2026-04-02 00:00:00+00:00
1775102400000,1.922629952430725,1.924880027770996,1.9189000129699707,1.9195499420166016,0,2026-04-02 04:00:00+00:00
1775116800000,1.919600009918213,1.9228099584579468,1.9191800355911255,1.922569990158081,0,2026-04-02 08:00:00+00:00
1775131200000,1.922700047492981,1.922950029373169,1.9139200448989868,1.915719985961914,0,2026-04-02 12:00:00+00:00
1775145600000,1.9157899618148804,1.9160799980163574,1.9137500524520874,1.9144099950790405,0,2026-04-02 16:00:00+00:00
1775160000000,1.9144799709320068,1.9194400310516357,1.910949945449829,1.9142299890518188,0,2026-04-02 20:00:00+00:00
1775174400000,1.9142600297927856,1.9154399633407593,1.9133000373840332,1.915179967880249,0,2026-04-03 00:00:00+00:00
1775188800000,1.9153300523757935,1.916290044784546,1.914680004119873,1.9161299467086792,0,2026-04-03 04:00:00+00:00
1775203200000,1.9158400297164917,1.9166799783706665,1.9153399467468262,1.9160000085830688,0,2026-04-03 08:00:00+00:00
1775217600000,1.915869951248169,1.9169000387191772,1.9112900495529175,1.9149999618530273,0,2026-04-03 12:00:00+00:00
1775232000000,1.9144999980926514,1.9164199829101562,1.912060022354126,1.9161900281906128,0,2026-04-03 16:00:00+00:00
1775246400000,1.9146499633789062,1.9172300100326538,1.9095799922943115,1.9145499467849731,0,2026-04-03 20:00:00+00:00
1775419200000,1.914620041847229,1.9153800010681152,1.914080023765564,1.9148800373077393,0,2026-04-05 20:00:00+00:00
1775433600000,1.9148800373077393,1.9152100086212158,1.910830020904541,1.913140058517456,0,2026-04-06 00:00:00+00:00
1775448000000,1.9128899574279785,1.913390040397644,1.9111299514770508,1.9125800132751465,0,2026-04-06 04:00:00+00:00
1775462400000,1.9124900102615356,1.9129400253295898,1.9101200103759766,1.91034996509552,0,2026-04-06 08:00:00+00:00
1775476800000,1.91034996509552,1.9152100086212158,1.9101200103759766,1.91280996799469,0,2026-04-06 12:00:00+00:00
1775491200000,1.9126299619674683,1.9143999814987183,1.9121899604797363,1.912559986114502,0,2026-04-06 16:00:00+00:00
1775505600000,1.9126100540161133,1.9144200086593628,1.9105600118637085,1.9132499694824219,0,2026-04-06 20:00:00+00:00
1775520000000,1.9132000207901,1.9157299995422363,1.9118800163269043,1.913349986076355,0,2026-04-07 00:00:00+00:00
1775534400000,1.9133000373840332,1.9155800342559814,1.9116400480270386,1.913409948348999,0,2026-04-07 04:00:00+00:00
1775548800000,1.9133100509643555,1.914270043373108,1.9094200134277344,1.909600019454956,0,2026-04-07 08:00:00+00:00
1775563200000,1.909600019454956,1.9117000102996826,1.906559944152832,1.9067599773406982,0,2026-04-07 12:00:00+00:00
1775577600000,1.9067599773406982,1.908769965171814,1.9057300090789795,1.9060399532318115,0,2026-04-07 16:00:00+00:00
1775592000000,1.9061100482940674,1.9075599908828735,1.8924200534820557,1.8936799764633179,0,2026-04-07 20:00:00+00:00
1775606400000,1.8935099840164185,1.9016799926757812,1.891510009765625,1.8997100591659546,0,2026-04-08 00:00:00+00:00
1775620800000,1.899749994277954,1.9016000032424927,1.8970199823379517,1.9009699821472168,0,2026-04-08 04:00:00+00:00
1775635200000,1.9011399745941162,1.9106899499893188,1.900689959526062,1.9089100360870361,0,2026-04-08 08:00:00+00:00
1775649600000,1.9088200330734253,1.9096599817276,1.901859998703003,1.9032200574874878,0,2026-04-08 12:00:00+00:00
1775664000000,1.9031399488449097,1.9039599895477295,1.9002699851989746,1.9008100032806396,0,2026-04-08 16:00:00+00:00
1775678400000,1.9008400440216064,1.9031200408935547,1.8984400033950806,1.902519941329956,0,2026-04-08 20:00:00+00:00
1775692800000,1.9025599956512451,1.9049299955368042,1.9020299911499023,1.9025700092315674,0,2026-04-09 00:00:00+00:00
1775707200000,1.9025700092315674,1.905519962310791,1.901769995689392,1.9053399562835693,0,2026-04-09 04:00:00+00:00
1775721600000,1.905269980430603,1.9081499576568604,1.904710054397583,1.905900001525879,0,2026-04-09 08:00:00+00:00
1775736000000,1.9059100151062012,1.9063400030136108,1.89683997631073,1.8970400094985962,0,2026-04-09 12:00:00+00:00
1775750400000,1.8969700336456299,1.8987200260162354,1.8958200216293335,1.8962600231170654,0,2026-04-09 16:00:00+00:00
1775764800000,1.8962199687957764,1.8985300064086914,1.8935699462890625,1.8980499505996704,0,2026-04-09 20:00:00+00:00
1775779200000,1.89792001247406,1.8994499444961548,1.8958899974822998,1.8988800048828125,0,2026-04-10 00:00:00+00:00
1775793600000,1.8987499475479126,1.9015699625015259,1.8974599838256836,1.90106999874115,0,2026-04-10 04:00:00+00:00
1775808000000,1.9009000062942505,1.9024499654769897,1.8996200561523438,1.9010599851608276,0,2026-04-10 08:00:00+00:00
1775822400000,1.9010100364685059,1.9031699895858765,1.8988800048828125,1.9015300273895264,0,2026-04-10 12:00:00+00:00
1775836800000,1.9016499519348145,1.9035700559616089,1.9015400409698486,1.9030400514602661,0,2026-04-10 16:00:00+00:00
1775851200000,1.903059959411621,1.90693998336792,1.9016300439834595,1.906209945678711,0,2026-04-10 20:00:00+00:00
1776024000000,1.9076999425888062,1.9086400270462036,1.9071600437164307,1.9080300331115723,0,2026-04-12 20:00:00+00:00
1776038400000,1.9078500270843506,1.9081599712371826,1.9036500453948975,1.9044500589370728,0,2026-04-13 00:00:00+00:00
1776052800000,1.9042999744415283,1.9052300453186035,1.901900053024292,1.9033700227737427,0,2026-04-13 04:00:00+00:00
1776067200000,1.90339994430542,1.908270001411438,1.9026800394058228,1.9071999788284302,0,2026-04-13 08:00:00+00:00
1776081600000,1.9072999954223633,1.909500002861023,1.9040100574493408,1.9055700302124023,0,2026-04-13 12:00:00+00:00
1776096000000,1.9057199954986572,1.9063600301742554,1.9016400575637817,1.9028400182724,0,2026-04-13 16:00:00+00:00
1776110400000,1.9029099941253662,1.9040800333023071,1.900149941444397,1.9036400318145752,0,2026-04-13 20:00:00+00:00
1776124800000,1.9036400318145752,1.907979965209961,1.9036099910736084,1.9077999591827393,0,2026-04-14 00:00:00+00:00
1776139200000,1.9077099561691284,1.9091600179672241,1.905400037765503,1.9066599607467651,0,2026-04-14 04:00:00+00:00
1776153600000,1.9066100120544434,1.9072099924087524,1.902269959449768,1.904360055923462,0,2026-04-14 08:00:00+00:00
1776168000000,1.9043500423431396,1.9067699909210205,1.9003599882125854,1.9015899896621704,0,2026-04-14 12:00:00+00:00
1776182400000,1.901610016822815,1.9038499593734741,1.9013999700546265,1.9029799699783325,0,2026-04-14 16:00:00+00:00
1776196800000,1.9031599760055542,1.90733003616333,1.9015899896621704,1.904129981994629,0,2026-04-14 20:00:00+00:00
1776211200000,1.9040100574493408,1.9052400588989258,1.9015599489212036,1.902359962463379,0,2026-04-15 00:00:00+00:00
1776225600000,1.9023499488830566,1.9024800062179565,1.8971400260925293,1.898319959640503,0,2026-04-15 04:00:00+00:00
1776240000000,1.8983299732208252,1.8997900485992432,1.8967900276184082,1.8981399536132812,0,2026-04-15 08:00:00+00:00
1776254400000,1.898069977760315,1.899109959602356,1.8941500186920166,1.8948299884796143,0,2026-04-15 12:00:00+00:00
1776268800000,1.8946499824523926,1.8949099779129028,1.891260027885437,1.8914400339126587,0,2026-04-15 16:00:00+00:00
1776283200000,1.8913899660110474,1.8925100564956665,1.8879599571228027,1.8915200233459473,0,2026-04-15 20:00:00+00:00
1776297600000,1.8914899826049805,1.8932000398635864,1.8877400159835815,1.8883399963378906,0,2026-04-16 00:00:00+00:00
1776312000000,1.8882499933242798,1.8900500535964966,1.8869800567626953,1.88742995262146,0,2026-04-16 04:00:00+00:00
1776326400000,1.8874499797821045,1.8899500370025635,1.8870500326156616,1.8881800174713135,0,2026-04-16 08:00:00+00:00
1776340800000,1.888200044631958,1.8895900249481201,1.8852900266647339,1.8882299661636353,0,2026-04-16 12:00:00+00:00
1776355200000,1.8882499933242798,1.8907400369644165,1.8874800205230713,1.8892199993133545,0,2026-04-16 16:00:00+00:00
1776369600000,1.8891799449920654,1.8902000188827515,1.8857799768447876,1.8891199827194214,0,2026-04-16 20:00:00+00:00
1776384000000,1.8892899751663208,1.8896700143814087,1.886620044708252,1.8874900341033936,0,2026-04-17 00:00:00+00:00
1776398400000,1.8875900506973267,1.8876999616622925,1.8845700025558472,1.8857300281524658,0,2026-04-17 04:00:00+00:00
1776412800000,1.8855500221252441,1.8869400024414062,1.8838000297546387,1.8860499858856201,0,2026-04-17 08:00:00+00:00
1776427200000,1.8860700130462646,1.8868800401687622,1.880620002746582,1.8850300312042236,0,2026-04-17 12:00:00+00:00
1776441600000,1.8849300146102905,1.8873599767684937,1.8840700387954712,1.8852800130844116,0,2026-04-17 16:00:00+00:00
1776456000000,1.8852399587631226,1.8865200281143188,1.8826199769973755,1.8856199979782104,0,2026-04-17 20:00:00+00:00
1776628800000,1.8884799480438232,1.8901400566101074,1.887969970703125,1.8895100355148315,0,2026-04-19 20:00:00+00:00
1776643200000,1.8895299434661865,1.8898600339889526,1.8862299919128418,1.8878099918365479,0,2026-04-20 00:00:00+00:00
1776657600000,1.8877300024032593,1.888100028038025,1.8864099979400635,1.8873300552368164,0,2026-04-20 04:00:00+00:00
1776672000000,1.8870799541473389,1.8899500370025635,1.8867599964141846,1.8876800537109375,0,2026-04-20 08:00:00+00:00
1776686400000,1.8876800537109375,1.8889700174331665,1.8860599994659424,1.8873000144958496,0,2026-04-20 12:00:00+00:00
1776700800000,1.8872599601745605,1.8880800008773804,1.8847399950027466,1.8847999572753906,0,2026-04-20 16:00:00+00:00
1776715200000,1.8847999572753906,1.8867000341415405,1.8829900026321411,1.8859299421310425,0,2026-04-20 20:00:00+00:00
1776729600000,1.8859399557113647,1.886430025100708,1.883389949798584,1.8860199451446533,0,2026-04-21 00:00:00+00:00
1776744000000,1.8861299753189087,1.8889700174331665,1.8850899934768677,1.888219952583313,0,2026-04-21 04:00:00+00:00
1776758400000,1.888200044631958,1.8889100551605225,1.8857500553131104,1.8866100311279297,0,2026-04-21 08:00:00+00:00
1776772800000,1.8865599632263184,1.8885899782180786,1.8831199407577515,1.8861099481582642,0,2026-04-21 12:00:00+00:00
1776787200000,1.8861900568008423,1.8902499675750732,1.8853399753570557,1.8893100023269653,0,2026-04-21 16:00:00+00:00
1776801600000,1.8892799615859985,1.8893400430679321,1.883810043334961,1.8876899480819702,0,2026-04-21 20:00:00+00:00
1776816000000,1.887619972229004,1.8883899450302124,1.886080026626587,1.8877700567245483,0,2026-04-22 00:00:00+00:00
1776830400000,1.887779951095581,1.8879899978637695,1.8844599723815918,1.8867900371551514,0,2026-04-22 04:00:00+00:00
1776844800000,1.88673996925354,1.8887900114059448,1.8859299421310425,1.8876700401306152,0,2026-04-22 08:00:00+00:00
1776859200000,1.8876700401306152,1.8886799812316895,1.885040044784546,1.8856600522994995,0,2026-04-22 12:00:00+00:00
1776873600000,1.8856699466705322,1.8871300220489502,1.8850500583648682,1.8861600160598755,0,2026-04-22 16:00:00+00:00
1776888000000,1.8861600160598755,1.8872300386428833,1.8839000463485718,1.8859200477600098,0,2026-04-22 20:00:00+00:00
1776902400000,1.8858699798583984,1.8893100023269653,1.8847099542617798,1.8885600566864014,0,2026-04-23 00:00:00+00:00
1776916800000,1.8884199857711792,1.8887699842453003,1.8842600584030151,1.8843899965286255,0,2026-04-23 04:00:00+00:00
1776931200000,1.8845200538635254,1.891569972038269,1.8842999935150146,1.8886799812316895,0,2026-04-23 08:00:00+00:00
1776945600000,1.888700008392334,1.8891799449920654,1.8852499723434448,1.885640025138855,0,2026-04-23 12:00:00+00:00
1776960000000,1.885640025138855,1.891029953956604,1.8848700523376465,1.8878799676895142,0,2026-04-23 16:00:00+00:00
1776974400000,1.887869954109192,1.8901900053024292,1.885849952697754,1.8886200189590454,0,2026-04-23 20:00:00+00:00
1776988800000,1.8886799812316895,1.89096999168396,1.88742995262146,1.890470027923584,0,2026-04-24 00:00:00+00:00
1777003200000,1.890470027923584,1.8910000324249268,1.8885999917984009,1.8889299631118774,0,2026-04-24 04:00:00+00:00
1777017600000,1.8890299797058105,1.891409993171692,1.8878799676895142,1.8888100385665894,0,2026-04-24 08:00:00+00:00
1777032000000,1.8888100385665894,1.892989993095398,1.8882100582122803,1.8894100189208984,0,2026-04-24 12:00:00+00:00
1777046400000,1.8894200325012207,1.8923499584197998,1.8893400430679321,1.8922100067138672,0,2026-04-24 16:00:00+00:00
1777060800000,1.8922100067138672,1.8930599689483643,1.8895200490951538,1.8924700021743774,0,2026-04-24 20:00:00+00:00
1777233600000,1.8913400173187256,1.891950011253357,1.8910900354385376,1.8917900323867798,0,2026-04-26 20:00:00+00:00
1777248000000,1.891860008239746,1.8920400142669678,1.8867499828338623,1.8878799676895142,0,2026-04-27 00:00:00+00:00
1777262400000,1.8878799676895142,1.8898199796676636,1.88673996925354,1.8871099948883057,0,2026-04-27 04:00:00+00:00
1777276800000,1.8871500492095947,1.887779951095581,1.8849400281906128,1.8869500160217285,0,2026-04-27 08:00:00+00:00
1777291200000,1.8868600130081177,1.8872900009155273,1.8831700086593628,1.884060025215149,0,2026-04-27 12:00:00+00:00
1777305600000,1.8841099739074707,1.8846299648284912,1.882390022277832,1.8829200267791748,0,2026-04-27 16:00:00+00:00
1777320000000,1.8829200267791748,1.8852800130844116,1.8814300298690796,1.8825199604034424,0,2026-04-27 20:00:00+00:00
1777334400000,1.8825299739837646,1.8846999406814575,1.8810700178146362,1.8832499980926514,0,2026-04-28 00:00:00+00:00
1777348800000,1.883389949798584,1.8855899572372437,1.8816900253295898,1.8819199800491333,0,2026-04-28 04:00:00+00:00
1777363200000,1.8818199634552002,1.8837000131607056,1.8796099424362183,1.8826099634170532,0,2026-04-28 08:00:00+00:00
1777377600000,1.8826600313186646,1.8841899633407593,1.8810100555419922,1.8816699981689453,0,2026-04-28 12:00:00+00:00
1777392000000,1.881659984588623,1.8826700448989868,1.88100004196167,1.8822799921035767,0,2026-04-28 16:00:00+00:00
1777406400000,1.8824299573898315,1.8838200569152832,1.8796299695968628,1.881700038909912,0,2026-04-28 20:00:00+00:00
1777420800000,1.8816100358963013,1.8872499465942383,1.881100058555603,1.886549949645996,0,2026-04-29 00:00:00+00:00
1777435200000,1.8865699768066406,1.8871300220489502,1.8841500282287598,1.8852200508117676,0,2026-04-29 04:00:00+00:00
1777449600000,1.8851900100708008,1.8886499404907227,1.8844399452209473,1.8864099979400635,0,2026-04-29 08:00:00+00:00
1777464000000,1.886430025100708,1.8939299583435059,1.8850500583648682,1.8920600414276123,0,2026-04-29 12:00:00+00:00
1777478400000,1.8920799493789673,1.895609974861145,1.8887799978256226,1.8935400247573853,0,2026-04-29 16:00:00+00:00
1777492800000,1.8934299945831299,1.8951799869537354,1.8917700052261353,1.8921899795532227,0,2026-04-29 20:00:00+00:00
1777507200000,1.8922799825668335,1.894029974937439,1.8897299766540527,1.891010046005249,0,2026-04-30 00:00:00+00:00
1777521600000,1.8911099433898926,1.8942699432373047,1.8903199434280396,1.8917700052261353,0,2026-04-30 04:00:00+00:00
1777536000000,1.8917700052261353,1.8923499584197998,1.8879899978637695,1.889449954032898,0,2026-04-30 08:00:00+00:00
1777550400000,1.8894799947738647,1.890910029411316,1.8848899602890015,1.8902599811553955,0,2026-04-30 12:00:00+00:00
1777564800000,1.8902599811553955,1.8913999795913696,1.8891899585723877,1.890089988708496,0,2026-04-30 16:00:00+00:00
1777579200000,1.8900200128555298,1.8903599977493286,1.8877700567245483,1.8888800144195557,0,2026-04-30 20:00:00+00:00
1777593600000,1.888890027999878,1.8905600309371948,1.8884899616241455,1.8900599479675293,0,2026-05-01 00:00:00+00:00
1777608000000,1.8902299404144287,1.8922499418258667,1.889240026473999,1.8906400203704834,0,2026-05-01 04:00:00+00:00
1777622400000,1.890589952468872,1.8928799629211426,1.890339970588684,1.8924299478530884,0,2026-05-01 08:00:00+00:00
1777636800000,1.8924299478530884,1.8934299945831299,1.8860299587249756,1.886780023574829,0,2026-05-01 12:00:00+00:00
1777651200000,1.8867900371551514,1.8872499465942383,1.8835400342941284,1.8837900161743164,0,2026-05-01 16:00:00+00:00
1777665600000,1.8837900161743164,1.8854800462722778,1.8830000162124634,1.8839999437332153,0,2026-05-01 20:00:00+00:00
1777867200000,1.8847899436950684,1.8873000144958496,1.8844599723815918,1.8862299919128418,0,2026-05-04 04:00:00+00:00
1777881600000,1.8861900568008423,1.8872699737548828,1.8834400177001953,1.8862199783325195,0,2026-05-04 08:00:00+00:00
1777896000000,1.8862299919128418,1.8886200189590454,1.8852399587631226,1.8884400129318237,0,2026-05-04 12:00:00+00:00
1777910400000,1.8883800506591797,1.8891600370407104,1.886970043182373,1.8874900341033936,0,2026-05-04 16:00:00+00:00
1777924800000,1.8874599933624268,1.8884700536727905,1.8841999769210815,1.8877700567245483,0,2026-05-04 20:00:00+00:00
1777939200000,1.8877700567245483,1.8903499841690063,1.8870199918746948,1.8901400566101074,0,2026-05-05 00:00:00+00:00
1777953600000,1.8901400566101074,1.8950300216674805,1.8860100507736206,1.8927700519561768,0,2026-05-05 04:00:00+00:00
1777968000000,1.8925700187683105,1.8929100036621094,1.8869800567626953,1.8879499435424805,0,2026-05-05 08:00:00+00:00
1777982400000,1.8877500295639038,1.8887399435043335,1.8848799467086792,1.8866300582885742,0,2026-05-05 12:00:00+00:00
1777996800000,1.8866300582885742,1.8873499631881714,1.8843899965286255,1.8852800130844116,0,2026-05-05 16:00:00+00:00
1778011200000,1.8852800130844116,1.887619972229004,1.8829699754714966,1.8834099769592285,0,2026-05-05 20:00:00+00:00
1778025600000,1.8834099769592285,1.8836699724197388,1.8736599683761597,1.8754299879074097,0,2026-05-06 00:00:00+00:00
1778040000000,1.8756500482559204,1.8783700466156006,1.873810052871704,1.8774900436401367,0,2026-05-06 04:00:00+00:00
1778054400000,1.8775899410247803,1.8797999620437622,1.87391996383667,1.8787699937820435,0,2026-05-06 08:00:00+00:00
1778068800000,1.8788700103759766,1.881890058517456,1.8783199787139893,1.8792799711227417,0,2026-05-06 12:00:00+00:00
1778083200000,1.8792799711227417,1.8799899816513062,1.877560019493103,1.8779699802398682,0,2026-05-06 16:00:00+00:00
1778097600000,1.8779699802398682,1.8796800374984741,1.8744100332260132,1.8783199787139893,0,2026-05-06 20:00:00+00:00
1778112000000,1.8783299922943115,1.8792400360107422,1.876729965209961,1.8767900466918945,0,2026-05-07 00:00:00+00:00
1778126400000,1.8767900466918945,1.877269983291626,1.8744900226593018,1.8754899501800537,0,2026-05-07 04:00:00+00:00
1778140800000,1.8754899501800537,1.8774900436401367,1.8746600151062012,1.8759700059890747,0,2026-05-07 08:00:00+00:00
1778155200000,1.8761099576950073,1.8803900480270386,1.8759100437164307,1.8795900344848633,0,2026-05-07 12:00:00+00:00
1778169600000,1.8795900344848633,1.8799599409103394,1.8766499757766724,1.8796600103378296,0,2026-05-07 16:00:00+00:00
1778184000000,1.8796800374984741,1.8818199634552002,1.8765300512313843,1.880329966545105,0,2026-05-07 20:00:00+00:00
1778198400000,1.880329966545105,1.881809949874878,1.877519965171814,1.8784899711608887,0,2026-05-08 00:00:00+00:00
1778212800000,1.8784699440002441,1.880769968032837,1.8779100179672241,1.8800100088119507,0,2026-05-08 04:00:00+00:00
1778227200000,1.8799500465393066,1.882599949836731,1.8787100315093994,1.8812299966812134,0,2026-05-08 08:00:00+00:00
1778241600000,1.8811899423599243,1.8823699951171875,1.8790600299835205,1.8812199831008911,0,2026-05-08 12:00:00+00:00
1778256000000,1.8811299800872803,1.8814899921417236,1.8798799514770508,1.880579948425293,0,2026-05-08 16:00:00+00:00
1778270400000,1.8805299997329712,1.8812999725341797,1.8780699968338013,1.8809200525283813,0,2026-05-08 20:00:00+00:00
1778443200000,1.8782800436019897,1.8792099952697754,1.8778899908065796,1.8789399862289429,0,2026-05-10 20:00:00+00:00
1778457600000,1.879040002822876,1.8802399635314941,1.8781299591064453,1.8797399997711182,0,2026-05-11 00:00:00+00:00
1778472000000,1.8796199560165405,1.880620002746582,1.8766000270843506,1.8782000541687012,0,2026-05-11 04:00:00+00:00
1778486400000,1.878159999847412,1.8802299499511719,1.8753900527954102,1.8784600496292114,0,2026-05-11 08:00:00+00:00
1778500800000,1.8784600496292114,1.8809700012207031,1.8770699501037598,1.8806099891662598,0,2026-05-11 12:00:00+00:00
1778515200000,1.8806400299072266,1.881850004196167,1.8784300088882446,1.8785400390625,0,2026-05-11 16:00:00+00:00
1778529600000,1.878499984741211,1.878890037536621,1.8742799758911133,1.8772499561309814,0,2026-05-11 20:00:00+00:00
1778544000000,1.8772499561309814,1.880270004272461,1.8771599531173706,1.8788599967956543,0,2026-05-12 00:00:00+00:00
1778558400000,1.8788599967956543,1.8788800239562988,1.8724600076675415,1.8729300498962402,0,2026-05-12 04:00:00+00:00
1778572800000,1.8725600242614746,1.875440001487732,1.871000051498413,1.8719199895858765,0,2026-05-12 08:00:00+00:00
1778587200000,1.8718500137329102,1.8730599880218506,1.8688600063323975,1.872689962387085,0,2026-05-12 12:00:00+00:00
1778601600000,1.8725700378417969,1.8739399909973145,1.86968994140625,1.8703500032424927,0,2026-05-12 16:00:00+00:00
1778616000000,1.8703700304031372,1.8707400560379028,1.8669999837875366,1.870069980621338,0,2026-05-12 20:00:00+00:00
1778630400000,1.870069980621338,1.8711800575256348,1.868690013885498,1.8708800077438354,0,2026-05-13 00:00:00+00:00
1778644800000,1.870859980583191,1.8717999458312988,1.8683300018310547,1.868880033493042,0,2026-05-13 04:00:00+00:00
1778659200000,1.8689700365066528,1.8692500591278076,1.8619799613952637,1.8624000549316406,0,2026-05-13 08:00:00+00:00
1778673600000,1.8624000549316406,1.865779995918274,1.8600900173187256,1.8615399599075317,0,2026-05-13 12:00:00+00:00
1778688000000,1.8614699840545654,1.8643699884414673,1.860610008239746,1.8642499446868896,0,2026-05-13 16:00:00+00:00
1778702400000,1.8643100261688232,1.86503005027771,1.8593100309371948,1.8646199703216553,0,2026-05-13 20:00:00+00:00
1778716800000,1.8645999431610107,1.8666800260543823,1.8643100261688232,1.8652900457382202,0,2026-05-14 00:00:00+00:00
1778731200000,1.8652900457382202,1.8654299974441528,1.8616000413894653,1.864740014076233,0,2026-05-14 04:00:00+00:00
1778745600000,1.8647500276565552,1.8665200471878052,1.8631000518798828,1.864799976348877,0,2026-05-14 08:00:00+00:00
1778760000000,1.8646999597549438,1.8699400424957275,1.8644800186157227,1.865530014038086,0,2026-05-14 12:00:00+00:00
1778774400000,1.8656200170516968,1.8657699823379517,1.8539799451828003,1.8558399677276611,0,2026-05-14 16:00:00+00:00
1778788800000,1.855720043182373,1.8567700386047363,1.8533600568771362,1.856119990348816,0,2026-05-14 20:00:00+00:00
1778803200000,1.8560999631881714,1.8602099418640137,1.8548799753189087,1.859320044517517,0,2026-05-15 00:00:00+00:00
1778817600000,1.8593699932098389,1.8653299808502197,1.858839988708496,1.8644399642944336,0,2026-05-15 04:00:00+00:00
1778832000000,1.8645399808883667,1.868690013885498,1.8638800382614136,1.867799997329712,0,2026-05-15 08:00:00+00:00
1778846400000,1.8677699565887451,1.868589997291565,1.8622299432754517,1.8641799688339233,0,2026-05-15 12:00:00+00:00
1778860800000,1.8642699718475342,1.8643100261688232,1.8615200519561768,1.8626899719238281,0,2026-05-15 16:00:00+00:00
1778875200000,1.8627500534057617,1.8645299673080444,1.8618199825286865,1.8634599447250366,0,2026-05-15 20:00:00+00:00
1779048000000,1.8619999885559082,1.8670899868011475,1.861930012702942,1.866729974746704,0,2026-05-17 20:00:00+00:00
1779062400000,1.866569995880127,1.8690400123596191,1.8658000230789185,1.8659900426864624,0,2026-05-18 00:00:00+00:00
1779076800000,1.8660099506378174,1.869189977645874,1.8654999732971191,1.866860032081604,0,2026-05-18 04:00:00+00:00
1779091200000,1.8668400049209595,1.8692100048065186,1.8659600019454956,1.8680599927902222,0,2026-05-18 08:00:00+00:00
1779105600000,1.8678499460220337,1.8750499486923218,1.8653000593185425,1.8742300271987915,0,2026-05-18 12:00:00+00:00
1779120000000,1.8742599487304688,1.8773399591445923,1.8721100091934204,1.87336003780365,0,2026-05-18 16:00:00+00:00
1779134400000,1.8734400272369385,1.8751300573349,1.8705999851226807,1.8731199502944946,0,2026-05-18 20:00:00+00:00
1779148800000,1.873039960861206,1.879580020904541,1.8728100061416626,1.8791899681091309,0,2026-05-19 00:00:00+00:00
1779163200000,1.8792500495910645,1.8816699981689453,1.8772399425506592,1.8808300495147705,0,2026-05-19 04:00:00+00:00
1779177600000,1.8808300495147705,1.8847899436950684,1.8804199695587158,1.883080005645752,0,2026-05-19 08:00:00+00:00
1779192000000,1.883080005645752,1.8909800052642822,1.882949948310852,1.8870699405670166,0,2026-05-19 12:00:00+00:00
1779206400000,1.8870799541473389,1.8871899843215942,1.8837800025939941,1.8848999738693237,0,2026-05-19 16:00:00+00:00
1779220800000,1.8849799633026123,1.8856699466705322,1.882099986076355,1.8854899406433105,0,2026-05-19 20:00:00+00:00
1779235200000,1.8854700326919556,1.8880499601364136,1.88441002368927,1.8863799571990967,0,2026-05-20 00:00:00+00:00
1779249600000,1.886299967765808,1.8865699768066406,1.8826299905776978,1.883270025253296,0,2026-05-20 04:00:00+00:00
1779264000000,1.8833600282669067,1.883489966392517,1.8786900043487549,1.87978994846344,0,2026-05-20 08:00:00+00:00
1779278400000,1.879889965057373,1.8818000555038452,1.875480055809021,1.8796000480651855,0,2026-05-20 12:00:00+00:00
1779292800000,1.879520058631897,1.8799999952316284,1.8767999410629272,1.8768800497055054,0,2026-05-20 16:00:00+00:00
1779307200000,1.8769299983978271,1.8791899681091309,1.87568998336792,1.8789000511169434,0,2026-05-20 20:00:00+00:00
1779321600000,1.8789000511169434,1.8899699449539185,1.8784199953079224,1.8859599828720093,0,2026-05-21 00:00:00+00:00
1779336000000,1.8859599828720093,1.8891799449920654,1.8838000297546387,1.8864500522613525,0,2026-05-21 04:00:00+00:00
1779350400000,1.8864699602127075,1.887030005455017,1.882099986076355,1.883470058441162,0,2026-05-21 08:00:00+00:00
1779364800000,1.883470058441162,1.8835699558258057,1.8785500526428223,1.8793400526046753,0,2026-05-21 12:00:00+00:00
1779379200000,1.8791600465774536,1.8793599605560303,1.8755300045013428,1.8778300285339355,0,2026-05-21 16:00:00+00:00
1779393600000,1.877810001373291,1.879480004310608,1.8749699592590332,1.8791099786758423,0,2026-05-21 20:00:00+00:00
1779408000000,1.878980040550232,1.8814400434494019,1.8786799907684326,1.8803600072860718,0,2026-05-22 00:00:00+00:00
1779422400000,1.880370020866394,1.8828200101852417,1.87923002243042,1.8816499710083008,0,2026-05-22 04:00:00+00:00
1779436800000,1.8815300464630127,1.8848600387573242,1.8807100057601929,1.8845100402832031,0,2026-05-22 08:00:00+00:00
1779451200000,1.884369969367981,1.8861700296401978,1.8820500373840332,1.884220004081726,0,2026-05-22 12:00:00+00:00
1779465600000,1.884220004081726,1.884619951248169,1.8825099468231201,1.8843599557876587,0,2026-05-22 16:00:00+00:00
1779480000000,1.88441002368927,1.8854600191116333,1.8818399906158447,1.8844000101089478,0,2026-05-22 20:00:00+00:00
1779652800000,1.8833400011062622,1.8837499618530273,1.8826299905776978,1.883620023727417,0,2026-05-24 20:00:00+00:00
1779667200000,1.8835099935531616,1.8841300010681152,1.8795700073242188,1.8815300464630127,0,2026-05-25 00:00:00+00:00
1779681600000,1.8815300464630127,1.883489966392517,1.8801300525665283,1.883020043373108,0,2026-05-25 04:00:00+00:00
1779696000000,1.883020043373108,1.8835400342941284,1.8816399574279785,1.882580041885376,0,2026-05-25 08:00:00+00:00
1779710400000,1.882599949836731,1.883139967918396,1.8801900148391724,1.8821899890899658,0,2026-05-25 12:00:00+00:00
1779724800000,1.882200002670288,1.8827199935913086,1.8818600177764893,1.882349967956543,0,2026-05-25 16:00:00+00:00
1779739200000,1.8823299407958984,1.883139967918396,1.8798500299453735,1.8826299905776978,0,2026-05-25 20:00:00+00:00
1779753600000,1.8824700117111206,1.8830300569534302,1.8807300329208374,1.8808799982070923,0,2026-05-26 00:00:00+00:00
1779768000000,1.8808799982070923,1.8834400177001953,1.87978994846344,1.880810022354126,0,2026-05-26 04:00:00+00:00
1779782400000,1.8808900117874146,1.8823599815368652,1.8794300556182861,1.8799899816513062,0,2026-05-26 08:00:00+00:00
1779796800000,1.8799099922180176,1.880329966545105,1.875349998474121,1.876289963722229,0,2026-05-26 12:00:00+00:00
1779811200000,1.8761999607086182,1.8770999908447266,1.875290036201477,1.8758699893951416,0,2026-05-26 16:00:00+00:00
1779825600000,1.8759499788284302,1.8770500421524048,1.8725199699401855,1.8763400316238403,0,2026-05-26 20:00:00+00:00
1779840000000,1.8762799501419067,1.879889965057373,1.8737800121307373,1.8790899515151978,0,2026-05-27 00:00:00+00:00
1779854400000,1.8790700435638428,1.8837100267410278,1.8779100179672241,1.8830900192260742,0,2026-05-27 04:00:00+00:00
1779868800000,1.8830300569534302,1.885010004043579,1.8814500570297241,1.8835699558258057,0,2026-05-27 08:00:00+00:00
1779883200000,1.8835699558258057,1.8858200311660767,1.8809000253677368,1.8819600343704224,0,2026-05-27 12:00:00+00:00
1779897600000,1.8818999528884888,1.8822300434112549,1.8803499937057495,1.8804899454116821,0,2026-05-27 16:00:00+00:00
1779912000000,1.8804899454116821,1.8815900087356567,1.8768600225448608,1.8807100057601929,0,2026-05-27 20:00:00+00:00
1779926400000,1.8807300329208374,1.8832600116729736,1.8800300359725952,1.8823399543762207,0,2026-05-28 00:00:00+00:00
1779940800000,1.8822300434112549,1.8837000131607056,1.8793200254440308,1.8817800283432007,0,2026-05-28 04:00:00+00:00
1779955200000,1.8817399740219116,1.88372004032135,1.8803600072860718,1.8832900524139404,0,2026-05-28 08:00:00+00:00
1779969600000,1.8832900524139404,1.8834999799728394,1.876270055770874,1.8769500255584717,0,2026-05-28 12:00:00+00:00
1779984000000,1.8769700527191162,1.877020001411438,1.875290036201477,1.876479983329773,0,2026-05-28 16:00:00+00:00
1779998400000,1.876420021057129,1.8774700164794922,1.8739299774169922,1.8766599893569946,0,2026-05-28 20:00:00+00:00
1780012800000,1.8766599893569946,1.8780699968338013,1.8760000467300415,1.87746000289917,0,2026-05-29 00:00:00+00:00
1780027200000,1.8773800134658813,1.8774700164794922,1.8743799924850464,1.8746299743652344,0,2026-05-29 04:00:00+00:00
1780041600000,1.8745100498199463,1.8759900331497192,1.8725299835205078,1.8727500438690186,0,2026-05-29 08:00:00+00:00
1780056000000,1.8727500438690186,1.8744499683380127,1.8689099550247192,1.874060034751892,0,2026-05-29 12:00:00+00:00
1780070400000,1.8739399909973145,1.8742599487304688,1.8718899488449097,1.8735899925231934,0,2026-05-29 16:00:00+00:00
1780084800000,1.8736599683761597,1.8741199970245361,1.8699899911880493,1.8724600076675415,0,2026-05-29 20:00:00+00:00
1780257600000,1.8730000257492065,1.873579978942871,1.8721400499343872,1.8731600046157837,0,2026-05-31 20:00:00+00:00
1780272000000,1.8731800317764282,1.8746800422668457,1.8716599941253662,1.8730700016021729,0,2026-06-01 00:00:00+00:00
1780286400000,1.8730499744415283,1.876289963722229,1.8724499940872192,1.8746000528335571,0,2026-06-01 04:00:00+00:00
1780300800000,1.8746700286865234,1.8772499561309814,1.8740099668502808,1.877120018005371,0,2026-06-01 08:00:00+00:00
1780315200000,1.877120018005371,1.88155996799469,1.876670002937317,1.8802800178527832,0,2026-06-01 12:00:00+00:00
1780329600000,1.8803600072860718,1.8807599544525146,1.8769999742507935,1.8792400360107422,0,2026-06-01 16:00:00+00:00
1780344000000,1.8792099952697754,1.8796099424362183,1.8757799863815308,1.8785200119018555,0,2026-06-01 20:00:00+00:00
1780358400000,1.8785300254821777,1.8805099725723267,1.876670002937317,1.879539966583252,0,2026-06-02 00:00:00+00:00
1780372800000,1.879539966583252,1.8805299997329712,1.8753900527954102,1.8756799697875977,0,2026-06-02 04:00:00+00:00
1780387200000,1.8758000135421753,1.876539945602417,1.8741199970245361,1.8762799501419067,0,2026-06-02 08:00:00+00:00
1780401600000,1.8762500286102295,1.878309965133667,1.8747800588607788,1.875939965248108,0,2026-06-02 12:00:00+00:00
1780416000000,1.875939965248108,1.8766100406646729,1.8752000331878662,1.875290036201477,0,2026-06-02 16:00:00+00:00
1780430400000,1.8752700090408325,1.8766800165176392,1.872849941253662,1.8752199411392212,0,2026-06-02 20:00:00+00:00
1780444800000,1.8752399682998657,1.8777199983596802,1.8739399909973145,1.8771300315856934,0,2026-06-03 00:00:00+00:00
1780459200000,1.8771300315856934,1.8794200420379639,1.8763600587844849,1.8776500225067139,0,2026-06-03 04:00:00+00:00
1780473600000,1.8776500225067139,1.8781299591064453,1.8750200271606445,1.8768399953842163,0,2026-06-03 08:00:00+00:00
1780488000000,1.8768800497055054,1.8822599649429321,1.8757799863815308,1.8820199966430664,0,2026-06-03 12:00:00+00:00
1780502400000,1.8819899559020996,1.8822400569915771,1.880679965019226,1.8820600509643555,0,2026-06-03 16:00:00+00:00
1780516800000,1.8820799589157104,1.883020043373108,1.878190040588379,1.8818700313568115,0,2026-06-03 20:00:00+00:00
1780531200000,1.8819700479507446,1.8842799663543701,1.88018000125885,1.8831700086593628,0,2026-06-04 00:00:00+00:00
1780545600000,1.8831700086593628,1.8844000101089478,1.8809700012207031,1.8822100162506104,0,2026-06-04 04:00:00+00:00
1780560000000,1.8822100162506104,1.8846100568771362,1.8819999694824219,1.883080005645752,0,2026-06-04 08:00:00+00:00
1780574400000,1.8831199407577515,1.8846299648284912,1.881119966506958,1.8817100524902344,0,2026-06-04 12:00:00+00:00
1780588800000,1.8817100524902344,1.8821099996566772,1.8804199695587158,1.8810399770736694,0,2026-06-04 16:00:00+00:00
1780603200000,1.8810700178146362,1.8826299905776978,1.8782700300216675,1.8822599649429321,0,2026-06-04 20:00:00+00:00
1780617600000,1.8823000192642212,1.8880599737167358,1.8821200132369995,1.8850699663162231,0,2026-06-05 00:00:00+00:00
1780632000000,1.88510000705719,1.8865900039672852,1.8835400342941284,1.8855400085449219,0,2026-06-05 04:00:00+00:00
1780646400000,1.8854999542236328,1.8878200054168701,1.8841500282287598,1.8856199979782104,0,2026-06-05 08:00:00+00:00
1780660800000,1.8855600357055664,1.8937300443649292,1.884310007095337,1.8924299478530884,0,2026-06-05 12:00:00+00:00
1780675200000,1.8924200534820557,1.8939800262451172,1.890570044517517,1.893049955368042,0,2026-06-05 16:00:00+00:00
1780689600000,1.8931000232696533,1.8947900533676147,1.8913899660110474,1.8931000232696533,0,2026-06-05 20:00:00+00:00
1780862400000,1.8946900367736816,1.8947299718856812,1.8931399583816528,1.8933099508285522,0,2026-06-07 20:00:00+00:00
1780876800000,1.893339991569519,1.8938699960708618,1.8901599645614624,1.8921899795532227,0,2026-06-08 00:00:00+00:00
1780891200000,1.8921899795532227,1.8945300579071045,1.8901900053024292,1.8907999992370605,0,2026-06-08 04:00:00+00:00
1780905600000,1.8908699750900269,1.8914400339126587,1.8880900144577026,1.8895200490951538,0,2026-06-08 08:00:00+00:00
1780920000000,1.8896000385284424,1.8935600519180298,1.8873599767684937,1.8919899463653564,0,2026-06-08 12:00:00+00:00
1780934400000,1.8920600414276123,1.8940500020980835,1.8915200233459473,1.893489956855774,0,2026-06-08 16:00:00+00:00
1780948800000,1.8935500383377075,1.8949600458145142,1.8909800052642822,1.8941700458526611,0,2026-06-08 20:00:00+00:00
1780963200000,1.8941099643707275,1.895550012588501,1.8912400007247925,1.8946599960327148,0,2026-06-09 00:00:00+00:00
1780977600000,1.894629955291748,1.8958899974822998,1.891029953956604,1.8956899642944336,0,2026-06-09 04:00:00+00:00
1780992000000,1.8956300020217896,1.8995200395584106,1.895400047302246,1.898210048675537,0,2026-06-09 08:00:00+00:00
1781006400000,1.8981499671936035,1.905150055885315,1.8975800275802612,1.904919981956482,0,2026-06-09 12:00:00+00:00
1781020800000,1.9049299955368042,1.9071099758148193,1.9028500318527222,1.9038100242614746,0,2026-06-09 16:00:00+00:00
1781035200000,1.90378999710083,1.9059300422668457,1.9006199836730957,1.9034600257873535,0,2026-06-09 20:00:00+00:00
1781049600000,1.903499960899353,1.9059200286865234,1.902209997177124,1.9052900075912476,0,2026-06-10 00:00:00+00:00
1781064000000,1.905310034751892,1.9090100526809692,1.9050899744033813,1.9079999923706055,0,2026-06-10 04:00:00+00:00
1781078400000,1.9078400135040283,1.9119199514389038,1.907770037651062,1.9109599590301514,0,2026-06-10 08:00:00+00:00
1781092800000,1.9109699726104736,1.9112000465393066,1.905310034751892,1.9070299863815308,0,2026-06-10 12:00:00+00:00
1781107200000,1.9070099592208862,1.9106999635696411,1.9060499668121338,1.9103399515151978,0,2026-06-10 16:00:00+00:00
1781121600000,1.9103200435638428,1.9114400148391724,1.9071400165557861,1.9102699756622314,0,2026-06-10 20:00:00+00:00
1781136000000,1.9103800058364868,1.9113800525665283,1.908959984779358,1.9104700088500977,0,2026-06-11 00:00:00+00:00
1781150400000,1.910580039024353,1.911829948425293,1.9089000225067139,1.911389946937561,0,2026-06-11 04:00:00+00:00
1781164800000,1.9112900495529175,1.9120999574661255,1.9089399576187134,1.909909963607788,0,2026-06-11 08:00:00+00:00
1781179200000,1.9100199937820435,1.9123200178146362,1.905940055847168,1.9066799879074097,0,2026-06-11 12:00:00+00:00
1781193600000,1.9065899848937988,1.9081799983978271,1.9019800424575806,1.9034199714660645,0,2026-06-11 16:00:00+00:00
1781208000000,1.9034500122070312,1.9053699970245361,1.9009000062942505,1.9032000303268433,0,2026-06-11 20:00:00+00:00
1781222400000,1.9032100439071655,1.9068599939346313,1.902690052986145,1.9054700136184692,0,2026-06-12 00:00:00+00:00
1781236800000,1.905519962310791,1.9075000286102295,1.9033600091934204,1.905079960823059,0,2026-06-12 04:00:00+00:00
1781251200000,1.9050400257110596,1.905900001525879,1.9021600484848022,1.9048000574111938,0,2026-06-12 08:00:00+00:00
1781265600000,1.904770016670227,1.905329942703247,1.9006999731063843,1.9035199880599976,0,2026-06-12 12:00:00+00:00
1781280000000,1.9035700559616089,1.903730034828186,1.9012700319290161,1.9021199941635132,0,2026-06-12 16:00:00+00:00
1781294400000,1.9020700454711914,1.9036999940872192,1.9000699520111084,1.9027999639511108,0,2026-06-12 20:00:00+00:00
1781467200000,1.9005500078201294,1.9016200304031372,1.8998899459838867,1.900879979133606,0,2026-06-14 20:00:00+00:00
1781481600000,1.900879979133606,1.9022799730300903,1.8975600004196167,1.898169994354248,0,2026-06-15 00:00:00+00:00
1781496000000,1.898169994354248,1.900820016860962,1.8980599641799927,1.8993699550628662,0,2026-06-15 04:00:00+00:00
1781510400000,1.8993200063705444,1.8998600244522095,1.8974800109863281,1.898169994354248,0,2026-06-15 08:00:00+00:00
1781524800000,1.898169994354248,1.8997199535369873,1.8954999446868896,1.8960000276565552,0,2026-06-15 12:00:00+00:00
1781539200000,1.8960599899291992,1.8977500200271606,1.8958300352096558,1.8962299823760986,0,2026-06-15 16:00:00+00:00
1781553600000,1.8962500095367432,1.8975000381469727,1.8940600156784058,1.8969800472259521,0,2026-06-15 20:00:00+00:00
1781568000000,1.8969600200653076,1.8988800048828125,1.8964600563049316,1.897860050201416,0,2026-06-16 00:00:00+00:00
1781582400000,1.897860050201416,1.9018000364303589,1.8961800336837769,1.8997399806976318,0,2026-06-16 04:00:00+00:00
1781596800000,1.899749994277954,1.900730013847351,1.8960800170898438,1.8977899551391602,0,2026-06-16 08:00:00+00:00
1781611200000,1.8977400064468384,1.8989499807357788,1.8949999809265137,1.8988100290298462,0,2026-06-16 12:00:00+00:00
1781625600000,1.8988300561904907,1.8996399641036987,1.8973499536514282,1.8995399475097656,0,2026-06-16 16:00:00+00:00
1781640000000,1.8995699882507324,1.9008400440216064,1.8967000246047974,1.8999199867248535,0,2026-06-16 20:00:00+00:00
1781654400000,1.8999199867248535,1.901669979095459,1.8992199897766113,1.901379942893982,0,2026-06-17 00:00:00+00:00
1781668800000,1.9013999700546265,1.902940034866333,1.8988100290298462,1.8995599746704102,0,2026-06-17 04:00:00+00:00
1781683200000,1.8995599746704102,1.900670051574707,1.8981399536132812,1.8986899852752686,0,2026-06-17 08:00:00+00:00
1781697600000,1.8985999822616577,1.8993099927902222,1.8938000202178955,1.8944400548934937,0,2026-06-17 12:00:00+00:00
1781712000000,1.8944400548934937,1.8964600563049316,1.8909800052642822,1.8957099914550781,0,2026-06-17 16:00:00+00:00
1781726400000,1.8957799673080444,1.896630048751831,1.8906199932098389,1.8949899673461914,0,2026-06-17 20:00:00+00:00
1781740800000,1.8949799537658691,1.8950899839401245,1.8911999464035034,1.8914899826049805,0,2026-06-18 00:00:00+00:00
1781755200000,1.8916000127792358,1.8937400579452515,1.8898299932479858,1.8903800249099731,0,2026-06-18 04:00:00+00:00
1781769600000,1.8903000354766846,1.8909000158309937,1.8854899406433105,1.8863699436187744,0,2026-06-18 08:00:00+00:00
1781784000000,1.8863400220870972,1.8885400295257568,1.8825500011444092,1.8841700553894043,0,2026-06-18 12:00:00+00:00
1781798400000,1.8842799663543701,1.88441002368927,1.8817399740219116,1.8819199800491333,0,2026-06-18 16:00:00+00:00
1781812800000,1.8820300102233887,1.883929967880249,1.8792500495910645,1.882449984550476,0,2026-06-18 20:00:00+00:00
1781827200000,1.882349967956543,1.8847500085830688,1.8822300434112549,1.884369969367981,0,2026-06-19 00:00:00+00:00
1781841600000,1.8844599723815918,1.8851300477981567,1.8814200162887573,1.8825000524520874,0,2026-06-19 04:00:00+00:00
1781856000000,1.882580041885376,1.8875800371170044,1.8817399740219116,1.8866499662399292,0,2026-06-19 08:00:00+00:00
1781870400000,1.8866499662399292,1.8880800008773804,1.884559988975525,1.8860199451446533,0,2026-06-19 12:00:00+00:00
1781884800000,1.8860900402069092,1.8884700536727905,1.883430004119873,1.8868099451065063,0,2026-06-19 16:00:00+00:00
1781899200000,1.8872300386428833,1.8881900310516357,1.8835599422454834,1.8869500160217285,0,2026-06-19 20:00:00+00:00
1782072000000,1.884850025177002,1.886330008506775,1.8845700025558472,1.8860199451446533,0,2026-06-21 20:00:00+00:00
1782086400000,1.8859599828720093,1.887470006942749,1.8848299980163574,1.8861299753189087,0,2026-06-22 00:00:00+00:00
1782100800000,1.8861000537872314,1.8869999647140503,1.8845399618148804,1.8852100372314453,0,2026-06-22 04:00:00+00:00
1782115200000,1.885159969329834,1.8913700580596924,1.8843499422073364,1.8902299404144287,0,2026-06-22 08:00:00+00:00
1782129600000,1.8901900053024292,1.893470048904419,1.8899099826812744,1.8926299810409546,0,2026-06-22 12:00:00+00:00
1782144000000,1.8926199674606323,1.8931000232696533,1.8907999992370605,1.8925000429153442,0,2026-06-22 16:00:00+00:00
1782158400000,1.8925700187683105,1.8939399719238281,1.8896600008010864,1.8938699960708618,0,2026-06-22 20:00:00+00:00
1782172800000,1.8937699794769287,1.8996100425720215,1.8937699794769287,1.8987900018692017,0,2026-06-23 00:00:00+00:00
1782187200000,1.8988300561904907,1.9040800333023071,1.8983900547027588,1.9036600589752197,0,2026-06-23 04:00:00+00:00
1782201600000,1.9035300016403198,1.905329942703247,1.8999600410461426,1.9051899909973145,0,2026-06-23 08:00:00+00:00
1782216000000,1.9052599668502808,1.9063199758529663,1.9032700061798096,1.9046800136566162,0,2026-06-23 12:00:00+00:00
1782230400000,1.9047000408172607,1.9088900089263916,1.9038900136947632,1.9086799621582031,0,2026-06-23 16:00:00+00:00
1782244800000,1.9086600542068481,1.9099199771881104,1.9059100151062012,1.9085999727249146,0,2026-06-23 20:00:00+00:00
1782259200000,1.9085899591445923,1.9111599922180176,1.905419945716858,1.9109300374984741,0,2026-06-24 00:00:00+00:00
1782273600000,1.9110000133514404,1.911520004272461,1.9078400135040283,1.9112600088119507,0,2026-06-24 04:00:00+00:00
1782288000000,1.9109599590301514,1.9139200448989868,1.908079981803894,1.908619999885559,0,2026-06-24 08:00:00+00:00
1782302400000,1.9085400104522705,1.9097399711608887,1.90625,1.9084999561309814,0,2026-06-24 12:00:00+00:00
1782316800000,1.9084899425506592,1.9118000268936157,1.9075700044631958,1.9093300104141235,0,2026-06-24 16:00:00+00:00
1782331200000,1.9093300104141235,1.909890055656433,1.9047900438308716,1.9081599712371826,0,2026-06-24 20:00:00+00:00
1782345600000,1.9081300497055054,1.912969946861267,1.9067000150680542,1.9110699892044067,0,2026-06-25 00:00:00+00:00
1782360000000,1.9110699892044067,1.9128400087356567,1.9094500541687012,1.9108400344848633,0,2026-06-25 04:00:00+00:00
1782374400000,1.9106800556182861,1.9114400148391724,1.9075100421905518,1.90910005569458,0,2026-06-25 08:00:00+00:00
1782388800000,1.90910005569458,1.913830041885376,1.9065899848937988,1.9092899560928345,0,2026-06-25 12:00:00+00:00
1782403200000,1.909250020980835,1.9101999998092651,1.9073400497436523,1.9096599817276,0,2026-06-25 16:00:00+00:00
1782417600000,1.909749984741211,1.9112399816513062,1.9056199789047241,1.9109699726104736,0,2026-06-25 20:00:00+00:00
1782432000000,1.9109699726104736,1.917240023612976,1.9108200073242188,1.9148499965667725,0,2026-06-26 00:00:00+00:00
1782446400000,1.9147100448608398,1.9172799587249756,1.9126299619674683,1.9160100221633911,0,2026-06-26 04:00:00+00:00
1782460800000,1.9159300327301025,1.9171700477600098,1.9142600297927856,1.915429949760437,0,2026-06-26 08:00:00+00:00
1782475200000,1.9153599739074707,1.9156399965286255,1.9114899635314941,1.914489984512329,0,2026-06-26 12:00:00+00:00
1782489600000,1.9143400192260742,1.9148600101470947,1.9128600358963013,1.9134999513626099,0,2026-06-26 16:00:00+00:00
1782504000000,1.9134600162506104,1.9149800539016724,1.9117599725723267,1.9132000207901,0,2026-06-26 20:00:00+00:00
1782676800000,1.9137699604034424,1.913830041885376,1.9129400253295898,1.913540005683899,0,2026-06-28 20:00:00+00:00
1782691200000,1.913640022277832,1.9179799556732178,1.9130899906158447,1.9158899784088135,0,2026-06-29 00:00:00+00:00
1782705600000,1.915809988975525,1.9168200492858887,1.914720058441162,1.916159987449646,0,2026-06-29 04:00:00+00:00
1782720000000,1.9162299633026123,1.9180799722671509,1.9147499799728394,1.9172500371932983,0,2026-06-29 08:00:00+00:00
1782734400000,1.9172500371932983,1.92576003074646,1.9170199632644653,1.9251699447631836,0,2026-06-29 12:00:00+00:00
1782748800000,1.9251099824905396,1.9252400398254395,1.923699975013733,1.924530029296875,0,2026-06-29 16:00:00+00:00
1782763200000,1.924489974975586,1.9258400201797485,1.9207199811935425,1.9256000518798828,0,2026-06-29 20:00:00+00:00
1782777600000,1.9256000518798828,1.9280099868774414,1.922379970550537,1.9264299869537354,0,2026-06-30 00:00:00+00:00
1782792000000,1.9264299869537354,1.9265300035476685,1.9236899614334106,1.9241299629211426,0,2026-06-30 04:00:00+00:00
1782806400000,1.9241299629211426,1.9243099689483643,1.9192299842834473,1.9201099872589111,0,2026-06-30 08:00:00+00:00
1782820800000,1.9202200174331665,1.9202899932861328,1.9151899814605713,1.9172699451446533,0,2026-06-30 12:00:00+00:00
1782835200000,1.9173500537872314,1.9178500175476074,1.9149199724197388,1.9158200025558472,0,2026-06-30 16:00:00+00:00
1782849600000,1.9158400297164917,1.9179099798202515,1.9138699769973755,1.9168200492858887,0,2026-06-30 20:00:00+00:00
1782864000000,1.9168200492858887,1.9227399826049805,1.9164299964904785,1.9204800128936768,0,2026-07-01 00:00:00+00:00
1782878400000,1.9203699827194214,1.922279953956604,1.920199990272522,1.9211900234222412,0,2026-07-01 04:00:00+00:00
1782892800000,1.9211900234222412,1.9233499765396118,1.9196699857711792,1.920889973640442,0,2026-07-01 08:00:00+00:00
1782907200000,1.920889973640442,1.9246100187301636,1.9184800386428833,1.923509955406189,0,2026-07-01 12:00:00+00:00
1782921600000,1.9235199689865112,1.9262200593948364,1.9229700565338135,1.9260900020599365,0,2026-07-01 16:00:00+00:00
1782936000000,1.926110029220581,1.927340030670166,1.922410011291504,1.9270399808883667,0,2026-07-01 20:00:00+00:00
1782950400000,1.9270399808883667,1.9288899898529053,1.9254399538040161,1.92753005027771,0,2026-07-02 00:00:00+00:00
1782964800000,1.9274799823760986,1.9356199502944946,1.9269599914550781,1.935349941253662,0,2026-07-02 04:00:00+00:00
1782979200000,1.9354499578475952,1.9361399412155151,1.9313299655914307,1.9323999881744385,0,2026-07-02 08:00:00+00:00
1782993600000,1.9323999881744385,1.9325300455093384,1.9261300563812256,1.9278500080108643,0,2026-07-02 12:00:00+00:00
1783008000000,1.9279099702835083,1.9298499822616577,1.9272700548171997,1.928030014038086,0,2026-07-02 16:00:00+00:00
1783022400000,1.9280999898910522,1.9311100244522095,1.925469994544983,1.9285199642181396,0,2026-07-02 20:00:00+00:00
1783036800000,1.9285199642181396,1.9296799898147583,1.9255399703979492,1.9264099597930908,0,2026-07-03 00:00:00+00:00
1783051200000,1.9264700412750244,1.9268100261688232,1.924049973487854,1.925130009651184,0,2026-07-03 04:00:00+00:00
1783065600000,1.9251600503921509,1.9256500005722046,1.9235899448394775,1.9249099493026733,0,2026-07-03 08:00:00+00:00
1783080000000,1.9249000549316406,1.9259699583053589,1.92399001121521,1.925279974937439,0,2026-07-03 12:00:00+00:00
1783094400000,1.9252699613571167,1.92562997341156,1.9239100217819214,1.9247299432754517,0,2026-07-03 16:00:00+00:00
1783108800000,1.9249600172042847,1.9254499673843384,1.92153000831604,1.9235600233078003,0,2026-07-03 20:00:00+00:00
1783281600000,1.9241299629211426,1.9249299764633179,1.9236799478530884,1.9249000549316406,0,2026-07-05 20:00:00+00:00
1783296000000,1.9248000383377075,1.9273600578308105,1.9238799810409546,1.9261599779129028,0,2026-07-06 00:00:00+00:00
1783310400000,1.9261599779129028,1.9263299703598022,1.9234600067138672,1.9241600036621094,0,2026-07-06 04:00:00+00:00
1783324800000,1.9240700006484985,1.9247000217437744,1.9230899810791016,1.9245200157165527,0,2026-07-06 08:00:00+00:00
1783339200000,1.924489974975586,1.927109956741333,1.9237699508666992,1.9250999689102173,0,2026-07-06 12:00:00+00:00
1783353600000,1.9250999689102173,1.9258400201797485,1.9241600036621094,1.9250500202178955,0,2026-07-06 16:00:00+00:00
1783368000000,1.9250199794769287,1.9270000457763672,1.9221400022506714,1.9256800413131714,0,2026-07-06 20:00:00+00:00
1783382400000,1.9257500171661377,1.9287400245666504,1.9251400232315063,1.9274799823760986,0,2026-07-07 00:00:00+00:00
1783396800000,1.9274799823760986,1.9296200275421143,1.925819993019104,1.9280600547790527,0,2026-07-07 04:00:00+00:00
1783411200000,1.9280600547790527,1.9292500019073486,1.9256099462509155,1.9266799688339233,0,2026-07-07 08:00:00+00:00
1783425600000,1.9266799688339233,1.9287099838256836,1.9246000051498413,1.9279199838638306,0,2026-07-07 12:00:00+00:00
1783440000000,1.9279500246047974,1.9287999868392944,1.9261599779129028,1.9272099733352661,0,2026-07-07 16:00:00+00:00
1783454400000,1.927109956741333,1.9296900033950806,1.9236600399017334,1.9279199838638306,0,2026-07-07 20:00:00+00:00
1783468800000,1.9279299974441528,1.9282300472259521,1.9224599599838257,1.9238699674606323,0,2026-07-08 00:00:00+00:00
1783483200000,1.9238699674606323,1.9272799491882324,1.9231899976730347,1.9260200262069702,0,2026-07-08 04:00:00+00:00
1783497600000,1.9259699583053589,1.9310499429702759,1.9257700443267822,1.9279799461364746,0,2026-07-08 08:00:00+00:00
1783512000000,1.9278199672698975,1.934249997138977,1.9263499975204468,1.9333699941635132,0,2026-07-08 12:00:00+00:00
1783526400000,1.9333900213241577,1.9337400197982788,1.9312800168991089,1.9317200183868408,0,2026-07-08 16:00:00+00:00
1783540800000,1.931730031967163,1.9337400197982788,1.9287099838256836,1.930999994277954,0,2026-07-08 20:00:00+00:00
1783555200000,1.9309200048446655,1.9330699443817139,1.9305299520492554,1.9316699504852295,0,2026-07-09 00:00:00+00:00
1783569600000,1.9316699504852295,1.9356499910354614,1.931130051612854,1.933519959449768,0,2026-07-09 04:00:00+00:00
1783584000000,1.9334499835968018,1.9347000122070312,1.930359959602356,1.9305499792099,0,2026-07-09 08:00:00+00:00
1783598400000,1.9305200576782227,1.9319599866867065,1.9283499717712402,1.9307899475097656,0,2026-07-09 12:00:00+00:00
1783612800000,1.9306600093841553,1.932669997215271,1.9303200244903564,1.9319700002670288,0,2026-07-09 16:00:00+00:00
1783627200000,1.9320600032806396,1.932919979095459,1.9287099838256836,1.9317799806594849,0,2026-07-09 20:00:00+00:00
1783641600000,1.9318100214004517,1.9337799549102783,1.9297399520874023,1.9307600259780884,0,2026-07-10 00:00:00+00:00
1783656000000,1.9306700229644775,1.9332000017166138,1.9305299520492554,1.93231999874115,0,2026-07-10 04:00:00+00:00
1783670400000,1.9323300123214722,1.933609962463379,1.9299099445343018,1.9319599866867065,0,2026-07-10 08:00:00+00:00
1783684800000,1.9319499731063843,1.9320399761199951,1.9282699823379517,1.9285900592803955,0,2026-07-10 12:00:00+00:00
1783699200000,1.9285399913787842,1.928629994392395,1.9261599779129028,1.926990032196045,0,2026-07-10 16:00:00+00:00
1783713600000,1.9269700050354004,1.9278099536895752,1.9245799779891968,1.9274400472640991,0,2026-07-10 20:00:00+00:00
1783886400000,1.927459955215454,1.9285800457000732,1.9268800020217896,1.9282900094985962,0,2026-07-12 20:00:00+00:00
1783900800000,1.9283000230789185,1.9311200380325317,1.9273699522018433,1.930359959602356,0,2026-07-13 00:00:00+00:00
1783915200000,1.930359959602356,1.9323899745941162,1.9293800592422485,1.9305200576782227,0,2026-07-13 04:00:00+00:00
1783929600000,1.9304900169372559,1.9308099746704102,1.9267799854278564,1.9283699989318848,0,2026-07-13 08:00:00+00:00
1783944000000,1.9283699989318848,1.9301999807357788,1.92753005027771,1.929550051689148,0,2026-07-13 12:00:00+00:00
1783958400000,1.929610013961792,1.9309899806976318,1.9291900396347046,1.9302200078964233,0,2026-07-13 16:00:00+00:00
1783972800000,1.9301700592041016,1.93149995803833,1.9270199537277222,1.92917001247406,0,2026-07-13 20:00:00+00:00
1783987200000,1.929260015487671,1.9305299520492554,1.9270800352096558,1.9277299642562866,0,2026-07-14 00:00:00+00:00
1784001600000,1.9277000427246094,1.9282599687576294,1.92399001121521,1.924399971961975,0,2026-07-14 04:00:00+00:00
1784016000000,1.9243700504302979,1.9277299642562866,1.923840045928955,1.9271899461746216,0,2026-07-14 08:00:00+00:00
1784030400000,1.9271899461746216,1.927940011024475,1.9169000387191772,1.9190900325775146,0,2026-07-14 12:00:00+00:00
1784044800000,1.9191499948501587,1.9201200008392334,1.9171600341796875,1.9199299812316895,0,2026-07-14 16:00:00+00:00
1784059200000,1.9200400114059448,1.9211299419403076,1.9165199995040894,1.9201799631118774,0,2026-07-14 20:00:00+00:00
1784073600000,1.9201799631118774,1.9203300476074219,1.9171899557113647,1.918179988861084,0,2026-07-15 00:00:00+00:00
1784088000000,1.9182000160217285,1.9209100008010864,1.9177700281143188,1.9181599617004395,0,2026-07-15 04:00:00+00:00
1784102400000,1.9180799722671509,1.920390009880066,1.9152599573135376,1.9196300506591797,0,2026-07-15 08:00:00+00:00
1784116800000,1.9194400310516357,1.928529977798462,1.9173699617385864,1.928279995918274,0,2026-07-15 12:00:00+00:00
1784131200000,1.928279995918274,1.93503999710083,1.9281200170516968,1.931380033493042,0,2026-07-15 16:00:00+00:00
1784145600000,1.9315199851989746,1.9331200122833252,1.9293899536132812,1.9316999912261963,0,2026-07-15 20:00:00+00:00
1784160000000,1.9316999912261963,1.935479998588562,1.9310400485992432,1.9328700304031372,0,2026-07-16 00:00:00+00:00
1784174400000,1.9328700304031372,1.9349499940872192,1.9321099519729614,1.9337899684906006,0,2026-07-16 04:00:00+00:00
1784188800000,1.9339100122451782,1.9339599609375,1.926550030708313,1.9274400472640991,0,2026-07-16 08:00:00+00:00
1784203200000,1.927240014076233,1.9296799898147583,1.9245400428771973,1.92562997341156,0,2026-07-16 12:00:00+00:00
1784217600000,1.9254800081253052,1.9266400337219238,1.9241900444030762,1.9260900020599365,0,2026-07-16 16:00:00+00:00
1784232000000,1.9259599447250366,1.9277700185775757,1.9232200384140015,1.9253400564193726,0,2026-07-16 20:00:00+00:00
1784246400000,1.9251500368118286,1.9294099807739258,1.9248199462890625,1.9282300472259521,0,2026-07-17 00:00:00+00:00
1784260800000,1.9282300472259521,1.929819941520691,1.9267300367355347,1.9267799854278564,0,2026-07-17 04:00:00+00:00
1784275200000,1.9267799854278564,1.9291000366210938,1.9258899688720703,1.9265199899673462,0,2026-07-17 08:00:00+00:00
1784289600000,1.926650047302246,1.9289900064468384,1.9248000383377075,1.9250500202178955,0,2026-07-17 12:00:00+00:00
1784304000000,1.9249000549316406,1.9273099899291992,1.924489974975586,1.9267799854278564,0,2026-07-17 16:00:00+00:00
1784318400000,1.926800012588501,1.927970051765442,1.924430012702942,1.9268399477005005,0,2026-07-17 20:00:00+00:00
1784491200000,1.9273699522018433,1.927489995956421,1.9262499809265137,1.9262800216674805,0,2026-07-19 20:00:00+00:00
1784505600000,1.9264700412750244,1.9273699522018433,1.924280047416687,1.9246000051498413,0,2026-07-20 00:00:00+00:00
1784520000000,1.9244600534439087,1.9271999597549438,1.9236500263214111,1.924880027770996,0,2026-07-20 04:00:00+00:00
1784534400000,1.9248499870300293,1.9250799417495728,1.9200400114059448,1.9205600023269653,0,2026-07-20 08:00:00+00:00
1784548800000,1.9204399585723877,1.9214199781417847,1.9157600402832031,1.9159300327301025,0,2026-07-20 12:00:00+00:00
1784563200000,1.9158899784088135,1.9195200204849243,1.9147299528121948,1.9192500114440918,0,2026-07-20 16:00:00+00:00
1784577600000,1.9192500114440918,1.9201600551605225,1.9145100116729736,1.9185500144958496,0,2026-07-20 20:00:00+00:00
1784592000000,1.9184800386428833,1.9194200038909912,1.9163700342178345,1.9183100461959839,0,2026-07-21 00:00:00+00:00
1784606400000,1.918179988861084,1.918619990348816,1.9141900539398193,1.9146599769592285,0,2026-07-21 04:00:00+00:00
1784620800000,1.9146599769592285,1.9152699708938599,1.9098800420761108,1.9099500179290771,0,2026-07-21 08:00:00+00:00
1784635200000,1.9099299907684326,1.9111499786376953,1.9064899682998657,1.9083600044250488,0,2026-07-21 12:00:00+00:00
1784649600000,1.9082000255584717,1.9114999771118164,1.907789945602417,1.91048002243042,0,2026-07-21 16:00:00+00:00
1784664000000,1.9105299711227417,1.9117499589920044,1.9081900119781494,1.9108099937438965,0,2026-07-21 20:00:00+00:00
1784678400000,1.9110000133514404,1.9122099876403809,1.908750057220459,1.9118399620056152,0,2026-07-22 00:00:00+00:00
1784692800000,1.9118399620056152,1.9132200479507446,1.9104199409484863,1.9126100540161133,0,2026-07-22 04:00:00+00:00
1784707200000,1.9126299619674683,1.9131100177764893,1.909749984741211,1.9109599590301514,0,2026-07-22 08:00:00+00:00
1784721600000,1.9109599590301514,1.91389000415802,1.9105499982833862,1.9106199741363525,0,2026-07-22 12:00:00+00:00
1784736000000,1.9106199741363525,1.9124300479888916,1.9102699756622314,1.9115899801254272,0,2026-07-22 16:00:00+00:00
1784750400000,1.9117000102996826,1.9140199422836304,1.9099299907684326,1.9135299921035767,0,2026-07-22 20:00:00+00:00
1784764800000,1.913349986076355,1.9136899709701538,1.9060699939727783,1.9075599908828735,0,2026-07-23 00:00:00+00:00
1784779200000,1.9073799848556519,1.9105299711227417,1.9071400165557861,1.909440040588379,0,2026-07-23 04:00:00+00:00
1784793600000,1.9092899560928345,1.9110000133514404,1.9085299968719482,1.9096399545669556,0,2026-07-23 08:00:00+00:00
1784808000000,1.909749984741211,1.9132200479507446,1.9078799486160278,1.9082800149917603,0,2026-07-23 12:00:00+00:00
1784822400000,1.9083900451660156,1.9122600555419922,1.907979965209961,1.9116100072860718,0,2026-07-23 16:00:00+00:00
1784836800000,1.91156005859375,1.9119000434875488,1.9074100255966187,1.910539984703064,0,2026-07-23 20:00:00+00:00
1784851200000,1.9106500148773193,1.9110100269317627,1.9078400135040283,1.9088799953460693,0,2026-07-24 00:00:00+00:00
1784865600000,1.9086899757385254,1.9096100330352783,1.9070899486541748,1.9091600179672241,0,2026-07-24 04:00:00+00:00
1784880000000,1.909119963645935,1.9095300436019897,1.9041099548339844,1.9063700437545776,0,2026-07-24 08:00:00+00:00
1784894400000,1.9063800573349,1.9103100299835205,1.9059799909591675,1.9071500301361084,0,2026-07-24 12:00:00+00:00
1784908800000,1.9071600437164307,1.908959984779358,1.9064300060272217,1.9082000255584717,0,2026-07-24 16:00:00+00:00
1784923200000,1.9083199501037598,1.9089399576187134,1.9052799940109253,1.9084899425506592,0,2026-07-24 20:00:00+00:00
1785096000000,1.9080300331115723,1.9088399410247803,1.9078099727630615,1.9087300300598145,0,2026-07-26 20:00:00+00:00
1785110400000,1.9086300134658813,1.909409999847412,1.9072200059890747,1.907920002937317,0,2026-07-27 00:00:00+00:00
1785124800000,1.9077099561691284,1.9086600542068481,1.903439998626709,1.9047199487686157,0,2026-07-27 04:00:00+00:00
1785139200000,1.9046399593353271,1.905210018157959,1.900570034980774,1.902359962463379,0,2026-07-27 08:00:00+00:00
1785153600000,1.902359962463379,1.9050099849700928,1.9017200469970703,1.9021300077438354,0,2026-07-27 12:00:00+00:00
1785168000000,1.9023200273513794,1.902649998664856,1.900589942932129,1.9006099700927734,0,2026-07-27 16:00:00+00:00
1785182400000,1.900570034980774,1.9027899503707886,1.8998199701309204,1.9020299911499023,0,2026-07-27 20:00:00+00:00
1785196800000,1.9018199443817139,1.905150055885315,1.9001100063323975,1.9047600030899048,0,2026-07-28 00:00:00+00:00
1785211200000,1.90461003780365,1.9082800149917603,1.90461003780365,1.907080054283142,0,2026-07-28 04:00:00+00:00
1785225600000,1.907080054283142,1.9089299440383911,1.90556001663208,1.906350016593933,0,2026-07-28 08:00:00+00:00
1785240000000,1.9064600467681885,1.9090700149536133,1.9052799940109253,1.905809998512268,0,2026-07-28 12:00:00+00:00
1785254400000,1.9058500528335571,1.9060800075531006,1.904520034790039,1.9051100015640259,0,2026-07-28 16:00:00+00:00
1785268800000,1.9050899744033813,1.9059499502182007,1.9020500183105469,1.904919981956482,0,2026-07-28 20:00:00+00:00
1785283200000,1.904919981956482,1.9147800207138062,1.9047900438308716,1.9137400388717651,0,2026-07-29 00:00:00+00:00
1785297600000,1.9136799573898315,1.915369987487793,1.9112000465393066,1.9145300388336182,0,2026-07-29 04:00:00+00:00
1785312000000,1.9143699407577515,1.9165699481964111,1.913949966430664,1.9143199920654297,0,2026-07-29 08:00:00+00:00
1785326400000,1.9143199920654297,1.9193999767303467,1.912269949913025,1.9172600507736206,0,2026-07-29 12:00:00+00:00
1785340800000,1.9173200130462646,1.9215600490570068,1.9122799634933472,1.9208400249481201,0,2026-07-29 16:00:00+00:00
1785355200000,1.9207799434661865,1.923490047454834,1.9188799858093262,1.9206500053405762,0,2026-07-29 20:00:00+00:00
1785369600000,1.9206600189208984,1.9212199449539185,1.917140007019043,1.919800043106079,0,2026-07-30 00:00:00+00:00
1785384000000,1.919800043106079,1.9208799600601196,1.9170299768447876,1.9189200401306152,0,2026-07-30 04:00:00+00:00
1785398400000,1.918779969215393,1.9206299781799316,1.9166500568389893,1.9171500205993652,0,2026-07-30 08:00:00+00:00
1785412800000,1.9171500205993652,1.918660044670105,1.912600040435791,1.9168599843978882,0,2026-07-30 12:00:00+00:00
1785427200000,1.916849970817566,1.9170900583267212,1.9150899648666382,1.9155199527740479,0,2026-07-30 16:00:00+00:00
1785441600000,1.915560007095337,1.918220043182373,1.913699984550476,1.9161100387573242,0,2026-07-30 20:00:00+00:00
1785456000000,1.9160399436950684,1.9167799949645996,1.9135099649429321,1.9145300388336182,0,2026-07-31 00:00:00+00:00
1785470400000,1.9145300388336182,1.9146699905395508,1.9115500450134277,1.9132599830627441,0,2026-07-31 04:00:00+00:00
1785484800000,1.913159966468811,1.913540005683899,1.9107500314712524,1.9116499423980713,0,2026-07-31 08:00:00+00:00
1785499200000,1.9116400480270386,1.9182900190353394,1.9107099771499634,1.9173200130462646,0,2026-07-31 12:00:00+00:00
1785513600000,1.9173200130462646,1.9174799919128418,1.9147700071334839,1.915369987487793,0,2026-07-31 16:00:00+00:00
1785528000000,1.9154599905014038,1.9207500219345093,1.9138799905776978,1.919569969177246,0,2026-07-31 20:00:00+00:00
1785700800000,1.9151099920272827,1.9155900478363037,1.9145499467849731,1.914829969406128,0,2026-08-02 20:00:00+00:00
1785715200000,1.9147800207138062,1.9166799783706665,1.9142400026321411,1.9158600568771362,0,2026-08-03 00:00:00+00:00
1785729600000,1.9157400131225586,1.918720006942749,1.9140499830245972,1.9179999828338623,0,2026-08-03 04:00:00+00:00
1785744000000,1.9179999828338623,1.9234299659729004,1.9177600145339966,1.9216099977493286,0,2026-08-03 08:00:00+00:00
1785758400000,1.9215400218963623,1.925950050354004,1.91812002658844,1.9190800189971924,0,2026-08-03 12:00:00+00:00
1785772800000,1.919100046157837,1.9197299480438232,1.9180999994277954,1.9187400341033936,0,2026-08-03 16:00:00+00:00
1785787200000,1.9186899662017822,1.9194200038909912,1.9152899980545044,1.9188499450683594,0,2026-08-03 20:00:00+00:00
1785801600000,1.9187300205230713,1.9189499616622925,1.912310004234314,1.9127600193023682,0,2026-08-04 00:00:00+00:00
1785816000000,1.9127600193023682,1.915079951286316,1.912019968032837,1.9144599437713623,0,2026-08-04 04:00:00+00:00
1785830400000,1.9144699573516846,1.9146000146865845,1.9111100435256958,1.9120299816131592,0,2026-08-04 08:00:00+00:00
1785844800000,1.9119999408721924,1.9129799604415894,1.9099600315093994,1.9118000268936157,0,2026-08-04 12:00:00+00:00
1785859200000,1.9118000268936157,1.9119499921798706,1.908210039138794,1.9088300466537476,0,2026-08-04 16:00:00+00:00
1785873600000,1.9088900089263916,1.9101899862289429,1.9069900512695312,1.90871000289917,0,2026-08-04 20:00:00+00:00
1785888000000,1.9086500406265259,1.9102400541305542,1.9075100421905518,1.9088399410247803,0,2026-08-05 00:00:00+00:00
1785902400000,1.9088000059127808,1.9115400314331055,1.90733003616333,1.9108799695968628,0,2026-08-05 04:00:00+00:00
1785916800000,1.910979986190796,1.9128799438476562,1.9099899530410767,1.9119600057601929,0,2026-08-05 08:00:00+00:00
1785931200000,1.9119600057601929,1.91211998462677,1.9080100059509277,1.909409999847412,0,2026-08-05 12:00:00+00:00
1785945600000,1.909409999847412,1.9095699787139893,1.9071999788284302,1.9082499742507935,0,2026-08-05 16:00:00+00:00
1785960000000,1.908310055732727,1.909209966659546,1.9054499864578247,1.9085700511932373,0,2026-08-05 20:00:00+00:00
1785974400000,1.9084500074386597,1.9102100133895874,1.907580018043518,1.9098000526428223,0,2026-08-06 00:00:00+00:00
1785988800000,1.9098700284957886,1.9127099514007568,1.9095300436019897,1.912369966506958,0,2026-08-06 04:00:00+00:00
1786003200000,1.9122999906539917,1.9128999710083008,1.910390019416809,1.9122300148010254,0,2026-08-06 08:00:00+00:00
1786017600000,1.9122300148010254,1.9149800539016724,1.9114899635314941,1.9143099784851074,0,2026-08-06 12:00:00+00:00
1786032000000,1.9142600297927856,1.9151099920272827,1.9126100540161133,1.9130200147628784,0,2026-08-06 16:00:00+00:00
1786046400000,1.9129799604415894,1.9139900207519531,1.909850001335144,1.9129799604415894,0,2026-08-06 20:00:00+00:00
1786060800000,1.9128799438476562,1.915429949760437,1.912719964981079,1.9149199724197388,0,2026-08-07 00:00:00+00:00
1786075200000,1.914870023727417,1.9151699542999268,1.9112000465393066,1.9113999605178833,0,2026-08-07 04:00:00+00:00
1786089600000,1.9114099740982056,1.911620020866394,1.9084500074386597,1.9102200269699097,0,2026-08-07 08:00:00+00:00
1786104000000,1.9102400541305542,1.9115899801254272,1.9074900150299072,1.9107099771499634,0,2026-08-07 12:00:00+00:00
1786118400000,1.910830020904541,1.9110499620437622,1.9083800315856934,1.9091299772262573,0,2026-08-07 16:00:00+00:00
1786132800000,1.9091600179672241,1.9101200103759766,1.9065699577331543,1.9088399410247803,0,2026-08-07 20:00:00+00:00
1786305600000,1.9088499546051025,1.9099899530410767,1.9088300466537476,1.9097900390625,0,2026-08-09 20:00:00+00:00
1786320000000,1.909909963607788,1.910770058631897,1.9083000421524048,1.91034996509552,0,2026-08-10 00:00:00+00:00
1786334400000,1.9102599620819092,1.9109400510787964,1.9084299802780151,1.9086500406265259,0,2026-08-10 04:00:00+00:00
1786348800000,1.9086400270462036,1.91156005859375,1.9084099531173706,1.9114099740982056,0,2026-08-10 08:00:00+00:00
1786363200000,1.9113099575042725,1.915079951286316,1.9111499786376953,1.9143600463867188,0,2026-08-10 12:00:00+00:00
1786377600000,1.9143600463867188,1.9148099422454834,1.912950038909912,1.9147000312805176,0,2026-08-10 16:00:00+00:00
1786392000000,1.9146900177001953,1.9154200553894043,1.91048002243042,1.914870023727417,0,2026-08-10 20:00:00+00:00
1786406400000,1.914870023727417,1.9155199527740479,1.9132399559020996,1.914139986038208,0,2026-08-11 00:00:00+00:00
1786420800000,1.9141499996185303,1.9190000295639038,1.9125699996948242,1.9150999784469604,0,2026-08-11 04:00:00+00:00
1786435200000,1.915079951286316,1.9152300357818604,1.91034996509552,1.9108999967575073,0,2026-08-11 08:00:00+00:00
1786449600000,1.9108999967575073,1.9140299558639526,1.909850001335144,1.913830041885376,0,2026-08-11 12:00:00+00:00
1786464000000,1.91389000415802,1.9139200448989868,1.911929965019226,1.9129400253295898,0,2026-08-11 16:00:00+00:00
1786478400000,1.9130200147628784,1.9134700298309326,1.9104499816894531,1.9122899770736694,0,2026-08-11 20:00:00+00:00
1786492800000,1.9122899770736694,1.9141499996185303,1.911180019378662,1.9138000011444092,0,2026-08-12 00:00:00+00:00
1786507200000,1.9137200117111206,1.9143699407577515,1.9126499891281128,1.9138400554656982,0,2026-08-12 04:00:00+00:00
1786521600000,1.9138400554656982,1.9143699407577515,1.9122899770736694,1.912909984588623,0,2026-08-12 08:00:00+00:00
1786536000000,1.912909984588623,1.9135799407958984,1.9077500104904175,1.910949945449829,0,2026-08-12 12:00:00+00:00
1786550400000,1.9108999967575073,1.911329984664917,1.9095900058746338,1.9101300239562988,0,2026-08-12 16:00:00+00:00
1786564800000,1.910099983215332,1.9117100238800049,1.9088399410247803,1.910730004310608,0,2026-08-12 20:00:00+00:00
1786579200000,1.9106199741363525,1.9140299558639526,1.9100899696350098,1.9139399528503418,0,2026-08-13 00:00:00+00:00
1786593600000,1.9139200448989868,1.9148800373077393,1.9121099710464478,1.9126700162887573,0,2026-08-13 04:00:00+00:00
1786608000000,1.9126299619674683,1.9135199785232544,1.9109699726104736,1.9128899574279785,0,2026-08-13 08:00:00+00:00
1786622400000,1.9128899574279785,1.9138400554656982,1.9106899499893188,1.91225004196167,0,2026-08-13 12:00:00+00:00
1786636800000,1.91225004196167,1.9123200178146362,1.9094899892807007,1.910290002822876,0,2026-08-13 16:00:00+00:00
1786651200000,1.91034996509552,1.9115500450134277,1.907979965209961,1.9096200466156006,0,2026-08-13 20:00:00+00:00
1786665600000,1.909690022468567,1.9120800495147705,1.9092799425125122,1.9110599756240845,0,2026-08-14 00:00:00+00:00
1786680000000,1.911080002784729,1.9113999605178833,1.9093899726867676,1.9104599952697754,0,2026-08-14 04:00:00+00:00
1786694400000,1.9104599952697754,1.9124200344085693,1.9104499816894531,1.9113099575042725,0,2026-08-14 08:00:00+00:00
1786708800000,1.9113099575042725,1.9124200344085693,1.9096100330352783,1.9116100072860718,0,2026-08-14 12:00:00+00:00
1786723200000,1.9116599559783936,1.9119999408721924,1.9101699590682983,1.9104000329971313,0,2026-08-14 16:00:00+00:00
1786737600000,1.9104000329971313,1.9110499620437622,1.9079400300979614,1.9105199575424194,0,2026-08-14 20:00:00+00:00
1786910400000,1.9105000495910645,1.9119600057601929,1.9103200435638428,1.9118599891662598,0,2026-08-16 20:00:00+00:00
1786924800000,1.9118399620056152,1.9119499921798706,1.9083399772644043,1.9084800481796265,0,2026-08-17 00:00:00+00:00
1786939200000,1.9085299968719482,1.9086400270462036,1.9024900197982788,1.9046800136566162,0,2026-08-17 04:00:00+00:00
1786953600000,1.9046200513839722,1.905940055847168,1.90146005153656,1.9024499654769897,0,2026-08-17 08:00:00+00:00
1786968000000,1.9024499654769897,1.9069199562072754,1.9023900032043457,1.906690001487732,0,2026-08-17 12:00:00+00:00
1786982400000,1.906749963760376,1.9069600105285645,1.9055399894714355,1.906209945678711,0,2026-08-17 16:00:00+00:00
1786996800000,1.906209945678711,1.9073699712753296,1.9032700061798096,1.9061000347137451,0,2026-08-17 20:00:00+00:00
1787011200000,1.9061000347137451,1.9065500497817993,1.9043500423431396,1.905500054359436,0,2026-08-18 00:00:00+00:00
1787025600000,1.9055099487304688,1.9075299501419067,1.9038499593734741,1.9046900272369385,0,2026-08-18 04:00:00+00:00
1787040000000,1.9046900272369385,1.905060052871704,1.9021600484848022,1.9022899866104126,0,2026-08-18 08:00:00+00:00
1787054400000,1.9022899866104126,1.9086600542068481,1.901319980621338,1.9084500074386597,0,2026-08-18 12:00:00+00:00
1787068800000,1.908460021018982,1.9111100435256958,1.90788996219635,1.910249948501587,0,2026-08-18 16:00:00+00:00
1787083200000,1.9100600481033325,1.9116400480270386,1.9071999788284302,1.9114099740982056,0,2026-08-18 20:00:00+00:00
1787097600000,1.9114099740982056,1.9139599800109863,1.9105099439620972,1.913849949836731,0,2026-08-19 00:00:00+00:00
1787112000000,1.913849949836731,1.917330026626587,1.9136099815368652,1.9170399904251099,0,2026-08-19 04:00:00+00:00
1787126400000,1.916990041732788,1.9173500537872314,1.9136600494384766,1.9156999588012695,0,2026-08-19 08:00:00+00:00
1787140800000,1.9156999588012695,1.91621994972229,1.9096200466156006,1.9104399681091309,0,2026-08-19 12:00:00+00:00
1787155200000,1.9104399681091309,1.911329984664917,1.9093600511550903,1.9099700450897217,0,2026-08-19 16:00:00+00:00
1787169600000,1.9100600481033325,1.9114500284194946,1.907189965248108,1.9092299938201904,0,2026-08-19 20:00:00+00:00
1787184000000,1.9093199968338013,1.9146100282669067,1.9085999727249146,1.9121400117874146,0,2026-08-20 00:00:00+00:00
1787198400000,1.912179946899414,1.9134999513626099,1.9111000299453735,1.9126100540161133,0,2026-08-20 04:00:00+00:00
1787212800000,1.912559986114502,1.9176199436187744,1.9118900299072266,1.9174599647521973,0,2026-08-20 08:00:00+00:00
1787227200000,1.9175200462341309,1.9190200567245483,1.91225004196167,1.915369987487793,0,2026-08-20 12:00:00+00:00
1787241600000,1.9152799844741821,1.9168299436569214,1.914989948272705,1.9160200357437134,0,2026-08-20 16:00:00+00:00
1787256000000,1.916059970855713,1.91743004322052,1.914080023765564,1.9163000583648682,0,2026-08-20 20:00:00+00:00
1787270400000,1.9163099527359009,1.9164299964904785,1.909999966621399,1.9106800556182861,0,2026-08-21 00:00:00+00:00
1787284800000,1.9106800556182861,1.9110300540924072,1.907230019569397,1.907520055770874,0,2026-08-21 04:00:00+00:00
1787299200000,1.907349944114685,1.9086999893188477,1.905060052871704,1.9063899517059326,0,2026-08-21 08:00:00+00:00
1787313600000,1.9064300060272217,1.9064600467681885,1.8997600078582764,1.9010900259017944,0,2026-08-21 12:00:00+00:00
1787328000000,1.9010900259017944,1.9027700424194336,1.9001599550247192,1.9024699926376343,0,2026-08-21 16:00:00+00:00
1787342400000,1.9024699926376343,1.903439998626709,1.9007099866867065,1.90215003490448,0,2026-08-21 20:00:00+00:00
1787515200000,1.9027999639511108,1.9040299654006958,1.902690052986145,1.9037400484085083,0,2026-08-23 20:00:00+00:00
1787529600000,1.903090000152588,1.9051400423049927,1.9020500183105469,1.9045699834823608,0,2026-08-24 00:00:00+00:00
1787544000000,1.904520034790039,1.9047499895095825,1.9024300575256348,1.9028300046920776,0,2026-08-24 04:00:00+00:00
1787558400000,1.9027600288391113,1.9038900136947632,1.9019900560379028,1.9035799503326416,0,2026-08-24 08:00:00+00:00
1787572800000,1.9035600423812866,1.9069000482559204,1.902459979057312,1.9060800075531006,0,2026-08-24 12:00:00+00:00
1787587200000,1.9060800075531006,1.9083600044250488,1.9053000211715698,1.9064699411392212,0,2026-08-24 16:00:00+00:00
1787601600000,1.9064799547195435,1.9079699516296387,1.9044400453567505,1.9061000347137451,0,2026-08-24 20:00:00+00:00
1787616000000,1.9061000347137451,1.9062299728393555,1.9045900106430054,1.905709981918335,0,2026-08-25 00:00:00+00:00
1787630400000,1.905709981918335,1.909309983253479,1.904670000076294,1.9089900255203247,0,2026-08-25 04:00:00+00:00
1787644800000,1.9089900255203247,1.9094500541687012,1.9046800136566162,1.9054499864578247,0,2026-08-25 08:00:00+00:00
1787659200000,1.9054499864578247,1.906730055809021,1.9040700197219849,1.9050400257110596,0,2026-08-25 12:00:00+00:00
1787673600000,1.9050999879837036,1.906499981880188,1.9048899412155151,1.9053599834442139,0,2026-08-25 16:00:00+00:00
1787688000000,1.9053900241851807,1.9068299531936646,1.9022200107574463,1.9046399593353271,0,2026-08-25 20:00:00+00:00
1787702400000,1.904539942741394,1.9055700302124023,1.897670030593872,1.8986599445343018,0,2026-08-26 00:00:00+00:00
1787716800000,1.8985999822616577,1.8999899625778198,1.8970199823379517,1.8983800411224365,0,2026-08-26 04:00:00+00:00
1787731200000,1.8983800411224365,1.8986999988555908,1.8963500261306763,1.8968900442123413,0,2026-08-26 08:00:00+00:00
1787745600000,1.8969099521636963,1.8973000049591064,1.8946499824523926,1.8963700532913208,0,2026-08-26 12:00:00+00:00
1787760000000,1.8963099718093872,1.8965100049972534,1.8946900367736816,1.8949400186538696,0,2026-08-26 16:00:00+00:00
1787774400000,1.8949799537658691,1.8968499898910522,1.8921600580215454,1.8930799961090088,0,2026-08-26 20:00:00+00:00
1787788800000,1.8933199644088745,1.8943899869918823,1.8913400173187256,1.8917100429534912,0,2026-08-27 00:00:00+00:00
1787803200000,1.8917100429534912,1.8926500082015991,1.8908400535583496,1.8920600414276123,0,2026-08-27 04:00:00+00:00
1787817600000,1.8921400308609009,1.892359972000122,1.8892500400543213,1.8892699480056763,0,2026-08-27 08:00:00+00:00
1787832000000,1.8892699480056763,1.8911099433898926,1.8878099918365479,1.8894000053405762,0,2026-08-27 12:00:00+00:00
1787846400000,1.8894100189208984,1.890120029449463,1.8880599737167358,1.8883399963378906,0,2026-08-27 16:00:00+00:00
1787860800000,1.8883299827575684,1.8903000354766846,1.8871500492095947,1.8895900249481201,0,2026-08-27 20:00:00+00:00
1787875200000,1.8895000219345093,1.8897299766540527,1.8865000009536743,1.887030005455017,0,2026-08-28 00:00:00+00:00
1787889600000,1.8870899677276611,1.8890000581741333,1.8867499828338623,1.8882100582122803,0,2026-08-28 04:00:00+00:00
1787904000000,1.8881299495697021,1.8889199495315552,1.886780023574829,1.8884400129318237,0,2026-08-28 08:00:00+00:00
1787918400000,1.8884400129318237,1.892109990119934,1.8847399950027466,1.8917499780654907,0,2026-08-28 12:00:00+00:00
1787932800000,1.8918100595474243,1.891950011253357,1.889680027961731,1.8899199962615967,0,2026-08-28 16:00:00+00:00
1787947200000,1.8899799585342407,1.8905199766159058,1.8870999813079834,1.8898600339889526,0,2026-08-28 20:00:00+00:00
1788120000000,1.8901499509811401,1.8912500143051147,1.8898600339889526,1.8911399841308594,0,2026-08-30 20:00:00+00:00
1788134400000,1.8911099433898926,1.8917100429534912,1.8889399766921997,1.8896499872207642,0,2026-08-31 00:00:00+00:00
1788148800000,1.8895599842071533,1.8922200202941895,1.8895200490951538,1.891610026359558,0,2026-08-31 04:00:00+00:00
1788163200000,1.8915899991989136,1.8924800157546997,1.890339970588684,1.8905600309371948,0,2026-08-31 08:00:00+00:00
1788177600000,1.8905600309371948,1.8926500082015991,1.889389991760254,1.8907599449157715,0,2026-08-31 12:00:00+00:00
1788192000000,1.8907099962234497,1.8913600444793701,1.8900599479675293,1.8907300233840942,0,2026-08-31 16:00:00+00:00
1788206400000,1.890779972076416,1.8911999464035034,1.8884999752044678,1.8892799615859985,0,2026-08-31 20:00:00+00:00
1788220800000,1.8892799615859985,1.890470027923584,1.8877300024032593,1.8892799615859985,0,2026-09-01 00:00:00+00:00
1788235200000,1.8893200159072876,1.8920899629592896,1.8883999586105347,1.891890048980713,0,2026-09-01 04:00:00+00:00
1788249600000,1.891800045967102,1.8970999717712402,1.8912299871444702,1.8943500518798828,0,2026-09-01 08:00:00+00:00
1788264000000,1.8943500518798828,1.8950400352478027,1.8890199661254883,1.8895200490951538,0,2026-09-01 12:00:00+00:00
1788278400000,1.8894599676132202,1.8915300369262695,1.8893699645996094,1.8913999795913696,0,2026-09-01 16:00:00+00:00
1788292800000,1.8913999795913696,1.8921300172805786,1.8872599601745605,1.8910599946975708,0,2026-09-01 20:00:00+00:00
1788307200000,1.8911199569702148,1.8918399810791016,1.8870799541473389,1.8908499479293823,0,2026-09-02 00:00:00+00:00
1788321600000,1.8908400535583496,1.8924299478530884,1.889240026473999,1.8911000490188599,0,2026-09-02 04:00:00+00:00
1788336000000,1.8910900354385376,1.8954499959945679,1.8871400356292725,1.887179970741272,0,2026-09-02 08:00:00+00:00
1788350400000,1.887179970741272,1.8875000476837158,1.8821500539779663,1.8832900524139404,0,2026-09-02 12:00:00+00:00
1788364800000,1.8832600116729736,1.8834600448608398,1.8807300329208374,1.8809900283813477,0,2026-09-02 16:00:00+00:00
1788379200000,1.8809700012207031,1.8827400207519531,1.8793799877166748,1.8819799423217773,0,2026-09-02 20:00:00+00:00
1788393600000,1.8819199800491333,1.8837699890136719,1.881160020828247,1.8820099830627441,0,2026-09-03 00:00:00+00:00
1788408000000,1.8820500373840332,1.88510000705719,1.881160020828247,1.8818199634552002,0,2026-09-03 04:00:00+00:00
1788422400000,1.8817399740219116,1.8819500207901,1.8752000331878662,1.8762400150299072,0,2026-09-03 08:00:00+00:00
1788436800000,1.876170039176941,1.8816299438476562,1.8742200136184692,1.8798999786376953,0,2026-09-03 12:00:00+00:00
1788451200000,1.8798500299453735,1.880370020866394,1.8775700330734253,1.8777600526809692,0,2026-09-03 16:00:00+00:00
1788465600000,1.877750039100647,1.879480004310608,1.875980019569397,1.8787699937820435,0,2026-09-03 20:00:00+00:00
1788480000000,1.878749966621399,1.8789900541305542,1.8756999969482422,1.8769199848175049,0,2026-09-04 00:00:00+00:00
1788494400000,1.876889944076538,1.8808200359344482,1.8758200407028198,1.879390001296997,0,2026-09-04 04:00:00+00:00
1788508800000,1.879480004310608,1.8805400133132935,1.8778300285339355,1.8784500360488892,0,2026-09-04 08:00:00+00:00
1788523200000,1.8784500360488892,1.880519986152649,1.8750100135803223,1.8756200075149536,0,2026-09-04 12:00:00+00:00
1788537600000,1.8756300210952759,1.876170039176941,1.8747199773788452,1.8756699562072754,0,2026-09-04 16:00:00+00:00
1788552000000,1.8756500482559204,1.8774199485778809,1.8741300106048584,1.8774199485778809,0,2026-09-04 20:00:00+00:00
1788724800000,1.875749945640564,1.8758599758148193,1.8752399682998657,1.875540018081665,0,2026-09-06 20:00:00+00:00
1788739200000,1.8756200075149536,1.8765499591827393,1.8749300241470337,1.8752700090408325,0,2026-09-07 00:00:00+00:00
1788753600000,1.8753000497817993,1.875920057296753,1.8730800151824951,1.8736399412155151,0,2026-09-07 04:00:00+00:00
1788768000000,1.873669981956482,1.8761600255966187,1.8733500242233276,1.8757400512695312,0,2026-09-07 08:00:00+00:00
1788782400000,1.8757200241088867,1.8763699531555176,1.8744399547576904,1.8757799863815308,0,2026-09-07 12:00:00+00:00
1788796800000,1.8758699893951416,1.8763999938964844,1.8756500482559204,1.8758599758148193,0,2026-09-07 16:00:00+00:00
1788811200000,1.8758599758148193,1.876829981803894,1.8737900257110596,1.8758200407028198,0,2026-09-07 20:00:00+00:00
1788825600000,1.8758100271224976,1.8784199953079224,1.8756099939346313,1.876170039176941,0,2026-09-08 00:00:00+00:00
1788840000000,1.8761099576950073,1.877619981765747,1.875440001487732,1.8759599924087524,0,2026-09-08 04:00:00+00:00
1788854400000,1.8760299682617188,1.8776700496673584,1.8748199939727783,1.8775099515914917,0,2026-09-08 08:00:00+00:00
1788868800000,1.8774700164794922,1.8780299425125122,1.8742599487304688,1.8760199546813965,0,2026-09-08 12:00:00+00:00
1788883200000,1.8759700059890747,1.8764400482177734,1.8745299577713013,1.875980019569397,0,2026-09-08 16:00:00+00:00
1788897600000,1.8760299682617188,1.876479983329773,1.8727400302886963,1.8754700422286987,0,2026-09-08 20:00:00+00:00
1788912000000,1.8754700422286987,1.875849962234497,1.8743300437927246,1.8750799894332886,0,2026-09-09 00:00:00+00:00
1788926400000,1.8750799894332886,1.875499963760376,1.873170018196106,1.8747600317001343,0,2026-09-09 04:00:00+00:00
1788940800000,1.8746999502182007,1.878790020942688,1.874079942703247,1.8777400255203247,0,2026-09-09 08:00:00+00:00
1788955200000,1.8776600360870361,1.8781800270080566,1.873900055885315,1.8768099546432495,0,2026-09-09 12:00:00+00:00
1788969600000,1.8768099546432495,1.8779000043869019,1.8764400482177734,1.8768399953842163,0,2026-09-09 16:00:00+00:00
1788984000000,1.8768399953842163,1.8778899908065796,1.8734899759292603,1.87608003616333,0,2026-09-09 20:00:00+00:00
1788998400000,1.876170039176941,1.8794100284576416,1.8756699562072754,1.8776999711990356,0,2026-09-10 00:00:00+00:00
1789012800000,1.877709984779358,1.879390001296997,1.8769299983978271,1.8783899545669556,0,2026-09-10 04:00:00+00:00
1789027200000,1.8784899711608887,1.8813799619674683,1.8778899908065796,1.8812199831008911,0,2026-09-10 08:00:00+00:00
1789041600000,1.8811800479888916,1.8878999948501587,1.8805899620056152,1.8870799541473389,0,2026-09-10 12:00:00+00:00
1789056000000,1.8870699405670166,1.8879899978637695,1.886549949645996,1.8868900537490845,0,2026-09-10 16:00:00+00:00
1789070400000,1.8869600296020508,1.8880499601364136,1.8844799995422363,1.8876399993896484,0,2026-09-10 20:00:00+00:00
1789084800000,1.8876099586486816,1.8877400159835815,1.8857699632644653,1.8868299722671509,0,2026-09-11 00:00:00+00:00
1789099200000,1.8869099617004395,1.8872900009155273,1.8837499618530273,1.884559988975525,0,2026-09-11 04:00:00+00:00
1789113600000,1.884559988975525,1.8855600357055664,1.8819500207901,1.882390022277832,0,2026-09-11 08:00:00+00:00
1789128000000,1.8824199438095093,1.8869400024414062,1.8817100524902344,1.8847600221633911,0,2026-09-11 12:00:00+00:00
1789142400000,1.8846999406814575,1.8858400583267212,1.883929967880249,1.8857500553131104,0,2026-09-11 16:00:00+00:00
1789156800000,1.8858000040054321,1.88673996925354,1.8836599588394165,1.88673996925354,0,2026-09-11 20:00:00+00:00
1789329600000,1.8886799812316895,1.891319990158081,1.8878300189971924,1.891160011291504,0,2026-09-13 20:00:00+00:00
1789344000000,1.891260027885437,1.8926399946212769,1.8880300521850586,1.8893400430679321,0,2026-09-14 00:00:00+00:00
1789358400000,1.8892699480056763,1.8906500339508057,1.8880599737167358,1.8903100490570068,0,2026-09-14 04:00:00+00:00
1789372800000,1.8903700113296509,1.8928600549697876,1.8896299600601196,1.8921600580215454,0,2026-09-14 08:00:00+00:00
1789387200000,1.8921600580215454,1.8950400352478027,1.8885799646377563,1.8897299766540527,0,2026-09-14 12:00:00+00:00
1789401600000,1.8895800113677979,1.891450047492981,1.8889100551605225,1.8907899856567383,0,2026-09-14 16:00:00+00:00
1789416000000,1.890720009803772,1.8940399885177612,1.8882800340652466,1.8914200067520142,0,2026-09-14 20:00:00+00:00
1789430400000,1.8913700580596924,1.8932299613952637,1.890470027923584,1.893180012702942,0,2026-09-15 00:00:00+00:00
1789444800000,1.8931299448013306,1.8945200443267822,1.8909200429916382,1.8913999795913696,0,2026-09-15 04:00:00+00:00
1789459200000,1.8912999629974365,1.8921600580215454,1.8900699615478516,1.8913700580596924,0,2026-09-15 08:00:00+00:00
1789473600000,1.891469955444336,1.8932199478149414,1.8901599645614624,1.8908900022506714,0,2026-09-15 12:00:00+00:00
1789488000000,1.8908799886703491,1.891160011291504,1.8892600536346436,1.8894100189208984,0,2026-09-15 16:00:00+00:00
1789502400000,1.8895000219345093,1.8910900354385376,1.8872400522232056,1.8904600143432617,0,2026-09-15 20:00:00+00:00
1789516800000,1.8903700113296509,1.892300009727478,1.8890800476074219,1.8920400142669678,0,2026-09-16 00:00:00+00:00
1789531200000,1.8920400142669678,1.8922300338745117,1.8889100551605225,1.889449954032898,0,2026-09-16 04:00:00+00:00
1789545600000,1.8894599676132202,1.8904399871826172,1.8862799406051636,1.886680006980896,0,2026-09-16 08:00:00+00:00
1789560000000,1.8867100477218628,1.8882499933242798,1.8843499422073364,1.885200023651123,0,2026-09-16 12:00:00+00:00
1789574400000,1.8851799964904785,1.8903100490570068,1.882949948310852,1.8878599405288696,0,2026-09-16 16:00:00+00:00
1789588800000,1.8878400325775146,1.8891500234603882,1.8852900266647339,1.887850046157837,0,2026-09-16 20:00:00+00:00
1789603200000,1.8878400325775146,1.8883999586105347,1.8819500207901,1.8822799921035767,0,2026-09-17 00:00:00+00:00
1789617600000,1.8822200298309326,1.8829699754714966,1.8806400299072266,1.8811299800872803,0,2026-09-17 04:00:00+00:00
1789632000000,1.8810800313949585,1.885949969291687,1.8781299591064453,1.8801900148391724,0,2026-09-17 08:00:00+00:00
1789646400000,1.8802499771118164,1.881019949913025,1.8754199743270874,1.8760900497436523,0,2026-09-17 12:00:00+00:00
1789660800000,1.8761299848556519,1.8786499500274658,1.8755799531936646,1.8785500526428223,0,2026-09-17 16:00:00+00:00
1789675200000,1.8786100149154663,1.8791799545288086,1.8755300045013428,1.8771599531173706,0,2026-09-17 20:00:00+00:00
1789689600000,1.8771599531173706,1.8783799409866333,1.8739500045776367,1.874269962310791,0,2026-09-18 00:00:00+00:00
1789704000000,1.8741899728775024,1.8774900436401367,1.8740500211715698,1.8762600421905518,0,2026-09-18 04:00:00+00:00
1789718400000,1.8763200044631958,1.876670002937317,1.8732600212097168,1.873810052871704,0,2026-09-18 08:00:00+00:00
1789732800000,1.8737800121307373,1.8815399408340454,1.873579978942871,1.8803399801254272,0,2026-09-18 12:00:00+00:00
1789747200000,1.8803399801254272,1.8808799982070923,1.8785099983215332,1.8795100450515747,0,2026-09-18 16:00:00+00:00
1789761600000,1.8794399499893188,1.8815300464630127,1.8772399425506592,1.8815300464630127,0,2026-09-18 20:00:00+00:00
