time,open,high,low,close,volume,datetime
1770177600000,0.4675000011920929,0.4690000116825104,0.4672900140285492,0.4684300124645233,0,2026-02-04 04:00:00+00:00
1770192000000,0.46845999360084534,0.46911001205444336,0.4667699933052063,0.46726998686790466,0,2026-02-04 08:00:00+00:00
1770206400000,0.46728000044822693,0.4678100049495697,0.4654400050640106,0.4663900136947632,0,2026-02-04 12:00:00+00:00
1770220800000,0.4664199948310852,0.4664199948310852,0.46474000811576843,0.46619001030921936,0,2026-02-04 16:00:00+00:00
1770235200000,0.46619999408721924,0.4668000042438507,0.46173998713493347,0.4650900065898895,0,2026-02-04 20:00:00+00:00
1770249600000,0.46608999371528625,0.46682998538017273,0.4645000100135803,0.4654400050640106,0,2026-02-05 00:00:00+00:00
1770264000000,0.4653800129890442,0.4661000072956085,0.4653399884700775,0.4655500054359436,0,2026-02-05 04:00:00+00:00
1770278400000,0.46560999751091003,0.46619999408721924,0.4646399915218353,0.46588999032974243,0,2026-02-05 08:00:00+00:00
1770292800000,0.46588999032974243,0.46604999899864197,0.4631899893283844,0.4644300043582916,0,2026-02-05 12:00:00+00:00
1770307200000,0.4643799960613251,0.4657999873161316,0.4640499949455261,0.46428999304771423,0,2026-02-05 16:00:00+00:00
1770321600000,0.46428000926971436,0.46470001339912415,0.4615199863910675,0.46180999279022217,0,2026-02-05 20:00:00+00:00
1770336000000,0.461760014295578,0.46355000138282776,0.46094000339508057,0.4634700119495392,0,2026-02-06 00:00:00+00:00
1770350400000,0.4634599983692169,0.46472999453544617,0.4631899893283844,0.4646399915218353,0,2026-02-06 04:00:00+00:00
1770364800000,0.46445998549461365,0.4664199948310852,0.46432000398635864,0.4663099944591522,0,2026-02-06 08:00:00+00:00
1770379200000,0.4662899971008301,0.4668799936771393,0.4657000005245209,0.4662899971008301,0,2026-02-06 12:00:00+00:00
1770393600000,0.4662199914455414,0.46731001138687134,0.46604999899864197,0.4665600061416626,0,2026-02-06 16:00:00+00:00
1770408000000,0.4665200114250183,0.46693000197410583,0.4650000035762787,0.46663999557495117,0,2026-02-06 20:00:00+00:00
1770595200000,0.46794000267982483,0.4679799973964691,0.46389999985694885,0.4665699899196625,0,2026-02-09 00:00:00+00:00
1770609600000,0.4665299952030182,0.46672001481056213,0.4648599922657013,0.4652799963951111,0,2026-02-09 04:00:00+00:00
1770624000000,0.46511998772621155,0.4654400050640106,0.4633199870586395,0.4644800126552582,0,2026-02-09 08:00:00+00:00
1770638400000,0.4644100069999695,0.46480000019073486,0.46334999799728394,0.4636000096797943,0,2026-02-09 12:00:00+00:00
1770652800000,0.46358001232147217,0.4645000100135803,0.4633699953556061,0.4639500081539154,0,2026-02-09 16:00:00+00:00
1770667200000,0.4638899862766266,0.4645099937915802,0.45945000648498535,0.46432000398635864,0,2026-02-09 20:00:00+00:00
1770681600000,0.4641300141811371,0.46441999077796936,0.4625299870967865,0.46281999349594116,0,2026-02-10 00:00:00+00:00
1770696000000,0.462799996137619,0.46355000138282776,0.462660014629364,0.4631200134754181,0,2026-02-10 04:00:00+00:00
1770710400000,0.4631200134754181,0.46355000138282776,0.46241000294685364,0.46327000856399536,0,2026-02-10 08:00:00+00:00
1770724800000,0.4632500112056732,0.46355000138282776,0.46152999997138977,0.4632900059223175,0,2026-02-10 12:00:00+00:00
1770739200000,0.4633199870586395,0.4646100103855133,0.46296000480651855,0.4642300009727478,0,2026-02-10 16:00:00+00:00
1770753600000,0.46421998739242554,0.4643999934196472,0.45899999141693115,0.4642600119113922,0,2026-02-10 20:00:00+00:00
1770768000000,0.4641900062561035,0.4650999903678894,0.4638800024986267,0.4646199941635132,0,2026-02-11 00:00:00+00:00
1770782400000,0.4646199941635132,0.4648500084877014,0.46338000893592834,0.4639100134372711,0,2026-02-11 04:00:00+00:00
1770796800000,0.4638899862766266,0.4650999903678894,0.4631200134754181,0.4644800126552582,0,2026-02-11 08:00:00+00:00
1770811200000,0.46445998549461365,0.4678800106048584,0.4624199867248535,0.4664100110530853,0,2026-02-11 12:00:00+00:00
1770825600000,0.46647000312805176,0.4668999910354614,0.4659099876880646,0.46643999218940735,0,2026-02-11 16:00:00+00:00
1770840000000,0.4664199948310852,0.46693000197410583,0.46239998936653137,0.46636998653411865,0,2026-02-11 20:00:00+00:00
1770854400000,0.46634000539779663,0.46685999631881714,0.46601998805999756,0.46663999557495117,0,2026-02-12 00:00:00+00:00
1770868800000,0.4666700065135956,0.46720001101493835,0.46595001220703125,0.466949999332428,0,2026-02-12 04:00:00+00:00
1770883200000,0.46693000197410583,0.4672999978065491,0.4655199944972992,0.4657000005245209,0,2026-02-12 08:00:00+00:00
1770897600000,0.4656600058078766,0.4672600030899048,0.4650599956512451,0.46577998995780945,0,2026-02-12 12:00:00+00:00
1770912000000,0.465719997882843,0.4659000039100647,0.4638200104236603,0.46456000208854675,0,2026-02-12 16:00:00+00:00
1770926400000,0.46452999114990234,0.46470001339912415,0.45921000838279724,0.46410998702049255,0,2026-02-12 20:00:00+00:00
1770940800000,0.46404001116752625,0.46470001339912415,0.46355998516082764,0.4642699956893921,0,2026-02-13 00:00:00+00:00
1770955200000,0.46424001455307007,0.46480000019073486,0.4634000062942505,0.46413999795913696,0,2026-02-13 04:00:00+00:00
1770969600000,0.46413999795913696,0.4650000035762787,0.4631600081920624,0.46340999007225037,0,2026-02-13 08:00:00+00:00
1770984000000,0.46338000893592834,0.46448999643325806,0.46110999584198,0.4641599953174591,0,2026-02-13 12:00:00+00:00
1770998400000,0.4641599953174591,0.4644800126552582,0.4633899927139282,0.46397000551223755,0,2026-02-13 16:00:00+00:00
1771012800000,0.46389999985694885,0.4641999900341034,0.4629899859428406,0.46327999234199524,0,2026-02-13 20:00:00+00:00
1771200000000,0.46347999572753906,0.4641300141811371,0.4628300070762634,0.46320000290870667,0,2026-02-16 00:00:00+00:00
1771214400000,0.46320998668670654,0.46421998739242554,0.4629000127315521,0.4639500081539154,0,2026-02-16 04:00:00+00:00
1771228800000,0.4639500081539154,0.46531999111175537,0.46380001306533813,0.4652000069618225,0,2026-02-16 08:00:00+00:00
1771243200000,0.4651400148868561,0.46549999713897705,0.46380001306533813,0.4640200138092041,0,2026-02-16 12:00:00+00:00
1771257600000,0.464029997587204,0.4643999934196472,0.4637100100517273,0.46410998702049255,0,2026-02-16 16:00:00+00:00
1771272000000,0.4641300141811371,0.46435999870300293,0.4601599872112274,0.4641900062561035,0,2026-02-16 20:00:00+00:00
1771286400000,0.46421000361442566,0.46435999870300293,0.46312999725341797,0.46373000741004944,0,2026-02-17 00:00:00+00:00
1771300800000,0.4636699855327606,0.46459001302719116,0.4635399878025055,0.4643799960613251,0,2026-02-17 04:00:00+00:00
1771315200000,0.4644399881362915,0.46553000807762146,0.4638800024986267,0.4652000069618225,0,2026-02-17 08:00:00+00:00
1771329600000,0.4652000069618225,0.4654099941253662,0.4639900028705597,0.46533000469207764,0,2026-02-17 12:00:00+00:00
1771344000000,0.4653100073337555,0.46604999899864197,0.46465998888015747,0.465829998254776,0,2026-02-17 16:00:00+00:00
1771358400000,0.46584001183509827,0.46647998690605164,0.4624199867248535,0.4657500088214874,0,2026-02-17 20:00:00+00:00
1771372800000,0.4657300114631653,0.4659999907016754,0.46202999353408813,0.4625200033187866,0,2026-02-18 00:00:00+00:00
1771387200000,0.4624899923801422,0.4627299904823303,0.461899995803833,0.46250998973846436,0,2026-02-18 04:00:00+00:00
1771401600000,0.4624899923801422,0.46389999985694885,0.46248000860214233,0.4630799889564514,0,2026-02-18 08:00:00+00:00
1771416000000,0.4630500078201294,0.46331000328063965,0.46118998527526855,0.4622099995613098,0,2026-02-18 12:00:00+00:00
1771430400000,0.46226000785827637,0.4625000059604645,0.46048998832702637,0.4606499969959259,0,2026-02-18 16:00:00+00:00
1771444800000,0.460640013217926,0.4611000120639801,0.45590001344680786,0.4609299898147583,0,2026-02-18 20:00:00+00:00
1771459200000,0.46077999472618103,0.4619300067424774,0.4598900079727173,0.46171998977661133,0,2026-02-19 00:00:00+00:00
1771473600000,0.4616900086402893,0.46230000257492065,0.46094998717308044,0.46206000447273254,0,2026-02-19 04:00:00+00:00
1771488000000,0.4620499908924103,0.4625999927520752,0.46154001355171204,0.4620699882507324,0,2026-02-19 08:00:00+00:00
1771502400000,0.4620499908924103,0.46331000328063965,0.46039000153541565,0.46316999197006226,0,2026-02-19 12:00:00+00:00
1771516800000,0.46314001083374023,0.4632999897003174,0.4623599946498871,0.46279001235961914,0,2026-02-19 16:00:00+00:00
1771531200000,0.46279001235961914,0.4631200134754181,0.4601300060749054,0.46288999915122986,0,2026-02-19 20:00:00+00:00
1771545600000,0.4628399908542633,0.46309998631477356,0.46070998907089233,0.46129998564720154,0,2026-02-20 00:00:00+00:00
1771560000000,0.4612700045108795,0.46202999353408813,0.4609600007534027,0.4615600109100342,0,2026-02-20 04:00:00+00:00
1771574400000,0.46149998903274536,0.4625299870967865,0.46110999584198,0.46219998598098755,0,2026-02-20 08:00:00+00:00
1771588800000,0.46215999126434326,0.4637500047683716,0.45996999740600586,0.46274998784065247,0,2026-02-20 12:00:00+00:00
1771603200000,0.4627699851989746,0.46342000365257263,0.4622099995613098,0.46312999725341797,0,2026-02-20 16:00:00+00:00
1771617600000,0.46314001083374023,0.46369001269340515,0.4625999927520752,0.4634599983692169,0,2026-02-20 20:00:00+00:00
1771804800000,0.4632500112056732,0.4632900059223175,0.46140000224113464,0.46202999353408813,0,2026-02-23 00:00:00+00:00
1771819200000,0.46202999353408813,0.4626300036907196,0.46171998977661133,0.4619100093841553,0,2026-02-23 04:00:00+00:00
1771833600000,0.4619100093841553,0.4634000062942505,0.46147000789642334,0.46312999725341797,0,2026-02-23 08:00:00+00:00
1771848000000,0.46309998631477356,0.4632500112056732,0.46140000224113464,0.46175000071525574,0,2026-02-23 12:00:00+00:00
1771862400000,0.46171000599861145,0.46180999279022217,0.4608500003814697,0.4611299932003021,0,2026-02-23 16:00:00+00:00
1771876800000,0.46108999848365784,0.46160998940467834,0.4573799967765808,0.4613899886608124,0,2026-02-23 20:00:00+00:00
1771891200000,0.4613899886608124,0.4628300070762634,0.4611699879169464,0.4625900089740753,0,2026-02-24 00:00:00+00:00
1771905600000,0.46255001425743103,0.4627699851989746,0.46206000447273254,0.4623199999332428,0,2026-02-24 04:00:00+00:00
1771920000000,0.46230000257492065,0.4625000059604645,0.4605900049209595,0.46074000000953674,0,2026-02-24 08:00:00+00:00
1771934400000,0.46074000000953674,0.4619100093841553,0.4601899981498718,0.4616599977016449,0,2026-02-24 12:00:00+00:00
1771948800000,0.4616599977016449,0.46209999918937683,0.4612100124359131,0.4615199863910675,0,2026-02-24 16:00:00+00:00
1771963200000,0.46152999997138977,0.4618600010871887,0.45969998836517334,0.46147000789642334,0,2026-02-24 20:00:00+00:00
1771977600000,0.4614199995994568,0.4622400104999542,0.45945000648498535,0.4617899954319,0,2026-02-25 00:00:00+00:00
1771992000000,0.4617899954319,0.4629000127315521,0.4615899920463562,0.46250998973846436,0,2026-02-25 04:00:00+00:00
1772006400000,0.46250998973846436,0.46276000142097473,0.4618600010871887,0.46230998635292053,0,2026-02-25 08:00:00+00:00
1772020800000,0.4622899889945984,0.46314001083374023,0.46180999279022217,0.4630799889564514,0,2026-02-25 12:00:00+00:00
1772035200000,0.4630799889564514,0.4635699987411499,0.46255001425743103,0.4632999897003174,0,2026-02-25 16:00:00+00:00
1772049600000,0.4633300006389618,0.46380001306533813,0.4586000144481659,0.46327000856399536,0,2026-02-25 20:00:00+00:00
1772064000000,0.4631899893283844,0.46369999647140503,0.46288999915122986,0.4632999897003174,0,2026-02-26 00:00:00+00:00
1772078400000,0.4633300006389618,0.4640499949455261,0.4626699984073639,0.4628300070762634,0,2026-02-26 04:00:00+00:00
1772092800000,0.462799996137619,0.4641200006008148,0.46257999539375305,0.4637100100517273,0,2026-02-26 08:00:00+00:00
1772107200000,0.46366000175476074,0.46401000022888184,0.46136999130249023,0.46246999502182007,0,2026-02-26 12:00:00+00:00
1772121600000,0.46248000860214233,0.4632999897003174,0.46152999997138977,0.4631600081920624,0,2026-02-26 16:00:00+00:00
1772136000000,0.46316999197006226,0.4632999897003174,0.4591299891471863,0.46230998635292053,0,2026-02-26 20:00:00+00:00
1772150400000,0.46233001351356506,0.4632999897003174,0.4618600010871887,0.46296000480651855,0,2026-02-27 00:00:00+00:00
1772164800000,0.46288999915122986,0.4633300006389618,0.4623500108718872,0.4628399908542633,0,2026-02-27 04:00:00+00:00
1772179200000,0.46281999349594116,0.46303001046180725,0.46182000637054443,0.4619700014591217,0,2026-02-27 08:00:00+00:00
1772193600000,0.46202000975608826,0.46209999918937683,0.4592199921607971,0.4613899886608124,0,2026-02-27 12:00:00+00:00
1772208000000,0.46136000752449036,0.4615600109100342,0.4601399898529053,0.4605900049209595,0,2026-02-27 16:00:00+00:00
1772222400000,0.4605399966239929,0.46140000224113464,0.4596399962902069,0.46123000979423523,0,2026-02-27 20:00:00+00:00
1772409600000,0.45831000804901123,0.46066999435424805,0.4578399956226349,0.4597199857234955,0,2026-03-02 00:00:00+00:00
1772424000000,0.4597100019454956,0.459960013628006,0.45770999789237976,0.4591900110244751,0,2026-03-02 04:00:00+00:00
1772438400000,0.459199994802475,0.4618600010871887,0.4585300087928772,0.46180999279022217,0,2026-03-02 08:00:00+00:00
1772452800000,0.461760014295578,0.4631899893283844,0.4606800079345703,0.4623900055885315,0,2026-03-02 12:00:00+00:00
1772467200000,0.46237999200820923,0.4634299874305725,0.46167999505996704,0.46314001083374023,0,2026-03-02 16:00:00+00:00
1772481600000,0.4631600081920624,0.4634999930858612,0.4584299921989441,0.46312999725341797,0,2026-03-02 20:00:00+00:00
1772496000000,0.463019996881485,0.46401000022888184,0.46261999011039734,0.4637700021266937,0,2026-03-03 00:00:00+00:00
1772510400000,0.4637199938297272,0.4641000032424927,0.46241000294685364,0.4627000093460083,0,2026-03-03 04:00:00+00:00
1772524800000,0.462660014629364,0.46351999044418335,0.4613899886608124,0.46316999197006226,0,2026-03-03 08:00:00+00:00
1772539200000,0.4631800055503845,0.46358999609947205,0.45875999331474304,0.4601399898529053,0,2026-03-03 12:00:00+00:00
1772553600000,0.460099995136261,0.4613400101661682,0.45963001251220703,0.46070000529289246,0,2026-03-03 16:00:00+00:00
1772568000000,0.4606800079345703,0.46129000186920166,0.4578999876976013,0.4604400098323822,0,2026-03-03 20:00:00+00:00
1772582400000,0.46035999059677124,0.46070000529289246,0.4587399959564209,0.4605900049209595,0,2026-03-04 00:00:00+00:00
1772596800000,0.46059998869895935,0.4610399901866913,0.459879994392395,0.4605900049209595,0,2026-03-04 04:00:00+00:00
1772611200000,0.46066001057624817,0.4634999930858612,0.4603100121021271,0.4613099992275238,0,2026-03-04 08:00:00+00:00
1772625600000,0.4613099992275238,0.4627099931240082,0.45991000533103943,0.46250998973846436,0,2026-03-04 12:00:00+00:00
1772640000000,0.4624600112438202,0.46285000443458557,0.46195998787879944,0.4624300003051758,0,2026-03-04 16:00:00+00:00
1772654400000,0.46248000860214233,0.4631600081920624,0.4594399929046631,0.4625299870967865,0,2026-03-04 20:00:00+00:00
1772668800000,0.4625700116157532,0.4632500112056732,0.46206000447273254,0.4624600112438202,0,2026-03-05 00:00:00+00:00
1772683200000,0.46239998936653137,0.4631099998950958,0.461899995803833,0.46219998598098755,0,2026-03-05 04:00:00+00:00
1772697600000,0.46202000975608826,0.46351000666618347,0.4607200026512146,0.46208998560905457,0,2026-03-05 08:00:00+00:00
1772712000000,0.4620499908924103,0.46219998598098755,0.46015000343322754,0.4609299898147583,0,2026-03-05 12:00:00+00:00
1772726400000,0.460889995098114,0.46097999811172485,0.4596799910068512,0.4604400098323822,0,2026-03-05 16:00:00+00:00
1772740800000,0.4604699909687042,0.46491000056266785,0.4563699960708618,0.46035000681877136,0,2026-03-05 20:00:00+00:00
1772755200000,0.4603399932384491,0.46149998903274536,0.46007001399993896,0.46116000413894653,0,2026-03-06 00:00:00+00:00
1772769600000,0.4611800014972687,0.46140000224113464,0.4605799913406372,0.46077001094818115,0,2026-03-06 04:00:00+00:00
1772784000000,0.4607599973678589,0.46112000942230225,0.4583599865436554,0.45860999822616577,0,2026-03-06 08:00:00+00:00
1772798400000,0.45859000086784363,0.45980000495910645,0.4560700058937073,0.4587799906730652,0,2026-03-06 12:00:00+00:00
1772812800000,0.4587799906730652,0.4593000113964081,0.4578999876976013,0.4584900140762329,0,2026-03-06 16:00:00+00:00
1772827200000,0.4584900140762329,0.45868000388145447,0.4563100039958954,0.4576199948787689,0,2026-03-06 20:00:00+00:00
1773014400000,0.45708999037742615,0.4593000113964081,0.45680999755859375,0.4584299921989441,0,2026-03-09 00:00:00+00:00
1773028800000,0.4584200084209442,0.45945000648498535,0.45792001485824585,0.4582799971103668,0,2026-03-09 04:00:00+00:00
1773043200000,0.45827001333236694,0.46070000529289246,0.4577299952507019,0.46007999777793884,0,2026-03-09 08:00:00+00:00
1773057600000,0.46004000306129456,0.4611000120639801,0.4595099985599518,0.4607200026512146,0,2026-03-09 12:00:00+00:00
1773072000000,0.46074000000953674,0.461760014295578,0.4604499936103821,0.46105000376701355,0,2026-03-09 16:00:00+00:00
1773086400000,0.4610399901866913,0.46184998750686646,0.45816999673843384,0.4607900083065033,0,2026-03-09 20:00:00+00:00
1773100800000,0.460999995470047,0.4611999988555908,0.4593200087547302,0.4598900079727173,0,2026-03-10 00:00:00+00:00
1773115200000,0.459879994392395,0.4611400067806244,0.45945000648498535,0.4605900049209595,0,2026-03-10 04:00:00+00:00
1773129600000,0.46059998869895935,0.46110999584198,0.45961999893188477,0.460970014333725,0,2026-03-10 08:00:00+00:00
1773144000000,0.46094000339508057,0.4623199999332428,0.46007001399993896,0.4616200029850006,0,2026-03-10 12:00:00+00:00
1773158400000,0.4616200029850006,0.46281999349594116,0.46129000186920166,0.46167999505996704,0,2026-03-10 16:00:00+00:00
1773172800000,0.4617300033569336,0.4618000090122223,0.4570100009441376,0.4611699879169464,0,2026-03-10 20:00:00+00:00
1773187200000,0.46116000413894653,0.4619300067424774,0.4607599973678589,0.4618000090122223,0,2026-03-11 00:00:00+00:00
1773201600000,0.4617899954319,0.46215999126434326,0.4607599973678589,0.4614900052547455,0,2026-03-11 04:00:00+00:00
1773216000000,0.46147000789642334,0.46202999353408813,0.45993998646736145,0.46132001280784607,0,2026-03-11 08:00:00+00:00
1773230400000,0.46132001280784607,0.46250998973846436,0.46020999550819397,0.46108001470565796,0,2026-03-11 12:00:00+00:00
1773244800000,0.4610700011253357,0.4614199995994568,0.45851001143455505,0.4613099992275238,0,2026-03-11 16:00:00+00:00
1773259200000,0.46129998564720154,0.46149998903274536,0.456820011138916,0.4607900083065033,0,2026-03-11 20:00:00+00:00
1773273600000,0.46081000566482544,0.4620000123977661,0.46053001284599304,0.46189001202583313,0,2026-03-12 00:00:00+00:00
1773288000000,0.46189001202583313,0.4619300067424774,0.46070000529289246,0.461650013923645,0,2026-03-12 04:00:00+00:00
1773302400000,0.46164000034332275,0.46230000257492065,0.4603799879550934,0.46101999282836914,0,2026-03-12 08:00:00+00:00
1773316800000,0.46101000905036926,0.4612100124359131,0.45925000309944153,0.46024999022483826,0,2026-03-12 12:00:00+00:00
1773331200000,0.4602299928665161,0.4602999985218048,0.4591299891471863,0.4600600004196167,0,2026-03-12 16:00:00+00:00
1773345600000,0.46004998683929443,0.4602000117301941,0.4582599997520447,0.4596700072288513,0,2026-03-12 20:00:00+00:00
1773360000000,0.4596500098705292,0.4602000117301941,0.45923998951911926,0.45972999930381775,0,2026-03-13 00:00:00+00:00
1773374400000,0.4597199857234955,0.45980000495910645,0.45739999413490295,0.4580099880695343,0,2026-03-13 04:00:00+00:00
1773388800000,0.4580000042915344,0.4591600000858307,0.4575900137424469,0.45886000990867615,0,2026-03-13 08:00:00+00:00
1773403200000,0.458869993686676,0.45954999327659607,0.45754000544548035,0.45816001296043396,0,2026-03-13 12:00:00+00:00
1773417600000,0.45816001296043396,0.45840001106262207,0.45728999376296997,0.4574899971485138,0,2026-03-13 16:00:00+00:00
1773432000000,0.4574500024318695,0.45750999450683594,0.45535001158714294,0.4560000002384186,0,2026-03-13 20:00:00+00:00
1773619200000,0.45774000883102417,0.45881301164627075,0.457720011472702,0.45848000049591064,0,2026-03-16 00:00:00+00:00
1773633600000,0.4584600031375885,0.4596399962902069,0.4582900106906891,0.4594700038433075,0,2026-03-16 04:00:00+00:00
1773648000000,0.4594700038433075,0.4603300094604492,0.4588100016117096,0.459960013628006,0,2026-03-16 08:00:00+00:00
1773662400000,0.459989994764328,0.46132001280784607,0.45989999175071716,0.46097999811172485,0,2026-03-16 12:00:00+00:00
1773676800000,0.460970014333725,0.46156999468803406,0.4603399932384491,0.4614199995994568,0,2026-03-16 16:00:00+00:00
1773691200000,0.4614199995994568,0.46169400215148926,0.45949000120162964,0.4612100124359131,0,2026-03-16 20:00:00+00:00
1773705600000,0.46121999621391296,0.4618000090122223,0.46035000681877136,0.4607900083065033,0,2026-03-17 00:00:00+00:00
1773720000000,0.4607599973678589,0.460999995470047,0.4585700035095215,0.45879000425338745,0,2026-03-17 04:00:00+00:00
1773734400000,0.45879000425338745,0.4599300026893616,0.4583899974822998,0.45983999967575073,0,2026-03-17 08:00:00+00:00
1773748800000,0.45982998609542847,0.460999995470047,0.45945000648498535,0.4601399898529053,0,2026-03-17 12:00:00+00:00
1773763200000,0.46011000871658325,0.46042001247406006,0.45954999327659607,0.45974001288414,0,2026-03-17 16:00:00+00:00
1773777600000,0.45972999930381775,0.4600149989128113,0.4569999873638153,0.45974001288414,0,2026-03-17 20:00:00+00:00
1773792000000,0.45965999364852905,0.4605099856853485,0.4595400094985962,0.4600900113582611,0,2026-03-18 00:00:00+00:00
1773806400000,0.46011000871658325,0.46101000905036926,0.45983999967575073,0.46055999398231506,0,2026-03-18 04:00:00+00:00
1773820800000,0.4606199860572815,0.46110999584198,0.4596799910068512,0.4599199891090393,0,2026-03-18 08:00:00+00:00
1773835200000,0.45991000533103943,0.46101000905036926,0.4585300087928772,0.46074000000953674,0,2026-03-18 12:00:00+00:00
1773849600000,0.4607200026512146,0.461760014295578,0.4593200087547302,0.4600900113582611,0,2026-03-18 16:00:00+00:00
1773864000000,0.460099995136261,0.46083998680114746,0.455810010433197,0.4593200087547302,0,2026-03-18 20:00:00+00:00
1773878400000,0.4593000113964081,0.4611000120639801,0.4592199921607971,0.4609000086784363,0,2026-03-19 00:00:00+00:00
1773892800000,0.46090999245643616,0.4612399935722351,0.45969000458717346,0.4599300026893616,0,2026-03-19 04:00:00+00:00
1773907200000,0.4599300026893616,0.4630599915981293,0.45982998609542847,0.46202999353408813,0,2026-03-19 08:00:00+00:00
1773921600000,0.4620000123977661,0.4629499912261963,0.45980000495910645,0.46202999353408813,0,2026-03-19 12:00:00+00:00
1773936000000,0.4620000123977661,0.46351000666618347,0.4617899954319,0.4628399908542633,0,2026-03-19 16:00:00+00:00
1773950400000,0.4628399908542633,0.46327999234199524,0.4596700072288513,0.46279001235961914,0,2026-03-19 20:00:00+00:00
1773964800000,0.46276000142097473,0.4645000100135803,0.4627400040626526,0.46421998739242554,0,2026-03-20 00:00:00+00:00
1773979200000,0.4642300009727478,0.46494001150131226,0.4636799991130829,0.4645000100135803,0,2026-03-20 04:00:00+00:00
1773993600000,0.4645000100135803,0.464709997177124,0.4615600109100342,0.4619399905204773,0,2026-03-20 08:00:00+00:00
1774008000000,0.46195000410079956,0.4621399939060211,0.46035999059677124,0.46066001057624817,0,2026-03-20 12:00:00+00:00
1774022400000,0.460640013217926,0.4607200026512146,0.4588199853897095,0.45925000309944153,0,2026-03-20 16:00:00+00:00
1774036800000,0.4592300057411194,0.4599199891090393,0.4587000012397766,0.4599199891090393,0,2026-03-20 20:00:00+00:00
1774224000000,0.45941001176834106,0.4598099887371063,0.45824000239372253,0.45855000615119934,0,2026-03-23 00:00:00+00:00
1774238400000,0.45851001143455505,0.45879998803138733,0.456930011510849,0.45715001225471497,0,2026-03-23 04:00:00+00:00
1774252800000,0.457069993019104,0.4614199995994568,0.45662999153137207,0.45879000425338745,0,2026-03-23 08:00:00+00:00
1774267200000,0.45871999859809875,0.46171998977661133,0.4583899974822998,0.4601399898529053,0,2026-03-23 12:00:00+00:00
1774281600000,0.4601399898529053,0.461762011051178,0.45945999026298523,0.460999995470047,0,2026-03-23 16:00:00+00:00
1774296000000,0.4609900116920471,0.46132001280784607,0.45688000321388245,0.4603300094604492,0,2026-03-23 20:00:00+00:00
1774310400000,0.4603300094604492,0.4606499969959259,0.45956000685691833,0.4598200023174286,0,2026-03-24 00:00:00+00:00
1774324800000,0.4598099887371063,0.46105000376701355,0.4590199887752533,0.45969998836517334,0,2026-03-24 04:00:00+00:00
1774339200000,0.45969000458717346,0.4598200023174286,0.4576599895954132,0.45927000045776367,0,2026-03-24 08:00:00+00:00
1774353600000,0.459199994802475,0.4612399935722351,0.45875000953674316,0.4602999985218048,0,2026-03-24 12:00:00+00:00
1774368000000,0.46028000116348267,0.4603300094604492,0.45868998765945435,0.4597499966621399,0,2026-03-24 16:00:00+00:00
1774382400000,0.45972999930381775,0.4605900049209595,0.45789000391960144,0.45989999175071716,0,2026-03-24 20:00:00+00:00
1774396800000,0.45987001061439514,0.4601440131664276,0.45871999859809875,0.4595699906349182,0,2026-03-25 00:00:00+00:00
1774411200000,0.45954999327659607,0.45961999893188477,0.458730012178421,0.45934000611305237,0,2026-03-25 04:00:00+00:00
1774425600000,0.4593699872493744,0.46029001474380493,0.4587799906730652,0.45928001403808594,0,2026-03-25 08:00:00+00:00
1774440000000,0.459199994802475,0.46070000529289246,0.45864999294281006,0.4602999985218048,0,2026-03-25 12:00:00+00:00
1774454400000,0.4603100121021271,0.46062999963760376,0.45941001176834106,0.4596099853515625,0,2026-03-25 16:00:00+00:00
1774468800000,0.4595800042152405,0.4599660038948059,0.4580399990081787,0.45949000120162964,0,2026-03-25 20:00:00+00:00
1774483200000,0.4594300091266632,0.4597119987010956,0.45895999670028687,0.4596700072288513,0,2026-03-26 00:00:00+00:00
1774497600000,0.4596799910068512,0.45980000495910645,0.458189994096756,0.45827001333236694,0,2026-03-26 04:00:00+00:00
1774512000000,0.45820000767707825,0.4586000144481659,0.45781001448631287,0.45805999636650085,0,2026-03-26 08:00:00+00:00
1774526400000,0.458079993724823,0.4593600034713745,0.45618000626564026,0.4583899974822998,0,2026-03-26 12:00:00+00:00
1774540800000,0.45831000804901123,0.45853498578071594,0.4572800099849701,0.45765000581741333,0,2026-03-26 16:00:00+00:00
1774555200000,0.4575600028038025,0.45862001180648804,0.45440998673439026,0.45770999789237976,0,2026-03-26 20:00:00+00:00
1774569600000,0.45774999260902405,0.459199994802475,0.45726001262664795,0.45906999707221985,0,2026-03-27 00:00:00+00:00
1774584000000,0.45903998613357544,0.45980000495910645,0.4587799906730652,0.45923998951911926,0,2026-03-27 04:00:00+00:00
1774598400000,0.45917001366615295,0.46024999022483826,0.4589099884033203,0.4592199921607971,0,2026-03-27 08:00:00+00:00
1774612800000,0.45925000309944153,0.45945000648498535,0.45739999413490295,0.45879998803138733,0,2026-03-27 12:00:00+00:00
1774627200000,0.4587000012397766,0.458950012922287,0.45770999789237976,0.45871999859809875,0,2026-03-27 16:00:00+00:00
1774641600000,0.458730012178421,0.459199994802475,0.45750999450683594,0.45903998613357544,0,2026-03-27 20:00:00+00:00
1774814400000,0.4582900106906891,0.45855000615119934,0.45785000920295715,0.45798999071121216,0,2026-03-29 20:00:00+00:00
1774828800000,0.4580000042915344,0.45829999446868896,0.45726001262664795,0.458189994096756,0,2026-03-30 00:00:00+00:00
1774843200000,0.45813000202178955,0.45879998803138733,0.4578399956226349,0.4579800069332123,0,2026-03-30 04:00:00+00:00
1774857600000,0.4579100012779236,0.4582799971103668,0.456930011510849,0.45746999979019165,0,2026-03-30 08:00:00+00:00
1774872000000,0.45746999979019165,0.45809999108314514,0.45638999342918396,0.4571399986743927,0,2026-03-30 12:00:00+00:00
1774886400000,0.45712000131607056,0.4577299952507019,0.4567500054836273,0.457069993019104,0,2026-03-30 16:00:00+00:00
1774900800000,0.457069993019104,0.45751601457595825,0.4536699950695038,0.4571399986743927,0,2026-03-30 20:00:00+00:00
1774915200000,0.4571399986743927,0.45774999260902405,0.45636001229286194,0.45653000473976135,0,2026-03-31 00:00:00+00:00
1774929600000,0.4564700126647949,0.45739999413490295,0.45552000403404236,0.45712000131607056,0,2026-03-31 04:00:00+00:00
1774944000000,0.4572199881076813,0.4580000042915344,0.4564700126647949,0.4577600061893463,0,2026-03-31 08:00:00+00:00
1774958400000,0.45781999826431274,0.45903000235557556,0.4574800133705139,0.45802998542785645,0,2026-03-31 12:00:00+00:00
1774972800000,0.45802998542785645,0.45961999893188477,0.45796000957489014,0.459089994430542,0,2026-03-31 16:00:00+00:00
1774987200000,0.4591200053691864,0.4595800042152405,0.45443999767303467,0.4590800106525421,0,2026-03-31 20:00:00+00:00
1775001600000,0.45897001028060913,0.4593220055103302,0.45715001225471497,0.4575200080871582,0,2026-04-01 00:00:00+00:00
1775016000000,0.4575499892234802,0.4586299955844879,0.45673999190330505,0.45684999227523804,0,2026-04-01 04:00:00+00:00
1775030400000,0.45695000886917114,0.45781999826431274,0.45656999945640564,0.457040011882782,0,2026-04-01 08:00:00+00:00
1775044800000,0.457069993019104,0.457720011472702,0.4531799852848053,0.4576199948787689,0,2026-04-01 12:00:00+00:00
1775059200000,0.4575900137424469,0.45770999789237976,0.4560999870300293,0.45684999227523804,0,2026-04-01 16:00:00+00:00
1775073600000,0.45691001415252686,0.457506000995636,0.4526500105857849,0.45649999380111694,0,2026-04-01 20:00:00+00:00
1775088000000,0.45636001229286194,0.4567300081253052,0.45504000782966614,0.45596998929977417,0,2026-04-02 00:00:00+00:00
1775102400000,0.45592001080513,0.4569000005722046,0.45559000968933105,0.45664000511169434,0,2026-04-02 04:00:00+00:00
1775116800000,0.45666998624801636,0.45715001225471497,0.4560900032520294,0.45622000098228455,0,2026-04-02 08:00:00+00:00
1775131200000,0.4562000036239624,0.4578799903392792,0.4551900029182434,0.4571300148963928,0,2026-04-02 12:00:00+00:00
1775145600000,0.45708000659942627,0.4573400020599365,0.4564000070095062,0.4567300081253052,0,2026-04-02 16:00:00+00:00
1775160000000,0.45662999153137207,0.45680001378059387,0.4517900049686432,0.4565199911594391,0,2026-04-02 20:00:00+00:00
1775174400000,0.4565199911594391,0.45672300457954407,0.45587000250816345,0.45596998929977417,0,2026-04-03 00:00:00+00:00
1775188800000,0.45587000250816345,0.4560549855232239,0.4553300142288208,0.45544999837875366,0,2026-04-03 04:00:00+00:00
1775203200000,0.4554400146007538,0.45601001381874084,0.45506998896598816,0.45592001080513,0,2026-04-03 08:00:00+00:00
1775217600000,0.4559299945831299,0.45723000168800354,0.45287999510765076,0.4555799961090088,0,2026-04-03 12:00:00+00:00
1775232000000,0.45559000968933105,0.456061989068985,0.45173001289367676,0.4557200074195862,0,2026-04-03 16:00:00+00:00
1775246400000,0.4556899964809418,0.45702001452445984,0.4509499967098236,0.4554600119590759,0,2026-04-03 20:00:00+00:00
1775419200000,0.4551199972629547,0.45559999346733093,0.45493000745773315,0.45548999309539795,0,2026-04-05 20:00:00+00:00
1775433600000,0.45541998744010925,0.45691001415252686,0.45537999272346497,0.45629000663757324,0,2026-04-06 00:00:00+00:00
1775448000000,0.4562000036239624,0.4567500054836273,0.4559299945831299,0.4560199975967407,0,2026-04-06 04:00:00+00:00
1775462400000,0.455949991941452,0.45662999153137207,0.4559299945831299,0.4564400017261505,0,2026-04-06 08:00:00+00:00
1775476800000,0.4564499855041504,0.45671001076698303,0.4553999900817871,0.4562000036239624,0,2026-04-06 12:00:00+00:00
1775491200000,0.4561299979686737,0.45631998777389526,0.4555799961090088,0.455949991941452,0,2026-04-06 16:00:00+00:00
1775505600000,0.4559600055217743,0.456726998090744,0.45212000608444214,0.4559899866580963,0,2026-04-06 20:00:00+00:00
1775520000000,0.45590001344680786,0.45614001154899597,0.45502999424934387,0.4554699957370758,0,2026-04-07 00:00:00+00:00
1775534400000,0.4554300010204315,0.4560000002384186,0.455049991607666,0.45576998591423035,0,2026-04-07 04:00:00+00:00
1775548800000,0.45576000213623047,0.4566200077533722,0.45530998706817627,0.45601001381874084,0,2026-04-07 08:00:00+00:00
1775563200000,0.45596998929977417,0.45680001378059387,0.4555799961090088,0.4559899866580963,0,2026-04-07 12:00:00+00:00
1775577600000,0.455949991941452,0.45687800645828247,0.4556899964809418,0.45660001039505005,0,2026-04-07 16:00:00+00:00
1775592000000,0.45660001039505005,0.4603700041770935,0.45006999373435974,0.4590199887752533,0,2026-04-07 20:00:00+00:00
1775606400000,0.45899999141693115,0.4604400098323822,0.4576199948787689,0.4601599872112274,0,2026-04-08 00:00:00+00:00
1775620800000,0.46007001399993896,0.4610300064086914,0.45888999104499817,0.4590100049972534,0,2026-04-08 04:00:00+00:00
1775635200000,0.4589900076389313,0.4599199891090393,0.4584200084209442,0.45987001061439514,0,2026-04-08 08:00:00+00:00
1775649600000,0.4597800076007843,0.4610700011253357,0.4596099853515625,0.46086999773979187,0,2026-04-08 12:00:00+00:00
1775664000000,0.4607999920845032,0.46116000413894653,0.45910999178886414,0.46077001094818115,0,2026-04-08 16:00:00+00:00
1775678400000,0.46070000529289246,0.4614799916744232,0.45629000663757324,0.46094998717308044,0,2026-04-08 20:00:00+00:00
1775692800000,0.46094000339508057,0.46171998977661133,0.46050000190734863,0.4614099860191345,0,2026-04-09 00:00:00+00:00
1775707200000,0.46140000224113464,0.4620000123977661,0.4610300064086914,0.4610399901866913,0,2026-04-09 04:00:00+00:00
1775721600000,0.46105000376701355,0.4616999924182892,0.46086999773979187,0.4614799916744232,0,2026-04-09 08:00:00+00:00
1775736000000,0.4614599943161011,0.46296000480651855,0.46088001132011414,0.4629000127315521,0,2026-04-09 12:00:00+00:00
1775750400000,0.4628799855709076,0.46320000290870667,0.46244001388549805,0.4631499946117401,0,2026-04-09 16:00:00+00:00
1775764800000,0.4631499946117401,0.46374499797821045,0.4599500000476837,0.46268999576568604,0,2026-04-09 20:00:00+00:00
1775779200000,0.4627099931240082,0.46299999952316284,0.4620800018310547,0.4623900055885315,0,2026-04-10 00:00:00+00:00
1775793600000,0.4623900055885315,0.4625000059604645,0.46112000942230225,0.46118998527526855,0,2026-04-10 04:00:00+00:00
1775808000000,0.46112000942230225,0.4616299867630005,0.4605399966239929,0.4611400067806244,0,2026-04-10 08:00:00+00:00
1775822400000,0.46112000942230225,0.4621799886226654,0.45982998609542847,0.46094998717308044,0,2026-04-10 12:00:00+00:00
1775836800000,0.46094998717308044,0.46114298701286316,0.4606199860572815,0.460999995470047,0,2026-04-10 16:00:00+00:00
1775851200000,0.46101999282836914,0.46121999621391296,0.45890000462532043,0.4601820111274719,0,2026-04-10 20:00:00+00:00
1776024000000,0.45982998609542847,0.460099995136261,0.4596399962902069,0.45982998609542847,0,2026-04-12 20:00:00+00:00
1776038400000,0.45982998609542847,0.46129998564720154,0.45980000495910645,0.4611800014972687,0,2026-04-13 00:00:00+00:00
1776052800000,0.4611299932003021,0.46154001355171204,0.4607999920845032,0.4611000120639801,0,2026-04-13 04:00:00+00:00
1776067200000,0.46110999584198,0.4611999988555908,0.46011000871658325,0.4602000117301941,0,2026-04-13 08:00:00+00:00
1776081600000,0.4602400064468384,0.46070000529289246,0.4596399962902069,0.4600200057029724,0,2026-04-13 12:00:00+00:00
1776096000000,0.45996999740600586,0.4604099988937378,0.45949000120162964,0.45983999967575073,0,2026-04-13 16:00:00+00:00
1776110400000,0.4598599970340729,0.46025699377059937,0.4566900134086609,0.45980000495910645,0,2026-04-13 20:00:00+00:00
1776124800000,0.4597800076007843,0.45987001061439514,0.45879000425338745,0.4593000113964081,0,2026-04-14 00:00:00+00:00
1776139200000,0.45930999517440796,0.46050000190734863,0.4592599868774414,0.4599500000476837,0,2026-04-14 04:00:00+00:00
1776153600000,0.4599300026893616,0.4606499969959259,0.4595800042152405,0.4604800045490265,0,2026-04-14 08:00:00+00:00
1776168000000,0.4605199992656708,0.46154001355171204,0.45991000533103943,0.4611699879169464,0,2026-04-14 12:00:00+00:00
1776182400000,0.46112000942230225,0.46140000224113464,0.4607200026512146,0.4610700011253357,0,2026-04-14 16:00:00+00:00
1776196800000,0.46097999811172485,0.46122801303863525,0.45794999599456787,0.46090999245643616,0,2026-04-14 20:00:00+00:00
1776211200000,0.46088001132011414,0.46121299266815186,0.46046000719070435,0.4610700011253357,0,2026-04-15 00:00:00+00:00
1776225600000,0.46105000376701355,0.4614430069923401,0.4606499969959259,0.46114999055862427,0,2026-04-15 04:00:00+00:00
1776240000000,0.4610700011253357,0.46184998750686646,0.46057000756263733,0.46160998940467834,0,2026-04-15 08:00:00+00:00
1776254400000,0.46156999468803406,0.4616999924182892,0.460640013217926,0.4615899920463562,0,2026-04-15 12:00:00+00:00
1776268800000,0.4615499973297119,0.4625000059604645,0.46149998903274536,0.4621500074863434,0,2026-04-15 16:00:00+00:00
1776283200000,0.4621500074863434,0.46277400851249695,0.45882999897003174,0.46180999279022217,0,2026-04-15 20:00:00+00:00
1776297600000,0.4618299901485443,0.4621700048446655,0.4613099992275238,0.46184998750686646,0,2026-04-16 00:00:00+00:00
1776312000000,0.4617699980735779,0.46209999918937683,0.46136000752449036,0.4616299867630005,0,2026-04-16 04:00:00+00:00
1776326400000,0.46156999468803406,0.461899995803833,0.4609900116920471,0.4617699980735779,0,2026-04-16 08:00:00+00:00
1776340800000,0.461760014295578,0.46213001012802124,0.4606199860572815,0.46167999505996704,0,2026-04-16 12:00:00+00:00
1776355200000,0.46164000034332275,0.4619399905204773,0.46077001094818115,0.4612100124359131,0,2026-04-16 16:00:00+00:00
1776369600000,0.4611800014972687,0.46182000637054443,0.4587100148200989,0.460889995098114,0,2026-04-16 20:00:00+00:00
1776384000000,0.46090999245643616,0.4611999988555908,0.46066001057624817,0.4609299898147583,0,2026-04-17 00:00:00+00:00
1776398400000,0.46090999245643616,0.4613510072231293,0.4607299864292145,0.46108001470565796,0,2026-04-17 04:00:00+00:00
1776412800000,0.4610700011253357,0.4612100124359131,0.46011000871658325,0.46055999398231506,0,2026-04-17 08:00:00+00:00
1776427200000,0.4605900049209595,0.46143001317977905,0.460099995136261,0.4605500102043152,0,2026-04-17 12:00:00+00:00
1776441600000,0.4604699909687042,0.46059998869895935,0.45949000120162964,0.4599800109863281,0,2026-04-17 16:00:00+00:00
1776456000000,0.45969000458717346,0.460112988948822,0.458869993686676,0.4598290026187897,0,2026-04-17 20:00:00+00:00
1776628800000,0.4596799910068512,0.45972999930381775,0.4592599868774414,0.4596399962902069,0,2026-04-19 20:00:00+00:00
1776643200000,0.45961999893188477,0.4601300060749054,0.45945000648498535,0.459850013256073,0,2026-04-20 00:00:00+00:00
1776657600000,0.45987001061439514,0.460099995136261,0.4593000113964081,0.45941999554634094,0,2026-04-20 04:00:00+00:00
1776672000000,0.45928001403808594,0.45969998836517334,0.458840012550354,0.4595699906349182,0,2026-04-20 08:00:00+00:00
1776686400000,0.4595000147819519,0.4596000015735626,0.4579100012779236,0.4583899974822998,0,2026-04-20 12:00:00+00:00
1776700800000,0.4583199918270111,0.4586299955844879,0.4580700099468231,0.4585300087928772,0,2026-04-20 16:00:00+00:00
1776715200000,0.4584699869155884,0.4603100121021271,0.4537000060081482,0.45972999930381775,0,2026-04-20 20:00:00+00:00
1776729600000,0.45965999364852905,0.46090999245643616,0.4596099853515625,0.46015000343322754,0,2026-04-21 00:00:00+00:00
1776744000000,0.4601300060749054,0.4607200026512146,0.45989999175071716,0.4602299928665161,0,2026-04-21 04:00:00+00:00
1776758400000,0.46020999550819397,0.460750013589859,0.4599800109863281,0.4605799913406372,0,2026-04-21 08:00:00+00:00
1776772800000,0.4605399966239929,0.460999995470047,0.45987001061439514,0.4604499936103821,0,2026-04-21 12:00:00+00:00
1776787200000,0.4605099856853485,0.4609000086784363,0.4591900110244751,0.4593999981880188,0,2026-04-21 16:00:00+00:00
1776801600000,0.45941001176834106,0.46059998869895935,0.45576998591423035,0.46024999022483826,0,2026-04-21 20:00:00+00:00
1776816000000,0.4602000117301941,0.46112000942230225,0.4602000117301941,0.46105000376701355,0,2026-04-22 00:00:00+00:00
1776830400000,0.46097999811172485,0.46164000034332275,0.460860013961792,0.4615899920463562,0,2026-04-22 04:00:00+00:00
1776844800000,0.46152999997138977,0.46202000975608826,0.4612399935722351,0.46171998977661133,0,2026-04-22 08:00:00+00:00
1776859200000,0.46171000599861145,0.46299999952316284,0.46149998903274536,0.4629000127315521,0,2026-04-22 12:00:00+00:00
1776873600000,0.46285000443458557,0.46348699927330017,0.4624499976634979,0.4631600081920624,0,2026-04-22 16:00:00+00:00
1776888000000,0.4631499946117401,0.46368300914764404,0.45927000045776367,0.46334999799728394,0,2026-04-22 20:00:00+00:00
1776902400000,0.4632300138473511,0.46356499195098877,0.46178001165390015,0.46184998750686646,0,2026-04-23 00:00:00+00:00
1776916800000,0.4618000090122223,0.46240198612213135,0.4615499973297119,0.46219998598098755,0,2026-04-23 04:00:00+00:00
1776931200000,0.4622800052165985,0.4623189866542816,0.4610700011253357,0.46167001128196716,0,2026-04-23 08:00:00+00:00
1776945600000,0.461650013923645,0.4620189964771271,0.4605799913406372,0.460889995098114,0,2026-04-23 12:00:00+00:00
1776960000000,0.460860013961792,0.4610759913921356,0.4596700072288513,0.46046000719070435,0,2026-04-23 16:00:00+00:00
1776974400000,0.46042001247406006,0.4606100022792816,0.4572699964046478,0.46011999249458313,0,2026-04-23 20:00:00+00:00
1776988800000,0.459989994764328,0.46079298853874207,0.45963001251220703,0.4598099887371063,0,2026-04-24 00:00:00+00:00
1777003200000,0.45976001024246216,0.4607299864292145,0.45972999930381775,0.4604499936103821,0,2026-04-24 04:00:00+00:00
1777017600000,0.4604099988937378,0.46155598759651184,0.46000000834465027,0.46116000413894653,0,2026-04-24 08:00:00+00:00
1777032000000,0.4611000120639801,0.4618000090122223,0.4609200060367584,0.46132001280784607,0,2026-04-24 12:00:00+00:00
1777046400000,0.4612799882888794,0.4618290066719055,0.46094998717308044,0.46160998940467834,0,2026-04-24 16:00:00+00:00
1777060800000,0.46152999997138977,0.4616999924182892,0.46004998683929443,0.46131500601768494,0,2026-04-24 20:00:00+00:00
1777233600000,0.4616299867630005,0.4616999924182892,0.46132999658584595,0.46160998940467834,0,2026-04-26 20:00:00+00:00
1777248000000,0.4615199863910675,0.4625000059604645,0.46147000789642334,0.46226999163627625,0,2026-04-27 00:00:00+00:00
1777262400000,0.46222999691963196,0.4629000127315521,0.46160998940467834,0.4628100097179413,0,2026-04-27 04:00:00+00:00
1777276800000,0.4627699851989746,0.464029997587204,0.46257999539375305,0.4638899862766266,0,2026-04-27 08:00:00+00:00
1777291200000,0.46393001079559326,0.46435999870300293,0.4634400010108948,0.4641599953174591,0,2026-04-27 12:00:00+00:00
1777305600000,0.4641300141811371,0.4646100103855133,0.46386000514030457,0.46406999230384827,0,2026-04-27 16:00:00+00:00
1777320000000,0.4640200138092041,0.4643299877643585,0.46042999625205994,0.46421000361442566,0,2026-04-27 20:00:00+00:00
1777334400000,0.4641999900341034,0.4646399915218353,0.4636799991130829,0.4641300141811371,0,2026-04-28 00:00:00+00:00
1777348800000,0.46408000588417053,0.4652999937534332,0.46378999948501587,0.46518999338150024,0,2026-04-28 04:00:00+00:00
1777363200000,0.46518999338150024,0.4652400016784668,0.4637100100517273,0.4640899896621704,0,2026-04-28 08:00:00+00:00
1777377600000,0.4641000032424927,0.4648999869823456,0.4636699855327606,0.46441999077796936,0,2026-04-28 12:00:00+00:00
1777392000000,0.46441999077796936,0.46470001339912415,0.46410998702049255,0.4643700122833252,0,2026-04-28 16:00:00+00:00
1777406400000,0.46432000398635864,0.464819997549057,0.46167001128196716,0.46445998549461365,0,2026-04-28 20:00:00+00:00
1777420800000,0.46456000208854675,0.46476998925209045,0.4618600010871887,0.46230000257492065,0,2026-04-29 00:00:00+00:00
1777435200000,0.46226000785827637,0.46309998631477356,0.46213001012802124,0.462799996137619,0,2026-04-29 04:00:00+00:00
1777449600000,0.4628399908542633,0.46299999952316284,0.4619399905204773,0.4622499942779541,0,2026-04-29 08:00:00+00:00
1777464000000,0.4622499942779541,0.46265000104904175,0.46077001094818115,0.46112000942230225,0,2026-04-29 12:00:00+00:00
1777478400000,0.4611400067806244,0.46160000562667847,0.46062999963760376,0.4611800014972687,0,2026-04-29 16:00:00+00:00
1777492800000,0.46116000413894653,0.4617699980735779,0.45792001485824585,0.46160998940467834,0,2026-04-29 20:00:00+00:00
1777507200000,0.46160000562667847,0.4620800018310547,0.4606199860572815,0.4616900086402893,0,2026-04-30 00:00:00+00:00
1777521600000,0.46175000071525574,0.4618000090122223,0.4607900083065033,0.4614900052547455,0,2026-04-30 04:00:00+00:00
1777536000000,0.4614900052547455,0.4616999924182892,0.4602299928665161,0.46053001284599304,0,2026-04-30 08:00:00+00:00
1777550400000,0.46050000190734863,0.46132001280784607,0.45930999517440796,0.4608500003814697,0,2026-04-30 12:00:00+00:00
1777564800000,0.4608500003814697,0.46160000562667847,0.4603999853134155,0.4614599943161011,0,2026-04-30 16:00:00+00:00
1777579200000,0.46143999695777893,0.46198999881744385,0.45941001176834106,0.46160000562667847,0,2026-04-30 20:00:00+00:00
1777593600000,0.46154001355171204,0.4616999924182892,0.46088001132011414,0.46108999848365784,0,2026-05-01 00:00:00+00:00
1777608000000,0.46101999282836914,0.46129998564720154,0.45965999364852905,0.4607599973678589,0,2026-05-01 04:00:00+00:00
1777622400000,0.46081000566482544,0.4609000086784363,0.4596799910068512,0.46007999777793884,0,2026-05-01 08:00:00+00:00
1777636800000,0.4600299894809723,0.46140000224113464,0.4587100148200989,0.4612700045108795,0,2026-05-01 12:00:00+00:00
1777651200000,0.4611999988555908,0.46140000224113464,0.46070998907089233,0.4611000120639801,0,2026-05-01 16:00:00+00:00
1777665600000,0.4610599875450134,0.4612399935722351,0.45974001288414,0.46083998680114746,0,2026-05-01 20:00:00+00:00
1777867200000,0.4621700048446655,0.46230000257492065,0.4611400067806244,0.4614799916744232,0,2026-05-04 04:00:00+00:00
1777881600000,0.4614799916744232,0.462119996547699,0.4606499969959259,0.4613400101661682,0,2026-05-04 08:00:00+00:00
1777896000000,0.46132999658584595,0.4618299901485443,0.45974001288414,0.4599800109863281,0,2026-05-04 12:00:00+00:00
1777910400000,0.45991000533103943,0.460640013217926,0.45875999331474304,0.4603100121021271,0,2026-05-04 16:00:00+00:00
1777924800000,0.46031999588012695,0.4605900049209595,0.45691999793052673,0.4602299928665161,0,2026-05-04 20:00:00+00:00
1777939200000,0.4602299928665161,0.46050000190734863,0.4593900144100189,0.45982998609542847,0,2026-05-05 00:00:00+00:00
1777953600000,0.45982998609542847,0.4609000086784363,0.4593999981880188,0.4601899981498718,0,2026-05-05 04:00:00+00:00
1777968000000,0.46018001437187195,0.4611000120639801,0.45996999740600586,0.46086999773979187,0,2026-05-05 08:00:00+00:00
1777982400000,0.4607999920845032,0.4616299867630005,0.4585300087928772,0.4615600109100342,0,2026-05-05 12:00:00+00:00
1777996800000,0.46149998903274536,0.46160000562667847,0.46035999059677124,0.4609299898147583,0,2026-05-05 16:00:00+00:00
1778011200000,0.46097999811172485,0.4616999924182892,0.45504000782966614,0.4611000120639801,0,2026-05-05 20:00:00+00:00
1778025600000,0.46110999584198,0.4640499949455261,0.460999995470047,0.4634000062942505,0,2026-05-06 00:00:00+00:00
1778040000000,0.4633899927139282,0.4648999869823456,0.4632599949836731,0.46428999304771423,0,2026-05-06 04:00:00+00:00
1778054400000,0.46428999304771423,0.46560999751091003,0.46415001153945923,0.4648500084877014,0,2026-05-06 08:00:00+00:00
1778068800000,0.46483999490737915,0.4648999869823456,0.46222999691963196,0.46406999230384827,0,2026-05-06 12:00:00+00:00
1778083200000,0.4639900028705597,0.4641999900341034,0.46323999762535095,0.4635699987411499,0,2026-05-06 16:00:00+00:00
1778097600000,0.4636000096797943,0.4642300009727478,0.45976999402046204,0.46355998516082764,0,2026-05-06 20:00:00+00:00
1778112000000,0.46355998516082764,0.4643099904060364,0.4633600115776062,0.4641900062561035,0,2026-05-07 00:00:00+00:00
1778126400000,0.4641300141811371,0.46470001339912415,0.4636400043964386,0.4645799994468689,0,2026-05-07 04:00:00+00:00
1778140800000,0.4645099937915802,0.46535998582839966,0.46408000588417053,0.46518999338150024,0,2026-05-07 08:00:00+00:00
1778155200000,0.4651400148868561,0.46540001034736633,0.46244001388549805,0.4636499881744385,0,2026-05-07 12:00:00+00:00
1778169600000,0.4636400043964386,0.4641200006008148,0.4632500112056732,0.46351000666618347,0,2026-05-07 16:00:00+00:00
1778184000000,0.4635300040245056,0.46389999985694885,0.4595299959182739,0.4633699953556061,0,2026-05-07 20:00:00+00:00
1778198400000,0.4633699953556061,0.46389999985694885,0.4629899859428406,0.46362000703811646,0,2026-05-08 00:00:00+00:00
1778212800000,0.46358999609947205,0.46401000022888184,0.4632599949836731,0.4636799991130829,0,2026-05-08 04:00:00+00:00
1778227200000,0.4636699855327606,0.46445000171661377,0.4633600115776062,0.46373000741004944,0,2026-05-08 08:00:00+00:00
1778241600000,0.46369001269340515,0.46424001455307007,0.4618299901485443,0.46312999725341797,0,2026-05-08 12:00:00+00:00
1778256000000,0.4631099998950958,0.4632999897003174,0.46254000067710876,0.46320998668670654,0,2026-05-08 16:00:00+00:00
1778270400000,0.46309998631477356,0.4632999897003174,0.46276000142097473,0.4631600081920624,0,2026-05-08 20:00:00+00:00
1778443200000,0.46274998784065247,0.46292999386787415,0.4624600112438202,0.4627299904823303,0,2026-05-10 20:00:00+00:00
1778457600000,0.46261000633239746,0.4634000062942505,0.46237999200820923,0.46312999725341797,0,2026-05-11 00:00:00+00:00
1778472000000,0.4630599915981293,0.4632200002670288,0.4624199867248535,0.4628100097179413,0,2026-05-11 04:00:00+00:00
1778486400000,0.462799996137619,0.4632300138473511,0.4625900089740753,0.4631600081920624,0,2026-05-11 08:00:00+00:00
1778500800000,0.4631800055503845,0.4638400077819824,0.4628300070762634,0.46378999948501587,0,2026-05-11 12:00:00+00:00
1778515200000,0.46375998854637146,0.46399998664855957,0.4634299874305725,0.4637700021266937,0,2026-05-11 16:00:00+00:00
1778529600000,0.46382999420166016,0.4643000066280365,0.4591600000858307,0.46417999267578125,0,2026-05-11 20:00:00+00:00
1778544000000,0.46408000588417053,0.46470001339912415,0.4635399878025055,0.46428999304771423,0,2026-05-12 00:00:00+00:00
1778558400000,0.46428999304771423,0.4646100103855133,0.46320000290870667,0.46408000588417053,0,2026-05-12 04:00:00+00:00
1778572800000,0.4640499949455261,0.46480000019073486,0.4636400043964386,0.46472999453544617,0,2026-05-12 08:00:00+00:00
1778587200000,0.46474000811576843,0.4652499854564667,0.46327999234199524,0.46448999643325806,0,2026-05-12 12:00:00+00:00
1778601600000,0.46441999077796936,0.4647499918937683,0.46401000022888184,0.4645499885082245,0,2026-05-12 16:00:00+00:00
1778616000000,0.46459001302719116,0.4647800028324127,0.4618400037288666,0.46452999114990234,0,2026-05-12 20:00:00+00:00
1778630400000,0.46445000171661377,0.46540001034736633,0.4634700119495392,0.4640499949455261,0,2026-05-13 00:00:00+00:00
1778644800000,0.46404001116752625,0.4641000032424927,0.4633199870586395,0.4636099934577942,0,2026-05-13 04:00:00+00:00
1778659200000,0.4635699987411499,0.46401000022888184,0.4630500078201294,0.46342000365257263,0,2026-05-13 08:00:00+00:00
1778673600000,0.4634299874305725,0.46470001339912415,0.4627000093460083,0.4644100069999695,0,2026-05-13 12:00:00+00:00
1778688000000,0.46445000171661377,0.4646500051021576,0.46369999647140503,0.46386998891830444,0,2026-05-13 16:00:00+00:00
1778702400000,0.46386998891830444,0.46415001153945923,0.4604099988937378,0.46355998516082764,0,2026-05-13 20:00:00+00:00
1778716800000,0.46355000138282776,0.46380001306533813,0.46303001046180725,0.4633699953556061,0,2026-05-14 00:00:00+00:00
1778731200000,0.46331000328063965,0.46424001455307007,0.4631899893283844,0.4637799859046936,0,2026-05-14 04:00:00+00:00
1778745600000,0.46375998854637146,0.4645000100135803,0.46349000930786133,0.4637100100517273,0,2026-05-14 08:00:00+00:00
1778760000000,0.4636699855327606,0.463809996843338,0.46268999576568604,0.4636400043964386,0,2026-05-14 12:00:00+00:00
1778774400000,0.46358999609947205,0.46369999647140503,0.46312999725341797,0.46331000328063965,0,2026-05-14 16:00:00+00:00
1778788800000,0.46327999234199524,0.4648999869823456,0.4591499865055084,0.4628700017929077,0,2026-05-14 20:00:00+00:00
1778803200000,0.4628700017929077,0.46309998631477356,0.4616200029850006,0.46195000410079956,0,2026-05-15 00:00:00+00:00
1778817600000,0.4620000123977661,0.4620000123977661,0.45987001061439514,0.46004998683929443,0,2026-05-15 04:00:00+00:00
1778832000000,0.459989994764328,0.460099995136261,0.4590199887752533,0.45941001176834106,0,2026-05-15 08:00:00+00:00
1778846400000,0.45934998989105225,0.45989999175071716,0.45903000235557556,0.4594799876213074,0,2026-05-15 12:00:00+00:00
1778860800000,0.45949000120162964,0.45989999175071716,0.4591200053691864,0.45928001403808594,0,2026-05-15 16:00:00+00:00
1778875200000,0.45910999178886414,0.4593999981880188,0.4586400091648102,0.459089994430542,0,2026-05-15 20:00:00+00:00
1779048000000,0.45945999026298523,0.4596500098705292,0.4588800072669983,0.45910000801086426,0,2026-05-17 20:00:00+00:00
1779062400000,0.45903000235557556,0.4595000147819519,0.45844998955726624,0.45945000648498535,0,2026-05-18 00:00:00+00:00
1779076800000,0.4594300091266632,0.45969998836517334,0.4589200019836426,0.4593999981880188,0,2026-05-18 04:00:00+00:00
1779091200000,0.45934998989105225,0.4605199992656708,0.45930999517440796,0.46029001474380493,0,2026-05-18 08:00:00+00:00
1779105600000,0.4603700041770935,0.46149998903274536,0.460099995136261,0.4608300030231476,0,2026-05-18 12:00:00+00:00
1779120000000,0.4608199894428253,0.46118998527526855,0.45976999402046204,0.4608500003814697,0,2026-05-18 16:00:00+00:00
1779134400000,0.4607999920845032,0.460999995470047,0.4573499858379364,0.46070998907089233,0,2026-05-18 20:00:00+00:00
1779148800000,0.46070998907089233,0.460860013961792,0.45952001214027405,0.46000999212265015,0,2026-05-19 00:00:00+00:00
1779163200000,0.459989994764328,0.46035000681877136,0.4592899978160858,0.4593999981880188,0,2026-05-19 04:00:00+00:00
1779177600000,0.4593299925327301,0.4603300094604492,0.45906001329421997,0.4602400064468384,0,2026-05-19 08:00:00+00:00
1779192000000,0.46020999550819397,0.46053001284599304,0.45958998799324036,0.46042001247406006,0,2026-05-19 12:00:00+00:00
1779206400000,0.46042001247406006,0.46062999963760376,0.4590199887752533,0.46035000681877136,0,2026-05-19 16:00:00+00:00
1779220800000,0.4603399932384491,0.4606199860572815,0.4571300148963928,0.4600600004196167,0,2026-05-19 20:00:00+00:00
1779235200000,0.45991000533103943,0.4606199860572815,0.4591299891471863,0.4605199992656708,0,2026-05-20 00:00:00+00:00
1779249600000,0.46053001284599304,0.46149998903274536,0.46000000834465027,0.4610399901866913,0,2026-05-20 04:00:00+00:00
1779264000000,0.4610399901866913,0.46209999918937683,0.4609299898147583,0.46191999316215515,0,2026-05-20 08:00:00+00:00
1779278400000,0.46187999844551086,0.46274998784065247,0.46112000942230225,0.4622200131416321,0,2026-05-20 12:00:00+00:00
1779292800000,0.46215999126434326,0.46239998936653137,0.46160000562667847,0.4620000123977661,0,2026-05-20 16:00:00+00:00
1779307200000,0.46195998787879944,0.4620699882507324,0.45822998881340027,0.46182000637054443,0,2026-05-20 20:00:00+00:00
1779321600000,0.4617899954319,0.46184998750686646,0.4604699909687042,0.4611999988555908,0,2026-05-21 00:00:00+00:00
1779336000000,0.4612100124359131,0.46160000562667847,0.46059998869895935,0.46132999658584595,0,2026-05-21 04:00:00+00:00
1779350400000,0.4613499939441681,0.4618299901485443,0.460750013589859,0.4615100026130676,0,2026-05-21 08:00:00+00:00
1779364800000,0.4615100026130676,0.46250998973846436,0.4603700041770935,0.4621399939060211,0,2026-05-21 12:00:00+00:00
1779379200000,0.46208998560905457,0.46274998784065247,0.4616999924182892,0.46195000410079956,0,2026-05-21 16:00:00+00:00
1779393600000,0.4619700014591217,0.46276000142097473,0.458950012922287,0.4622800052165985,0,2026-05-21 20:00:00+00:00
1779408000000,0.4622099995613098,0.46244001388549805,0.4615499973297119,0.4619300067424774,0,2026-05-22 00:00:00+00:00
1779422400000,0.46191999316215515,0.46219998598098755,0.4605900049209595,0.4609299898147583,0,2026-05-22 04:00:00+00:00
1779436800000,0.4609299898147583,0.4611299932003021,0.46000000834465027,0.46015000343322754,0,2026-05-22 08:00:00+00:00
1779451200000,0.4601399898529053,0.4604499936103821,0.4595400094985962,0.4599199891090393,0,2026-05-22 12:00:00+00:00
1779465600000,0.459879994392395,0.46000999212265015,0.4591499865055084,0.4594300091266632,0,2026-05-22 16:00:00+00:00
1779480000000,0.45934998989105225,0.45945000648498535,0.4580000042915344,0.4590100049972534,0,2026-05-22 20:00:00+00:00
1779652800000,0.4594700038433075,0.45980000495910645,0.45914000272750854,0.45934998989105225,0,2026-05-24 20:00:00+00:00
1779667200000,0.45927000045776367,0.45980000495910645,0.45890000462532043,0.4591200053691864,0,2026-05-25 00:00:00+00:00
1779681600000,0.459089994430542,0.4596000015735626,0.45844998955726624,0.45899999141693115,0,2026-05-25 04:00:00+00:00
1779696000000,0.4589399993419647,0.45910000801086426,0.4583500027656555,0.45892998576164246,0,2026-05-25 08:00:00+00:00
1779710400000,0.458950012922287,0.460099995136261,0.4586400091648102,0.45976001024246216,0,2026-05-25 12:00:00+00:00
1779724800000,0.45972999930381775,0.45989999175071716,0.45910999178886414,0.4595299959182739,0,2026-05-25 16:00:00+00:00
1779739200000,0.4595299959182739,0.45969998836517334,0.456169992685318,0.45897001028060913,0,2026-05-25 20:00:00+00:00
1779753600000,0.45903998613357544,0.45914000272750854,0.4580399990081787,0.45844998955726624,0,2026-05-26 00:00:00+00:00
1779768000000,0.45844998955726624,0.4593999981880188,0.45789000391960144,0.4585399925708771,0,2026-05-26 04:00:00+00:00
1779782400000,0.4584900140762329,0.45882999897003174,0.45809000730514526,0.45868000388145447,0,2026-05-26 08:00:00+00:00
1779796800000,0.4587100148200989,0.45892998576164246,0.45813000202178955,0.4584999978542328,0,2026-05-26 12:00:00+00:00
1779811200000,0.45848000049591064,0.4587100148200989,0.4581199884414673,0.45868998765945435,0,2026-05-26 16:00:00+00:00
1779825600000,0.4586600065231323,0.45879998803138733,0.4569000005722046,0.4586299955844879,0,2026-05-26 20:00:00+00:00
1779840000000,0.4585599899291992,0.46160000562667847,0.4583199918270111,0.460640013217926,0,2026-05-27 00:00:00+00:00
1779854400000,0.4605900049209595,0.46160000562667847,0.4604400098323822,0.46118998527526855,0,2026-05-27 04:00:00+00:00
1779868800000,0.46116000413894653,0.46296000480651855,0.46108001470565796,0.4627400040626526,0,2026-05-27 08:00:00+00:00
1779883200000,0.4627000093460083,0.46380001306533813,0.46230998635292053,0.4637199938297272,0,2026-05-27 12:00:00+00:00
1779897600000,0.46373000741004944,0.4641200006008148,0.4631899893283844,0.4640200138092041,0,2026-05-27 16:00:00+00:00
1779912000000,0.4640200138092041,0.4644399881362915,0.4607999920845032,0.46408000588417053,0,2026-05-27 20:00:00+00:00
1779926400000,0.4639900028705597,0.4656499922275543,0.4636499881744385,0.4638200104236603,0,2026-05-28 00:00:00+00:00
1779940800000,0.4637199938297272,0.4641000032424927,0.46285000443458557,0.46401000022888184,0,2026-05-28 04:00:00+00:00
1779955200000,0.4639599919319153,0.4652099907398224,0.46386998891830444,0.4646100103855133,0,2026-05-28 08:00:00+00:00
1779969600000,0.4646199941635132,0.4651600122451782,0.4632500112056732,0.46474000811576843,0,2026-05-28 12:00:00+00:00
1779984000000,0.464819997549057,0.46502000093460083,0.46445000171661377,0.4646899998188019,0,2026-05-28 16:00:00+00:00
1779998400000,0.46459001302719116,0.4659700095653534,0.46314001083374023,0.465829998254776,0,2026-05-28 20:00:00+00:00
1780012800000,0.4658699929714203,0.4668000042438507,0.4655799865722656,0.466729998588562,0,2026-05-29 00:00:00+00:00
1780027200000,0.46674999594688416,0.46731001138687134,0.4664900004863739,0.46702998876571655,0,2026-05-29 04:00:00+00:00
1780041600000,0.4670400023460388,0.4676400125026703,0.46658000349998474,0.4671599864959717,0,2026-05-29 08:00:00+00:00
1780056000000,0.46709999442100525,0.4684399962425232,0.4666900038719177,0.4678899943828583,0,2026-05-29 12:00:00+00:00
1780070400000,0.467849999666214,0.4681999981403351,0.466729998588562,0.46728000044822693,0,2026-05-29 16:00:00+00:00
1780084800000,0.4672299921512604,0.46779999136924744,0.46626999974250793,0.4674600064754486,0,2026-05-29 20:00:00+00:00
1780257600000,0.4672299921512604,0.4677000045776367,0.4669800102710724,0.4675999879837036,0,2026-05-31 20:00:00+00:00
1780272000000,0.4675000011920929,0.46799999475479126,0.46705999970436096,0.46724000573158264,0,2026-06-01 00:00:00+00:00
1780286400000,0.4672600030899048,0.4675999879837036,0.46685001254081726,0.4674000144004822,0,2026-06-01 04:00:00+00:00
1780300800000,0.4673300087451935,0.46755000948905945,0.4663800001144409,0.46682998538017273,0,2026-06-01 08:00:00+00:00
1780315200000,0.46685001254081726,0.46764999628067017,0.4645000100135803,0.46650001406669617,0,2026-06-01 12:00:00+00:00
1780329600000,0.4664900004863739,0.4671199917793274,0.46619999408721924,0.4668000042438507,0,2026-06-01 16:00:00+00:00
1780344000000,0.46678000688552856,0.4668999910354614,0.46202999353408813,0.4666599929332733,0,2026-06-01 20:00:00+00:00
1780358400000,0.46647000312805176,0.4666999876499176,0.4655500054359436,0.4665699899196625,0,2026-06-02 00:00:00+00:00
1780372800000,0.46661999821662903,0.4668099880218506,0.4656499922275543,0.4658600091934204,0,2026-06-02 04:00:00+00:00
1780387200000,0.46581000089645386,0.4662199914455414,0.4652799963951111,0.4658600091934204,0,2026-06-02 08:00:00+00:00
1780401600000,0.46584001183509827,0.46636998653411865,0.46476998925209045,0.4661099910736084,0,2026-06-02 12:00:00+00:00
1780416000000,0.46612998843193054,0.46661001443862915,0.4659999907016754,0.4662800133228302,0,2026-06-02 16:00:00+00:00
1780430400000,0.4663200080394745,0.46682000160217285,0.46432000398635864,0.4667699933052063,0,2026-06-02 20:00:00+00:00
1780444800000,0.46671000123023987,0.4675000011920929,0.4664599895477295,0.46667999029159546,0,2026-06-03 00:00:00+00:00
1780459200000,0.46667999029159546,0.4668000042438507,0.46518999338150024,0.4659700095653534,0,2026-06-03 04:00:00+00:00
1780473600000,0.46595999598503113,0.46601998805999756,0.4648900032043457,0.4653500020503998,0,2026-06-03 08:00:00+00:00
1780488000000,0.4653100073337555,0.4655100107192993,0.4636699855327606,0.4641200006008148,0,2026-06-03 12:00:00+00:00
1780502400000,0.4641000032424927,0.4647200107574463,0.4638800024986267,0.46432000398635864,0,2026-06-03 16:00:00+00:00
1780516800000,0.4643700122833252,0.46481001377105713,0.4613800048828125,0.46413999795913696,0,2026-06-03 20:00:00+00:00
1780531200000,0.46434998512268066,0.46470001339912415,0.4637199938297272,0.46428999304771423,0,2026-06-04 00:00:00+00:00
1780545600000,0.46424999833106995,0.46459999680519104,0.46369001269340515,0.4644399881362915,0,2026-06-04 04:00:00+00:00
1780560000000,0.4643799960613251,0.4645400047302246,0.46281999349594116,0.4631800055503845,0,2026-06-04 08:00:00+00:00
1780574400000,0.46316999197006226,0.46389999985694885,0.46244001388549805,0.4634700119495392,0,2026-06-04 12:00:00+00:00
1780588800000,0.4634400010108948,0.4636000096797943,0.46285998821258545,0.4631800055503845,0,2026-06-04 16:00:00+00:00
1780603200000,0.4631600081920624,0.4636000096797943,0.46007001399993896,0.46320000290870667,0,2026-06-04 20:00:00+00:00
1780617600000,0.4631499946117401,0.46320000290870667,0.4618299901485443,0.46255001425743103,0,2026-06-05 00:00:00+00:00
1780632000000,0.46254000067710876,0.46309998631477356,0.46195000410079956,0.4625599980354309,0,2026-06-05 04:00:00+00:00
1780646400000,0.46255001425743103,0.4634000062942505,0.4623900055885315,0.46327000856399536,0,2026-06-05 08:00:00+00:00
1780660800000,0.46327999234199524,0.4637799859046936,0.461870014667511,0.4620400071144104,0,2026-06-05 12:00:00+00:00
1780675200000,0.4619300067424774,0.46230000257492065,0.46114999055862427,0.4613499939441681,0,2026-06-05 16:00:00+00:00
1780689600000,0.4613499939441681,0.46149998903274536,0.46050000190734863,0.46132999658584595,0,2026-06-05 20:00:00+00:00
1780862400000,0.4612100124359131,0.4616999924182892,0.46101999282836914,0.46156999468803406,0,2026-06-07 20:00:00+00:00
1780876800000,0.4614799916744232,0.462799996137619,0.46129998564720154,0.4623900055885315,0,2026-06-08 00:00:00+00:00
1780891200000,0.46241000294685364,0.4630100131034851,0.4619799852371216,0.462799996137619,0,2026-06-08 04:00:00+00:00
1780905600000,0.4628700017929077,0.4645499885082245,0.46261000633239746,0.4640899896621704,0,2026-06-08 08:00:00+00:00
1780920000000,0.46408000588417053,0.4642300009727478,0.462909996509552,0.46362000703811646,0,2026-06-08 12:00:00+00:00
1780934400000,0.4636499881744385,0.46380001306533813,0.4630799889564514,0.46362000703811646,0,2026-06-08 16:00:00+00:00
1780948800000,0.4636099934577942,0.4636400043964386,0.46171998977661133,0.46314001083374023,0,2026-06-08 20:00:00+00:00
1780963200000,0.46312999725341797,0.46424001455307007,0.46268001198768616,0.464029997587204,0,2026-06-09 00:00:00+00:00
1780977600000,0.464029997587204,0.46549999713897705,0.4637799859046936,0.46428000926971436,0,2026-06-09 04:00:00+00:00
1780992000000,0.4642699956893921,0.46481001377105713,0.4639500081539154,0.46470001339912415,0,2026-06-09 08:00:00+00:00
1781006400000,0.4646500051021576,0.46494999527931213,0.463919997215271,0.4640499949455261,0,2026-06-09 12:00:00+00:00
1781020800000,0.4640499949455261,0.4645000100135803,0.4622400104999542,0.4643400013446808,0,2026-06-09 16:00:00+00:00
1781035200000,0.4643299877643585,0.46474000811576843,0.46125999093055725,0.46421000361442566,0,2026-06-09 20:00:00+00:00
1781049600000,0.46413999795913696,0.4652999937534332,0.46393999457359314,0.46500998735427856,0,2026-06-10 00:00:00+00:00
1781064000000,0.4650000035762787,0.4650999903678894,0.4637700021266937,0.4640899896621704,0,2026-06-10 04:00:00+00:00
1781078400000,0.464029997587204,0.4643999934196472,0.4634400010108948,0.4638400077819824,0,2026-06-10 08:00:00+00:00
1781092800000,0.4638499915599823,0.46511998772621155,0.4623900055885315,0.4647499918937683,0,2026-06-10 12:00:00+00:00
1781107200000,0.4646799862384796,0.4649200141429901,0.46382999420166016,0.4638499915599823,0,2026-06-10 16:00:00+00:00
1781121600000,0.46386000514030457,0.4657999873161316,0.45996999740600586,0.46342000365257263,0,2026-06-10 20:00:00+00:00
1781136000000,0.4632900059223175,0.46373000741004944,0.4626699984073639,0.462909996509552,0,2026-06-11 00:00:00+00:00
1781150400000,0.462909996509552,0.46299999952316284,0.46226999163627625,0.4627299904823303,0,2026-06-11 04:00:00+00:00
1781164800000,0.4627099931240082,0.4629000127315521,0.46195998787879944,0.4621399939060211,0,2026-06-11 08:00:00+00:00
1781179200000,0.46213001012802124,0.4627400040626526,0.460860013961792,0.46261000633239746,0,2026-06-11 12:00:00+00:00
1781193600000,0.4625599980354309,0.46428000926971436,0.46222999691963196,0.4640600085258484,0,2026-06-11 16:00:00+00:00
1781208000000,0.46404001116752625,0.4642699956893921,0.4597899913787842,0.4636400043964386,0,2026-06-11 20:00:00+00:00
1781222400000,0.4636000096797943,0.4638499915599823,0.46257999539375305,0.4633600115776062,0,2026-06-12 00:00:00+00:00
1781236800000,0.4632999897003174,0.4637100100517273,0.46274998784065247,0.4634999930858612,0,2026-06-12 04:00:00+00:00
1781251200000,0.4634999930858612,0.46434998512268066,0.46316999197006226,0.46399998664855957,0,2026-06-12 08:00:00+00:00
1781265600000,0.46393001079559326,0.46459999680519104,0.46369999647140503,0.4640899896621704,0,2026-06-12 12:00:00+00:00
1781280000000,0.4640200138092041,0.46480000019073486,0.46393999457359314,0.4646899998188019,0,2026-06-12 16:00:00+00:00
1781294400000,0.46467000246047974,0.46474000811576843,0.4632999897003174,0.46474000811576843,0,2026-06-12 20:00:00+00:00
1781467200000,0.4646399915218353,0.46511998772621155,0.4643400013446808,0.46470001339912415,0,2026-06-14 20:00:00+00:00
1781481600000,0.4647600054740906,0.4648500084877014,0.4640499949455261,0.4644800126552582,0,2026-06-15 00:00:00+00:00
1781496000000,0.46448999643325806,0.4648999869823456,0.46312999725341797,0.4637199938297272,0,2026-06-15 04:00:00+00:00
1781510400000,0.4636699855327606,0.4639100134372711,0.4627699851989746,0.46334001421928406,0,2026-06-15 08:00:00+00:00
1781524800000,0.46327999234199524,0.46340999007225037,0.46248000860214233,0.46299999952316284,0,2026-06-15 12:00:00+00:00
1781539200000,0.4629400074481964,0.46320000290870667,0.4621399939060211,0.4625700116157532,0,2026-06-15 16:00:00+00:00
1781553600000,0.46268001198768616,0.46334001421928406,0.45906001329421997,0.4628799855709076,0,2026-06-15 20:00:00+00:00
1781568000000,0.462799996137619,0.4629000127315521,0.4615800082683563,0.46198999881744385,0,2026-06-16 00:00:00+00:00
1781582400000,0.46198999881744385,0.4625999927520752,0.46077001094818115,0.4625200033187866,0,2026-06-16 04:00:00+00:00
1781596800000,0.46246999502182007,0.4634999930858612,0.4623599946498871,0.46338000893592834,0,2026-06-16 08:00:00+00:00
1781611200000,0.46340999007225037,0.46369999647140503,0.46244001388549805,0.4628300070762634,0,2026-06-16 12:00:00+00:00
1781625600000,0.46285000443458557,0.46307000517845154,0.4622800052165985,0.46237000823020935,0,2026-06-16 16:00:00+00:00
1781640000000,0.4623500108718872,0.46261999011039734,0.45879000425338745,0.4623900055885315,0,2026-06-16 20:00:00+00:00
1781654400000,0.46241000294685364,0.4625000059604645,0.4614599943161011,0.4615499973297119,0,2026-06-17 00:00:00+00:00
1781668800000,0.4615600109100342,0.4616999924182892,0.46015000343322754,0.46057000756263733,0,2026-06-17 04:00:00+00:00
1781683200000,0.46055999398231506,0.4608300030231476,0.45996999740600586,0.4605900049209595,0,2026-06-17 08:00:00+00:00
1781697600000,0.4605900049209595,0.4618000090122223,0.4593200087547302,0.46116000413894653,0,2026-06-17 12:00:00+00:00
1781712000000,0.4611400067806244,0.46164000034332275,0.4591600000858307,0.4611400067806244,0,2026-06-17 16:00:00+00:00
1781726400000,0.46123000979423523,0.46428999304771423,0.4587000012397766,0.46154001355171204,0,2026-06-17 20:00:00+00:00
1781740800000,0.4614599943161011,0.46309998631477356,0.4613099992275238,0.46296998858451843,0,2026-06-18 00:00:00+00:00
1781755200000,0.46292001008987427,0.46309998631477356,0.46191999316215515,0.4626300036907196,0,2026-06-18 04:00:00+00:00
1781769600000,0.4626300036907196,0.46345001459121704,0.46241000294685364,0.4633600115776062,0,2026-06-18 08:00:00+00:00
1781784000000,0.4634299874305725,0.46399998664855957,0.46184998750686646,0.4627799987792969,0,2026-06-18 12:00:00+00:00
1781798400000,0.46285000443458557,0.46347999572753906,0.4626699984073639,0.4629899859428406,0,2026-06-18 16:00:00+00:00
1781812800000,0.46296998858451843,0.46441999077796936,0.45857998728752136,0.46309998631477356,0,2026-06-18 20:00:00+00:00
1781827200000,0.4631499946117401,0.46355998516082764,0.4625900089740753,0.46279001235961914,0,2026-06-19 00:00:00+00:00
1781841600000,0.46279001235961914,0.4632999897003174,0.46250998973846436,0.4630100131034851,0,2026-06-19 04:00:00+00:00
1781856000000,0.4629400074481964,0.4632200002670288,0.4622800052165985,0.46309998631477356,0,2026-06-19 08:00:00+00:00
1781870400000,0.4631099998950958,0.4636099934577942,0.4625700116157532,0.46334999799728394,0,2026-06-19 12:00:00+00:00
1781884800000,0.46323999762535095,0.46342000365257263,0.4618000090122223,0.46299999952316284,0,2026-06-19 16:00:00+00:00
1781899200000,0.462660014629364,0.46320000290870667,0.46164000034332275,0.4630900025367737,0,2026-06-19 20:00:00+00:00
1782072000000,0.4630599915981293,0.4632999897003174,0.46279001235961914,0.46327999234199524,0,2026-06-21 20:00:00+00:00
1782086400000,0.4631899893283844,0.4636000096797943,0.46244001388549805,0.4628700017929077,0,2026-06-22 00:00:00+00:00
1782100800000,0.46285998821258545,0.46312999725341797,0.46244001388549805,0.4627099931240082,0,2026-06-22 04:00:00+00:00
1782115200000,0.4627099931240082,0.46299999952316284,0.4620400071144104,0.4629000127315521,0,2026-06-22 08:00:00+00:00
1782129600000,0.462909996509552,0.46380001306533813,0.46255001425743103,0.46274998784065247,0,2026-06-22 12:00:00+00:00
1782144000000,0.4627799987792969,0.462799996137619,0.4617300033569336,0.4619300067424774,0,2026-06-22 16:00:00+00:00
1782158400000,0.4620000123977661,0.46265000104904175,0.45903998613357544,0.4618600010871887,0,2026-06-22 20:00:00+00:00
1782172800000,0.46178001165390015,0.461870014667511,0.4604099988937378,0.46105000376701355,0,2026-06-23 00:00:00+00:00
1782187200000,0.4609900116920471,0.4611000120639801,0.45954999327659607,0.4599199891090393,0,2026-06-23 04:00:00+00:00
1782201600000,0.4599300026893616,0.4611999988555908,0.45954999327659607,0.45963001251220703,0,2026-06-23 08:00:00+00:00
1782216000000,0.4596000015735626,0.45993998646736145,0.4578399956226349,0.45914000272750854,0,2026-06-23 12:00:00+00:00
1782230400000,0.45910999178886414,0.4595000147819519,0.4584999978542328,0.45875999331474304,0,2026-06-23 16:00:00+00:00
1782244800000,0.4588199853897095,0.46059998869895935,0.4557099938392639,0.4584900140762329,0,2026-06-23 20:00:00+00:00
1782259200000,0.4584999978542328,0.459199994802475,0.457830011844635,0.45802000164985657,0,2026-06-24 00:00:00+00:00
1782273600000,0.45802000164985657,0.45910000801086426,0.4576900005340576,0.4583300054073334,0,2026-06-24 04:00:00+00:00
1782288000000,0.4582799971103668,0.45855000615119934,0.4574100077152252,0.4583599865436554,0,2026-06-24 08:00:00+00:00
1782302400000,0.45831000804901123,0.45886000990867615,0.45763999223709106,0.45864999294281006,0,2026-06-24 12:00:00+00:00
1782316800000,0.45860999822616577,0.45892998576164246,0.4575900137424469,0.4584900140762329,0,2026-06-24 16:00:00+00:00
1782331200000,0.45820000767707825,0.459960013628006,0.45368000864982605,0.4585599899291992,0,2026-06-24 20:00:00+00:00
1782345600000,0.4584900140762329,0.4587000012397766,0.4564000070095062,0.4575499892234802,0,2026-06-25 00:00:00+00:00
1782360000000,0.45750999450683594,0.45824000239372253,0.4572499990463257,0.457830011844635,0,2026-06-25 04:00:00+00:00
1782374400000,0.4578000009059906,0.4583500027656555,0.45750999450683594,0.4582599997520447,0,2026-06-25 08:00:00+00:00
1782388800000,0.4582099914550781,0.4584999978542328,0.4569999873638153,0.4578700065612793,0,2026-06-25 12:00:00+00:00
1782403200000,0.45778998732566833,0.4581100046634674,0.4570100009441376,0.4572499990463257,0,2026-06-25 16:00:00+00:00
1782417600000,0.4572699964046478,0.4581199884414673,0.4535300135612488,0.45737001299858093,0,2026-06-25 20:00:00+00:00
1782432000000,0.45737001299858093,0.4575999975204468,0.4560999870300293,0.4565199911594391,0,2026-06-26 00:00:00+00:00
1782446400000,0.45653000473976135,0.457040011882782,0.4558899998664856,0.4564400017261505,0,2026-06-26 04:00:00+00:00
1782460800000,0.4564499855041504,0.4572399854660034,0.45614001154899597,0.45669999718666077,0,2026-06-26 08:00:00+00:00
1782475200000,0.45671001076698303,0.4569000005722046,0.45513999462127686,0.4565199911594391,0,2026-06-26 12:00:00+00:00
1782489600000,0.4564400017261505,0.45684999227523804,0.4561299979686737,0.45642998814582825,0,2026-06-26 16:00:00+00:00
1782504000000,0.4565199911594391,0.45660001039505005,0.4551999866962433,0.4565500020980835,0,2026-06-26 20:00:00+00:00
1782676800000,0.45677000284194946,0.4569999873638153,0.4565199911594391,0.4567500054836273,0,2026-06-28 20:00:00+00:00
1782691200000,0.4567500054836273,0.45719999074935913,0.456030011177063,0.4570600092411041,0,2026-06-29 00:00:00+00:00
1782705600000,0.45704999566078186,0.4578000009059906,0.45684999227523804,0.4572199881076813,0,2026-06-29 04:00:00+00:00
1782720000000,0.457179993391037,0.4572499990463257,0.4565100073814392,0.45697999000549316,0,2026-06-29 08:00:00+00:00
1782734400000,0.456930011510849,0.45719999074935913,0.4557799994945526,0.4564099907875061,0,2026-06-29 12:00:00+00:00
1782748800000,0.4563800096511841,0.45660001039505005,0.456030011177063,0.4563699960708618,0,2026-06-29 16:00:00+00:00
1782763200000,0.45636001229286194,0.45691999793052673,0.4546799957752228,0.45638999342918396,0,2026-06-29 20:00:00+00:00
1782777600000,0.4564000070095062,0.4569999873638153,0.45576000213623047,0.45688000321388245,0,2026-06-30 00:00:00+00:00
1782792000000,0.4569000005722046,0.45774999260902405,0.4567599892616272,0.4575299918651581,0,2026-06-30 04:00:00+00:00
1782806400000,0.4574899971485138,0.45820000767707825,0.457040011882782,0.45805999636650085,0,2026-06-30 08:00:00+00:00
1782820800000,0.4580000042915344,0.4590199887752533,0.457179993391037,0.45859000086784363,0,2026-06-30 12:00:00+00:00
1782835200000,0.4585300087928772,0.45910000801086426,0.4583199918270111,0.4587399959564209,0,2026-06-30 16:00:00+00:00
1782849600000,0.458730012178421,0.45914000272750854,0.4553399980068207,0.458869993686676,0,2026-06-30 20:00:00+00:00
1782864000000,0.4588800072669983,0.4591499865055084,0.45792001485824585,0.4588100016117096,0,2026-07-01 00:00:00+00:00
1782878400000,0.4588100016117096,0.4596700072288513,0.45851999521255493,0.4595699906349182,0,2026-07-01 04:00:00+00:00
1782892800000,0.4595299959182739,0.4601300060749054,0.4593200087547302,0.46000000834465027,0,2026-07-01 08:00:00+00:00
1782907200000,0.46000000834465027,0.4601700007915497,0.4585399925708771,0.4589399993419647,0,2026-07-01 12:00:00+00:00
1782921600000,0.45895999670028687,0.459199994802475,0.4583800137042999,0.458869993686676,0,2026-07-01 16:00:00+00:00
1782936000000,0.45879000425338745,0.4593999981880188,0.4560199975967407,0.4591600000858307,0,2026-07-01 20:00:00+00:00
1782950400000,0.4590499997138977,0.4596399962902069,0.45851001143455505,0.458869993686676,0,2026-07-02 00:00:00+00:00
1782964800000,0.458950012922287,0.459199994802475,0.457940012216568,0.458050012588501,0,2026-07-02 04:00:00+00:00
1782979200000,0.45798999071121216,0.4582200050354004,0.45712000131607056,0.4573400020599365,0,2026-07-02 08:00:00+00:00
1782993600000,0.45737001299858093,0.4585300087928772,0.45660001039505005,0.4576700031757355,0,2026-07-02 12:00:00+00:00
1783008000000,0.4575999975204468,0.4578999876976013,0.45723000168800354,0.4576199948787689,0,2026-07-02 16:00:00+00:00
1783022400000,0.4576300084590912,0.4579299986362457,0.4547699987888336,0.45774999260902405,0,2026-07-02 20:00:00+00:00
1783036800000,0.45774999260902405,0.4586000144481659,0.4575299918651581,0.45829999446868896,0,2026-07-03 00:00:00+00:00
1783051200000,0.4583300054073334,0.45899999141693115,0.4580099880695343,0.4587399959564209,0,2026-07-03 04:00:00+00:00
1783065600000,0.45868998765945435,0.45899999141693115,0.45824000239372253,0.4583599865436554,0,2026-07-03 08:00:00+00:00
1783080000000,0.45840001106262207,0.45890000462532043,0.45802998542785645,0.4585700035095215,0,2026-07-03 12:00:00+00:00
1783094400000,0.4585599899291992,0.4588100016117096,0.4582200050354004,0.45868998765945435,0,2026-07-03 16:00:00+00:00
1783108800000,0.4584600031375885,0.45875999331474304,0.45735999941825867,0.45851001143455505,0,2026-07-03 20:00:00+00:00
1783281600000,0.4583899974822998,0.4584200084209442,0.45802000164985657,0.45813000202178955,0,2026-07-05 20:00:00+00:00
1783296000000,0.4582099914550781,0.45831000804901123,0.45708000659942627,0.45750001072883606,0,2026-07-06 00:00:00+00:00
1783310400000,0.4574899971485138,0.45829999446868896,0.45719000697135925,0.457720011472702,0,2026-07-06 04:00:00+00:00
1783324800000,0.4577600061893463,0.4583500027656555,0.45743998885154724,0.45802000164985657,0,2026-07-06 08:00:00+00:00
1783339200000,0.4580399990081787,0.45882999897003174,0.45743000507354736,0.45871999859809875,0,2026-07-06 12:00:00+00:00
1783353600000,0.4586699903011322,0.459199994802475,0.4584999978542328,0.45910999178886414,0,2026-07-06 16:00:00+00:00
1783368000000,0.45910999178886414,0.4593000113964081,0.45622000098228455,0.45892998576164246,0,2026-07-06 20:00:00+00:00
1783382400000,0.458840012550354,0.45930999517440796,0.458730012178421,0.4590499997138977,0,2026-07-07 00:00:00+00:00
1783396800000,0.45906001329421997,0.459199994802475,0.45829999446868896,0.4588199853897095,0,2026-07-07 04:00:00+00:00
1783411200000,0.45875000953674316,0.4592199921607971,0.45848000049591064,0.4588499963283539,0,2026-07-07 08:00:00+00:00
1783425600000,0.45879000425338745,0.45899999141693115,0.45816999673843384,0.4587100148200989,0,2026-07-07 12:00:00+00:00
1783440000000,0.4587000012397766,0.459199994802475,0.4583500027656555,0.45895999670028687,0,2026-07-07 16:00:00+00:00
1783454400000,0.4589099884033203,0.4593000113964081,0.4543200135231018,0.45897001028060913,0,2026-07-07 20:00:00+00:00
1783468800000,0.45875000953674316,0.46136999130249023,0.45864999294281006,0.4609000086784363,0,2026-07-08 00:00:00+00:00
1783483200000,0.4609299898147583,0.461899995803833,0.4605399966239929,0.4610300064086914,0,2026-07-08 04:00:00+00:00
1783497600000,0.46094998717308044,0.4610599875450134,0.45949000120162964,0.4601899981498718,0,2026-07-08 08:00:00+00:00
1783512000000,0.460099995136261,0.4609000086784363,0.459960013628006,0.4603700041770935,0,2026-07-08 12:00:00+00:00
1783526400000,0.4603700041770935,0.4609600007534027,0.458950012922287,0.4607599973678589,0,2026-07-08 16:00:00+00:00
1783540800000,0.46077001094818115,0.4618000090122223,0.4568899869918823,0.4617300033569336,0,2026-07-08 20:00:00+00:00
1783555200000,0.4617300033569336,0.46230000257492065,0.4615100026130676,0.461870014667511,0,2026-07-09 00:00:00+00:00
1783569600000,0.46180999279022217,0.46226999163627625,0.46152999997138977,0.46219998598098755,0,2026-07-09 04:00:00+00:00
1783584000000,0.4622499942779541,0.46320000290870667,0.4619100093841553,0.46296000480651855,0,2026-07-09 08:00:00+00:00
1783598400000,0.46288999915122986,0.4645000100135803,0.462799996137619,0.46432000398635864,0,2026-07-09 12:00:00+00:00
1783612800000,0.4642699956893921,0.46459999680519104,0.4639900028705597,0.46439000964164734,0,2026-07-09 16:00:00+00:00
1783627200000,0.4644100069999695,0.464709997177124,0.4607299864292145,0.4646500051021576,0,2026-07-09 20:00:00+00:00
1783641600000,0.46459999680519104,0.46540001034736633,0.4643099904060364,0.46483999490737915,0,2026-07-10 00:00:00+00:00
1783656000000,0.4647499918937683,0.4650000035762787,0.4641000032424927,0.4646500051021576,0,2026-07-10 04:00:00+00:00
1783670400000,0.4646399915218353,0.46564000844955444,0.4643400013446808,0.4654900133609772,0,2026-07-10 08:00:00+00:00
1783684800000,0.4654099941253662,0.46619999408721924,0.465039998292923,0.46540001034736633,0,2026-07-10 12:00:00+00:00
1783699200000,0.4653699994087219,0.46612998843193054,0.4651699960231781,0.4659300148487091,0,2026-07-10 16:00:00+00:00
1783713600000,0.4659300148487091,0.46619999408721924,0.4643000066280365,0.4656200110912323,0,2026-07-10 20:00:00+00:00
1783886400000,0.46566998958587646,0.4660399854183197,0.4654400050640106,0.4660100042819977,0,2026-07-12 20:00:00+00:00
1783900800000,0.465939998626709,0.46733999252319336,0.4654799997806549,0.4662899971008301,0,2026-07-13 00:00:00+00:00
1783915200000,0.46623000502586365,0.4668099880218506,0.46568000316619873,0.4668000042438507,0,2026-07-13 04:00:00+00:00
1783929600000,0.4667600095272064,0.46810001134872437,0.46661001443862915,0.467960000038147,0,2026-07-13 08:00:00+00:00
1783944000000,0.46797001361846924,0.4688200056552887,0.46761998534202576,0.4686500132083893,0,2026-07-13 12:00:00+00:00
1783958400000,0.4686099886894226,0.4688299894332886,0.467960000038147,0.46827998757362366,0,2026-07-13 16:00:00+00:00
1783972800000,0.4683000147342682,0.46959999203681946,0.46672001481056213,0.4694899916648865,0,2026-07-13 20:00:00+00:00
1783987200000,0.4694400131702423,0.4715000092983246,0.4690299928188324,0.4711099863052368,0,2026-07-14 00:00:00+00:00
1784001600000,0.47102001309394836,0.47189998626708984,0.4705199897289276,0.4715299904346466,0,2026-07-14 04:00:00+00:00
1784016000000,0.47150999307632446,0.4715299904346466,0.47058001160621643,0.4708099961280823,0,2026-07-14 08:00:00+00:00
1784030400000,0.47078999876976013,0.47165000438690186,0.4674299955368042,0.46966999769210815,0,2026-07-14 12:00:00+00:00
1784044800000,0.46977999806404114,0.47029998898506165,0.46939998865127563,0.4699699878692627,0,2026-07-14 16:00:00+00:00
1784059200000,0.4699699878692627,0.47049999237060547,0.4661000072956085,0.4701699912548065,0,2026-07-14 20:00:00+00:00
1784073600000,0.4702399969100952,0.4709399938583374,0.46992000937461853,0.4705199897289276,0,2026-07-15 00:00:00+00:00
1784088000000,0.4705300033092499,0.47130000591278076,0.4701400101184845,0.47110000252723694,0,2026-07-15 04:00:00+00:00
1784102400000,0.47106000781059265,0.47209998965263367,0.47099998593330383,0.4719499945640564,0,2026-07-15 08:00:00+00:00
1784116800000,0.47200000286102295,0.4721600115299225,0.4705899953842163,0.4708400070667267,0,2026-07-15 12:00:00+00:00
1784131200000,0.4708299934864044,0.4713999927043915,0.4703400135040283,0.4707399904727936,0,2026-07-15 16:00:00+00:00
1784145600000,0.4708099961280823,0.4711199998855591,0.46786999702453613,0.4704799950122833,0,2026-07-15 20:00:00+00:00
1784160000000,0.4704900085926056,0.4715299904346466,0.46994999051094055,0.47150999307632446,0,2026-07-16 00:00:00+00:00
1784174400000,0.47143998742103577,0.4720599949359894,0.4711500108242035,0.4718700051307678,0,2026-07-16 04:00:00+00:00
1784188800000,0.4718700051307678,0.4726000130176544,0.471780002117157,0.4722000062465668,0,2026-07-16 08:00:00+00:00
1784203200000,0.4721499979496002,0.4732300043106079,0.4717499911785126,0.47211000323295593,0,2026-07-16 12:00:00+00:00
1784217600000,0.4720500111579895,0.47262001037597656,0.4718500077724457,0.4723699986934662,0,2026-07-16 16:00:00+00:00
1784232000000,0.4723599851131439,0.4724999964237213,0.467960000038147,0.4722500145435333,0,2026-07-16 20:00:00+00:00
1784246400000,0.47227001190185547,0.47269999980926514,0.4717999994754791,0.4723599851131439,0,2026-07-17 00:00:00+00:00
1784260800000,0.47235000133514404,0.4724000096321106,0.4712199866771698,0.47152000665664673,0,2026-07-17 04:00:00+00:00
1784275200000,0.4714600145816803,0.4717000126838684,0.46988001465797424,0.47064000368118286,0,2026-07-17 08:00:00+00:00
1784289600000,0.4706999957561493,0.4717999994754791,0.47016000747680664,0.4717400074005127,0,2026-07-17 12:00:00+00:00
1784304000000,0.4716799855232239,0.47203001379966736,0.4713999927043915,0.4717000126838684,0,2026-07-17 16:00:00+00:00
1784318400000,0.4715699851512909,0.4717999994754791,0.4704200029373169,0.4714600145816803,0,2026-07-17 20:00:00+00:00
1784491200000,0.4714199900627136,0.4722000062465668,0.4714199900627136,0.47203001379966736,0,2026-07-19 20:00:00+00:00
1784505600000,0.4720200002193451,0.4730300009250641,0.47148001194000244,0.4728800058364868,0,2026-07-20 00:00:00+00:00
1784520000000,0.47290000319480896,0.4729999899864197,0.4717499911785126,0.4722999930381775,0,2026-07-20 04:00:00+00:00
1784534400000,0.47231000661849976,0.47325998544692993,0.4720099866390228,0.4730300009250641,0,2026-07-20 08:00:00+00:00
1784548800000,0.47297000885009766,0.47380000352859497,0.4727500081062317,0.47363999485969543,0,2026-07-20 12:00:00+00:00
1784563200000,0.473580002784729,0.47380000352859497,0.4728100001811981,0.4730699956417084,0,2026-07-20 16:00:00+00:00
1784577600000,0.47301000356674194,0.4740999937057495,0.4688799977302551,0.47398000955581665,0,2026-07-20 20:00:00+00:00
1784592000000,0.4739600121974945,0.47582998871803284,0.47374001145362854,0.4752900004386902,0,2026-07-21 00:00:00+00:00
1784606400000,0.4753499925136566,0.47540000081062317,0.47398000955581665,0.4744400084018707,0,2026-07-21 04:00:00+00:00
1784620800000,0.47440001368522644,0.474839985370636,0.47376999258995056,0.4740999937057495,0,2026-07-21 08:00:00+00:00
1784635200000,0.47409000992774963,0.4740999937057495,0.47258999943733215,0.4735499918460846,0,2026-07-21 12:00:00+00:00
1784649600000,0.4735400080680847,0.47402000427246094,0.47328999638557434,0.47363999485969543,0,2026-07-21 16:00:00+00:00
1784664000000,0.4736500084400177,0.47380000352859497,0.4700999855995178,0.4733400046825409,0,2026-07-21 20:00:00+00:00
1784678400000,0.47328999638557434,0.4740400016307831,0.4730300009250641,0.4736100137233734,0,2026-07-22 00:00:00+00:00
1784692800000,0.47360000014305115,0.47369998693466187,0.4722599983215332,0.4724699854850769,0,2026-07-22 04:00:00+00:00
1784707200000,0.4724400043487549,0.4729200005531311,0.4720099866390228,0.472680002450943,0,2026-07-22 08:00:00+00:00
1784721600000,0.47262999415397644,0.47350001335144043,0.4721199870109558,0.47345998883247375,0,2026-07-22 12:00:00+00:00
1784736000000,0.473470002412796,0.47380000352859497,0.47314000129699707,0.47343000769615173,0,2026-07-22 16:00:00+00:00
1784750400000,0.47343000769615173,0.47394001483917236,0.4692099988460541,0.47332000732421875,0,2026-07-22 20:00:00+00:00
1784764800000,0.47325000166893005,0.4738200008869171,0.4727500081062317,0.47321000695228577,0,2026-07-23 00:00:00+00:00
1784779200000,0.47315001487731934,0.4737299978733063,0.47244998812675476,0.47279998660087585,0,2026-07-23 04:00:00+00:00
1784793600000,0.47282999753952026,0.47284001111984253,0.4718399941921234,0.4722000062465668,0,2026-07-23 08:00:00+00:00
1784808000000,0.47218000888824463,0.4722299873828888,0.4708299934864044,0.4718399941921234,0,2026-07-23 12:00:00+00:00
1784822400000,0.4718100130558014,0.47189998626708984,0.47095000743865967,0.4713299870491028,0,2026-07-23 16:00:00+00:00
1784836800000,0.4713299870491028,0.4716300070285797,0.46849000453948975,0.47150999307632446,0,2026-07-23 20:00:00+00:00
1784851200000,0.4715699851512909,0.4722299873828888,0.47148001194000244,0.4720200002193451,0,2026-07-24 00:00:00+00:00
1784865600000,0.47196000814437866,0.4724999964237213,0.47165998816490173,0.4724299907684326,0,2026-07-24 04:00:00+00:00
1784880000000,0.47238001227378845,0.47325000166893005,0.47189998626708984,0.4731700122356415,0,2026-07-24 08:00:00+00:00
1784894400000,0.47310999035835266,0.47374001145362854,0.47235000133514404,0.47369998693466187,0,2026-07-24 12:00:00+00:00
1784908800000,0.4736599922180176,0.4738999903202057,0.47334998846054077,0.4736100137233734,0,2026-07-24 16:00:00+00:00
1784923200000,0.4736100137233734,0.47371000051498413,0.47209998965263367,0.47328999638557434,0,2026-07-24 20:00:00+00:00
1785096000000,0.47334998846054077,0.4734100103378296,0.4728800058364868,0.47321000695228577,0,2026-07-26 20:00:00+00:00
1785110400000,0.4728800058364868,0.4734399914741516,0.47165998816490173,0.47220999002456665,0,2026-07-27 00:00:00+00:00
1785124800000,0.4721600115299225,0.47304999828338623,0.4719200134277344,0.4728100001811981,0,2026-07-27 04:00:00+00:00
1785139200000,0.472790002822876,0.47293999791145325,0.4717499911785126,0.47203001379966736,0,2026-07-27 08:00:00+00:00
1785153600000,0.4720200002193451,0.4738999903202057,0.47137999534606934,0.47304001450538635,0,2026-07-27 12:00:00+00:00
1785168000000,0.47301000356674194,0.4731999933719635,0.4725100100040436,0.47308000922203064,0,2026-07-27 16:00:00+00:00
1785182400000,0.4731000065803528,0.4731999933719635,0.46946999430656433,0.47268998622894287,0,2026-07-27 20:00:00+00:00
1785196800000,0.47269999980926514,0.47290998697280884,0.4721300005912781,0.4725300073623657,0,2026-07-28 00:00:00+00:00
1785211200000,0.4724999964237213,0.4732300043106079,0.47203999757766724,0.4731700122356415,0,2026-07-28 04:00:00+00:00
1785225600000,0.4731700122356415,0.47336000204086304,0.47247999906539917,0.4728499948978424,0,2026-07-28 08:00:00+00:00
1785240000000,0.47284001111984253,0.47360000014305115,0.4716799855232239,0.47352999448776245,0,2026-07-28 12:00:00+00:00
1785254400000,0.47348999977111816,0.4740999937057495,0.47325998544692993,0.47391998767852783,0,2026-07-28 16:00:00+00:00
1785268800000,0.4739300012588501,0.4742000102996826,0.46891000866889954,0.47350001335144043,0,2026-07-28 20:00:00+00:00
1785283200000,0.47371000051498413,0.4740700125694275,0.471780002117157,0.47308000922203064,0,2026-07-29 00:00:00+00:00
1785297600000,0.4729900062084198,0.47391000390052795,0.472460001707077,0.4736799895763397,0,2026-07-29 04:00:00+00:00
1785312000000,0.47363001108169556,0.4740000069141388,0.47336000204086304,0.47356998920440674,0,2026-07-29 08:00:00+00:00
1785326400000,0.47352999448776245,0.47369998693466187,0.4727399945259094,0.4728899896144867,0,2026-07-29 12:00:00+00:00
1785340800000,0.47290000319480896,0.47450000047683716,0.4702799916267395,0.4719800055027008,0,2026-07-29 16:00:00+00:00
1785355200000,0.4719800055027008,0.4725300073623657,0.46772000193595886,0.4718799889087677,0,2026-07-29 20:00:00+00:00
1785369600000,0.47189000248908997,0.47371000051498413,0.471670001745224,0.47360000014305115,0,2026-07-30 00:00:00+00:00
1785384000000,0.47350001335144043,0.4746200144290924,0.4730300009250641,0.4743199944496155,0,2026-07-30 04:00:00+00:00
1785398400000,0.4742000102996826,0.47519999742507935,0.47400999069213867,0.47475001215934753,0,2026-07-30 08:00:00+00:00
1785412800000,0.474700003862381,0.47477999329566956,0.47216999530792236,0.47334998846054077,0,2026-07-30 12:00:00+00:00
1785427200000,0.47328001260757446,0.4734399914741516,0.4724999964237213,0.47304999828338623,0,2026-07-30 16:00:00+00:00
1785441600000,0.47304999828338623,0.47391998767852783,0.468639999628067,0.47325000166893005,0,2026-07-30 20:00:00+00:00
1785456000000,0.4733099937438965,0.4738999903202057,0.4724400043487549,0.47363999485969543,0,2026-07-31 00:00:00+00:00
1785470400000,0.47356000542640686,0.4740999937057495,0.4732399880886078,0.4739699959754944,0,2026-07-31 04:00:00+00:00
1785484800000,0.4738999903202057,0.47540000081062317,0.4738200008869171,0.47464001178741455,0,2026-07-31 08:00:00+00:00
1785499200000,0.474590003490448,0.4758099913597107,0.47440001368522644,0.4749000072479248,0,2026-07-31 12:00:00+00:00
1785513600000,0.4747900068759918,0.47620001435279846,0.47470998764038086,0.4760499894618988,0,2026-07-31 16:00:00+00:00
1785528000000,0.47613999247550964,0.47635000944137573,0.4733000099658966,0.4743100106716156,0,2026-07-31 20:00:00+00:00
1785700800000,0.4759500026702881,0.4761199951171875,0.4755200147628784,0.4758799970149994,0,2026-08-02 20:00:00+00:00
1785715200000,0.4759100079536438,0.4767000079154968,0.47516998648643494,0.4756999909877777,0,2026-08-03 00:00:00+00:00
1785729600000,0.47562000155448914,0.47571998834609985,0.4745599925518036,0.4747999906539917,0,2026-08-03 04:00:00+00:00
1785744000000,0.4747700095176697,0.4749999940395355,0.4738900065422058,0.4745199978351593,0,2026-08-03 08:00:00+00:00
1785758400000,0.47450000047683716,0.4758000075817108,0.47363999485969543,0.4755699932575226,0,2026-08-03 12:00:00+00:00
1785772800000,0.475490003824234,0.4758000075817108,0.4750699996948242,0.475490003824234,0,2026-08-03 16:00:00+00:00
1785787200000,0.47554999589920044,0.4758000075817108,0.4713900089263916,0.4753299951553345,0,2026-08-03 20:00:00+00:00
1785801600000,0.4753499925136566,0.4754999876022339,0.474839985370636,0.47540000081062317,0,2026-08-04 00:00:00+00:00
1785816000000,0.475380003452301,0.475600004196167,0.4749000072479248,0.47554001212120056,0,2026-08-04 04:00:00+00:00
1785830400000,0.47554999589920044,0.4762600064277649,0.47516998648643494,0.47593000531196594,0,2026-08-04 08:00:00+00:00
1785844800000,0.47593000531196594,0.4764400124549866,0.47501999139785767,0.47637999057769775,0,2026-08-04 12:00:00+00:00
1785859200000,0.47637999057769775,0.4771200120449066,0.4762499928474426,0.47687000036239624,0,2026-08-04 16:00:00+00:00
1785873600000,0.47690001130104065,0.4771200120449066,0.4736100137233734,0.4753299951553345,0,2026-08-04 20:00:00+00:00
1785888000000,0.4753499925136566,0.4756999909877777,0.4740999937057495,0.47429001331329346,0,2026-08-05 00:00:00+00:00
1785902400000,0.47429999709129333,0.4749299883842468,0.47398000955581665,0.47488000988960266,0,2026-08-05 04:00:00+00:00
1785916800000,0.47488000988960266,0.4749999940395355,0.47422000765800476,0.47453001141548157,0,2026-08-05 08:00:00+00:00
1785931200000,0.47453001141548157,0.47519999742507935,0.4742799997329712,0.47473999857902527,0,2026-08-05 12:00:00+00:00
1785945600000,0.47473999857902527,0.4753200113773346,0.47453001141548157,0.47499001026153564,0,2026-08-05 16:00:00+00:00
1785960000000,0.4749700129032135,0.47547999024391174,0.473580002784729,0.47481998801231384,0,2026-08-05 20:00:00+00:00
1785974400000,0.47481998801231384,0.47523999214172363,0.47407999634742737,0.4749799966812134,0,2026-08-06 00:00:00+00:00
1785988800000,0.4749700129032135,0.4750100076198578,0.4742099940776825,0.47488999366760254,0,2026-08-06 04:00:00+00:00
1786003200000,0.47488000988960266,0.4763999879360199,0.4745500087738037,0.47628000378608704,0,2026-08-06 08:00:00+00:00
1786017600000,0.4763000011444092,0.4773299992084503,0.4753899872303009,0.4767799973487854,0,2026-08-06 12:00:00+00:00
1786032000000,0.47679999470710754,0.4770500063896179,0.4762499928474426,0.47679001092910767,0,2026-08-06 16:00:00+00:00
1786046400000,0.47679999470710754,0.477620005607605,0.4742400050163269,0.47661998867988586,0,2026-08-06 20:00:00+00:00
1786060800000,0.47663000226020813,0.47690001130104065,0.47628000378608704,0.476500004529953,0,2026-08-07 00:00:00+00:00
1786075200000,0.4765099883079529,0.4766699969768524,0.4759899973869324,0.47626999020576477,0,2026-08-07 04:00:00+00:00
1786089600000,0.47628000378608704,0.4763999879360199,0.47508999705314636,0.4756399989128113,0,2026-08-07 08:00:00+00:00
1786104000000,0.4756399989128113,0.4762299954891205,0.47282999753952026,0.47578001022338867,0,2026-08-07 12:00:00+00:00
1786118400000,0.47578999400138855,0.47624000906944275,0.475490003824234,0.47609999775886536,0,2026-08-07 16:00:00+00:00
1786132800000,0.47609999775886536,0.47624000906944275,0.475380003452301,0.47595998644828796,0,2026-08-07 20:00:00+00:00
1786305600000,0.47609999775886536,0.47620001435279846,0.4755699932575226,0.47576001286506653,0,2026-08-09 20:00:00+00:00
1786320000000,0.4757699966430664,0.4763999879360199,0.47536998987197876,0.4761599898338318,0,2026-08-10 00:00:00+00:00
1786334400000,0.4761599898338318,0.4765999913215637,0.47560998797416687,0.4758000075817108,0,2026-08-10 04:00:00+00:00
1786348800000,0.47582998871803284,0.4765999913215637,0.4755699932575226,0.4762200117111206,0,2026-08-10 08:00:00+00:00
1786363200000,0.47624000906944275,0.47679999470710754,0.47578001022338867,0.47639000415802,0,2026-08-10 12:00:00+00:00
1786377600000,0.4763999879360199,0.4767000079154968,0.4761199951171875,0.47644999623298645,0,2026-08-10 16:00:00+00:00
1786392000000,0.47644999623298645,0.47679999470710754,0.4736199975013733,0.47672998905181885,0,2026-08-10 20:00:00+00:00
1786406400000,0.47672000527381897,0.47690001130104065,0.4761500060558319,0.47675999999046326,0,2026-08-11 00:00:00+00:00
1786420800000,0.47675999999046326,0.4775699973106384,0.4758099913597107,0.47602999210357666,0,2026-08-11 04:00:00+00:00
1786435200000,0.4760499894618988,0.4769600033760071,0.4758099913597107,0.47648999094963074,0,2026-08-11 08:00:00+00:00
1786449600000,0.476500004529953,0.47710999846458435,0.4760900139808655,0.47683000564575195,0,2026-08-11 12:00:00+00:00
1786464000000,0.47683998942375183,0.47749999165534973,0.4764600098133087,0.4766699969768524,0,2026-08-11 16:00:00+00:00
1786478400000,0.4766699969768524,0.4771000146865845,0.4738999903202057,0.4767799973487854,0,2026-08-11 20:00:00+00:00
1786492800000,0.47679001092910767,0.4769099950790405,0.4760400056838989,0.47644999623298645,0,2026-08-12 00:00:00+00:00
1786507200000,0.4764299988746643,0.4765999913215637,0.47578999400138855,0.47617998719215393,0,2026-08-12 04:00:00+00:00
1786521600000,0.47617000341415405,0.4765399992465973,0.47562000155448914,0.4760200083255768,0,2026-08-12 08:00:00+00:00
1786536000000,0.47602999210357666,0.4769099950790405,0.4737200140953064,0.47606000304222107,0,2026-08-12 12:00:00+00:00
1786550400000,0.47606000304222107,0.4765999913215637,0.47576001286506653,0.4764600098133087,0,2026-08-12 16:00:00+00:00
1786564800000,0.47648000717163086,0.476749986410141,0.47231999039649963,0.4765099883079529,0,2026-08-12 20:00:00+00:00
1786579200000,0.47652000188827515,0.476529985666275,0.4745500087738037,0.47477999329566956,0,2026-08-13 00:00:00+00:00
1786593600000,0.47477999329566956,0.4749000072479248,0.47402000427246094,0.47429001331329346,0,2026-08-13 04:00:00+00:00
1786608000000,0.47429001331329346,0.4749299883842468,0.47387000918388367,0.474839985370636,0,2026-08-13 08:00:00+00:00
1786622400000,0.474839985370636,0.4754199981689453,0.47422000765800476,0.4752900004386902,0,2026-08-13 12:00:00+00:00
1786636800000,0.4752900004386902,0.4765399992465973,0.4750800132751465,0.4765099883079529,0,2026-08-13 16:00:00+00:00
1786651200000,0.4765099883079529,0.476610004901886,0.47325000166893005,0.47648000717163086,0,2026-08-13 20:00:00+00:00
1786665600000,0.4764699935913086,0.47745001316070557,0.47635000944137573,0.477400004863739,0,2026-08-14 00:00:00+00:00
1786680000000,0.47738999128341675,0.47800999879837036,0.4768899977207184,0.47791001200675964,0,2026-08-14 04:00:00+00:00
1786694400000,0.4779300093650818,0.47850000858306885,0.47760000824928284,0.4780200123786926,0,2026-08-14 08:00:00+00:00
1786708800000,0.4780200123786926,0.47850000858306885,0.47760000824928284,0.47846999764442444,0,2026-08-14 12:00:00+00:00
1786723200000,0.47846999764442444,0.4790000021457672,0.47824999690055847,0.4788999855518341,0,2026-08-14 16:00:00+00:00
1786737600000,0.4788999855518341,0.4792099893093109,0.4785900115966797,0.47898000478744507,0,2026-08-14 20:00:00+00:00
1786910400000,0.47890999913215637,0.4790000021457672,0.4784500002861023,0.478630006313324,0,2026-08-16 20:00:00+00:00
1786924800000,0.4786199927330017,0.47971999645233154,0.47859999537467957,0.4792799949645996,0,2026-08-17 00:00:00+00:00
1786939200000,0.4792900085449219,0.48030000925064087,0.4781999886035919,0.478520005941391,0,2026-08-17 04:00:00+00:00
1786953600000,0.478520005941391,0.47991999983787537,0.47804000973701477,0.47909000515937805,0,2026-08-17 08:00:00+00:00
1786968000000,0.47909000515937805,0.47933998703956604,0.4781000018119812,0.4783500134944916,0,2026-08-17 12:00:00+00:00
1786982400000,0.4783399999141693,0.4788999855518341,0.47811999917030334,0.4786199927330017,0,2026-08-17 16:00:00+00:00
1786996800000,0.478630006313324,0.4788999855518341,0.47595998644828796,0.47867000102996826,0,2026-08-17 20:00:00+00:00
1787011200000,0.4786800146102905,0.4789299964904785,0.4771200120449066,0.47753000259399414,0,2026-08-18 00:00:00+00:00
1787025600000,0.47753000259399414,0.47760000824928284,0.4762200117111206,0.47652000188827515,0,2026-08-18 04:00:00+00:00
1787040000000,0.47652000188827515,0.4779999852180481,0.47631001472473145,0.4779199957847595,0,2026-08-18 08:00:00+00:00
1787054400000,0.47791001200675964,0.47850000858306885,0.47718000411987305,0.4773400127887726,0,2026-08-18 12:00:00+00:00
1787068800000,0.4773600101470947,0.4774399995803833,0.4767099916934967,0.4771000146865845,0,2026-08-18 16:00:00+00:00
1787083200000,0.4771200120449066,0.47742000222206116,0.4749999940395355,0.4769499897956848,0,2026-08-18 20:00:00+00:00
1787097600000,0.4769499897956848,0.4769900143146515,0.4758700132369995,0.47648000717163086,0,2026-08-19 00:00:00+00:00
1787112000000,0.4765099883079529,0.4765999913215637,0.475600004196167,0.4760400056838989,0,2026-08-19 04:00:00+00:00
1787126400000,0.47602999210357666,0.47679999470710754,0.4758700132369995,0.4762600064277649,0,2026-08-19 08:00:00+00:00
1787140800000,0.47626999020576477,0.4767000079154968,0.4738500118255615,0.4741699993610382,0,2026-08-19 12:00:00+00:00
1787155200000,0.4741399884223938,0.47450000047683716,0.47290000319480896,0.47297000885009766,0,2026-08-19 16:00:00+00:00
1787169600000,0.47297000885009766,0.47369998693466187,0.470660001039505,0.4734399914741516,0,2026-08-19 20:00:00+00:00
1787184000000,0.47343000769615173,0.47609999775886536,0.47308000922203064,0.4758700132369995,0,2026-08-20 00:00:00+00:00
1787198400000,0.4758799970149994,0.4763999879360199,0.47516998648643494,0.4754599928855896,0,2026-08-20 04:00:00+00:00
1787212800000,0.47547000646591187,0.47562000155448914,0.4737600088119507,0.4746600091457367,0,2026-08-20 08:00:00+00:00
1787227200000,0.47464001178741455,0.4758799970149994,0.47407999634742737,0.475629985332489,0,2026-08-20 12:00:00+00:00
1787241600000,0.475629985332489,0.47589999437332153,0.47519999742507935,0.475629985332489,0,2026-08-20 16:00:00+00:00
1787256000000,0.47565001249313354,0.4760499894618988,0.4723599851131439,0.47595998644828796,0,2026-08-20 20:00:00+00:00
1787270400000,0.47595998644828796,0.47734999656677246,0.4759100079536438,0.47729000449180603,0,2026-08-21 00:00:00+00:00
1787284800000,0.4773100018501282,0.4777199923992157,0.4768100082874298,0.47753000259399414,0,2026-08-21 04:00:00+00:00
1787299200000,0.4775199890136719,0.47832998633384705,0.4772300124168396,0.47822999954223633,0,2026-08-21 08:00:00+00:00
1787313600000,0.47822999954223633,0.4791100025177002,0.47756001353263855,0.47898998856544495,0,2026-08-21 12:00:00+00:00
1787328000000,0.47898998856544495,0.47933000326156616,0.47867000102996826,0.4788700044155121,0,2026-08-21 16:00:00+00:00
1787342400000,0.4788700044155121,0.47909998893737793,0.4778999984264374,0.4787600040435791,0,2026-08-21 20:00:00+00:00
1787515200000,0.4783099889755249,0.47859999537467957,0.47804999351501465,0.47843998670578003,0,2026-08-23 20:00:00+00:00
1787529600000,0.47843998670578003,0.47863999009132385,0.4776400029659271,0.47804000973701477,0,2026-08-24 00:00:00+00:00
1787544000000,0.47804999351501465,0.47874000668525696,0.4778299927711487,0.47859999537467957,0,2026-08-24 04:00:00+00:00
1787558400000,0.47861000895500183,0.4790399968624115,0.4779999852180481,0.4782800078392029,0,2026-08-24 08:00:00+00:00
1787572800000,0.4782800078392029,0.47881001234054565,0.4776099920272827,0.4778600037097931,0,2026-08-24 12:00:00+00:00
1787587200000,0.4778600037097931,0.4781399965286255,0.47758999466896057,0.47808998823165894,0,2026-08-24 16:00:00+00:00
1787601600000,0.4781000018119812,0.47859999537467957,0.47606000304222107,0.47852998971939087,0,2026-08-24 20:00:00+00:00
1787616000000,0.478520005941391,0.47920000553131104,0.47804000973701477,0.47881001234054565,0,2026-08-25 00:00:00+00:00
1787630400000,0.47881001234054565,0.4790300130844116,0.47804999351501465,0.47843000292778015,0,2026-08-25 04:00:00+00:00
1787644800000,0.47843000292778015,0.4790099859237671,0.4777500033378601,0.47885000705718994,0,2026-08-25 08:00:00+00:00
1787659200000,0.47885000705718994,0.47929999232292175,0.47822999954223633,0.47905999422073364,0,2026-08-25 12:00:00+00:00
1787673600000,0.4790700078010559,0.47920000553131104,0.4787200093269348,0.47909000515937805,0,2026-08-25 16:00:00+00:00
1787688000000,0.47909000515937805,0.47920000553131104,0.47635000944137573,0.4790099859237671,0,2026-08-25 20:00:00+00:00
1787702400000,0.4790099859237671,0.4792400002479553,0.4777899980545044,0.47839000821113586,0,2026-08-26 00:00:00+00:00
1787716800000,0.47839000821113586,0.4785099923610687,0.47753000259399414,0.47824999690055847,0,2026-08-26 04:00:00+00:00
1787731200000,0.4782400131225586,0.4790000021457672,0.4779900014400482,0.4788399934768677,0,2026-08-26 08:00:00+00:00
1787745600000,0.4788599908351898,0.47905999422073364,0.47788000106811523,0.4781700074672699,0,2026-08-26 12:00:00+00:00
1787760000000,0.47815001010894775,0.478630006313324,0.47795000672340393,0.4784899950027466,0,2026-08-26 16:00:00+00:00
1787774400000,0.4784899950027466,0.47892001271247864,0.4749799966812134,0.4787299931049347,0,2026-08-26 20:00:00+00:00
1787788800000,0.4787299931049347,0.47960999608039856,0.47824999690055847,0.47940000891685486,0,2026-08-27 00:00:00+00:00
1787803200000,0.47940999269485474,0.4795199930667877,0.4784800112247467,0.4787299931049347,0,2026-08-27 04:00:00+00:00
1787817600000,0.4787200093269348,0.47920000553131104,0.4782800078392029,0.4790099859237671,0,2026-08-27 08:00:00+00:00
1787832000000,0.47901999950408936,0.47920000553131104,0.47780001163482666,0.47826001048088074,0,2026-08-27 12:00:00+00:00
1787846400000,0.47826001048088074,0.47859999537467957,0.47797998785972595,0.47843998670578003,0,2026-08-27 16:00:00+00:00
1787860800000,0.47843998670578003,0.47874000668525696,0.47595998644828796,0.4785900115966797,0,2026-08-27 20:00:00+00:00
1787875200000,0.47857001423835754,0.47982001304626465,0.4784800112247467,0.47975000739097595,0,2026-08-28 00:00:00+00:00
1787889600000,0.47975000739097595,0.47999998927116394,0.47920000553131104,0.479420006275177,0,2026-08-28 04:00:00+00:00
1787904000000,0.479420006275177,0.479449987411499,0.47762998938560486,0.4777800142765045,0,2026-08-28 08:00:00+00:00
1787918400000,0.4777899980545044,0.4790099859237671,0.477620005607605,0.47804999351501465,0,2026-08-28 12:00:00+00:00
1787932800000,0.47804999351501465,0.47870001196861267,0.47780999541282654,0.4784199893474579,0,2026-08-28 16:00:00+00:00
1787947200000,0.47843000292778015,0.47870001196861267,0.4740000069141388,0.4783099889755249,0,2026-08-28 20:00:00+00:00
1788120000000,0.4785900115966797,0.4787999987602234,0.47839999198913574,0.4787200093269348,0,2026-08-30 20:00:00+00:00
1788134400000,0.4787200093269348,0.4789400100708008,0.47714999318122864,0.4788999855518341,0,2026-08-31 00:00:00+00:00
1788148800000,0.47887998819351196,0.4790099859237671,0.47762998938560486,0.47804999351501465,0,2026-08-31 04:00:00+00:00
1788163200000,0.47804999351501465,0.4785099923610687,0.4777100086212158,0.4781399965286255,0,2026-08-31 08:00:00+00:00
1788177600000,0.4781300127506256,0.47859999537467957,0.47742000222206116,0.47822999954223633,0,2026-08-31 12:00:00+00:00
1788192000000,0.47822999954223633,0.47832998633384705,0.47784000635147095,0.47811999917030334,0,2026-08-31 16:00:00+00:00
1788206400000,0.47811999917030334,0.47870001196861267,0.4733699858188629,0.47863999009132385,0,2026-08-31 20:00:00+00:00
1788220800000,0.47857001423835754,0.47909998893737793,0.47800999879837036,0.4783399999141693,0,2026-09-01 00:00:00+00:00
1788235200000,0.47835999727249146,0.478520005941391,0.47780001163482666,0.4781000018119812,0,2026-09-01 04:00:00+00:00
1788249600000,0.4781000018119812,0.4784199893474579,0.4769099950790405,0.47749000787734985,0,2026-09-01 08:00:00+00:00
1788264000000,0.47749999165534973,0.47940000891685486,0.4772000014781952,0.4790700078010559,0,2026-09-01 12:00:00+00:00
1788278400000,0.47905999422073364,0.47920000553131104,0.4776799976825714,0.47780999541282654,0,2026-09-01 16:00:00+00:00
1788292800000,0.47780001163482666,0.4785099923610687,0.4768199920654297,0.47839999198913574,0,2026-09-01 20:00:00+00:00
1788307200000,0.4784199893474579,0.4793500006198883,0.4744400084018707,0.4747900068759918,0,2026-09-02 00:00:00+00:00
1788321600000,0.4747900068759918,0.4752500057220459,0.47376999258995056,0.4744200110435486,0,2026-09-02 04:00:00+00:00
1788336000000,0.4744099974632263,0.4747300148010254,0.4728899896144867,0.4744200110435486,0,2026-09-02 08:00:00+00:00
1788350400000,0.47440001368522644,0.475600004196167,0.4738999903202057,0.4752799868583679,0,2026-09-02 12:00:00+00:00
1788364800000,0.4752900004386902,0.4754999876022339,0.474839985370636,0.4754300117492676,0,2026-09-02 16:00:00+00:00
1788379200000,0.4754199981689453,0.4758000075817108,0.4713299870491028,0.475629985332489,0,2026-09-02 20:00:00+00:00
1788393600000,0.475629985332489,0.4763999879360199,0.4752100110054016,0.4759199917316437,0,2026-09-03 00:00:00+00:00
1788408000000,0.4759199917316437,0.4763199985027313,0.4736199975013733,0.4743500053882599,0,2026-09-03 04:00:00+00:00
1788422400000,0.4743500053882599,0.4750500023365021,0.47398999333381653,0.4747700095176697,0,2026-09-03 08:00:00+00:00
1788436800000,0.4747599959373474,0.4754199981689453,0.4718500077724457,0.4749999940395355,0,2026-09-03 12:00:00+00:00
1788451200000,0.47499001026153564,0.4750100076198578,0.4741399884223938,0.47488000988960266,0,2026-09-03 16:00:00+00:00
1788465600000,0.47488000988960266,0.47530001401901245,0.47130000591278076,0.4750800132751465,0,2026-09-03 20:00:00+00:00
1788480000000,0.4751099944114685,0.4766699969768524,0.4748600125312805,0.476500004529953,0,2026-09-04 00:00:00+00:00
1788494400000,0.47652000188827515,0.4765999913215637,0.47530001401901245,0.4755699932575226,0,2026-09-04 04:00:00+00:00
1788508800000,0.47558000683784485,0.4760200083255768,0.47512000799179077,0.4759100079536438,0,2026-09-04 08:00:00+00:00
1788523200000,0.4759100079536438,0.4769200086593628,0.4749099910259247,0.4767000079154968,0,2026-09-04 12:00:00+00:00
1788537600000,0.4767000079154968,0.47683000564575195,0.47613000869750977,0.4764400124549866,0,2026-09-04 16:00:00+00:00
1788552000000,0.4764400124549866,0.476500004529953,0.4754999876022339,0.4759800136089325,0,2026-09-04 20:00:00+00:00
1788724800000,0.47620999813079834,0.476500004529953,0.4760499894618988,0.47641000151634216,0,2026-09-06 20:00:00+00:00
1788739200000,0.47641000151634216,0.47655001282691956,0.4752900004386902,0.4759500026702881,0,2026-09-07 00:00:00+00:00
1788753600000,0.4759500026702881,0.47635000944137573,0.475600004196167,0.4762499928474426,0,2026-09-07 04:00:00+00:00
1788768000000,0.4762600064277649,0.4763000011444092,0.47503000497817993,0.47530001401901245,0,2026-09-07 08:00:00+00:00
1788782400000,0.4753200113773346,0.4759100079536438,0.47505998611450195,0.4755200147628784,0,2026-09-07 12:00:00+00:00
1788796800000,0.4755299985408783,0.4758000075817108,0.4753200113773346,0.4756700098514557,0,2026-09-07 16:00:00+00:00
1788811200000,0.4756700098514557,0.47613999247550964,0.4730600118637085,0.4758099913597107,0,2026-09-07 20:00:00+00:00
1788825600000,0.4758099913597107,0.4759500026702881,0.4736599922180176,0.47398000955581665,0,2026-09-08 00:00:00+00:00
1788840000000,0.4740000069141388,0.47461000084877014,0.4731599986553192,0.4736199975013733,0,2026-09-08 04:00:00+00:00
1788854400000,0.47363001108169556,0.4745999872684479,0.47334998846054077,0.4740000069141388,0,2026-09-08 08:00:00+00:00
1788868800000,0.4740299880504608,0.47422999143600464,0.47332000732421875,0.4735899865627289,0,2026-09-08 12:00:00+00:00
1788883200000,0.47360000014305115,0.4740999937057495,0.4733400046825409,0.47394001483917236,0,2026-09-08 16:00:00+00:00
1788897600000,0.47394001483917236,0.47411999106407166,0.4711500108242035,0.4739699959754944,0,2026-09-08 20:00:00+00:00
1788912000000,0.4739600121974945,0.47429999709129333,0.47339001297950745,0.4735899865627289,0,2026-09-09 00:00:00+00:00
1788926400000,0.473580002784729,0.4740400016307831,0.4731700122356415,0.47336000204086304,0,2026-09-09 04:00:00+00:00
1788940800000,0.4733699858188629,0.47350001335144043,0.4718700051307678,0.4724099934101105,0,2026-09-09 08:00:00+00:00
1788955200000,0.47238001227378845,0.4734500050544739,0.4720599949359894,0.47328999638557434,0,2026-09-09 12:00:00+00:00
1788969600000,0.47328999638557434,0.47343000769615173,0.47269999980926514,0.47284001111984253,0,2026-09-09 16:00:00+00:00
1788984000000,0.4728499948978424,0.47350001335144043,0.4695200026035309,0.47325998544692993,0,2026-09-09 20:00:00+00:00
1788998400000,0.47325998544692993,0.47374001145362854,0.4728499948978424,0.4733000099658966,0,2026-09-10 00:00:00+00:00
1789012800000,0.47328999638557434,0.47380000352859497,0.4728499948978424,0.4733799993991852,0,2026-09-10 04:00:00+00:00
1789027200000,0.4733799993991852,0.4738999903202057,0.47293999791145325,0.47325000166893005,0,2026-09-10 08:00:00+00:00
1789041600000,0.4732699990272522,0.47391998767852783,0.47088000178337097,0.4711799919605255,0,2026-09-10 12:00:00+00:00
1789056000000,0.4711399972438812,0.4717000126838684,0.4708400070667267,0.4711500108242035,0,2026-09-10 16:00:00+00:00
1789070400000,0.47113001346588135,0.4744400084018707,0.46970000863075256,0.4720500111579895,0,2026-09-10 20:00:00+00:00
1789084800000,0.4720200002193451,0.47391998767852783,0.4717999994754791,0.47391998767852783,0,2026-09-11 00:00:00+00:00
1789099200000,0.47391000390052795,0.4744099974632263,0.473470002412796,0.47426000237464905,0,2026-09-11 04:00:00+00:00
1789113600000,0.4742799997329712,0.4749999940395355,0.473690003156662,0.4745199978351593,0,2026-09-11 08:00:00+00:00
1789128000000,0.47457998991012573,0.474700003862381,0.4729200005531311,0.474480003118515,0,2026-09-11 12:00:00+00:00
1789142400000,0.474480003118515,0.4749299883842468,0.4742699861526489,0.47470998764038086,0,2026-09-11 16:00:00+00:00
1789156800000,0.4747300148010254,0.4747999906539917,0.47387999296188354,0.474590003490448,0,2026-09-11 20:00:00+00:00
1789329600000,0.4747700095176697,0.4753200113773346,0.47426000237464905,0.4744499921798706,0,2026-09-13 20:00:00+00:00
1789344000000,0.47440001368522644,0.474480003118515,0.4728200137615204,0.4730300009250641,0,2026-09-14 00:00:00+00:00
1789358400000,0.4730300009250641,0.47380000352859497,0.4727500081062317,0.47293999791145325,0,2026-09-14 04:00:00+00:00
1789372800000,0.4729500114917755,0.4729999899864197,0.47099000215530396,0.4713999927043915,0,2026-09-14 08:00:00+00:00
1789387200000,0.47143998742103577,0.47231000661849976,0.4707399904727936,0.47220999002456665,0,2026-09-14 12:00:00+00:00
1789401600000,0.47220999002456665,0.4722999930381775,0.47168999910354614,0.47214001417160034,0,2026-09-14 16:00:00+00:00
1789416000000,0.4721199870109558,0.4724000096321106,0.4687199890613556,0.4721499979496002,0,2026-09-14 20:00:00+00:00
1789430400000,0.47209998965263367,0.4724000096321106,0.47044000029563904,0.470660001039505,0,2026-09-15 00:00:00+00:00
1789444800000,0.470660001039505,0.47152000665664673,0.47021999955177307,0.4710400104522705,0,2026-09-15 04:00:00+00:00
1789459200000,0.4710899889469147,0.47181999683380127,0.47049999237060547,0.4713900089263916,0,2026-09-15 08:00:00+00:00
1789473600000,0.47119998931884766,0.4719400107860565,0.47064998745918274,0.4713599979877472,0,2026-09-15 12:00:00+00:00
1789488000000,0.4713500142097473,0.4717099964618683,0.47106999158859253,0.4713299870491028,0,2026-09-15 16:00:00+00:00
1789502400000,0.47137001156806946,0.4732699990272522,0.46889999508857727,0.470770001411438,0,2026-09-15 20:00:00+00:00
1789516800000,0.4708999991416931,0.47099998593330383,0.4696100056171417,0.46977001428604126,0,2026-09-16 00:00:00+00:00
1789531200000,0.4697999954223633,0.4715000092983246,0.4696600139141083,0.4708699882030487,0,2026-09-16 04:00:00+00:00
1789545600000,0.4708699882030487,0.4719400107860565,0.47067001461982727,0.47181999683380127,0,2026-09-16 08:00:00+00:00
1789560000000,0.4717699885368347,0.47200000286102295,0.4709700047969818,0.4715699851512909,0,2026-09-16 12:00:00+00:00
1789574400000,0.4715900123119354,0.4717999994754791,0.4689899981021881,0.47115999460220337,0,2026-09-16 16:00:00+00:00
1789588800000,0.47113001346588135,0.47308000922203064,0.4660800099372864,0.4718799889087677,0,2026-09-16 20:00:00+00:00
1789603200000,0.4718799889087677,0.47269999980926514,0.4712600111961365,0.47255998849868774,0,2026-09-17 00:00:00+00:00
1789617600000,0.47255998849868774,0.47345998883247375,0.4722500145435333,0.47321999073028564,0,2026-09-17 04:00:00+00:00
1789632000000,0.47328001260757446,0.4737299978733063,0.4727100133895874,0.47332000732421875,0,2026-09-17 08:00:00+00:00
1789646400000,0.4733699858188629,0.47360000014305115,0.4720599949359894,0.4727399945259094,0,2026-09-17 12:00:00+00:00
1789660800000,0.47266000509262085,0.47290000319480896,0.4722200036048889,0.47258999943733215,0,2026-09-17 16:00:00+00:00
1789675200000,0.47258999943733215,0.4727500081062317,0.46966999769210815,0.4724099934101105,0,2026-09-17 20:00:00+00:00
1789689600000,0.47231999039649963,0.4724000096321106,0.47123000025749207,0.47209998965263367,0,2026-09-18 00:00:00+00:00
1789704000000,0.47211000323295593,0.4722999930381775,0.4712800085544586,0.47172999382019043,0,2026-09-18 04:00:00+00:00
1789718400000,0.4717699885368347,0.47189998626708984,0.4708999991416931,0.4713999927043915,0,2026-09-18 08:00:00+00:00
1789732800000,0.4713999927043915,0.47154000401496887,0.46985000371932983,0.4704900085926056,0,2026-09-18 12:00:00+00:00
1789747200000,0.4704900085926056,0.47064000368118286,0.4701699912548065,0.47047001123428345,0,2026-09-18 16:00:00+00:00
1789761600000,0.47047001123428345,0.4706000089645386,0.46992000937461853,0.47018998861312866,0,2026-09-18 20:00:00+00:00
