time,open,high,low,close,volume,datetime
1784757600000,1.9113999605178833,1.9133000373840332,1.910140037536621,1.9132100343704224,0,2026-07-22 22:00:00+00:00
1784761200000,1.9126900434494019,1.9138100147247314,1.9125699996948242,1.9135299921035767,0,2026-07-22 23:00:00+00:00
1784764800000,1.913349986076355,1.9136899709701538,1.9126299619674683,1.9129600524902344,0,2026-07-23 00:00:00+00:00
1784768400000,1.9129799604415894,1.9132100343704224,1.9060699939727783,1.9085299968719482,0,2026-07-23 01:00:00+00:00
1784772000000,1.9083199501037598,1.9091700315475464,1.9072999954223633,1.908270001411438,0,2026-07-23 02:00:00+00:00
1784775600000,1.9084199666976929,1.9092199802398682,1.9073799848556519,1.9075599908828735,0,2026-07-23 03:00:00+00:00
1784779200000,1.9073799848556519,1.9084999561309814,1.9071400165557861,1.9080100059509277,0,2026-07-23 04:00:00+00:00
1784782800000,1.9081499576568604,1.909019947052002,1.9076900482177734,1.9088300466537476,0,2026-07-23 05:00:00+00:00
1784786400000,1.9088499546051025,1.9093999862670898,1.9075100421905518,1.9093899726867676,0,2026-07-23 06:00:00+00:00
1784790000000,1.9093799591064453,1.9105299711227417,1.9081300497055054,1.909440040588379,0,2026-07-23 07:00:00+00:00
1784793600000,1.9092899560928345,1.9102699756622314,1.9086300134658813,1.9093400239944458,0,2026-07-23 08:00:00+00:00
1784797200000,1.9095100164413452,1.9108500480651855,1.9085299968719482,1.9105000495910645,0,2026-07-23 09:00:00+00:00
1784800800000,1.9106199741363525,1.9110000133514404,1.9092700481414795,1.910230040550232,0,2026-07-23 10:00:00+00:00
1784804400000,1.9101300239562988,1.9106899499893188,1.9091099500656128,1.9096399545669556,0,2026-07-23 11:00:00+00:00
1784808000000,1.909749984741211,1.9122999906539917,1.9089499711990356,1.9117499589920044,0,2026-07-23 12:00:00+00:00
1784811600000,1.9118000268936157,1.9132200479507446,1.9103699922561646,1.9113800525665283,0,2026-07-23 13:00:00+00:00
1784815200000,1.911270022392273,1.9117000102996826,1.9093600511550903,1.9099600315093994,0,2026-07-23 14:00:00+00:00
1784818800000,1.9099199771881104,1.9103100299835205,1.9078799486160278,1.9082800149917603,0,2026-07-23 15:00:00+00:00
1784822400000,1.9083900451660156,1.9099500179290771,1.907979965209961,1.909190058708191,0,2026-07-23 16:00:00+00:00
1784826000000,1.909190058708191,1.9105099439620972,1.9091299772262573,1.9101099967956543,0,2026-07-23 17:00:00+00:00
1784829600000,1.9101099967956543,1.911679983139038,1.9100699424743652,1.9113800525665283,0,2026-07-23 18:00:00+00:00
1784833200000,1.9114999771118164,1.9122600555419922,1.911180019378662,1.9116100072860718,0,2026-07-23 19:00:00+00:00
1784836800000,1.91156005859375,1.911679983139038,1.909369945526123,1.9095900058746338,0,2026-07-23 20:00:00+00:00
1784840400000,1.9092299938201904,1.9119000434875488,1.9074100255966187,1.9090299606323242,0,2026-07-23 21:00:00+00:00
1784844000000,1.9089800119400024,1.9110599756240845,1.9089800119400024,1.9103699922561646,0,2026-07-23 22:00:00+00:00
1784847600000,1.910390019416809,1.9109200239181519,1.9101899862289429,1.910539984703064,0,2026-07-23 23:00:00+00:00
1784851200000,1.9106500148773193,1.9110100269317627,1.9090299606323242,1.9096200466156006,0,2026-07-24 00:00:00+00:00
1784854800000,1.9096100330352783,1.9106700420379639,1.9087899923324585,1.9094699621200562,0,2026-07-24 01:00:00+00:00
1784858400000,1.909250020980835,1.9100199937820435,1.9080300331115723,1.9091999530792236,0,2026-07-24 02:00:00+00:00
1784862000000,1.9090700149536133,1.909309983253479,1.9078400135040283,1.9088799953460693,0,2026-07-24 03:00:00+00:00
1784865600000,1.9086899757385254,1.909060001373291,1.9080599546432495,1.9084899425506592,0,2026-07-24 04:00:00+00:00
1784869200000,1.9084899425506592,1.908769965171814,1.9074499607086182,1.9083000421524048,0,2026-07-24 05:00:00+00:00
1784872800000,1.9083900451660156,1.909000039100647,1.9077099561691284,1.9079999923706055,0,2026-07-24 06:00:00+00:00
1784876400000,1.9081499576568604,1.9096100330352783,1.9070899486541748,1.9091600179672241,0,2026-07-24 07:00:00+00:00
1784880000000,1.909119963645935,1.9095300436019897,1.9059200286865234,1.9061700105667114,0,2026-07-24 08:00:00+00:00
1784883600000,1.9061700105667114,1.9064199924468994,1.9046599864959717,1.9046599864959717,0,2026-07-24 09:00:00+00:00
1784887200000,1.9048000574111938,1.9059300422668457,1.9041099548339844,1.9053800106048584,0,2026-07-24 10:00:00+00:00
1784890800000,1.9053200483322144,1.9065300226211548,1.9049099683761597,1.9063700437545776,0,2026-07-24 11:00:00+00:00
1784894400000,1.9063800573349,1.9080300331115723,1.9059799909591675,1.9077999591827393,0,2026-07-24 12:00:00+00:00
1784898000000,1.907670021057129,1.9103100299835205,1.9075100421905518,1.909809947013855,0,2026-07-24 13:00:00+00:00
1784901600000,1.9096699953079224,1.9098399877548218,1.906980037689209,1.9070199728012085,0,2026-07-24 14:00:00+00:00
1784905200000,1.9070199728012085,1.9082499742507935,1.9060399532318115,1.9071500301361084,0,2026-07-24 15:00:00+00:00
1784908800000,1.9071600437164307,1.9079099893569946,1.9064300060272217,1.907170057296753,0,2026-07-24 16:00:00+00:00
1784912400000,1.9070199728012085,1.9075100421905518,1.9065899848937988,1.9073699712753296,0,2026-07-24 17:00:00+00:00
1784916000000,1.9073799848556519,1.9085899591445923,1.9071300029754639,1.9080899953842163,0,2026-07-24 18:00:00+00:00
1784919600000,1.9082399606704712,1.908959984779358,1.907979965209961,1.9082000255584717,0,2026-07-24 19:00:00+00:00
1784923200000,1.9083199501037598,1.9089399576187134,1.9052799940109253,1.9078700542449951,0,2026-07-24 20:00:00+00:00
1784926800000,1.90857994556427,1.90857994556427,1.9084899425506592,1.9084899425506592,0,2026-07-24 21:00:00+00:00
1785106800000,1.9080300331115723,1.9088399410247803,1.9078099727630615,1.9087300300598145,0,2026-07-26 23:00:00+00:00
1785110400000,1.9086300134658813,1.9091600179672241,1.9075100421905518,1.9088900089263916,0,2026-07-27 00:00:00+00:00
1785114000000,1.9089000225067139,1.909409999847412,1.9072500467300415,1.9073599576950073,0,2026-07-27 01:00:00+00:00
1785117600000,1.9073599576950073,1.9084700345993042,1.9072200059890747,1.9081499576568604,0,2026-07-27 02:00:00+00:00
1785121200000,1.907979965209961,1.9088499546051025,1.9075900316238403,1.907920002937317,0,2026-07-27 03:00:00+00:00
1785124800000,1.9077099561691284,1.9086600542068481,1.9075900316238403,1.9081000089645386,0,2026-07-27 04:00:00+00:00
1785128400000,1.907979965209961,1.9081699848175049,1.9065799713134766,1.9068900346755981,0,2026-07-27 05:00:00+00:00
1785132000000,1.9067599773406982,1.9073699712753296,1.9049899578094482,1.9052300453186035,0,2026-07-27 06:00:00+00:00
1785135600000,1.9052300453186035,1.9058799743652344,1.903439998626709,1.9047199487686157,0,2026-07-27 07:00:00+00:00
1785139200000,1.9046399593353271,1.905210018157959,1.9039100408554077,1.9043400287628174,0,2026-07-27 08:00:00+00:00
1785142800000,1.9043400287628174,1.9049299955368042,1.9035799503326416,1.9037200212478638,0,2026-07-27 09:00:00+00:00
1785146400000,1.9038699865341187,1.9042099714279175,1.9016300439834595,1.9018900394439697,0,2026-07-27 10:00:00+00:00
1785150000000,1.9018900394439697,1.9025700092315674,1.900570034980774,1.902359962463379,0,2026-07-27 11:00:00+00:00
1785153600000,1.902359962463379,1.9031000137329102,1.9019099473953247,1.9028600454330444,0,2026-07-27 12:00:00+00:00
1785157200000,1.9027299880981445,1.9034700393676758,1.9019500017166138,1.9023900032043457,0,2026-07-27 13:00:00+00:00
1785160800000,1.9025499820709229,1.9050099849700928,1.9020400047302246,1.9022300243377686,0,2026-07-27 14:00:00+00:00
1785164400000,1.9023000001907349,1.90339994430542,1.9017200469970703,1.9021300077438354,0,2026-07-27 15:00:00+00:00
1785168000000,1.9023200273513794,1.902649998664856,1.9012800455093384,1.9018199443817139,0,2026-07-27 16:00:00+00:00
1785171600000,1.9016900062561035,1.9023300409317017,1.9007200002670288,1.9015400409698486,0,2026-07-27 17:00:00+00:00
1785175200000,1.9014999866485596,1.9020899534225464,1.9011399745941162,1.9012099504470825,0,2026-07-27 18:00:00+00:00
1785178800000,1.901170015335083,1.9016499519348145,1.900589942932129,1.9006099700927734,0,2026-07-27 19:00:00+00:00
1785182400000,1.900570034980774,1.901360034942627,1.9001200199127197,1.9011600017547607,0,2026-07-27 20:00:00+00:00
1785186000000,1.901229977607727,1.9027899503707886,1.8998299837112427,1.8999500274658203,0,2026-07-27 21:00:00+00:00
1785189600000,1.8998700380325317,1.9021300077438354,1.8998199701309204,1.9013299942016602,0,2026-07-27 22:00:00+00:00
1785193200000,1.9013999700546265,1.9023300409317017,1.9013700485229492,1.9020299911499023,0,2026-07-27 23:00:00+00:00
1785196800000,1.9018199443817139,1.9034700393676758,1.9014300107955933,1.901729941368103,0,2026-07-28 00:00:00+00:00
1785200400000,1.901859998703003,1.9025700092315674,1.900570034980774,1.9014300107955933,0,2026-07-28 01:00:00+00:00
1785204000000,1.9015300273895264,1.901729941368103,1.9001100063323975,1.9014400243759155,0,2026-07-28 02:00:00+00:00
1785207600000,1.9012099504470825,1.905150055885315,1.9006600379943848,1.9047600030899048,0,2026-07-28 03:00:00+00:00
1785211200000,1.90461003780365,1.907170057296753,1.90461003780365,1.9067800045013428,0,2026-07-28 04:00:00+00:00
1785214800000,1.9067800045013428,1.908210039138794,1.906630039215088,1.906980037689209,0,2026-07-28 05:00:00+00:00
1785218400000,1.9070199728012085,1.9080100059509277,1.9061700105667114,1.907580018043518,0,2026-07-28 06:00:00+00:00
1785222000000,1.9074499607086182,1.9082800149917603,1.906749963760376,1.907080054283142,0,2026-07-28 07:00:00+00:00
1785225600000,1.907080054283142,1.9089299440383911,1.9070299863815308,1.9074000120162964,0,2026-07-28 08:00:00+00:00
1785229200000,1.9074100255966187,1.9076199531555176,1.90556001663208,1.9066200256347656,0,2026-07-28 09:00:00+00:00
1785232800000,1.9064799547195435,1.906790018081665,1.9056899547576904,1.9063299894332886,0,2026-07-28 10:00:00+00:00
1785236400000,1.9063299894332886,1.9072200059890747,1.9057400226593018,1.906350016593933,0,2026-07-28 11:00:00+00:00
1785240000000,1.9064600467681885,1.9080699682235718,1.906000018119812,1.9079099893569946,0,2026-07-28 12:00:00+00:00
1785243600000,1.907979965209961,1.9089100360870361,1.9065899848937988,1.9076199531555176,0,2026-07-28 13:00:00+00:00
1785247200000,1.907960057258606,1.9090700149536133,1.9063199758529663,1.9076499938964844,0,2026-07-28 14:00:00+00:00
1785250800000,1.9077500104904175,1.9079899787902832,1.9052799940109253,1.905809998512268,0,2026-07-28 15:00:00+00:00
1785254400000,1.9058500528335571,1.9060800075531006,1.904520034790039,1.9049700498580933,0,2026-07-28 16:00:00+00:00
1785258000000,1.9050099849700928,1.9059300422668457,1.9047000408172607,1.905400037765503,0,2026-07-28 17:00:00+00:00
1785261600000,1.905419945716858,1.9055800437927246,1.9047800302505493,1.9051599502563477,0,2026-07-28 18:00:00+00:00
1785265200000,1.90516996383667,1.9055999517440796,1.904770016670227,1.9051100015640259,0,2026-07-28 19:00:00+00:00
1785268800000,1.9050899744033813,1.905709981918335,1.9038599729537964,1.9044599533081055,0,2026-07-28 20:00:00+00:00
1785272400000,1.9044400453567505,1.9059499502182007,1.9020500183105469,1.9030799865722656,0,2026-07-28 21:00:00+00:00
1785276000000,1.9029500484466553,1.9056700468063354,1.9028500318527222,1.9051200151443481,0,2026-07-28 22:00:00+00:00
1785279600000,1.9049099683761597,1.9051599502563477,1.90392005443573,1.904919981956482,0,2026-07-28 23:00:00+00:00
1785283200000,1.904919981956482,1.9072400331497192,1.9047900438308716,1.90693998336792,0,2026-07-29 00:00:00+00:00
1785286800000,1.9069299697875977,1.9146100282669067,1.9053699970245361,1.9128700494766235,0,2026-07-29 01:00:00+00:00
1785290400000,1.912909984588623,1.9138699769973755,1.9112099409103394,1.9131499528884888,0,2026-07-29 02:00:00+00:00
1785294000000,1.9131499528884888,1.9147800207138062,1.9125399589538574,1.9137400388717651,0,2026-07-29 03:00:00+00:00
1785297600000,1.9136799573898315,1.915369987487793,1.9122899770736694,1.9126499891281128,0,2026-07-29 04:00:00+00:00
1785301200000,1.9125299453735352,1.9128999710083008,1.9112000465393066,1.9117499589920044,0,2026-07-29 05:00:00+00:00
1785304800000,1.911679983139038,1.9127899408340454,1.9112399816513062,1.9125800132751465,0,2026-07-29 06:00:00+00:00
1785308400000,1.9125399589538574,1.914620041847229,1.9114199876785278,1.9145300388336182,0,2026-07-29 07:00:00+00:00
1785312000000,1.9143699407577515,1.9165699481964111,1.914270043373108,1.9162499904632568,0,2026-07-29 08:00:00+00:00
1785315600000,1.9163199663162231,1.916409969329834,1.9145300388336182,1.9154000282287598,0,2026-07-29 09:00:00+00:00
1785319200000,1.9153800010681152,1.9155999422073364,1.9139800071716309,1.914720058441162,0,2026-07-29 10:00:00+00:00
1785322800000,1.9147499799728394,1.9156500101089478,1.913949966430664,1.9143199920654297,0,2026-07-29 11:00:00+00:00
1785326400000,1.9143199920654297,1.9148600101470947,1.9132499694824219,1.9133000373840332,0,2026-07-29 12:00:00+00:00
1785330000000,1.9133399724960327,1.913830041885376,1.912269949913025,1.9129300117492676,0,2026-07-29 13:00:00+00:00
1785333600000,1.9128899574279785,1.9193999767303467,1.9124599695205688,1.9189300537109375,0,2026-07-29 14:00:00+00:00
1785337200000,1.9188499450683594,1.9192700386047363,1.9170000553131104,1.9172600507736206,0,2026-07-29 15:00:00+00:00
1785340800000,1.9173200130462646,1.9185700416564941,1.9171899557113647,1.9178999662399292,0,2026-07-29 16:00:00+00:00
1785344400000,1.9179400205612183,1.9189200401306152,1.9172300100326538,1.9179199934005737,0,2026-07-29 17:00:00+00:00
1785348000000,1.9172899723052979,1.9182599782943726,1.9122799634933472,1.9134900569915771,0,2026-07-29 18:00:00+00:00
1785351600000,1.9135600328445435,1.9215600490570068,1.9125399589538574,1.9208400249481201,0,2026-07-29 19:00:00+00:00
1785355200000,1.9207799434661865,1.9225599765777588,1.9197200536727905,1.921470046043396,0,2026-07-29 20:00:00+00:00
1785358800000,1.9212199449539185,1.923490047454834,1.9188799858093262,1.9217699766159058,0,2026-07-29 21:00:00+00:00
1785362400000,1.921030044555664,1.9228500127792358,1.9191499948501587,1.921239972114563,0,2026-07-29 22:00:00+00:00
1785366000000,1.9208199977874756,1.9213199615478516,1.9200700521469116,1.9206500053405762,0,2026-07-29 23:00:00+00:00
1785369600000,1.9206600189208984,1.9212199449539185,1.9186999797821045,1.9194999933242798,0,2026-07-30 00:00:00+00:00
1785373200000,1.9194999933242798,1.9200999736785889,1.9172099828720093,1.918660044670105,0,2026-07-30 01:00:00+00:00
1785376800000,1.9186099767684937,1.9194899797439575,1.917140007019043,1.919350028038025,0,2026-07-30 02:00:00+00:00
1785380400000,1.9193600416183472,1.9199199676513672,1.9185400009155273,1.919800043106079,0,2026-07-30 03:00:00+00:00
1785384000000,1.919800043106079,1.920050024986267,1.9192500114440918,1.9198100566864014,0,2026-07-30 04:00:00+00:00
1785387600000,1.9198100566864014,1.9208699464797974,1.9192399978637695,1.9205399751663208,0,2026-07-30 05:00:00+00:00
1785391200000,1.9205399751663208,1.9208799600601196,1.9181400537490845,1.9185899496078491,0,2026-07-30 06:00:00+00:00
1785394800000,1.9187699556350708,1.9190900325775146,1.9170299768447876,1.9189200401306152,0,2026-07-30 07:00:00+00:00
1785398400000,1.918779969215393,1.9194300174713135,1.917889952659607,1.9187400341033936,0,2026-07-30 08:00:00+00:00
1785402000000,1.918869972229004,1.919569969177246,1.9181100130081177,1.9188400506973267,0,2026-07-30 09:00:00+00:00
1785405600000,1.9188400506973267,1.9204200506210327,1.9166500568389893,1.9190700054168701,0,2026-07-30 10:00:00+00:00
1785409200000,1.9190599918365479,1.9206299781799316,1.9166500568389893,1.9171500205993652,0,2026-07-30 11:00:00+00:00
1785412800000,1.9171500205993652,1.918660044670105,1.9158200025558472,1.9169199466705322,0,2026-07-30 12:00:00+00:00
1785416400000,1.9168000221252441,1.917240023612976,1.9126499891281128,1.9130899906158447,0,2026-07-30 13:00:00+00:00
1785420000000,1.9131799936294556,1.917549967765808,1.912600040435791,1.9166300296783447,0,2026-07-30 14:00:00+00:00
1785423600000,1.9165300130844116,1.9175699949264526,1.914829969406128,1.9168599843978882,0,2026-07-30 15:00:00+00:00
1785427200000,1.916849970817566,1.9170900583267212,1.9155800342559814,1.9161800146102905,0,2026-07-30 16:00:00+00:00
1785430800000,1.91621994972229,1.9166799783706665,1.9150899648666382,1.916260004043579,0,2026-07-30 17:00:00+00:00
1785434400000,1.916290044784546,1.9170900583267212,1.9154200553894043,1.916949987411499,0,2026-07-30 18:00:00+00:00
1785438000000,1.9169600009918213,1.9170399904251099,1.9151899814605713,1.9155199527740479,0,2026-07-30 19:00:00+00:00
1785441600000,1.915560007095337,1.9160100221633911,1.913699984550476,1.9152100086212158,0,2026-07-30 20:00:00+00:00
1785445200000,1.9149600267410278,1.918220043182373,1.914680004119873,1.9155399799346924,0,2026-07-30 21:00:00+00:00
1785448800000,1.9151400327682495,1.9162700176239014,1.9137500524520874,1.915869951248169,0,2026-07-30 22:00:00+00:00
1785452400000,1.9157899618148804,1.9165600538253784,1.9151899814605713,1.9161100387573242,0,2026-07-30 23:00:00+00:00
1785456000000,1.9160399436950684,1.91635000705719,1.9135099649429321,1.914270043373108,0,2026-07-31 00:00:00+00:00
1785459600000,1.9143099784851074,1.9158200025558472,1.913849949836731,1.914720058441162,0,2026-07-31 01:00:00+00:00
1785463200000,1.914829969406128,1.9167799949645996,1.9143699407577515,1.9146000146865845,0,2026-07-31 02:00:00+00:00
1785466800000,1.914430022239685,1.915470004081726,1.9137799739837646,1.9145300388336182,0,2026-07-31 03:00:00+00:00
1785470400000,1.9145300388336182,1.9146699905395508,1.9125800132751465,1.9132599830627441,0,2026-07-31 04:00:00+00:00
1785474000000,1.9132100343704224,1.9134999513626099,1.9119700193405151,1.9121299982070923,0,2026-07-31 05:00:00+00:00
1785477600000,1.9121999740600586,1.913390040397644,1.9115500450134277,1.9124300479888916,0,2026-07-31 06:00:00+00:00
1785481200000,1.9125100374221802,1.9136699438095093,1.912019968032837,1.9132599830627441,0,2026-07-31 07:00:00+00:00
1785484800000,1.913159966468811,1.913450002670288,1.9107999801635742,1.9110900163650513,0,2026-07-31 08:00:00+00:00
1785488400000,1.9111700057983398,1.913540005683899,1.9107500314712524,1.9118599891662598,0,2026-07-31 09:00:00+00:00
1785492000000,1.9118599891662598,1.9127000570297241,1.911180019378662,1.9120999574661255,0,2026-07-31 10:00:00+00:00
1785495600000,1.9121400117874146,1.9123300313949585,1.9112600088119507,1.9116499423980713,0,2026-07-31 11:00:00+00:00
1785499200000,1.9116400480270386,1.9149600267410278,1.9112600088119507,1.9138599634170532,0,2026-07-31 12:00:00+00:00
1785502800000,1.9138599634170532,1.9153200387954712,1.9107099771499634,1.91457998752594,0,2026-07-31 13:00:00+00:00
1785506400000,1.9146599769592285,1.9178800582885742,1.9136300086975098,1.9158799648284912,0,2026-07-31 14:00:00+00:00
1785510000000,1.9159300327301025,1.9182900190353394,1.9155399799346924,1.9173200130462646,0,2026-07-31 15:00:00+00:00
1785513600000,1.9173200130462646,1.9174799919128418,1.9157299995422363,1.9163999557495117,0,2026-07-31 16:00:00+00:00
1785517200000,1.9163999557495117,1.9167399406433105,1.9147900342941284,1.9165799617767334,0,2026-07-31 17:00:00+00:00
1785520800000,1.9164999723434448,1.916700005531311,1.9154800176620483,1.9158799648284912,0,2026-07-31 18:00:00+00:00
1785524400000,1.9158799648284912,1.9162299633026123,1.9147700071334839,1.915369987487793,0,2026-07-31 19:00:00+00:00
1785528000000,1.9154599905014038,1.9207500219345093,1.9138799905776978,1.9184199571609497,0,2026-07-31 20:00:00+00:00
1785531600000,1.919569969177246,1.919569969177246,1.919569969177246,1.919569969177246,0,2026-07-31 21:00:00+00:00
1785711600000,1.9151099920272827,1.9155900478363037,1.9145499467849731,1.914829969406128,0,2026-08-02 23:00:00+00:00
1785715200000,1.9147800207138062,1.9159599542617798,1.9142400026321411,1.9151300191879272,0,2026-08-03 00:00:00+00:00
1785718800000,1.915179967880249,1.915850043296814,1.9146900177001953,1.915429949760437,0,2026-08-03 01:00:00+00:00
1785722400000,1.915429949760437,1.9166799783706665,1.9152799844741821,1.9157999753952026,0,2026-08-03 02:00:00+00:00
1785726000000,1.9157999753952026,1.9161700010299683,1.9147900342941284,1.9158600568771362,0,2026-08-03 03:00:00+00:00
1785729600000,1.9157400131225586,1.9161700010299683,1.915060043334961,1.916100025177002,0,2026-08-03 04:00:00+00:00
1785733200000,1.9161299467086792,1.916159987449646,1.914989948272705,1.9152400493621826,0,2026-08-03 05:00:00+00:00
1785736800000,1.915079951286316,1.915809988975525,1.9140499830245972,1.9154399633407593,0,2026-08-03 06:00:00+00:00
1785740400000,1.9153499603271484,1.918720006942749,1.9151899814605713,1.9179999828338623,0,2026-08-03 07:00:00+00:00
1785744000000,1.9179999828338623,1.9200299978256226,1.9177600145339966,1.919409990310669,0,2026-08-03 08:00:00+00:00
1785747600000,1.919409990310669,1.920490026473999,1.9188300371170044,1.9202100038528442,0,2026-08-03 09:00:00+00:00
1785751200000,1.9201799631118774,1.9230300188064575,1.9200199842453003,1.9225599765777588,0,2026-08-03 10:00:00+00:00
1785754800000,1.9225200414657593,1.9234299659729004,1.9211599826812744,1.9216099977493286,0,2026-08-03 11:00:00+00:00
1785758400000,1.9215400218963623,1.9243700504302979,1.9213999509811401,1.9237799644470215,0,2026-08-03 12:00:00+00:00
1785762000000,1.9237899780273438,1.925950050354004,1.9229700565338135,1.9240599870681763,0,2026-08-03 13:00:00+00:00
1785765600000,1.9236799478530884,1.9243799448013306,1.919659972190857,1.9198800325393677,0,2026-08-03 14:00:00+00:00
1785769200000,1.9198499917984009,1.9200199842453003,1.91812002658844,1.9190800189971924,0,2026-08-03 15:00:00+00:00
1785772800000,1.919100046157837,1.9196399450302124,1.9180999994277954,1.9185999631881714,0,2026-08-03 16:00:00+00:00
1785776400000,1.9186099767684937,1.9197299480438232,1.9185899496078491,1.9189499616622925,0,2026-08-03 17:00:00+00:00
1785780000000,1.9189499616622925,1.9192700386047363,1.9186700582504272,1.9188400506973267,0,2026-08-03 18:00:00+00:00
1785783600000,1.9188300371170044,1.9193400144577026,1.9185500144958496,1.9187400341033936,0,2026-08-03 19:00:00+00:00
1785787200000,1.9186899662017822,1.9190200567245483,1.917199969291687,1.9174699783325195,0,2026-08-03 20:00:00+00:00
1785790800000,1.9176599979400635,1.918910026550293,1.9152899980545044,1.9165600538253784,0,2026-08-03 21:00:00+00:00
1785794400000,1.9165600538253784,1.9194200038909912,1.916260004043579,1.9185099601745605,0,2026-08-03 22:00:00+00:00
1785798000000,1.918529987335205,1.9190700054168701,1.9183599948883057,1.9188499450683594,0,2026-08-03 23:00:00+00:00
1785801600000,1.9187300205230713,1.9189499616622925,1.9169000387191772,1.9176299571990967,0,2026-08-04 00:00:00+00:00
1785805200000,1.9176199436187744,1.9180999994277954,1.914270043373108,1.9145100116729736,0,2026-08-04 01:00:00+00:00
1785808800000,1.9145100116729736,1.9152799844741821,1.9134199619293213,1.9139599800109863,0,2026-08-04 02:00:00+00:00
1785812400000,1.9138799905776978,1.9141499996185303,1.912310004234314,1.9127600193023682,0,2026-08-04 03:00:00+00:00
1785816000000,1.9127600193023682,1.9131100177764893,1.9122300148010254,1.9126299619674683,0,2026-08-04 04:00:00+00:00
1785819600000,1.9126299619674683,1.9132200479507446,1.912019968032837,1.9126800298690796,0,2026-08-04 05:00:00+00:00
1785823200000,1.9126399755477905,1.915079951286316,1.9121400117874146,1.914270043373108,0,2026-08-04 06:00:00+00:00
1785826800000,1.914330005645752,1.9146699905395508,1.9129600524902344,1.9144599437713623,0,2026-08-04 07:00:00+00:00
1785830400000,1.9144699573516846,1.9146000146865845,1.912850022315979,1.9139399528503418,0,2026-08-04 08:00:00+00:00
1785834000000,1.913930058479309,1.9143199920654297,1.9124699831008911,1.9127700328826904,0,2026-08-04 09:00:00+00:00
1785837600000,1.9126900434494019,1.912909984588623,1.9111100435256958,1.9116599559783936,0,2026-08-04 10:00:00+00:00
1785841200000,1.9116599559783936,1.9122400283813477,1.9112499952316284,1.9120299816131592,0,2026-08-04 11:00:00+00:00
1785844800000,1.9119999408721924,1.9129799604415894,1.9107099771499634,1.911139965057373,0,2026-08-04 12:00:00+00:00
1785848400000,1.9112000465393066,1.9121999740600586,1.9103399515151978,1.9109599590301514,0,2026-08-04 13:00:00+00:00
1785852000000,1.9110499620437622,1.9115999937057495,1.9099600315093994,1.9105299711227417,0,2026-08-04 14:00:00+00:00
1785855600000,1.9104199409484863,1.9122099876403809,1.9102200269699097,1.9118000268936157,0,2026-08-04 15:00:00+00:00
1785859200000,1.9118000268936157,1.9119499921798706,1.9101999998092651,1.9104399681091309,0,2026-08-04 16:00:00+00:00
1785862800000,1.910390019416809,1.9104399681091309,1.909060001373291,1.9095799922943115,0,2026-08-04 17:00:00+00:00
1785866400000,1.9095900058746338,1.9097900390625,1.9084999561309814,1.9091099500656128,0,2026-08-04 18:00:00+00:00
1785870000000,1.909060001373291,1.9093799591064453,1.908210039138794,1.9088300466537476,0,2026-08-04 19:00:00+00:00
1785873600000,1.9088900089263916,1.9092999696731567,1.9076600074768066,1.9087899923324585,0,2026-08-04 20:00:00+00:00
1785877200000,1.9086600542068481,1.9101899862289429,1.9069900512695312,1.9081699848175049,0,2026-08-04 21:00:00+00:00
1785880800000,1.9083600044250488,1.909540057182312,1.9073100090026855,1.9081499576568604,0,2026-08-04 22:00:00+00:00
1785884400000,1.9078199863433838,1.9087899923324585,1.907789945602417,1.90871000289917,0,2026-08-04 23:00:00+00:00
1785888000000,1.9086500406265259,1.9097100496292114,1.9075100421905518,1.909559965133667,0,2026-08-05 00:00:00+00:00
1785891600000,1.9096100330352783,1.9100699424743652,1.9087400436401367,1.9088599681854248,0,2026-08-05 01:00:00+00:00
1785895200000,1.9087899923324585,1.9102400541305542,1.9082599878311157,1.9089299440383911,0,2026-08-05 02:00:00+00:00
1785898800000,1.9088499546051025,1.9092400074005127,1.9082800149917603,1.9088399410247803,0,2026-08-05 03:00:00+00:00
1785902400000,1.9088000059127808,1.9089800119400024,1.90733003616333,1.9087400436401367,0,2026-08-05 04:00:00+00:00
1785906000000,1.9087400436401367,1.9096100330352783,1.9086500406265259,1.909019947052002,0,2026-08-05 05:00:00+00:00
1785909600000,1.909060001373291,1.910539984703064,1.9085500240325928,1.910390019416809,0,2026-08-05 06:00:00+00:00
1785913200000,1.9103699922561646,1.9115400314331055,1.909850001335144,1.9108799695968628,0,2026-08-05 07:00:00+00:00
1785916800000,1.910979986190796,1.9113099575042725,1.9099899530410767,1.9104700088500977,0,2026-08-05 08:00:00+00:00
1785920400000,1.9103800058364868,1.91156005859375,1.9100699424743652,1.911020040512085,0,2026-08-05 09:00:00+00:00
1785924000000,1.911080002784729,1.9124300479888916,1.910979986190796,1.91211998462677,0,2026-08-05 10:00:00+00:00
1785927600000,1.9121099710464478,1.9128799438476562,1.9115999937057495,1.9119600057601929,0,2026-08-05 11:00:00+00:00
1785931200000,1.9119600057601929,1.91211998462677,1.9103399515151978,1.9111299514770508,0,2026-08-05 12:00:00+00:00
1785934800000,1.9111499786376953,1.9116699695587158,1.9081100225448608,1.9088200330734253,0,2026-08-05 13:00:00+00:00
1785938400000,1.908139944076538,1.910140037536621,1.9080100059509277,1.9096499681472778,0,2026-08-05 14:00:00+00:00
1785942000000,1.9097299575805664,1.9100600481033325,1.9083199501037598,1.909409999847412,0,2026-08-05 15:00:00+00:00
1785945600000,1.909409999847412,1.9095699787139893,1.9085400104522705,1.9086899757385254,0,2026-08-05 16:00:00+00:00
1785949200000,1.9085999727249146,1.9091099500656128,1.907420039176941,1.9076800346374512,0,2026-08-05 17:00:00+00:00
1785952800000,1.9076800346374512,1.9078099727630615,1.9071999788284302,1.9075499773025513,0,2026-08-05 18:00:00+00:00
1785956400000,1.907539963722229,1.9083399772644043,1.9072500467300415,1.9082499742507935,0,2026-08-05 19:00:00+00:00
1785960000000,1.908310055732727,1.9085099697113037,1.9067800045013428,1.907520055770874,0,2026-08-05 20:00:00+00:00
1785963600000,1.9063299894332886,1.909209966659546,1.9054499864578247,1.9077199697494507,0,2026-08-05 21:00:00+00:00
1785967200000,1.9077199697494507,1.9091600179672241,1.9068399667739868,1.9079899787902832,0,2026-08-05 22:00:00+00:00
1785970800000,1.9077500104904175,1.9086999893188477,1.9077500104904175,1.9085700511932373,0,2026-08-05 23:00:00+00:00
1785974400000,1.9084500074386597,1.908869981765747,1.9076600074768066,1.908079981803894,0,2026-08-06 00:00:00+00:00
1785978000000,1.9081300497055054,1.90910005569458,1.907580018043518,1.9084700345993042,0,2026-08-06 01:00:00+00:00
1785981600000,1.9084700345993042,1.909119963645935,1.9079699516296387,1.908460021018982,0,2026-08-06 02:00:00+00:00
1785985200000,1.908460021018982,1.9102100133895874,1.908370018005371,1.9098000526428223,0,2026-08-06 03:00:00+00:00
1785988800000,1.9098700284957886,1.9106099605560303,1.909690022468567,1.909850001335144,0,2026-08-06 04:00:00+00:00
1785992400000,1.9097800254821777,1.9106700420379639,1.9095300436019897,1.9101699590682983,0,2026-08-06 05:00:00+00:00
1785996000000,1.9101699590682983,1.9117300510406494,1.9100899696350098,1.911370038986206,0,2026-08-06 06:00:00+00:00
1785999600000,1.9112800359725952,1.9127099514007568,1.9105199575424194,1.912369966506958,0,2026-08-06 07:00:00+00:00
1786003200000,1.9122999906539917,1.9126900434494019,1.911080002784729,1.9112000465393066,0,2026-08-06 08:00:00+00:00
1786006800000,1.9112000465393066,1.9120299816131592,1.910390019416809,1.9107999801635742,0,2026-08-06 09:00:00+00:00
1786010400000,1.9108400344848633,1.9115999937057495,1.910599946975708,1.9113399982452393,0,2026-08-06 10:00:00+00:00
1786014000000,1.911329984664917,1.9128999710083008,1.9110699892044067,1.9122300148010254,0,2026-08-06 11:00:00+00:00
1786017600000,1.9122300148010254,1.913830041885376,1.9115699529647827,1.9136899709701538,0,2026-08-06 12:00:00+00:00
1786021200000,1.9136199951171875,1.9149800539016724,1.9133100509643555,1.9141499996185303,0,2026-08-06 13:00:00+00:00
1786024800000,1.9142299890518188,1.914389967918396,1.9121500253677368,1.912179946899414,0,2026-08-06 14:00:00+00:00
1786028400000,1.9122300148010254,1.914489984512329,1.9114899635314941,1.9143099784851074,0,2026-08-06 15:00:00+00:00
1786032000000,1.9142600297927856,1.9151099920272827,1.9135500192642212,1.913640022277832,0,2026-08-06 16:00:00+00:00
1786035600000,1.9135799407958984,1.913949966430664,1.9128999710083008,1.9132100343704224,0,2026-08-06 17:00:00+00:00
1786039200000,1.9131900072097778,1.9133700132369995,1.9126100540161133,1.9131699800491333,0,2026-08-06 18:00:00+00:00
1786042800000,1.9132100343704224,1.9133800268173218,1.912619948387146,1.9130200147628784,0,2026-08-06 19:00:00+00:00
1786046400000,1.9129799604415894,1.9132800102233887,1.9115300178527832,1.911620020866394,0,2026-08-06 20:00:00+00:00
1786050000000,1.9131699800491333,1.9139900207519531,1.909850001335144,1.9132399559020996,0,2026-08-06 21:00:00+00:00
1786053600000,1.9134000539779663,1.9135600328445435,1.9108699560165405,1.9132399559020996,0,2026-08-06 22:00:00+00:00
1786057200000,1.9132800102233887,1.9135500192642212,1.912660002708435,1.9129799604415894,0,2026-08-06 23:00:00+00:00
1786060800000,1.9128799438476562,1.9141000509262085,1.912719964981079,1.9134199619293213,0,2026-08-07 00:00:00+00:00
1786064400000,1.9134700298309326,1.9145400524139404,1.9129899740219116,1.9138400554656982,0,2026-08-07 01:00:00+00:00
1786068000000,1.9139000177383423,1.915429949760437,1.9136699438095093,1.9150099754333496,0,2026-08-07 02:00:00+00:00
1786071600000,1.9150099754333496,1.9152300357818604,1.914620041847229,1.9149199724197388,0,2026-08-07 03:00:00+00:00
1786075200000,1.914870023727417,1.9151699542999268,1.913949966430664,1.9146000146865845,0,2026-08-07 04:00:00+00:00
1786078800000,1.914620041847229,1.9148999452590942,1.9134900569915771,1.9139000177383423,0,2026-08-07 05:00:00+00:00
1786082400000,1.9139000177383423,1.914389967918396,1.9126100540161133,1.9128899574279785,0,2026-08-07 06:00:00+00:00
1786086000000,1.91280996799469,1.9129899740219116,1.9112000465393066,1.9113999605178833,0,2026-08-07 07:00:00+00:00
1786089600000,1.9114099740982056,1.911620020866394,1.910140037536621,1.910230040550232,0,2026-08-07 08:00:00+00:00
1786093200000,1.910159945487976,1.9103800058364868,1.9084500074386597,1.9090900421142578,0,2026-08-07 09:00:00+00:00
1786096800000,1.9089800119400024,1.909909963607788,1.90857994556427,1.909690022468567,0,2026-08-07 10:00:00+00:00
1786100400000,1.9096200466156006,1.91048002243042,1.9092700481414795,1.9102200269699097,0,2026-08-07 11:00:00+00:00
1786104000000,1.9102400541305542,1.9107799530029297,1.9074900150299072,1.909909963607788,0,2026-08-07 12:00:00+00:00
1786107600000,1.909980058670044,1.9115899801254272,1.9094500541687012,1.9106999635696411,0,2026-08-07 13:00:00+00:00
1786111200000,1.9106500148773193,1.9112800359725952,1.9092899560928345,1.9105099439620972,0,2026-08-07 14:00:00+00:00
1786114800000,1.9105000495910645,1.9112499952316284,1.9097399711608887,1.9107099771499634,0,2026-08-07 15:00:00+00:00
1786118400000,1.910830020904541,1.9110499620437622,1.909350037574768,1.9100600481033325,0,2026-08-07 16:00:00+00:00
1786122000000,1.9100600481033325,1.9103699922561646,1.9093400239944458,1.9095200300216675,0,2026-08-07 17:00:00+00:00
1786125600000,1.909600019454956,1.9099600315093994,1.909309983253479,1.9096399545669556,0,2026-08-07 18:00:00+00:00
1786129200000,1.9097599983215332,1.9097599983215332,1.9083800315856934,1.9091299772262573,0,2026-08-07 19:00:00+00:00
1786132800000,1.9091600179672241,1.9101200103759766,1.9065699577331543,1.908959984779358,0,2026-08-07 20:00:00+00:00
1786136400000,1.9088399410247803,1.9088399410247803,1.9088399410247803,1.9088399410247803,0,2026-08-07 21:00:00+00:00
1786316400000,1.9088499546051025,1.9099899530410767,1.9088300466537476,1.9097900390625,0,2026-08-09 23:00:00+00:00
1786320000000,1.909909963607788,1.9104199409484863,1.9083000421524048,1.910159945487976,0,2026-08-10 00:00:00+00:00
1786323600000,1.9101200103759766,1.910770058631897,1.9091399908065796,1.9093199968338013,0,2026-08-10 01:00:00+00:00
1786327200000,1.9093199968338013,1.9099700450897217,1.9090100526809692,1.9097399711608887,0,2026-08-10 02:00:00+00:00
1786330800000,1.9098000526428223,1.910580039024353,1.9097100496292114,1.91034996509552,0,2026-08-10 03:00:00+00:00
1786334400000,1.9102599620819092,1.9109400510787964,1.9101099967956543,1.910249948501587,0,2026-08-10 04:00:00+00:00
1786338000000,1.910249948501587,1.9103699922561646,1.9087400436401367,1.908810019493103,0,2026-08-10 05:00:00+00:00
1786341600000,1.9089100360870361,1.909980058670044,1.9088000059127808,1.9095799922943115,0,2026-08-10 06:00:00+00:00
1786345200000,1.9095699787139893,1.9101200103759766,1.9084299802780151,1.9086500406265259,0,2026-08-10 07:00:00+00:00
1786348800000,1.9086400270462036,1.909999966621399,1.9084099531173706,1.9098999500274658,0,2026-08-10 08:00:00+00:00
1786352400000,1.9098800420761108,1.9105900526046753,1.909440040588379,1.9102699756622314,0,2026-08-10 09:00:00+00:00
1786356000000,1.9101899862289429,1.910889983177185,1.909850001335144,1.9103000164031982,0,2026-08-10 10:00:00+00:00
1786359600000,1.9103000164031982,1.91156005859375,1.910140037536621,1.9114099740982056,0,2026-08-10 11:00:00+00:00
1786363200000,1.9113099575042725,1.912559986114502,1.9111499786376953,1.912310004234314,0,2026-08-10 12:00:00+00:00
1786366800000,1.9121400117874146,1.9141499996185303,1.91211998462677,1.9135799407958984,0,2026-08-10 13:00:00+00:00
1786370400000,1.9135799407958984,1.9150700569152832,1.9129300117492676,1.9143199920654297,0,2026-08-10 14:00:00+00:00
1786374000000,1.9142500162124634,1.915079951286316,1.913640022277832,1.9143600463867188,0,2026-08-10 15:00:00+00:00
1786377600000,1.9143600463867188,1.9144999980926514,1.912950038909912,1.9137699604034424,0,2026-08-10 16:00:00+00:00
1786381200000,1.9137699604034424,1.91457998752594,1.9137200117111206,1.914430022239685,0,2026-08-10 17:00:00+00:00
1786384800000,1.9143999814987183,1.914739966392517,1.9141000509262085,1.9143600463867188,0,2026-08-10 18:00:00+00:00
1786388400000,1.9142600297927856,1.9148099422454834,1.9138599634170532,1.9147000312805176,0,2026-08-10 19:00:00+00:00
1786392000000,1.9146900177001953,1.9150400161743164,1.9133199453353882,1.9140100479125977,0,2026-08-10 20:00:00+00:00
1786395600000,1.9139000177383423,1.915120005607605,1.91048002243042,1.9140700101852417,0,2026-08-10 21:00:00+00:00
1786399200000,1.914080023765564,1.9154200553894043,1.9134999513626099,1.9142800569534302,0,2026-08-10 22:00:00+00:00
1786402800000,1.9143400192260742,1.9153000116348267,1.913849949836731,1.914870023727417,0,2026-08-10 23:00:00+00:00
1786406400000,1.914870023727417,1.915220022201538,1.9143099784851074,1.9148999452590942,0,2026-08-11 00:00:00+00:00
1786410000000,1.9148000478744507,1.9155199527740479,1.9132399559020996,1.9140199422836304,0,2026-08-11 01:00:00+00:00
1786413600000,1.9140199422836304,1.9146100282669067,1.9135600328445435,1.9145400524139404,0,2026-08-11 02:00:00+00:00
1786417200000,1.9144999980926514,1.9145900011062622,1.913830041885376,1.914139986038208,0,2026-08-11 03:00:00+00:00
1786420800000,1.9141499996185303,1.9190000295639038,1.9125699996948242,1.91635000705719,0,2026-08-11 04:00:00+00:00
1786424400000,1.9164400100708008,1.9183000326156616,1.9144099950790405,1.9151699542999268,0,2026-08-11 05:00:00+00:00
1786428000000,1.915220022201538,1.9153900146484375,1.9143400192260742,1.914829969406128,0,2026-08-11 06:00:00+00:00
1786431600000,1.9149800539016724,1.915369987487793,1.9134399890899658,1.9150999784469604,0,2026-08-11 07:00:00+00:00
1786435200000,1.915079951286316,1.9152300357818604,1.9141000509262085,1.9147299528121948,0,2026-08-11 08:00:00+00:00
1786438800000,1.9147299528121948,1.9149999618530273,1.9134199619293213,1.9135099649429321,0,2026-08-11 09:00:00+00:00
1786442400000,1.9135899543762207,1.9136099815368652,1.9113600254058838,1.9114400148391724,0,2026-08-11 10:00:00+00:00
1786446000000,1.9114400148391724,1.9117100238800049,1.91034996509552,1.9108999967575073,0,2026-08-11 11:00:00+00:00
1786449600000,1.9108999967575073,1.9114500284194946,1.9101899862289429,1.910949945449829,0,2026-08-11 12:00:00+00:00
1786453200000,1.9108999967575073,1.9110599756240845,1.909850001335144,1.9100799560546875,0,2026-08-11 13:00:00+00:00
1786456800000,1.9101899862289429,1.912350058555603,1.9098800420761108,1.9121899604797363,0,2026-08-11 14:00:00+00:00
1786460400000,1.9123200178146362,1.9140299558639526,1.9120299816131592,1.913830041885376,0,2026-08-11 15:00:00+00:00
1786464000000,1.91389000415802,1.9139200448989868,1.91211998462677,1.9124399423599243,0,2026-08-11 16:00:00+00:00
1786467600000,1.9124900102615356,1.9127600193023682,1.911929965019226,1.912660002708435,0,2026-08-11 17:00:00+00:00
1786471200000,1.912660002708435,1.9134999513626099,1.9123799800872803,1.9129199981689453,0,2026-08-11 18:00:00+00:00
1786474800000,1.9129600524902344,1.9132000207901,1.9124499559402466,1.9129400253295898,0,2026-08-11 19:00:00+00:00
1786478400000,1.9130200147628784,1.9131799936294556,1.9114099740982056,1.912179946899414,0,2026-08-11 20:00:00+00:00
1786482000000,1.9121099710464478,1.9134700298309326,1.9104499816894531,1.9124900102615356,0,2026-08-11 21:00:00+00:00
1786485600000,1.912750005722046,1.913040041923523,1.9108500480651855,1.912350058555603,0,2026-08-11 22:00:00+00:00
1786489200000,1.912350058555603,1.912719964981079,1.9119000434875488,1.9122899770736694,0,2026-08-11 23:00:00+00:00
1786492800000,1.9122899770736694,1.912410020828247,1.911180019378662,1.9119600057601929,0,2026-08-12 00:00:00+00:00
1786496400000,1.9119000434875488,1.9136799573898315,1.9116499423980713,1.9133299589157104,0,2026-08-12 01:00:00+00:00
1786500000000,1.9132499694824219,1.914039969444275,1.9131900072097778,1.9135600328445435,0,2026-08-12 02:00:00+00:00
1786503600000,1.9134900569915771,1.9141499996185303,1.9133100509643555,1.9138000011444092,0,2026-08-12 03:00:00+00:00
1786507200000,1.9137200117111206,1.914330005645752,1.913540005683899,1.9140700101852417,0,2026-08-12 04:00:00+00:00
1786510800000,1.9140700101852417,1.9143400192260742,1.9128299951553345,1.9128400087356567,0,2026-08-12 05:00:00+00:00
1786514400000,1.912969946861267,1.9138599634170532,1.9126499891281128,1.9133299589157104,0,2026-08-12 06:00:00+00:00
1786518000000,1.9133399724960327,1.9143699407577515,1.9127800464630127,1.9138400554656982,0,2026-08-12 07:00:00+00:00
1786521600000,1.9138400554656982,1.9143699407577515,1.9134199619293213,1.9137099981307983,0,2026-08-12 08:00:00+00:00
1786525200000,1.913640022277832,1.9141000509262085,1.912310004234314,1.9126800298690796,0,2026-08-12 09:00:00+00:00
1786528800000,1.9126299619674683,1.913640022277832,1.9122899770736694,1.912750005722046,0,2026-08-12 10:00:00+00:00
1786532400000,1.9127299785614014,1.9135299921035767,1.912410020828247,1.912909984588623,0,2026-08-12 11:00:00+00:00
1786536000000,1.912909984588623,1.9135799407958984,1.9085899591445923,1.9090900421142578,0,2026-08-12 12:00:00+00:00
1786539600000,1.909850001335144,1.910330057144165,1.9083600044250488,1.9089699983596802,0,2026-08-12 13:00:00+00:00
1786543200000,1.9089299440383911,1.910830020904541,1.9077500104904175,1.909909963607788,0,2026-08-12 14:00:00+00:00
1786546800000,1.9099700450897217,1.911329984664917,1.9088200330734253,1.910949945449829,0,2026-08-12 15:00:00+00:00
1786550400000,1.9108999967575073,1.911329984664917,1.9104399681091309,1.9107600450515747,0,2026-08-12 16:00:00+00:00
1786554000000,1.9107400178909302,1.9111100435256958,1.9095900058746338,1.9106099605560303,0,2026-08-12 17:00:00+00:00
1786557600000,1.9106099605560303,1.910730004310608,1.909690022468567,1.9100199937820435,0,2026-08-12 18:00:00+00:00
1786561200000,1.910040020942688,1.910730004310608,1.9098000526428223,1.9101300239562988,0,2026-08-12 19:00:00+00:00
1786564800000,1.910099983215332,1.910830020904541,1.9092299938201904,1.9098800420761108,0,2026-08-12 20:00:00+00:00
1786568400000,1.910140037536621,1.9117100238800049,1.9088399410247803,1.9107799530029297,0,2026-08-12 21:00:00+00:00
1786572000000,1.9102699756622314,1.9111100435256958,1.909309983253479,1.9106999635696411,0,2026-08-12 22:00:00+00:00
1786575600000,1.9106899499893188,1.9110499620437622,1.91034996509552,1.910730004310608,0,2026-08-12 23:00:00+00:00
1786579200000,1.9106199741363525,1.9115699529647827,1.9100899696350098,1.911329984664917,0,2026-08-13 00:00:00+00:00
1786582800000,1.9113500118255615,1.9123200178146362,1.9105900526046753,1.9110900163650513,0,2026-08-13 01:00:00+00:00
1786586400000,1.9119399785995483,1.9129300117492676,1.9109899997711182,1.9123400449752808,0,2026-08-13 02:00:00+00:00
1786590000000,1.9123400449752808,1.9140299558639526,1.9114899635314941,1.9139399528503418,0,2026-08-13 03:00:00+00:00
1786593600000,1.9139200448989868,1.9144099950790405,1.9135299921035767,1.9143400192260742,0,2026-08-13 04:00:00+00:00
1786597200000,1.914330005645752,1.9148800373077393,1.913390040397644,1.9140100479125977,0,2026-08-13 05:00:00+00:00
1786600800000,1.9138200283050537,1.914489984512329,1.9123400449752808,1.9126800298690796,0,2026-08-13 06:00:00+00:00
1786604400000,1.9125699996948242,1.913450002670288,1.9121099710464478,1.9126700162887573,0,2026-08-13 07:00:00+00:00
1786608000000,1.9126299619674683,1.913059949874878,1.9121500253677368,1.9122300148010254,0,2026-08-13 08:00:00+00:00
1786611600000,1.9121700525283813,1.9126499891281128,1.9109699726104736,1.9114500284194946,0,2026-08-13 09:00:00+00:00
1786615200000,1.91143000125885,1.9135199785232544,1.911389946937561,1.9120800495147705,0,2026-08-13 10:00:00+00:00
1786618800000,1.9120800495147705,1.9132800102233887,1.9119900465011597,1.9128899574279785,0,2026-08-13 11:00:00+00:00
1786622400000,1.9128899574279785,1.9138400554656982,1.9114400148391724,1.9119600057601929,0,2026-08-13 12:00:00+00:00
1786626000000,1.9119800329208374,1.9132599830627441,1.9112900495529175,1.9126900434494019,0,2026-08-13 13:00:00+00:00
1786629600000,1.912660002708435,1.9128799438476562,1.910889983177185,1.9119199514389038,0,2026-08-13 14:00:00+00:00
1786633200000,1.911910057067871,1.9127800464630127,1.9106899499893188,1.91225004196167,0,2026-08-13 15:00:00+00:00
1786636800000,1.91225004196167,1.9123200178146362,1.9100699424743652,1.910249948501587,0,2026-08-13 16:00:00+00:00
1786640400000,1.9101200103759766,1.9105600118637085,1.909540057182312,1.9105099439620972,0,2026-08-13 17:00:00+00:00
1786644000000,1.9104499816894531,1.9108799695968628,1.9102699756622314,1.9105099439620972,0,2026-08-13 18:00:00+00:00
1786647600000,1.9105000495910645,1.910770058631897,1.9094899892807007,1.910290002822876,0,2026-08-13 19:00:00+00:00
1786651200000,1.91034996509552,1.910539984703064,1.909000039100647,1.9100600481033325,0,2026-08-13 20:00:00+00:00
1786654800000,1.909999966621399,1.9115500450134277,1.907979965209961,1.9101300239562988,0,2026-08-13 21:00:00+00:00
1786658400000,1.9100899696350098,1.9108099937438965,1.9081300497055054,1.909500002861023,0,2026-08-13 22:00:00+00:00
1786662000000,1.9096800088882446,1.9101099967956543,1.9086899757385254,1.9096200466156006,0,2026-08-13 23:00:00+00:00
1786665600000,1.909690022468567,1.911520004272461,1.9092799425125122,1.9113399982452393,0,2026-08-14 00:00:00+00:00
1786669200000,1.9113800525665283,1.9120800495147705,1.910580039024353,1.9113800525665283,0,2026-08-14 01:00:00+00:00
1786672800000,1.9113800525665283,1.911870002746582,1.910979986190796,1.911579966545105,0,2026-08-14 02:00:00+00:00
1786676400000,1.9116499423980713,1.9119399785995483,1.910830020904541,1.9110599756240845,0,2026-08-14 03:00:00+00:00
1786680000000,1.911080002784729,1.911329984664917,1.9107199907302856,1.9110699892044067,0,2026-08-14 04:00:00+00:00
1786683600000,1.911020040512085,1.9113999605178833,1.9099600315093994,1.9101300239562988,0,2026-08-14 05:00:00+00:00
1786687200000,1.9100300073623657,1.9111100435256958,1.9100099802017212,1.9105099439620972,0,2026-08-14 06:00:00+00:00
1786690800000,1.9105299711227417,1.9110000133514404,1.9093899726867676,1.9104599952697754,0,2026-08-14 07:00:00+00:00
1786694400000,1.9104599952697754,1.9124200344085693,1.9104499816894531,1.9117200374603271,0,2026-08-14 08:00:00+00:00
1786698000000,1.9118200540542603,1.9121500253677368,1.91103994846344,1.9115300178527832,0,2026-08-14 09:00:00+00:00
1786701600000,1.9114700555801392,1.9122799634933472,1.911120057106018,1.9117900133132935,0,2026-08-14 10:00:00+00:00
1786705200000,1.9117900133132935,1.9123799800872803,1.9108599424362183,1.9113099575042725,0,2026-08-14 11:00:00+00:00
1786708800000,1.9113099575042725,1.912160038948059,1.9096800088882446,1.911910057067871,0,2026-08-14 12:00:00+00:00
1786712400000,1.9118200540542603,1.9124200344085693,1.9106899499893188,1.9108200073242188,0,2026-08-14 13:00:00+00:00
1786716000000,1.9108200073242188,1.9122400283813477,1.9100300073623657,1.9105299711227417,0,2026-08-14 14:00:00+00:00
1786719600000,1.9104700088500977,1.9117799997329712,1.9096100330352783,1.9116100072860718,0,2026-08-14 15:00:00+00:00
1786723200000,1.9116599559783936,1.9119999408721924,1.911020040512085,1.911180019378662,0,2026-08-14 16:00:00+00:00
1786726800000,1.9111100435256958,1.911329984664917,1.9101699590682983,1.9110100269317627,0,2026-08-14 17:00:00+00:00
1786730400000,1.9109699726104736,1.9114700555801392,1.9107999801635742,1.9108799695968628,0,2026-08-14 18:00:00+00:00
1786734000000,1.9108999967575073,1.911270022392273,1.9102799892425537,1.9104000329971313,0,2026-08-14 19:00:00+00:00
1786737600000,1.9104000329971313,1.9110499620437622,1.9079400300979614,1.9100899696350098,0,2026-08-14 20:00:00+00:00
1786741200000,1.9105199575424194,1.9105199575424194,1.9105199575424194,1.9105199575424194,0,2026-08-14 21:00:00+00:00
1786921200000,1.9105000495910645,1.9119600057601929,1.9103200435638428,1.9118599891662598,0,2026-08-16 23:00:00+00:00
1786924800000,1.9118399620056152,1.9119499921798706,1.9102599620819092,1.9111499786376953,0,2026-08-17 00:00:00+00:00
1786928400000,1.911180019378662,1.911679983139038,1.9096299409866333,1.909999966621399,0,2026-08-17 01:00:00+00:00
1786932000000,1.909999966621399,1.9106899499893188,1.9097900390625,1.9104000329971313,0,2026-08-17 02:00:00+00:00
1786935600000,1.9104000329971313,1.91048002243042,1.9083399772644043,1.9084800481796265,0,2026-08-17 03:00:00+00:00
1786939200000,1.9085299968719482,1.9086400270462036,1.906690001487732,1.9080899953842163,0,2026-08-17 04:00:00+00:00
1786942800000,1.9081000089645386,1.908270001411438,1.904919981956482,1.9054100513458252,0,2026-08-17 05:00:00+00:00
1786946400000,1.9054100513458252,1.9060399532318115,1.903540015220642,1.9036600589752197,0,2026-08-17 06:00:00+00:00
1786950000000,1.9036600589752197,1.9054100513458252,1.9024900197982788,1.9046800136566162,0,2026-08-17 07:00:00+00:00
1786953600000,1.9046200513839722,1.905940055847168,1.9032299518585205,1.9035600423812866,0,2026-08-17 08:00:00+00:00
1786957200000,1.9034899473190308,1.9037400484085083,1.9023499488830566,1.9026299715042114,0,2026-08-17 09:00:00+00:00
1786960800000,1.9026399850845337,1.9031800031661987,1.90146005153656,1.902690052986145,0,2026-08-17 10:00:00+00:00
1786964400000,1.902590036392212,1.9030799865722656,1.901729941368103,1.9024499654769897,0,2026-08-17 11:00:00+00:00
1786968000000,1.9024499654769897,1.9045599699020386,1.9023900032043457,1.9039700031280518,0,2026-08-17 12:00:00+00:00
1786971600000,1.9040199518203735,1.906599998474121,1.9037699699401855,1.9054299592971802,0,2026-08-17 13:00:00+00:00
1786975200000,1.9054299592971802,1.9064099788665771,1.903190016746521,1.9055500030517578,0,2026-08-17 14:00:00+00:00
1786978800000,1.9055800437927246,1.9069199562072754,1.9050899744033813,1.906690001487732,0,2026-08-17 15:00:00+00:00
1786982400000,1.906749963760376,1.9069099426269531,1.9060499668121338,1.9064300060272217,0,2026-08-17 16:00:00+00:00
1786986000000,1.9063400030136108,1.9069600105285645,1.9062000513076782,1.906290054321289,0,2026-08-17 17:00:00+00:00
1786989600000,1.906350016593933,1.9065799713134766,1.9055399894714355,1.9061399698257446,0,2026-08-17 18:00:00+00:00
1786993200000,1.9061399698257446,1.9063600301742554,1.9056999683380127,1.906209945678711,0,2026-08-17 19:00:00+00:00
1786996800000,1.906209945678711,1.9066400527954102,1.904860019683838,1.9049999713897705,0,2026-08-17 20:00:00+00:00
1787000400000,1.905900001525879,1.9073699712753296,1.9032700061798096,1.9057300090789795,0,2026-08-17 21:00:00+00:00
1787004000000,1.9057300090789795,1.9065300226211548,1.9045599699020386,1.906000018119812,0,2026-08-17 22:00:00+00:00
1787007600000,1.9058200120925903,1.9065699577331543,1.9057400226593018,1.9061000347137451,0,2026-08-17 23:00:00+00:00
1787011200000,1.9061000347137451,1.9065500497817993,1.9052499532699585,1.905959963798523,0,2026-08-18 00:00:00+00:00
1787014800000,1.9058599472045898,1.9060399532318115,1.9050400257110596,1.905940055847168,0,2026-08-18 01:00:00+00:00
1787018400000,1.9059699773788452,1.9061800241470337,1.9045100212097168,1.9048199653625488,0,2026-08-18 02:00:00+00:00
1787022000000,1.9048000574111938,1.9058300256729126,1.9043500423431396,1.905500054359436,0,2026-08-18 03:00:00+00:00
1787025600000,1.9055099487304688,1.906559944152832,1.9050999879837036,1.9062399864196777,0,2026-08-18 04:00:00+00:00
1787029200000,1.9062399864196777,1.9075299501419067,1.9052900075912476,1.906209945678711,0,2026-08-18 05:00:00+00:00
1787032800000,1.9062700271606445,1.9071600437164307,1.9049299955368042,1.9050400257110596,0,2026-08-18 06:00:00+00:00
1787036400000,1.9050300121307373,1.90516996383667,1.9038499593734741,1.9046900272369385,0,2026-08-18 07:00:00+00:00
1787040000000,1.9046900272369385,1.905060052871704,1.9039499759674072,1.9048000574111938,0,2026-08-18 08:00:00+00:00
1787043600000,1.9048899412155151,1.9050400257110596,1.9032000303268433,1.9033600091934204,0,2026-08-18 09:00:00+00:00
1787047200000,1.9033900499343872,1.9038399457931519,1.9028799533843994,1.9031200408935547,0,2026-08-18 10:00:00+00:00
1787050800000,1.9031399488449097,1.9033600091934204,1.9021600484848022,1.9022899866104126,0,2026-08-18 11:00:00+00:00
1787054400000,1.9022899866104126,1.9028500318527222,1.901319980621338,1.902750015258789,0,2026-08-18 12:00:00+00:00
1787058000000,1.9027199745178223,1.9036699533462524,1.9015899896621704,1.9030400514602661,0,2026-08-18 13:00:00+00:00
1787061600000,1.9031399488449097,1.9080300331115723,1.9024800062179565,1.9076800346374512,0,2026-08-18 14:00:00+00:00
1787065200000,1.9076100587844849,1.9086600542068481,1.906290054321289,1.9084500074386597,0,2026-08-18 15:00:00+00:00
1787068800000,1.908460021018982,1.9099899530410767,1.908079981803894,1.909119963645935,0,2026-08-18 16:00:00+00:00
1787072400000,1.9090700149536133,1.9098199605941772,1.90788996219635,1.9097599983215332,0,2026-08-18 17:00:00+00:00
1787076000000,1.9097399711608887,1.9111100435256958,1.909190058708191,1.9102599620819092,0,2026-08-18 18:00:00+00:00
1787079600000,1.9102599620819092,1.9104599952697754,1.9097100496292114,1.910249948501587,0,2026-08-18 19:00:00+00:00
1787083200000,1.9100600481033325,1.9103200435638428,1.90733003616333,1.908560037612915,0,2026-08-18 20:00:00+00:00
1787086800000,1.907289981842041,1.9110499620437622,1.9071999788284302,1.9096599817276,0,2026-08-18 21:00:00+00:00
1787090400000,1.9099500179290771,1.9110499620437622,1.9083900451660156,1.910330057144165,0,2026-08-18 22:00:00+00:00
1787094000000,1.9103699922561646,1.9116400480270386,1.9102699756622314,1.9114099740982056,0,2026-08-18 23:00:00+00:00
1787097600000,1.9114099740982056,1.9125900268554688,1.9105099439620972,1.9124000072479248,0,2026-08-19 00:00:00+00:00
1787101200000,1.912310004234314,1.9131799936294556,1.9113999605178833,1.91211998462677,0,2026-08-19 01:00:00+00:00
1787104800000,1.9122099876403809,1.9133299589157104,1.9112999439239502,1.9126299619674683,0,2026-08-19 02:00:00+00:00
1787108400000,1.9125800132751465,1.9139599800109863,1.912559986114502,1.913849949836731,0,2026-08-19 03:00:00+00:00
1787112000000,1.913849949836731,1.915869951248169,1.9136099815368652,1.9144799709320068,0,2026-08-19 04:00:00+00:00
1787115600000,1.9144799709320068,1.9161900281906128,1.9141600131988525,1.9157400131225586,0,2026-08-19 05:00:00+00:00
1787119200000,1.915619969367981,1.916640043258667,1.9148800373077393,1.9155499935150146,0,2026-08-19 06:00:00+00:00
1787122800000,1.9154900312423706,1.917330026626587,1.9146100282669067,1.9170399904251099,0,2026-08-19 07:00:00+00:00
1787126400000,1.916990041732788,1.9173500537872314,1.9145900011062622,1.9147599935531616,0,2026-08-19 08:00:00+00:00
1787130000000,1.9147499799728394,1.9152100086212158,1.9136600494384766,1.915079951286316,0,2026-08-19 09:00:00+00:00
1787133600000,1.9149999618530273,1.9161700010299683,1.9147800207138062,1.915560007095337,0,2026-08-19 10:00:00+00:00
1787137200000,1.915560007095337,1.9165899753570557,1.9152499437332153,1.9156999588012695,0,2026-08-19 11:00:00+00:00
1787140800000,1.9156999588012695,1.91621994972229,1.9128299951553345,1.914829969406128,0,2026-08-19 12:00:00+00:00
1787144400000,1.9148800373077393,1.915220022201538,1.9113399982452393,1.912850022315979,0,2026-08-19 13:00:00+00:00
1787148000000,1.912909984588623,1.9132499694824219,1.9101899862289429,1.9111499786376953,0,2026-08-19 14:00:00+00:00
1787151600000,1.9111700057983398,1.9116100072860718,1.9096200466156006,1.9104399681091309,0,2026-08-19 15:00:00+00:00
1787155200000,1.9104399681091309,1.9109699726104736,1.909500002861023,1.9106899499893188,0,2026-08-19 16:00:00+00:00
1787158800000,1.9106500148773193,1.911329984664917,1.9093799591064453,1.9105499982833862,0,2026-08-19 17:00:00+00:00
1787162400000,1.9104499816894531,1.9110599756240845,1.9096499681472778,1.9104199409484863,0,2026-08-19 18:00:00+00:00
1787166000000,1.9104299545288086,1.910539984703064,1.9093600511550903,1.9099700450897217,0,2026-08-19 19:00:00+00:00
1787169600000,1.9100600481033325,1.910230040550232,1.9080400466918945,1.9081799983978271,0,2026-08-19 20:00:00+00:00
1787173200000,1.9088499546051025,1.9114500284194946,1.907189965248108,1.909749984741211,0,2026-08-19 21:00:00+00:00
1787176800000,1.9098399877548218,1.910230040550232,1.909000039100647,1.9092799425125122,0,2026-08-19 22:00:00+00:00
1787180400000,1.9091500043869019,1.9095100164413452,1.908460021018982,1.9092299938201904,0,2026-08-19 23:00:00+00:00
1787184000000,1.9093199968338013,1.9111499786376953,1.9089000225067139,1.9108699560165405,0,2026-08-20 00:00:00+00:00
1787187600000,1.910770058631897,1.9146100282669067,1.9085999727249146,1.9123599529266357,0,2026-08-20 01:00:00+00:00
1787191200000,1.9123599529266357,1.9130699634552002,1.9118200540542603,1.912369966506958,0,2026-08-20 02:00:00+00:00
1787194800000,1.9123300313949585,1.9129400253295898,1.911829948425293,1.9121400117874146,0,2026-08-20 03:00:00+00:00
1787198400000,1.912179946899414,1.9130300283432007,1.911180019378662,1.9126499891281128,0,2026-08-20 04:00:00+00:00
1787202000000,1.9126499891281128,1.9129799604415894,1.9117200374603271,1.9120299816131592,0,2026-08-20 05:00:00+00:00
1787205600000,1.9120399951934814,1.912619948387146,1.9112199544906616,1.911679983139038,0,2026-08-20 06:00:00+00:00
1787209200000,1.9115899801254272,1.9134999513626099,1.9111000299453735,1.9126100540161133,0,2026-08-20 07:00:00+00:00
1787212800000,1.912559986114502,1.9141199588775635,1.9118900299072266,1.913930058479309,0,2026-08-20 08:00:00+00:00
1787216400000,1.9138799905776978,1.9147100448608398,1.9127000570297241,1.9143999814987183,0,2026-08-20 09:00:00+00:00
1787220000000,1.914430022239685,1.9156500101089478,1.913789987564087,1.9153000116348267,0,2026-08-20 10:00:00+00:00
1787223600000,1.9153900146484375,1.9176199436187744,1.91389000415802,1.9174599647521973,0,2026-08-20 11:00:00+00:00
1787227200000,1.9175200462341309,1.9190200567245483,1.9162100553512573,1.9168599843978882,0,2026-08-20 12:00:00+00:00
1787230800000,1.9167699813842773,1.917140007019043,1.9140499830245972,1.9157099723815918,0,2026-08-20 13:00:00+00:00
1787234400000,1.9155999422073364,1.9161800146102905,1.9133700132369995,1.914199948310852,0,2026-08-20 14:00:00+00:00
1787238000000,1.9141600131988525,1.9159200191497803,1.91225004196167,1.915369987487793,0,2026-08-20 15:00:00+00:00
1787241600000,1.9152799844741821,1.9167300462722778,1.914989948272705,1.916260004043579,0,2026-08-20 16:00:00+00:00
1787245200000,1.9163199663162231,1.9164400100708008,1.9150899648666382,1.9158999919891357,0,2026-08-20 17:00:00+00:00
1787248800000,1.9158899784088135,1.9168299436569214,1.9155900478363037,1.9163000583648682,0,2026-08-20 18:00:00+00:00
1787252400000,1.9163600206375122,1.9166899919509888,1.9153900146484375,1.9160200357437134,0,2026-08-20 19:00:00+00:00
1787256000000,1.916059970855713,1.916409969329834,1.9142500162124634,1.9144500494003296,0,2026-08-20 20:00:00+00:00
1787259600000,1.9155999422073364,1.91743004322052,1.914080023765564,1.9163999557495117,0,2026-08-20 21:00:00+00:00
1787263200000,1.9161399602890015,1.9169600009918213,1.914870023727417,1.9160799980163574,0,2026-08-20 22:00:00+00:00
1787266800000,1.9154900312423706,1.916659951210022,1.9152899980545044,1.9163000583648682,0,2026-08-20 23:00:00+00:00
1787270400000,1.9163099527359009,1.9164299964904785,1.9143799543380737,1.9149199724197388,0,2026-08-21 00:00:00+00:00
1787274000000,1.9149800539016724,1.9151599407196045,1.912500023841858,1.9126399755477905,0,2026-08-21 01:00:00+00:00
1787277600000,1.9125499725341797,1.9127299785614014,1.909999966621399,1.9116100072860718,0,2026-08-21 02:00:00+00:00
1787281200000,1.9115899801254272,1.911829948425293,1.910290002822876,1.9106800556182861,0,2026-08-21 03:00:00+00:00
1787284800000,1.9106800556182861,1.9109300374984741,1.9101300239562988,1.9106500148773193,0,2026-08-21 04:00:00+00:00
1787288400000,1.9105900526046753,1.9110300540924072,1.9093899726867676,1.9105299711227417,0,2026-08-21 05:00:00+00:00
1787292000000,1.9105499982833862,1.9108500480651855,1.9089699983596802,1.9101699590682983,0,2026-08-21 06:00:00+00:00
1787295600000,1.910249948501587,1.9104700088500977,1.907230019569397,1.907520055770874,0,2026-08-21 07:00:00+00:00
1787299200000,1.907349944114685,1.9082399606704712,1.905060052871704,1.908079981803894,0,2026-08-21 08:00:00+00:00
1787302800000,1.908079981803894,1.9086999893188477,1.9068900346755981,1.9073899984359741,0,2026-08-21 09:00:00+00:00
1787306400000,1.9074499607086182,1.9076999425888062,1.9057300090789795,1.9062199592590332,0,2026-08-21 10:00:00+00:00
1787310000000,1.9062199592590332,1.9071300029754639,1.905519962310791,1.9063899517059326,0,2026-08-21 11:00:00+00:00
1787313600000,1.9064300060272217,1.9064600467681885,1.9035999774932861,1.9038599729537964,0,2026-08-21 12:00:00+00:00
1787317200000,1.9038000106811523,1.9043899774551392,1.9018900394439697,1.9026299715042114,0,2026-08-21 13:00:00+00:00
1787320800000,1.9026999473571777,1.903309941291809,1.900689959526062,1.9016799926757812,0,2026-08-21 14:00:00+00:00
1787324400000,1.9017399549484253,1.9019299745559692,1.8997600078582764,1.9010900259017944,0,2026-08-21 15:00:00+00:00
1787328000000,1.9010900259017944,1.9023000001907349,1.9001599550247192,1.901919960975647,0,2026-08-21 16:00:00+00:00
1787331600000,1.901919960975647,1.9019999504089355,1.9002900123596191,1.9014999866485596,0,2026-08-21 17:00:00+00:00
1787335200000,1.9015300273895264,1.9019999504089355,1.901360034942627,1.9016300439834595,0,2026-08-21 18:00:00+00:00
1787338800000,1.9017000198364258,1.9027700424194336,1.9015599489212036,1.9024699926376343,0,2026-08-21 19:00:00+00:00
1787342400000,1.9024699926376343,1.903439998626709,1.9007099866867065,1.9024200439453125,0,2026-08-21 20:00:00+00:00
1787346000000,1.90215003490448,1.90215003490448,1.90215003490448,1.90215003490448,0,2026-08-21 21:00:00+00:00
1787526000000,1.9027999639511108,1.9040299654006958,1.902690052986145,1.9037400484085083,0,2026-08-23 23:00:00+00:00
1787529600000,1.903090000152588,1.903980016708374,1.9023900032043457,1.9027800559997559,0,2026-08-24 00:00:00+00:00
1787533200000,1.9027899503707886,1.9040499925613403,1.9020500183105469,1.9039299488067627,0,2026-08-24 01:00:00+00:00
1787536800000,1.9039299488067627,1.9049400091171265,1.9033900499343872,1.9047000408172607,0,2026-08-24 02:00:00+00:00
1787540400000,1.9047000408172607,1.9051400423049927,1.9043300151824951,1.9045699834823608,0,2026-08-24 03:00:00+00:00
1787544000000,1.904520034790039,1.9047499895095825,1.903630018234253,1.9040800333023071,0,2026-08-24 04:00:00+00:00
1787547600000,1.904039978981018,1.9041500091552734,1.902750015258789,1.9030400514602661,0,2026-08-24 05:00:00+00:00
1787551200000,1.9029699563980103,1.904129981994629,1.9024300575256348,1.9031100273132324,0,2026-08-24 06:00:00+00:00
1787554800000,1.9030300378799438,1.904539942741394,1.9027400016784668,1.9028300046920776,0,2026-08-24 07:00:00+00:00
1787558400000,1.9027600288391113,1.9038599729537964,1.9019900560379028,1.9023000001907349,0,2026-08-24 08:00:00+00:00
1787562000000,1.9022599458694458,1.9033700227737427,1.9021600484848022,1.9032000303268433,0,2026-08-24 09:00:00+00:00
1787565600000,1.9032100439071655,1.9033499956130981,1.9024399518966675,1.9029500484466553,0,2026-08-24 10:00:00+00:00
1787569200000,1.902999997138977,1.9038900136947632,1.902359962463379,1.9035799503326416,0,2026-08-24 11:00:00+00:00
1787572800000,1.9035600423812866,1.9049400091171265,1.902459979057312,1.9047499895095825,0,2026-08-24 12:00:00+00:00
1787576400000,1.9047600030899048,1.9050699472427368,1.9029899835586548,1.9040100574493408,0,2026-08-24 13:00:00+00:00
1787580000000,1.90392005443573,1.9060399532318115,1.9037799835205078,1.9057799577713013,0,2026-08-24 14:00:00+00:00
1787583600000,1.9057799577713013,1.9069000482559204,1.905500054359436,1.9060800075531006,0,2026-08-24 15:00:00+00:00
1787587200000,1.9060800075531006,1.9071099758148193,1.9053000211715698,1.9070199728012085,0,2026-08-24 16:00:00+00:00
1787590800000,1.906999945640564,1.9083600044250488,1.906000018119812,1.9077999591827393,0,2026-08-24 17:00:00+00:00
1787594400000,1.9077999591827393,1.9080100059509277,1.9063999652862549,1.9070299863815308,0,2026-08-24 18:00:00+00:00
1787598000000,1.907039999961853,1.9071099758148193,1.9063899517059326,1.9064699411392212,0,2026-08-24 19:00:00+00:00
1787601600000,1.9064799547195435,1.906749963760376,1.9048000574111938,1.904919981956482,0,2026-08-24 20:00:00+00:00
1787605200000,1.9064199924468994,1.9079699516296387,1.9044400453567505,1.906290054321289,0,2026-08-24 21:00:00+00:00
1787608800000,1.906290054321289,1.9069700241088867,1.9045599699020386,1.9066200256347656,0,2026-08-24 22:00:00+00:00
1787612400000,1.9066400527954102,1.9071500301361084,1.9059300422668457,1.9061000347137451,0,2026-08-24 23:00:00+00:00
1787616000000,1.9061000347137451,1.9062199592590332,1.9050500392913818,1.9053399562835693,0,2026-08-25 00:00:00+00:00
1787619600000,1.9052900075912476,1.9062299728393555,1.904979944229126,1.9058500528335571,0,2026-08-25 01:00:00+00:00
1787623200000,1.9058500528335571,1.9060800075531006,1.9050699472427368,1.9056799411773682,0,2026-08-25 02:00:00+00:00
1787626800000,1.9056999683380127,1.9058899879455566,1.9045900106430054,1.905709981918335,0,2026-08-25 03:00:00+00:00
1787630400000,1.905709981918335,1.9066699743270874,1.9056299924850464,1.9059300422668457,0,2026-08-25 04:00:00+00:00
1787634000000,1.905900001525879,1.906000018119812,1.904670000076294,1.905460000038147,0,2026-08-25 05:00:00+00:00
1787637600000,1.9054399728775024,1.9075499773025513,1.9048199653625488,1.907349944114685,0,2026-08-25 06:00:00+00:00
1787641200000,1.90733003616333,1.909309983253479,1.907099962234497,1.9089900255203247,0,2026-08-25 07:00:00+00:00
1787644800000,1.9089900255203247,1.9094500541687012,1.9069199562072754,1.908079981803894,0,2026-08-25 08:00:00+00:00
1787648400000,1.908079981803894,1.9088399410247803,1.9053900241851807,1.906790018081665,0,2026-08-25 09:00:00+00:00
1787652000000,1.9068900346755981,1.9073100090026855,1.905709981918335,1.9057799577713013,0,2026-08-25 10:00:00+00:00
1787655600000,1.9058200120925903,1.9060499668121338,1.9046800136566162,1.9054499864578247,0,2026-08-25 11:00:00+00:00
1787659200000,1.9054499864578247,1.9063199758529663,1.9053800106048584,1.905769944190979,0,2026-08-25 12:00:00+00:00
1787662800000,1.905769944190979,1.906730055809021,1.905310034751892,1.9056199789047241,0,2026-08-25 13:00:00+00:00
1787666400000,1.9052400588989258,1.9061199426651,1.9040800333023071,1.9049400091171265,0,2026-08-25 14:00:00+00:00
1787670000000,1.9048800468444824,1.9057999849319458,1.9040700197219849,1.9050400257110596,0,2026-08-25 15:00:00+00:00
1787673600000,1.9050999879837036,1.9058400392532349,1.9048899412155151,1.9055399894714355,0,2026-08-25 16:00:00+00:00
1787677200000,1.9053900241851807,1.9062000513076782,1.9052900075912476,1.9061700105667114,0,2026-08-25 17:00:00+00:00
1787680800000,1.9061399698257446,1.906499981880188,1.9056400060653687,1.905900001525879,0,2026-08-25 18:00:00+00:00
1787684400000,1.905900001525879,1.9060800075531006,1.9051300287246704,1.9053599834442139,0,2026-08-25 19:00:00+00:00
1787688000000,1.9053900241851807,1.9054900407791138,1.9040800333023071,1.904919981956482,0,2026-08-25 20:00:00+00:00
1787691600000,1.9045000076293945,1.9068299531936646,1.9022200107574463,1.904360055923462,0,2026-08-25 21:00:00+00:00
1787695200000,1.9047199487686157,1.9055099487304688,1.9040499925613403,1.904979944229126,0,2026-08-25 22:00:00+00:00
1787698800000,1.9049400091171265,1.905150055885315,1.9040299654006958,1.9046399593353271,0,2026-08-25 23:00:00+00:00
1787702400000,1.904539942741394,1.9050699472427368,1.9036600589752197,1.9049700498580933,0,2026-08-26 00:00:00+00:00
1787706000000,1.904979944229126,1.9055700302124023,1.9000400304794312,1.901170015335083,0,2026-08-26 01:00:00+00:00
1787709600000,1.901170015335083,1.9016799926757812,1.898650050163269,1.8999099731445312,0,2026-08-26 02:00:00+00:00
1787713200000,1.8999099731445312,1.9001699686050415,1.897670030593872,1.8986599445343018,0,2026-08-26 03:00:00+00:00
1787716800000,1.8985999822616577,1.8998899459838867,1.8982599973678589,1.8992999792099,0,2026-08-26 04:00:00+00:00
1787720400000,1.8992999792099,1.899399995803833,1.8977199792861938,1.8981200456619263,0,2026-08-26 05:00:00+00:00
1787724000000,1.8981200456619263,1.8995000123977661,1.8970199823379517,1.8988699913024902,0,2026-08-26 06:00:00+00:00
1787727600000,1.8988699913024902,1.8999899625778198,1.898210048675537,1.8983800411224365,0,2026-08-26 07:00:00+00:00
1787731200000,1.8983800411224365,1.8986999988555908,1.8974299430847168,1.8976999521255493,0,2026-08-26 08:00:00+00:00
1787734800000,1.897760033607483,1.8981499671936035,1.8969500064849854,1.897379994392395,0,2026-08-26 09:00:00+00:00
1787738400000,1.8973699808120728,1.8974800109863281,1.8963500261306763,1.8967499732971191,0,2026-08-26 10:00:00+00:00
1787742000000,1.8967499732971191,1.8974699974060059,1.896690011024475,1.8968900442123413,0,2026-08-26 11:00:00+00:00
1787745600000,1.8969099521636963,1.8973000049591064,1.894860029220581,1.8958300352096558,0,2026-08-26 12:00:00+00:00
1787749200000,1.8958300352096558,1.896589994430542,1.8947499990463257,1.8954999446868896,0,2026-08-26 13:00:00+00:00
1787752800000,1.8954399824142456,1.8964899778366089,1.8946499824523926,1.8961900472640991,0,2026-08-26 14:00:00+00:00
1787756400000,1.89628005027771,1.8967299461364746,1.8949899673461914,1.8963700532913208,0,2026-08-26 15:00:00+00:00
1787760000000,1.8963099718093872,1.8965100049972534,1.895259976387024,1.8956300020217896,0,2026-08-26 16:00:00+00:00
1787763600000,1.8955800533294678,1.8960299491882324,1.8948400020599365,1.8950400352478027,0,2026-08-26 17:00:00+00:00
1787767200000,1.895050048828125,1.8952800035476685,1.8947299718856812,1.8951799869537354,0,2026-08-26 18:00:00+00:00
1787770800000,1.8950999975204468,1.8954499959945679,1.8946900367736816,1.8949400186538696,0,2026-08-26 19:00:00+00:00
1787774400000,1.8949799537658691,1.8955800533294678,1.8937100172042847,1.894760012626648,0,2026-08-26 20:00:00+00:00
1787778000000,1.895110011100769,1.8968499898910522,1.8925800323486328,1.8935999870300293,0,2026-08-26 21:00:00+00:00
1787781600000,1.8939199447631836,1.8949600458145142,1.89260995388031,1.893630027770996,0,2026-08-26 22:00:00+00:00
1787785200000,1.893239974975586,1.8936400413513184,1.8921600580215454,1.8930799961090088,0,2026-08-26 23:00:00+00:00
1787788800000,1.8933199644088745,1.8943899869918823,1.8927299976348877,1.8928099870681763,0,2026-08-27 00:00:00+00:00
1787792400000,1.89274001121521,1.8930200338363647,1.891469955444336,1.8921400308609009,0,2026-08-27 01:00:00+00:00
1787796000000,1.8920899629592896,1.8925800323486328,1.8913400173187256,1.8921400308609009,0,2026-08-27 02:00:00+00:00
1787799600000,1.892199993133545,1.892699956893921,1.8915599584579468,1.8917100429534912,0,2026-08-27 03:00:00+00:00
1787803200000,1.8917100429534912,1.8922100067138672,1.8908400535583496,1.8909599781036377,0,2026-08-27 04:00:00+00:00
1787806800000,1.8909599781036377,1.892259955406189,1.8909200429916382,1.8919399976730347,0,2026-08-27 05:00:00+00:00
1787810400000,1.8918499946594238,1.8924299478530884,1.8910200595855713,1.8916000127792358,0,2026-08-27 06:00:00+00:00
1787814000000,1.8916599750518799,1.8926500082015991,1.8914599418640137,1.8920600414276123,0,2026-08-27 07:00:00+00:00
1787817600000,1.8921400308609009,1.892359972000122,1.890239953994751,1.890429973602295,0,2026-08-27 08:00:00+00:00
1787821200000,1.890429973602295,1.8922300338745117,1.8902900218963623,1.891819953918457,0,2026-08-27 09:00:00+00:00
1787824800000,1.8917200565338135,1.891890048980713,1.8907999992370605,1.8908100128173828,0,2026-08-27 10:00:00+00:00
1787828400000,1.890820026397705,1.8915400505065918,1.8892500400543213,1.8892699480056763,0,2026-08-27 11:00:00+00:00
1787832000000,1.8892699480056763,1.8896700143814087,1.8878099918365479,1.888550043106079,0,2026-08-27 12:00:00+00:00
1787835600000,1.888550043106079,1.8911099433898926,1.8885300159454346,1.889930009841919,0,2026-08-27 13:00:00+00:00
1787839200000,1.889930009841919,1.8902000188827515,1.8880900144577026,1.8886300325393677,0,2026-08-27 14:00:00+00:00
1787842800000,1.8886699676513672,1.889490008354187,1.8881200551986694,1.8894000053405762,0,2026-08-27 15:00:00+00:00
1787846400000,1.8894100189208984,1.890120029449463,1.8884600400924683,1.8886699676513672,0,2026-08-27 16:00:00+00:00
1787850000000,1.8885799646377563,1.8891299962997437,1.8880599737167358,1.8881900310516357,0,2026-08-27 17:00:00+00:00
1787853600000,1.8882100582122803,1.8887100219726562,1.888159990310669,1.8884799480438232,0,2026-08-27 18:00:00+00:00
1787857200000,1.8884899616241455,1.888659954071045,1.8881100416183472,1.8883399963378906,0,2026-08-27 19:00:00+00:00
1787860800000,1.8883299827575684,1.8894200325012207,1.887760043144226,1.8892199993133545,0,2026-08-27 20:00:00+00:00
1787864400000,1.8892500400543213,1.8903000354766846,1.8873599767684937,1.8885799646377563,0,2026-08-27 21:00:00+00:00
1787868000000,1.8884700536727905,1.8896600008010864,1.8871500492095947,1.889549970626831,0,2026-08-27 22:00:00+00:00
1787871600000,1.889549970626831,1.8900799751281738,1.8894399404525757,1.8895900249481201,0,2026-08-27 23:00:00+00:00
1787875200000,1.8895000219345093,1.8897299766540527,1.888569951057434,1.8892600536346436,0,2026-08-28 00:00:00+00:00
1787878800000,1.8891600370407104,1.8894799947738647,1.8880800008773804,1.8883299827575684,0,2026-08-28 01:00:00+00:00
1787882400000,1.8882800340652466,1.8883899450302124,1.8866100311279297,1.8869400024414062,0,2026-08-28 02:00:00+00:00
1787886000000,1.8869099617004395,1.8875099420547485,1.8865000009536743,1.887030005455017,0,2026-08-28 03:00:00+00:00
1787889600000,1.8870899677276611,1.8878899812698364,1.8867499828338623,1.8876899480819702,0,2026-08-28 04:00:00+00:00
1787893200000,1.8876500129699707,1.8889299631118774,1.8872900009155273,1.8885799646377563,0,2026-08-28 05:00:00+00:00
1787896800000,1.8886100053787231,1.8890000581741333,1.8874499797821045,1.887969970703125,0,2026-08-28 06:00:00+00:00
1787900400000,1.8879599571228027,1.8886300325393677,1.8874200582504272,1.8882100582122803,0,2026-08-28 07:00:00+00:00
1787904000000,1.8881299495697021,1.8888800144195557,1.887850046157837,1.8888299465179443,0,2026-08-28 08:00:00+00:00
1787907600000,1.8888299465179443,1.8889199495315552,1.8869999647140503,1.8871300220489502,0,2026-08-28 09:00:00+00:00
1787911200000,1.8871300220489502,1.8879799842834473,1.886780023574829,1.8875700235366821,0,2026-08-28 10:00:00+00:00
1787914800000,1.8876500129699707,1.8885600566864014,1.8874499797821045,1.8884400129318237,0,2026-08-28 11:00:00+00:00
1787918400000,1.8884400129318237,1.888569951057434,1.88618004322052,1.8862199783325195,0,2026-08-28 12:00:00+00:00
1787922000000,1.8862199783325195,1.8872699737548828,1.8855199813842773,1.8865300416946411,0,2026-08-28 13:00:00+00:00
1787925600000,1.8865100145339966,1.8901100158691406,1.8847399950027466,1.8891500234603882,0,2026-08-28 14:00:00+00:00
1787929200000,1.8891199827194214,1.892109990119934,1.8889399766921997,1.8917499780654907,0,2026-08-28 15:00:00+00:00
1787932800000,1.8918100595474243,1.891950011253357,1.8902900218963623,1.8904600143432617,0,2026-08-28 16:00:00+00:00
1787936400000,1.8904999494552612,1.8906899690628052,1.8897900581359863,1.890179991722107,0,2026-08-28 17:00:00+00:00
1787940000000,1.8902100324630737,1.8906500339508057,1.8898299932479858,1.8899999856948853,0,2026-08-28 18:00:00+00:00
1787943600000,1.889989972114563,1.8902499675750732,1.889680027961731,1.8899199962615967,0,2026-08-28 19:00:00+00:00
1787947200000,1.8899799585342407,1.8905199766159058,1.8870999813079834,1.8893200159072876,0,2026-08-28 20:00:00+00:00
1787950800000,1.8897600173950195,1.8898600339889526,1.8897600173950195,1.8898600339889526,0,2026-08-28 21:00:00+00:00
1788130800000,1.8901499509811401,1.8912500143051147,1.8898600339889526,1.8911399841308594,0,2026-08-30 23:00:00+00:00
1788134400000,1.8911099433898926,1.8917100429534912,1.8903499841690063,1.8907099962234497,0,2026-08-31 00:00:00+00:00
1788138000000,1.8903499841690063,1.8912999629974365,1.8894200325012207,1.8897000551223755,0,2026-08-31 01:00:00+00:00
1788141600000,1.8897000551223755,1.8906500339508057,1.8893799781799316,1.8900200128555298,0,2026-08-31 02:00:00+00:00
1788145200000,1.8899500370025635,1.8900699615478516,1.8889399766921997,1.8896499872207642,0,2026-08-31 03:00:00+00:00
1788148800000,1.8895599842071533,1.8903599977493286,1.8895200490951538,1.8899400234222412,0,2026-08-31 04:00:00+00:00
1788152400000,1.8899400234222412,1.8907400369644165,1.8897900581359863,1.8902699947357178,0,2026-08-31 05:00:00+00:00
1788156000000,1.890220046043396,1.8913999795913696,1.8900200128555298,1.8910900354385376,0,2026-08-31 06:00:00+00:00
1788159600000,1.8910200595855713,1.8922200202941895,1.8903199434280396,1.891610026359558,0,2026-08-31 07:00:00+00:00
1788163200000,1.8915899991989136,1.8924800157546997,1.8912800550460815,1.8914799690246582,0,2026-08-31 08:00:00+00:00
1788166800000,1.8914999961853027,1.8919199705123901,1.8909800052642822,1.891070008277893,0,2026-08-31 09:00:00+00:00
1788170400000,1.891160011291504,1.8920700550079346,1.8908599615097046,1.8918700218200684,0,2026-08-31 10:00:00+00:00
1788174000000,1.8918700218200684,1.8920400142669678,1.890339970588684,1.8905600309371948,0,2026-08-31 11:00:00+00:00
1788177600000,1.8905600309371948,1.891890048980713,1.889389991760254,1.8909599781036377,0,2026-08-31 12:00:00+00:00
1788181200000,1.8909900188446045,1.8914999961853027,1.8905600309371948,1.890779972076416,0,2026-08-31 13:00:00+00:00
1788184800000,1.8908100128173828,1.892490029335022,1.8894100189208984,1.8917100429534912,0,2026-08-31 14:00:00+00:00
1788188400000,1.8917800188064575,1.8926500082015991,1.8904900550842285,1.8907599449157715,0,2026-08-31 15:00:00+00:00
1788192000000,1.8907099962234497,1.89096999168396,1.8901100158691406,1.8901599645614624,0,2026-08-31 16:00:00+00:00
1788195600000,1.8901400566101074,1.8912099599838257,1.8900599479675293,1.8907500505447388,0,2026-08-31 17:00:00+00:00
1788199200000,1.890820026397705,1.8912700414657593,1.8906999826431274,1.8911999464035034,0,2026-08-31 18:00:00+00:00
1788202800000,1.891219973564148,1.8913600444793701,1.8904099464416504,1.8907300233840942,0,2026-08-31 19:00:00+00:00
1788206400000,1.890779972076416,1.890910029411316,1.8890000581741333,1.889359951019287,0,2026-08-31 20:00:00+00:00
1788210000000,1.8900200128555298,1.8911999464035034,1.8884999752044678,1.8908100128173828,0,2026-08-31 21:00:00+00:00
1788213600000,1.8907699584960938,1.891070008277893,1.8896900415420532,1.8902299404144287,0,2026-08-31 22:00:00+00:00
1788217200000,1.8900699615478516,1.8904500007629395,1.8891899585723877,1.8892799615859985,0,2026-08-31 23:00:00+00:00
1788220800000,1.8892799615859985,1.8901599645614624,1.8878999948501587,1.8899400234222412,0,2026-09-01 00:00:00+00:00
1788224400000,1.8898500204086304,1.890470027923584,1.8878899812698364,1.888409972190857,0,2026-09-01 01:00:00+00:00
1788228000000,1.8884600400924683,1.8889700174331665,1.8877300024032593,1.8881900310516357,0,2026-09-01 02:00:00+00:00
1788231600000,1.888260006904602,1.8895800113677979,1.8882399797439575,1.8892799615859985,0,2026-09-01 03:00:00+00:00
1788235200000,1.8893200159072876,1.8896199464797974,1.8885200023651123,1.8893100023269653,0,2026-09-01 04:00:00+00:00
1788238800000,1.8892899751663208,1.889739990234375,1.8888399600982666,1.8895000219345093,0,2026-09-01 05:00:00+00:00
1788242400000,1.889490008354187,1.8904500007629395,1.8883999586105347,1.889840006828308,0,2026-09-01 06:00:00+00:00
1788246000000,1.889799952507019,1.8920899629592896,1.8897299766540527,1.891890048980713,0,2026-09-01 07:00:00+00:00
1788249600000,1.891800045967102,1.8956400156021118,1.8912299871444702,1.8952499628067017,0,2026-09-01 08:00:00+00:00
1788253200000,1.8954800367355347,1.8970999717712402,1.8949400186538696,1.895359992980957,0,2026-09-01 09:00:00+00:00
1788256800000,1.8953100442886353,1.895609974861145,1.8942300081253052,1.8946499824523926,0,2026-09-01 10:00:00+00:00
1788260400000,1.894610047340393,1.8949099779129028,1.8937599658966064,1.8943500518798828,0,2026-09-01 11:00:00+00:00
1788264000000,1.8943500518798828,1.8950400352478027,1.8911700248718262,1.891260027885437,0,2026-09-01 12:00:00+00:00
1788267600000,1.891260027885437,1.89382004737854,1.8910000324249268,1.892449975013733,0,2026-09-01 13:00:00+00:00
1788271200000,1.8928300142288208,1.8934799432754517,1.8908400535583496,1.8921799659729004,0,2026-09-01 14:00:00+00:00
1788274800000,1.8921300172805786,1.8923100233078003,1.8890199661254883,1.8895200490951538,0,2026-09-01 15:00:00+00:00
1788278400000,1.8894599676132202,1.8913600444793701,1.8893699645996094,1.8900500535964966,0,2026-09-01 16:00:00+00:00
1788282000000,1.890030026435852,1.89096999168396,1.8899600505828857,1.8907099962234497,0,2026-09-01 17:00:00+00:00
1788285600000,1.8907099962234497,1.891160011291504,1.8904600143432617,1.890679955482483,0,2026-09-01 18:00:00+00:00
1788289200000,1.8907099962234497,1.8915300369262695,1.8906500339508057,1.8913999795913696,0,2026-09-01 19:00:00+00:00
1788292800000,1.8913999795913696,1.891819953918457,1.8902699947357178,1.891379952430725,0,2026-09-01 20:00:00+00:00
1788296400000,1.8905500173568726,1.8921300172805786,1.8872599601745605,1.8905400037765503,0,2026-09-01 21:00:00+00:00
1788300000000,1.8910000324249268,1.8919299840927124,1.8904999494552612,1.8909300565719604,0,2026-09-01 22:00:00+00:00
1788303600000,1.8907400369644165,1.891450047492981,1.8905500173568726,1.8910599946975708,0,2026-09-01 23:00:00+00:00
1788307200000,1.8911199569702148,1.8918399810791016,1.8905999660491943,1.8913400173187256,0,2026-09-02 00:00:00+00:00
1788310800000,1.891319990158081,1.8916900157928467,1.8870799541473389,1.8889700174331665,0,2026-09-02 01:00:00+00:00
1788314400000,1.8889700174331665,1.8916900157928467,1.887910008430481,1.8909900188446045,0,2026-09-02 02:00:00+00:00
1788318000000,1.8910800218582153,1.8913899660110474,1.8900200128555298,1.8908499479293823,0,2026-09-02 03:00:00+00:00
1788321600000,1.8908400535583496,1.8923900127410889,1.8907300233840942,1.8920700550079346,0,2026-09-02 04:00:00+00:00
1788325200000,1.8920700550079346,1.8924299478530884,1.890179991722107,1.8903499841690063,0,2026-09-02 05:00:00+00:00
1788328800000,1.8903499841690063,1.8907699584960938,1.8892899751663208,1.8898999691009521,0,2026-09-02 06:00:00+00:00
1788332400000,1.8898899555206299,1.8913600444793701,1.889240026473999,1.8911000490188599,0,2026-09-02 07:00:00+00:00
1788336000000,1.8910900354385376,1.8951900005340576,1.890660047531128,1.8941400051116943,0,2026-09-02 08:00:00+00:00
1788339600000,1.8941600322723389,1.8954499959945679,1.892989993095398,1.8931000232696533,0,2026-09-02 09:00:00+00:00
1788343200000,1.8930599689483643,1.893239974975586,1.890239953994751,1.8904399871826172,0,2026-09-02 10:00:00+00:00
1788346800000,1.8903000354766846,1.8907699584960938,1.8871400356292725,1.887179970741272,0,2026-09-02 11:00:00+00:00
1788350400000,1.887179970741272,1.8875000476837158,1.884719967842102,1.8850200176239014,0,2026-09-02 12:00:00+00:00
1788354000000,1.8850500583648682,1.8857200145721436,1.8830599784851074,1.8837699890136719,0,2026-09-02 13:00:00+00:00
1788357600000,1.8832600116729736,1.8849200010299683,1.8829100131988525,1.8834999799728394,0,2026-09-02 14:00:00+00:00
1788361200000,1.883489966392517,1.883829951286316,1.8821500539779663,1.8832900524139404,0,2026-09-02 15:00:00+00:00
1788364800000,1.8832600116729736,1.8834600448608398,1.8823100328445435,1.8824700117111206,0,2026-09-02 16:00:00+00:00
1788368400000,1.8825000524520874,1.8826500177383423,1.8810399770736694,1.8812299966812134,0,2026-09-02 17:00:00+00:00
1788372000000,1.8812999725341797,1.881700038909912,1.8809700012207031,1.881410002708435,0,2026-09-02 18:00:00+00:00
1788375600000,1.8814599514007568,1.8814799785614014,1.8807300329208374,1.8809900283813477,0,2026-09-02 19:00:00+00:00
1788379200000,1.8809700012207031,1.8812899589538574,1.8794200420379639,1.8801499605178833,0,2026-09-02 20:00:00+00:00
1788382800000,1.880210041999817,1.8827400207519531,1.8793799877166748,1.8800899982452393,0,2026-09-02 21:00:00+00:00
1788386400000,1.8794200420379639,1.8812700510025024,1.8794100284576416,1.8811999559402466,0,2026-09-02 22:00:00+00:00
1788390000000,1.8809900283813477,1.8822100162506104,1.8808300495147705,1.8819799423217773,0,2026-09-02 23:00:00+00:00
1788393600000,1.8819199800491333,1.882449984550476,1.8812899589538574,1.882099986076355,0,2026-09-03 00:00:00+00:00
1788397200000,1.882099986076355,1.8825000524520874,1.881160020828247,1.8812700510025024,0,2026-09-03 01:00:00+00:00
1788400800000,1.8812899589538574,1.883430004119873,1.881160020828247,1.883389949798584,0,2026-09-03 02:00:00+00:00
1788404400000,1.8834199905395508,1.8837699890136719,1.881809949874878,1.8820099830627441,0,2026-09-03 03:00:00+00:00
1788408000000,1.8820500373840332,1.882539987564087,1.8815399408340454,1.8824100494384766,0,2026-09-03 04:00:00+00:00
1788411600000,1.8823599815368652,1.88510000705719,1.8822699785232544,1.8833099603652954,0,2026-09-03 05:00:00+00:00
1788415200000,1.8833199739456177,1.88372004032135,1.8821200132369995,1.8830100297927856,0,2026-09-03 06:00:00+00:00
1788418800000,1.8829699754714966,1.8831700086593628,1.881160020828247,1.8818199634552002,0,2026-09-03 07:00:00+00:00
1788422400000,1.8817399740219116,1.8819500207901,1.8785799741744995,1.8797500133514404,0,2026-09-03 08:00:00+00:00
1788426000000,1.8796700239181519,1.8798099756240845,1.8773399591445923,1.8786100149154663,0,2026-09-03 09:00:00+00:00
1788429600000,1.878659963607788,1.8790099620819092,1.8764300346374512,1.876710057258606,0,2026-09-03 10:00:00+00:00
1788433200000,1.87663996219635,1.877150058746338,1.8752000331878662,1.8762400150299072,0,2026-09-03 11:00:00+00:00
1788436800000,1.876170039176941,1.8772599697113037,1.8742200136184692,1.8761800527572632,0,2026-09-03 12:00:00+00:00
1788440400000,1.8762400150299072,1.878999948501587,1.8754199743270874,1.8788299560546875,0,2026-09-03 13:00:00+00:00
1788444000000,1.8787699937820435,1.8803900480270386,1.8775500059127808,1.8794499635696411,0,2026-09-03 14:00:00+00:00
1788447600000,1.8793799877166748,1.8816299438476562,1.8790299892425537,1.8798999786376953,0,2026-09-03 15:00:00+00:00
1788451200000,1.8798500299453735,1.880370020866394,1.8795000314712524,1.8796099424362183,0,2026-09-03 16:00:00+00:00
1788454800000,1.8795900344848633,1.8799899816513062,1.878909945487976,1.8791300058364868,0,2026-09-03 17:00:00+00:00
1788458400000,1.8791500329971313,1.8792099952697754,1.8785300254821777,1.8787100315093994,0,2026-09-03 18:00:00+00:00
1788462000000,1.8787200450897217,1.879140019416809,1.8775700330734253,1.8777600526809692,0,2026-09-03 19:00:00+00:00
1788465600000,1.877750039100647,1.878440022468567,1.8777400255203247,1.8777600526809692,0,2026-09-03 20:00:00+00:00
1788469200000,1.877619981765747,1.879480004310608,1.875980019569397,1.8777799606323242,0,2026-09-03 21:00:00+00:00
1788472800000,1.87785005569458,1.8785899877548218,1.8770400285720825,1.8782999515533447,0,2026-09-03 22:00:00+00:00
1788476400000,1.8782999515533447,1.878849983215332,1.8779300451278687,1.8787699937820435,0,2026-09-03 23:00:00+00:00
1788480000000,1.878749966621399,1.8789900541305542,1.877500057220459,1.8776500225067139,0,2026-09-04 00:00:00+00:00
1788483600000,1.8776799440383911,1.878250002861023,1.8756999969482422,1.8761800527572632,0,2026-09-04 01:00:00+00:00
1788487200000,1.8761800527572632,1.877560019493103,1.8761299848556519,1.8770500421524048,0,2026-09-04 02:00:00+00:00
1788490800000,1.8770400285720825,1.877769947052002,1.8768199682235718,1.8769199848175049,0,2026-09-04 03:00:00+00:00
1788494400000,1.876889944076538,1.877020001411438,1.8758200407028198,1.876710057258606,0,2026-09-04 04:00:00+00:00
1788498000000,1.876729965209961,1.877619981765747,1.8765900135040283,1.8772499561309814,0,2026-09-04 05:00:00+00:00
1788501600000,1.8773000240325928,1.8797800540924072,1.8772499561309814,1.8796000480651855,0,2026-09-04 06:00:00+00:00
1788505200000,1.8796000480651855,1.8808200359344482,1.8793200254440308,1.879390001296997,0,2026-09-04 07:00:00+00:00
1788508800000,1.879480004310608,1.8805400133132935,1.8786300420761108,1.8792999982833862,0,2026-09-04 08:00:00+00:00
1788512400000,1.8792500495910645,1.8794300556182861,1.8781100511550903,1.8781100511550903,0,2026-09-04 09:00:00+00:00
1788516000000,1.8781100511550903,1.8793100118637085,1.8778300285339355,1.8792500495910645,0,2026-09-04 10:00:00+00:00
1788519600000,1.8792500495910645,1.8797399997711182,1.8783600330352783,1.8784500360488892,0,2026-09-04 11:00:00+00:00
1788523200000,1.8784500360488892,1.880519986152649,1.875100016593933,1.877150058746338,0,2026-09-04 12:00:00+00:00
1788526800000,1.8771699666976929,1.878159999847412,1.8750100135803223,1.8759700059890747,0,2026-09-04 13:00:00+00:00
1788530400000,1.8759700059890747,1.877020001411438,1.8756500482559204,1.8760199546813965,0,2026-09-04 14:00:00+00:00
1788534000000,1.876039981842041,1.8763799667358398,1.8750300407409668,1.8756200075149536,0,2026-09-04 15:00:00+00:00
1788537600000,1.8756300210952759,1.8757100105285645,1.8747299909591675,1.8749500513076782,0,2026-09-04 16:00:00+00:00
1788541200000,1.875100016593933,1.875980019569397,1.8747199773788452,1.8758900165557861,0,2026-09-04 17:00:00+00:00
1788544800000,1.8759599924087524,1.876170039176941,1.8757599592208862,1.8758200407028198,0,2026-09-04 18:00:00+00:00
1788548400000,1.8758399486541748,1.8760900497436523,1.8755700588226318,1.8756699562072754,0,2026-09-04 19:00:00+00:00
1788552000000,1.8756500482559204,1.876829981803894,1.8741300106048584,1.875309944152832,0,2026-09-04 20:00:00+00:00
1788555600000,1.8774199485778809,1.8774199485778809,1.8774199485778809,1.8774199485778809,0,2026-09-04 21:00:00+00:00
1788735600000,1.875749945640564,1.8758599758148193,1.8752399682998657,1.875540018081665,0,2026-09-06 23:00:00+00:00
1788739200000,1.8756200075149536,1.8763699531555176,1.8749300241470337,1.8756699562072754,0,2026-09-07 00:00:00+00:00
1788742800000,1.8756699562072754,1.8762500286102295,1.8750200271606445,1.8758599758148193,0,2026-09-07 01:00:00+00:00
1788746400000,1.8759100437164307,1.8764599561691284,1.8756699562072754,1.8760099411010742,0,2026-09-07 02:00:00+00:00
1788750000000,1.876099944114685,1.8765499591827393,1.8751399517059326,1.8752700090408325,0,2026-09-07 03:00:00+00:00
1788753600000,1.8753000497817993,1.875920057296753,1.875059962272644,1.8751800060272217,0,2026-09-07 04:00:00+00:00
1788757200000,1.8751800060272217,1.8754600286483765,1.8745100498199463,1.874959945678711,0,2026-09-07 05:00:00+00:00
1788760800000,1.874959945678711,1.8755099773406982,1.8742300271987915,1.8747700452804565,0,2026-09-07 06:00:00+00:00
1788764400000,1.8747199773788452,1.8749300241470337,1.8730800151824951,1.8736399412155151,0,2026-09-07 07:00:00+00:00
1788768000000,1.873669981956482,1.875499963760376,1.8733500242233276,1.8749500513076782,0,2026-09-07 08:00:00+00:00
1788771600000,1.875,1.8756799697875977,1.8744399547576904,1.8753199577331543,0,2026-09-07 09:00:00+00:00
1788775200000,1.8753999471664429,1.8755300045013428,1.8749099969863892,1.8753900527954102,0,2026-09-07 10:00:00+00:00
1788778800000,1.8753999471664429,1.8761600255966187,1.8751699924468994,1.8757400512695312,0,2026-09-07 11:00:00+00:00
1788782400000,1.8757200241088867,1.8763699531555176,1.8751399517059326,1.8759900331497192,0,2026-09-07 12:00:00+00:00
1788786000000,1.8760199546813965,1.8762600421905518,1.8746999502182007,1.8747400045394897,0,2026-09-07 13:00:00+00:00
1788789600000,1.8747400045394897,1.8763099908828735,1.8744399547576904,1.8761800527572632,0,2026-09-07 14:00:00+00:00
1788793200000,1.8762500286102295,1.8762600421905518,1.875599980354309,1.8757799863815308,0,2026-09-07 15:00:00+00:00
1788796800000,1.8758699893951416,1.8763999938964844,1.8756500482559204,1.876099944114685,0,2026-09-07 16:00:00+00:00
1788800400000,1.8761099576950073,1.876170039176941,1.875849962234497,1.8760000467300415,0,2026-09-07 17:00:00+00:00
1788804000000,1.8760099411010742,1.8761600255966187,1.8758200407028198,1.8759700059890747,0,2026-09-07 18:00:00+00:00
1788807600000,1.8759700059890747,1.876230001449585,1.8758200407028198,1.8758599758148193,0,2026-09-07 19:00:00+00:00
1788811200000,1.8758599758148193,1.8760000467300415,1.8745100498199463,1.8756300210952759,0,2026-09-07 20:00:00+00:00
1788814800000,1.8756699562072754,1.876829981803894,1.8737900257110596,1.8756300210952759,0,2026-09-07 21:00:00+00:00
1788818400000,1.874899983406067,1.8760900497436523,1.8745100498199463,1.8759900331497192,0,2026-09-07 22:00:00+00:00
1788822000000,1.8759000301361084,1.8764100074768066,1.8753299713134766,1.8758200407028198,0,2026-09-07 23:00:00+00:00
1788825600000,1.8758100271224976,1.8768399953842163,1.8756099939346313,1.8763699531555176,0,2026-09-08 00:00:00+00:00
1788829200000,1.8763600587844849,1.8775899410247803,1.8761299848556519,1.8774000406265259,0,2026-09-08 01:00:00+00:00
1788832800000,1.8774000406265259,1.8784199953079224,1.8768800497055054,1.8772300481796265,0,2026-09-08 02:00:00+00:00
1788836400000,1.8772200345993042,1.8779499530792236,1.8758900165557861,1.876170039176941,0,2026-09-08 03:00:00+00:00
1788840000000,1.8761099576950073,1.8768399953842163,1.875440001487732,1.8760000467300415,0,2026-09-08 04:00:00+00:00
1788843600000,1.8760000467300415,1.8767600059509277,1.8757200241088867,1.8763600587844849,0,2026-09-08 05:00:00+00:00
1788847200000,1.8762600421905518,1.877619981765747,1.8762600421905518,1.8770899772644043,0,2026-09-08 06:00:00+00:00
1788850800000,1.8770400285720825,1.8772399425506592,1.8756599426269531,1.8759599924087524,0,2026-09-08 07:00:00+00:00
1788854400000,1.8760299682617188,1.876960039138794,1.8756099939346313,1.8759499788284302,0,2026-09-08 08:00:00+00:00
1788858000000,1.8758800029754639,1.8772300481796265,1.875349998474121,1.875599980354309,0,2026-09-08 09:00:00+00:00
1788861600000,1.875599980354309,1.8761299848556519,1.8751399517059326,1.8755700588226318,0,2026-09-08 10:00:00+00:00
1788865200000,1.8755799531936646,1.8776700496673584,1.8748199939727783,1.8775099515914917,0,2026-09-08 11:00:00+00:00
1788868800000,1.8774700164794922,1.8780299425125122,1.8761099576950073,1.8762799501419067,0,2026-09-08 12:00:00+00:00
1788872400000,1.8761999607086182,1.8767499923706055,1.8752399682998657,1.8756300210952759,0,2026-09-08 13:00:00+00:00
1788876000000,1.8755799531936646,1.8766000270843506,1.8742599487304688,1.8760900497436523,0,2026-09-08 14:00:00+00:00
1788879600000,1.8761600255966187,1.8764400482177734,1.8751800060272217,1.8760199546813965,0,2026-09-08 15:00:00+00:00
1788883200000,1.8759700059890747,1.8764400482177734,1.8748400211334229,1.8752299547195435,0,2026-09-08 16:00:00+00:00
1788886800000,1.8752199411392212,1.8753000497817993,1.8745900392532349,1.874959945678711,0,2026-09-08 17:00:00+00:00
1788890400000,1.8749200105667114,1.8755799531936646,1.8745299577713013,1.8755199909210205,0,2026-09-08 18:00:00+00:00
1788894000000,1.8755799531936646,1.8763699531555176,1.8748899698257446,1.875980019569397,0,2026-09-08 19:00:00+00:00
1788897600000,1.8760299682617188,1.876479983329773,1.8755500316619873,1.8759900331497192,0,2026-09-08 20:00:00+00:00
1788901200000,1.8757100105285645,1.8762400150299072,1.8727400302886963,1.874060034751892,0,2026-09-08 21:00:00+00:00
1788904800000,1.874019980430603,1.875980019569397,1.874019980430603,1.875830054283142,0,2026-09-08 22:00:00+00:00
1788908400000,1.8755899667739868,1.8760499954223633,1.8750499486923218,1.8754700422286987,0,2026-09-08 23:00:00+00:00
1788912000000,1.8754700422286987,1.8755500316619873,1.8743300437927246,1.874709963798523,0,2026-09-09 00:00:00+00:00
1788915600000,1.8747299909591675,1.875849962234497,1.874519944190979,1.8752199411392212,0,2026-09-09 01:00:00+00:00
1788919200000,1.8751800060272217,1.8755700588226318,1.8745900392532349,1.8750799894332886,0,2026-09-09 02:00:00+00:00
1788922800000,1.8750799894332886,1.875599980354309,1.874500036239624,1.8750799894332886,0,2026-09-09 03:00:00+00:00
1788926400000,1.8750799894332886,1.875499963760376,1.8740400075912476,1.8741099834442139,0,2026-09-09 04:00:00+00:00
1788930000000,1.8740899562835693,1.8746299743652344,1.873729944229126,1.8742200136184692,0,2026-09-09 05:00:00+00:00
1788933600000,1.8742200136184692,1.8753999471664429,1.873170018196106,1.8748600482940674,0,2026-09-09 06:00:00+00:00
1788937200000,1.8747999668121338,1.8749899864196777,1.8737900257110596,1.8747600317001343,0,2026-09-09 07:00:00+00:00
1788940800000,1.8746999502182007,1.8752599954605103,1.874079942703247,1.8746800422668457,0,2026-09-09 08:00:00+00:00
1788944400000,1.8746700286865234,1.8763999938964844,1.8744699954986572,1.8753399848937988,0,2026-09-09 09:00:00+00:00
1788948000000,1.8753399848937988,1.8769899606704712,1.8752199411392212,1.8761999607086182,0,2026-09-09 10:00:00+00:00
1788951600000,1.8761600255966187,1.878790020942688,1.8758399486541748,1.8777400255203247,0,2026-09-09 11:00:00+00:00
1788955200000,1.8776600360870361,1.8781800270080566,1.875599980354309,1.8759000301361084,0,2026-09-09 12:00:00+00:00
1788958800000,1.8758399486541748,1.876289963722229,1.873900055885315,1.8759700059890747,0,2026-09-09 13:00:00+00:00
1788962400000,1.8758699893951416,1.87663996219635,1.875190019607544,1.8755600452423096,0,2026-09-09 14:00:00+00:00
1788966000000,1.8755199909210205,1.8775099515914917,1.8753900527954102,1.8768099546432495,0,2026-09-09 15:00:00+00:00
1788969600000,1.8768099546432495,1.8775899410247803,1.876479983329773,1.87677001953125,0,2026-09-09 16:00:00+00:00
1788973200000,1.876710057258606,1.8779000043869019,1.8767000436782837,1.877269983291626,0,2026-09-09 17:00:00+00:00
1788976800000,1.8772599697113037,1.8773200511932373,1.8766000270843506,1.87677001953125,0,2026-09-09 18:00:00+00:00
1788980400000,1.8767199516296387,1.877020001411438,1.8764400482177734,1.8768399953842163,0,2026-09-09 19:00:00+00:00
1788984000000,1.8768399953842163,1.8771300315856934,1.8755799531936646,1.87568998336792,0,2026-09-09 20:00:00+00:00
1788987600000,1.876520037651062,1.8778899908065796,1.8734899759292603,1.8771899938583374,0,2026-09-09 21:00:00+00:00
1788991200000,1.8766599893569946,1.8775399923324585,1.8753000497817993,1.877369999885559,0,2026-09-09 22:00:00+00:00
1788994800000,1.8773000240325928,1.877500057220459,1.8759000301361084,1.87608003616333,0,2026-09-09 23:00:00+00:00
1788998400000,1.876170039176941,1.877560019493103,1.8756699562072754,1.8774900436401367,0,2026-09-10 00:00:00+00:00
1789002000000,1.8774700164794922,1.8794100284576416,1.8774000406265259,1.8780699968338013,0,2026-09-10 01:00:00+00:00
1789005600000,1.8780699968338013,1.8785400390625,1.8773399591445923,1.8774700164794922,0,2026-09-10 02:00:00+00:00
1789009200000,1.8774299621582031,1.8781399726867676,1.8768199682235718,1.8776999711990356,0,2026-09-10 03:00:00+00:00
1789012800000,1.877709984779358,1.8777999877929688,1.8769299983978271,1.8774399757385254,0,2026-09-10 04:00:00+00:00
1789016400000,1.8773900270462036,1.8780200481414795,1.8770999908447266,1.877519965171814,0,2026-09-10 05:00:00+00:00
1789020000000,1.877500057220459,1.879390001296997,1.8774499893188477,1.8787599802017212,0,2026-09-10 06:00:00+00:00
1789023600000,1.8787599802017212,1.8790600299835205,1.878119945526123,1.8783899545669556,0,2026-09-10 07:00:00+00:00
1789027200000,1.8784899711608887,1.879729986190796,1.8778899908065796,1.8795299530029297,0,2026-09-10 08:00:00+00:00
1789030800000,1.879639983177185,1.879770040512085,1.8784300088882446,1.8787599802017212,0,2026-09-10 09:00:00+00:00
1789034400000,1.8787599802017212,1.8804700374603271,1.878749966621399,1.8803499937057495,0,2026-09-10 10:00:00+00:00
1789038000000,1.880329966545105,1.8813799619674683,1.8798400163650513,1.8812199831008911,0,2026-09-10 11:00:00+00:00
1789041600000,1.8811800479888916,1.8856500387191772,1.8805899620056152,1.8855899572372437,0,2026-09-10 12:00:00+00:00
1789045200000,1.8855500221252441,1.8874900341033936,1.8843499422073364,1.8862199783325195,0,2026-09-10 13:00:00+00:00
1789048800000,1.8862199783325195,1.887529969215393,1.88496994972229,1.8873100280761719,0,2026-09-10 14:00:00+00:00
1789052400000,1.8873200416564941,1.8878999948501587,1.886139988899231,1.8870799541473389,0,2026-09-10 15:00:00+00:00
1789056000000,1.8870699405670166,1.8879899978637695,1.8866499662399292,1.8869400024414062,0,2026-09-10 16:00:00+00:00
1789059600000,1.8869400024414062,1.8878999948501587,1.886549949645996,1.8870899677276611,0,2026-09-10 17:00:00+00:00
1789063200000,1.8870600461959839,1.8876700401306152,1.8867199420928955,1.8872599601745605,0,2026-09-10 18:00:00+00:00
1789066800000,1.8872100114822388,1.8879799842834473,1.8868600130081177,1.8868900537490845,0,2026-09-10 19:00:00+00:00
1789070400000,1.8869600296020508,1.8880499601364136,1.8866300582885742,1.8874200582504272,0,2026-09-10 20:00:00+00:00
1789074000000,1.8867299556732178,1.8879799842834473,1.8844799995422363,1.8866300582885742,0,2026-09-10 21:00:00+00:00
1789077600000,1.8865599632263184,1.8879400491714478,1.8858000040054321,1.8871500492095947,0,2026-09-10 22:00:00+00:00
1789081200000,1.886970043182373,1.887850046157837,1.8862500190734863,1.8876399993896484,0,2026-09-10 23:00:00+00:00
1789084800000,1.8876099586486816,1.8877400159835815,1.8857699632644653,1.8861000537872314,0,2026-09-11 00:00:00+00:00
1789088400000,1.8861600160598755,1.8872900009155273,1.8858200311660767,1.8864799737930298,0,2026-09-11 01:00:00+00:00
1789092000000,1.8864799737930298,1.8874000310897827,1.8863999843597412,1.8871899843215942,0,2026-09-11 02:00:00+00:00
1789095600000,1.8871899843215942,1.8874900341033936,1.8867100477218628,1.8868299722671509,0,2026-09-11 03:00:00+00:00
1789099200000,1.8869099617004395,1.8872900009155273,1.8852100372314453,1.885509967803955,0,2026-09-11 04:00:00+00:00
1789102800000,1.885509967803955,1.8858400583267212,1.8837499618530273,1.8842400312423706,0,2026-09-11 05:00:00+00:00
1789106400000,1.8840099573135376,1.8859000205993652,1.8839199542999268,1.8853600025177002,0,2026-09-11 06:00:00+00:00
1789110000000,1.8852900266647339,1.885699987411499,1.8840500116348267,1.884559988975525,0,2026-09-11 07:00:00+00:00
1789113600000,1.884559988975525,1.8855600357055664,1.8840099573135376,1.8842600584030151,0,2026-09-11 08:00:00+00:00
1789117200000,1.8842699527740479,1.8851799964904785,1.8833800554275513,1.884119987487793,0,2026-09-11 09:00:00+00:00
1789120800000,1.8841400146484375,1.8843799829483032,1.8828699588775635,1.88372004032135,0,2026-09-11 10:00:00+00:00
1789124400000,1.883739948272705,1.8840199708938599,1.8819500207901,1.882390022277832,0,2026-09-11 11:00:00+00:00
1789128000000,1.8824199438095093,1.8861099481582642,1.8817100524902344,1.8820300102233887,0,2026-09-11 12:00:00+00:00
1789131600000,1.8819999694824219,1.884619951248169,1.8818299770355225,1.8837499618530273,0,2026-09-11 13:00:00+00:00
1789135200000,1.8839999437332153,1.886330008506775,1.8834500312805176,1.885990023612976,0,2026-09-11 14:00:00+00:00
1789138800000,1.8860499858856201,1.8869400024414062,1.884179949760437,1.8847600221633911,0,2026-09-11 15:00:00+00:00
1789142400000,1.8846999406814575,1.884850025177002,1.883929967880249,1.884559988975525,0,2026-09-11 16:00:00+00:00
1789146000000,1.8843799829483032,1.8851799964904785,1.8841400146484375,1.8847800493240356,0,2026-09-11 17:00:00+00:00
1789149600000,1.8848299980163574,1.8857699632644653,1.884660005569458,1.8854000568389893,0,2026-09-11 18:00:00+00:00
1789153200000,1.8854299783706665,1.8858400583267212,1.8852100372314453,1.8857500553131104,0,2026-09-11 19:00:00+00:00
1789156800000,1.8858000040054321,1.8866900205612183,1.8836599588394165,1.8860199451446533,0,2026-09-11 20:00:00+00:00
1789160400000,1.88673996925354,1.88673996925354,1.88673996925354,1.88673996925354,0,2026-09-11 21:00:00+00:00
1789340400000,1.8886799812316895,1.891319990158081,1.8878300189971924,1.891160011291504,0,2026-09-13 23:00:00+00:00
1789344000000,1.891260027885437,1.892359972000122,1.8908400535583496,1.8911099433898926,0,2026-09-14 00:00:00+00:00
1789347600000,1.8911099433898926,1.8926399946212769,1.8903000354766846,1.8904399871826172,0,2026-09-14 01:00:00+00:00
1789351200000,1.8905199766159058,1.891029953956604,1.8880300521850586,1.8891500234603882,0,2026-09-14 02:00:00+00:00
1789354800000,1.8891500234603882,1.889549970626831,1.8883800506591797,1.8893400430679321,0,2026-09-14 03:00:00+00:00
1789358400000,1.8892699480056763,1.8895399570465088,1.8880599737167358,1.888260006904602,0,2026-09-14 04:00:00+00:00
1789362000000,1.888260006904602,1.8899400234222412,1.8882100582122803,1.889359951019287,0,2026-09-14 05:00:00+00:00
1789365600000,1.8892500400543213,1.8905400037765503,1.888569951057434,1.8901100158691406,0,2026-09-14 06:00:00+00:00
1789369200000,1.8901100158691406,1.8906500339508057,1.889299988746643,1.8903100490570068,0,2026-09-14 07:00:00+00:00
1789372800000,1.8903700113296509,1.8916800022125244,1.8896299600601196,1.8911700248718262,0,2026-09-14 08:00:00+00:00
1789376400000,1.8910900354385376,1.8928600549697876,1.890660047531128,1.8922899961471558,0,2026-09-14 09:00:00+00:00
1789380000000,1.8924000263214111,1.8924000263214111,1.8903000354766846,1.8916900157928467,0,2026-09-14 10:00:00+00:00
1789383600000,1.8916900157928467,1.8923699855804443,1.8913700580596924,1.8921600580215454,0,2026-09-14 11:00:00+00:00
1789387200000,1.8921600580215454,1.8941500186920166,1.892109990119934,1.8931900262832642,0,2026-09-14 12:00:00+00:00
1789390800000,1.8932600021362305,1.8950400352478027,1.892899990081787,1.8934299945831299,0,2026-09-14 13:00:00+00:00
1789394400000,1.8934199810028076,1.8942899703979492,1.890529990196228,1.8907099962234497,0,2026-09-14 14:00:00+00:00
1789398000000,1.8906999826431274,1.8912400007247925,1.8885799646377563,1.8897299766540527,0,2026-09-14 15:00:00+00:00
1789401600000,1.8895800113677979,1.8901100158691406,1.8889100551605225,1.8896700143814087,0,2026-09-14 16:00:00+00:00
1789405200000,1.8896299600601196,1.8910900354385376,1.8895599842071533,1.8909800052642822,0,2026-09-14 17:00:00+00:00
1789408800000,1.8909399509429932,1.8911399841308594,1.890589952468872,1.8908499479293823,0,2026-09-14 18:00:00+00:00
1789412400000,1.8908699750900269,1.891450047492981,1.8905999660491943,1.8907899856567383,0,2026-09-14 19:00:00+00:00
1789416000000,1.890720009803772,1.8909499645233154,1.8897600173950195,1.8897600173950195,0,2026-09-14 20:00:00+00:00
1789419600000,1.8903499841690063,1.8940399885177612,1.8882800340652466,1.8895599842071533,0,2026-09-14 21:00:00+00:00
1789423200000,1.8906899690628052,1.8912500143051147,1.8891899585723877,1.8911199569702148,0,2026-09-14 22:00:00+00:00
1789426800000,1.8911800384521484,1.891700029373169,1.8910399675369263,1.8914200067520142,0,2026-09-14 23:00:00+00:00
1789430400000,1.8913700580596924,1.8925700187683105,1.8912800550460815,1.8917200565338135,0,2026-09-15 00:00:00+00:00
1789434000000,1.8917800188064575,1.8924599885940552,1.890529990196228,1.8906300067901611,0,2026-09-15 01:00:00+00:00
1789437600000,1.8906699419021606,1.891700029373169,1.890470027923584,1.8911199569702148,0,2026-09-15 02:00:00+00:00
1789441200000,1.8910900354385376,1.8932299613952637,1.8907500505447388,1.893180012702942,0,2026-09-15 03:00:00+00:00
1789444800000,1.8931299448013306,1.8945200443267822,1.8930599689483643,1.8934299945831299,0,2026-09-15 04:00:00+00:00
1789448400000,1.8934400081634521,1.894320011138916,1.8926399946212769,1.8930699825286865,0,2026-09-15 05:00:00+00:00
1789452000000,1.8930000066757202,1.8933299779891968,1.8909200429916382,1.8917900323867798,0,2026-09-15 06:00:00+00:00
1789455600000,1.8917900323867798,1.892490029335022,1.891029953956604,1.8913999795913696,0,2026-09-15 07:00:00+00:00
1789459200000,1.8912999629974365,1.8921600580215454,1.89028000831604,1.8905600309371948,0,2026-09-15 08:00:00+00:00
1789462800000,1.890660047531128,1.8912500143051147,1.8900699615478516,1.8907099962234497,0,2026-09-15 09:00:00+00:00
1789466400000,1.8907099962234497,1.891319990158081,1.8902299404144287,1.8905099630355835,0,2026-09-15 10:00:00+00:00
1789470000000,1.8904999494552612,1.8917200565338135,1.8903100490570068,1.8913700580596924,0,2026-09-15 11:00:00+00:00
1789473600000,1.891469955444336,1.8923900127410889,1.8909200429916382,1.8913899660110474,0,2026-09-15 12:00:00+00:00
1789477200000,1.8913600444793701,1.8923900127410889,1.890779972076416,1.8914400339126587,0,2026-09-15 13:00:00+00:00
1789480800000,1.8913700580596924,1.8932199478149414,1.8910900354385376,1.891890048980713,0,2026-09-15 14:00:00+00:00
1789484400000,1.8918999433517456,1.8924299478530884,1.8901599645614624,1.8908900022506714,0,2026-09-15 15:00:00+00:00
1789488000000,1.8908799886703491,1.891160011291504,1.8895599842071533,1.8900599479675293,0,2026-09-15 16:00:00+00:00
1789491600000,1.8900200128555298,1.890339970588684,1.8895000219345093,1.8899199962615967,0,2026-09-15 17:00:00+00:00
1789495200000,1.8899199962615967,1.8902900218963623,1.8892600536346436,1.8901400566101074,0,2026-09-15 18:00:00+00:00
1789498800000,1.890179991722107,1.8901900053024292,1.8893200159072876,1.8894100189208984,0,2026-09-15 19:00:00+00:00
1789502400000,1.8895000219345093,1.8900099992752075,1.8889100551605225,1.8894699811935425,0,2026-09-15 20:00:00+00:00
1789506000000,1.8886699676513672,1.8910900354385376,1.8872400522232056,1.8880499601364136,0,2026-09-15 21:00:00+00:00
1789509600000,1.8881499767303467,1.8902499675750732,1.8881100416183472,1.8899699449539185,0,2026-09-15 22:00:00+00:00
1789513200000,1.8899400234222412,1.8907300233840942,1.8899199962615967,1.8904600143432617,0,2026-09-15 23:00:00+00:00
1789516800000,1.8903700113296509,1.8913400173187256,1.8895299434661865,1.889840006828308,0,2026-09-16 00:00:00+00:00
1789520400000,1.889780044555664,1.8911499977111816,1.8890800476074219,1.8911099433898926,0,2026-09-16 01:00:00+00:00
1789524000000,1.8910499811172485,1.8916300535202026,1.8904500007629395,1.8911199569702148,0,2026-09-16 02:00:00+00:00
1789527600000,1.8910800218582153,1.892300009727478,1.8908599615097046,1.8920400142669678,0,2026-09-16 03:00:00+00:00
1789531200000,1.8920400142669678,1.8920799493789673,1.8911199569702148,1.8913300037384033,0,2026-09-16 04:00:00+00:00
1789534800000,1.8913300037384033,1.8917200565338135,1.8902900218963623,1.8914999961853027,0,2026-09-16 05:00:00+00:00
1789538400000,1.8913600444793701,1.8922300338745117,1.889050006866455,1.8900799751281738,0,2026-09-16 06:00:00+00:00
1789542000000,1.8901499509811401,1.8903199434280396,1.8889100551605225,1.889449954032898,0,2026-09-16 07:00:00+00:00
1789545600000,1.8894599676132202,1.8904399871826172,1.8889700174331665,1.8891299962997437,0,2026-09-16 08:00:00+00:00
1789549200000,1.8890399932861328,1.8896600008010864,1.8886300325393677,1.8889100551605225,0,2026-09-16 09:00:00+00:00
1789552800000,1.8888100385665894,1.88919997215271,1.887910008430481,1.8890299797058105,0,2026-09-16 10:00:00+00:00
1789556400000,1.8890299797058105,1.8890899419784546,1.8862799406051636,1.886680006980896,0,2026-09-16 11:00:00+00:00
1789560000000,1.8867100477218628,1.887529969215393,1.8843499422073364,1.8869600296020508,0,2026-09-16 12:00:00+00:00
1789563600000,1.8870999813079834,1.8882499933242798,1.8869199752807617,1.886989951133728,0,2026-09-16 13:00:00+00:00
1789567200000,1.886929988861084,1.8877700567245483,1.8857899904251099,1.8865699768066406,0,2026-09-16 14:00:00+00:00
1789570800000,1.8865699768066406,1.8866900205612183,1.8849200010299683,1.885200023651123,0,2026-09-16 15:00:00+00:00
1789574400000,1.8851799964904785,1.8857100009918213,1.884600043296814,1.885450005531311,0,2026-09-16 16:00:00+00:00
1789578000000,1.885390043258667,1.8858599662780762,1.882949948310852,1.8833199739456177,0,2026-09-16 17:00:00+00:00
1789581600000,1.8846900463104248,1.8877700567245483,1.8829799890518188,1.8874900341033936,0,2026-09-16 18:00:00+00:00
1789585200000,1.8874900341033936,1.8903100490570068,1.8862899541854858,1.8878599405288696,0,2026-09-16 19:00:00+00:00
1789588800000,1.8878400325775146,1.888350009918213,1.8867700099945068,1.887030005455017,0,2026-09-16 20:00:00+00:00
1789592400000,1.8865400552749634,1.8891500234603882,1.8852900266647339,1.886579990386963,0,2026-09-16 21:00:00+00:00
1789596000000,1.8866499662399292,1.8883399963378906,1.8865300416946411,1.887910008430481,0,2026-09-16 22:00:00+00:00
1789599600000,1.8878200054168701,1.888219952583313,1.8868499994277954,1.887850046157837,0,2026-09-16 23:00:00+00:00
1789603200000,1.8878400325775146,1.8883999586105347,1.8857699632644653,1.8864500522613525,0,2026-09-17 00:00:00+00:00
1789606800000,1.8865000009536743,1.886639952659607,1.8845399618148804,1.8847099542617798,0,2026-09-17 01:00:00+00:00
1789610400000,1.8847099542617798,1.8851200342178345,1.8832499980926514,1.883370041847229,0,2026-09-17 02:00:00+00:00
1789614000000,1.883370041847229,1.883739948272705,1.8819500207901,1.8822799921035767,0,2026-09-17 03:00:00+00:00
1789617600000,1.8822200298309326,1.8825900554656982,1.8817399740219116,1.8821099996566772,0,2026-09-17 04:00:00+00:00
1789621200000,1.8822100162506104,1.8826299905776978,1.8809399604797363,1.8824199438095093,0,2026-09-17 05:00:00+00:00
1789624800000,1.8824199438095093,1.8829699754714966,1.8806400299072266,1.8826299905776978,0,2026-09-17 06:00:00+00:00
1789628400000,1.8825700283050537,1.882930040359497,1.8808300495147705,1.8811299800872803,0,2026-09-17 07:00:00+00:00
1789632000000,1.8810800313949585,1.883270025253296,1.8810299634933472,1.8830599784851074,0,2026-09-17 08:00:00+00:00
1789635600000,1.8830000162124634,1.8837499618530273,1.8823200464248657,1.8837499618530273,0,2026-09-17 09:00:00+00:00
1789639200000,1.8837800025939941,1.885949969291687,1.883679986000061,1.885259985923767,0,2026-09-17 10:00:00+00:00
1789642800000,1.885259985923767,1.8852699995040894,1.8781299591064453,1.8801900148391724,0,2026-09-17 11:00:00+00:00
1789646400000,1.8802499771118164,1.881019949913025,1.8788000345230103,1.879930019378662,0,2026-09-17 12:00:00+00:00
1789650000000,1.8798600435256958,1.880769968032837,1.8785799741744995,1.879520058631897,0,2026-09-17 13:00:00+00:00
1789653600000,1.8793799877166748,1.87978994846344,1.8754199743270874,1.8773200511932373,0,2026-09-17 14:00:00+00:00
1789657200000,1.8773499727249146,1.8778599500656128,1.8754199743270874,1.8760900497436523,0,2026-09-17 15:00:00+00:00
1789660800000,1.8761299848556519,1.8768800497055054,1.8755799531936646,1.8766299486160278,0,2026-09-17 16:00:00+00:00
1789664400000,1.87663996219635,1.8772399425506592,1.8762500286102295,1.8767499923706055,0,2026-09-17 17:00:00+00:00
1789668000000,1.8767199516296387,1.8781700134277344,1.876710057258606,1.8780499696731567,0,2026-09-17 18:00:00+00:00
1789671600000,1.8780299425125122,1.8786499500274658,1.8777799606323242,1.8785500526428223,0,2026-09-17 19:00:00+00:00
1789675200000,1.8786100149154663,1.878909945487976,1.8774199485778809,1.87746000289917,0,2026-09-17 20:00:00+00:00
1789678800000,1.8780299425125122,1.8790700435638428,1.8755300045013428,1.8772799968719482,0,2026-09-17 21:00:00+00:00
1789682400000,1.8787000179290771,1.8791799545288086,1.8774199485778809,1.878980040550232,0,2026-09-17 22:00:00+00:00
1789686000000,1.878980040550232,1.8791199922561646,1.87677001953125,1.8771599531173706,0,2026-09-17 23:00:00+00:00
1789689600000,1.8771599531173706,1.8783799409866333,1.8766000270843506,1.8770999908447266,0,2026-09-18 00:00:00+00:00
1789693200000,1.8769400119781494,1.878350019454956,1.8769400119781494,1.8770999908447266,0,2026-09-18 01:00:00+00:00
1789696800000,1.8770899772644043,1.8772300481796265,1.876270055770874,1.876420021057129,0,2026-09-18 02:00:00+00:00
1789700400000,1.8762999773025513,1.8765499591827393,1.8739500045776367,1.874269962310791,0,2026-09-18 03:00:00+00:00
1789704000000,1.8741899728775024,1.8755500316619873,1.8740500211715698,1.875190019607544,0,2026-09-18 04:00:00+00:00
1789707600000,1.875190019607544,1.8762400150299072,1.8750799894332886,1.8755799531936646,0,2026-09-18 05:00:00+00:00
1789711200000,1.8754899501800537,1.8774900436401367,1.8748899698257446,1.8755199909210205,0,2026-09-18 06:00:00+00:00
1789714800000,1.875599980354309,1.8768500089645386,1.8753700256347656,1.8762600421905518,0,2026-09-18 07:00:00+00:00
1789718400000,1.8763200044631958,1.8766100406646729,1.875190019607544,1.8761299848556519,0,2026-09-18 08:00:00+00:00
1789722000000,1.8761999607086182,1.876670002937317,1.875349998474121,1.8764400482177734,0,2026-09-18 09:00:00+00:00
1789725600000,1.8764400482177734,1.8765599727630615,1.873710036277771,1.8742400407791138,0,2026-09-18 10:00:00+00:00
1789729200000,1.8742899894714355,1.8749200105667114,1.8732600212097168,1.873810052871704,0,2026-09-18 11:00:00+00:00
1789732800000,1.8737800121307373,1.8763600587844849,1.873579978942871,1.87568998336792,0,2026-09-18 12:00:00+00:00
1789736400000,1.875789999961853,1.8766200542449951,1.874400019645691,1.8760900497436523,0,2026-09-18 13:00:00+00:00
1789740000000,1.8760900497436523,1.8797099590301514,1.8757799863815308,1.8794599771499634,0,2026-09-18 14:00:00+00:00
1789743600000,1.879520058631897,1.8815399408340454,1.8790600299835205,1.8803399801254272,0,2026-09-18 15:00:00+00:00
1789747200000,1.8803399801254272,1.8808799982070923,1.8787800073623657,1.8789600133895874,0,2026-09-18 16:00:00+00:00
1789750800000,1.8790199756622314,1.8800699710845947,1.8785099983215332,1.8793400526046753,0,2026-09-18 17:00:00+00:00
1789754400000,1.8793100118637085,1.8794100284576416,1.8787200450897217,1.8790299892425537,0,2026-09-18 18:00:00+00:00
1789758000000,1.8790099620819092,1.8799099922180176,1.878980040550232,1.8795100450515747,0,2026-09-18 19:00:00+00:00
1789761600000,1.8794399499893188,1.88018000125885,1.8772399425506592,1.880079984664917,0,2026-09-18 20:00:00+00:00
1789765200000,1.8815300464630127,1.8815300464630127,1.8815300464630127,1.8815300464630127,0,2026-09-18 21:00:00+00:00
