time,open,high,low,close,volume,datetime
1783576800000,3334.820068359375,3334.820068359375,3334.820068359375,3334.820068359375,0,2026-07-09 06:00:00+00:00
1783580400000,3334.820068359375,3335.949951171875,3334.7900390625,3334.7900390625,0,2026-07-09 07:00:00+00:00
1783584000000,3335.949951171875,3335.949951171875,3335.949951171875,3335.949951171875,0,2026-07-09 08:00:00+00:00
1783587600000,3335.949951171875,3336.3701171875,3335.919921875,3336.3701171875,0,2026-07-09 09:00:00+00:00
1783591200000,3336.3701171875,3336.52001953125,3336.340087890625,3336.52001953125,0,2026-07-09 10:00:00+00:00
1783594800000,3336.52001953125,3337.760009765625,3335.60009765625,3335.60009765625,0,2026-07-09 11:00:00+00:00
1783598400000,3335.60009765625,3335.60009765625,3335.60009765625,3335.60009765625,0,2026-07-09 12:00:00+00:00
1783602000000,3328.1298828125,3338.22998046875,3311.919921875,3317.18994140625,0,2026-07-09 13:00:00+00:00
1783605600000,3318.590087890625,3318.590087890625,3302.610107421875,3307.6201171875,0,2026-07-09 14:00:00+00:00
1783609200000,3309.31005859375,3310.3798828125,3290.889892578125,3294.18994140625,0,2026-07-09 15:00:00+00:00
1783612800000,3294.60009765625,3296.489990234375,3283.489990234375,3288.85009765625,0,2026-07-09 16:00:00+00:00
1783616400000,3288.60009765625,3310.06005859375,3286.800048828125,3286.800048828125,0,2026-07-09 17:00:00+00:00
1783620000000,3308.0400390625,3330.22998046875,3286.800048828125,3300.800048828125,0,2026-07-09 18:00:00+00:00
1783623600000,3299.64990234375,3299.64990234375,3284.469970703125,3287.469970703125,0,2026-07-09 19:00:00+00:00
1783627200000,3287.469970703125,3289.050048828125,3282.469970703125,3282.469970703125,0,2026-07-09 20:00:00+00:00
1783630800000,3286.800048828125,3286.800048828125,3282.469970703125,3282.469970703125,0,2026-07-09 21:00:00+00:00
1783634400000,3282.469970703125,3282.469970703125,3282.469970703125,3282.469970703125,0,2026-07-09 22:00:00+00:00
1783638000000,3282.469970703125,3282.469970703125,3282.469970703125,3282.469970703125,0,2026-07-09 23:00:00+00:00
1783641600000,3282.469970703125,3282.469970703125,3282.469970703125,3282.469970703125,0,2026-07-10 00:00:00+00:00
1783645200000,3282.469970703125,3282.469970703125,3282.469970703125,3282.469970703125,0,2026-07-10 01:00:00+00:00
1783648800000,3282.469970703125,3282.469970703125,3282.469970703125,3282.469970703125,0,2026-07-10 02:00:00+00:00
1783656000000,3282.469970703125,3282.469970703125,3282.469970703125,3282.469970703125,0,2026-07-10 04:00:00+00:00
1783663200000,3301.8701171875,3301.8701171875,3301.8701171875,3301.8701171875,0,2026-07-10 06:00:00+00:00
1783666800000,3301.8701171875,3301.8701171875,3301.8701171875,3301.8701171875,0,2026-07-10 07:00:00+00:00
1783670400000,3301.8701171875,3301.8701171875,3301.8701171875,3301.8701171875,0,2026-07-10 08:00:00+00:00
1783674000000,3301.8701171875,3301.8701171875,3286.800048828125,3286.800048828125,0,2026-07-10 09:00:00+00:00
1783677600000,3301.840087890625,3302.010009765625,3300.570068359375,3300.570068359375,0,2026-07-10 10:00:00+00:00
1783688400000,3285.800048828125,3300.570068359375,3239.3798828125,3243.330078125,0,2026-07-10 13:00:00+00:00
1783692000000,3240.739990234375,3256.1298828125,3240.739990234375,3247.14990234375,0,2026-07-10 14:00:00+00:00
1783695600000,3245.0,3247.35009765625,3227.85009765625,3245.330078125,0,2026-07-10 15:00:00+00:00
1783699200000,3244.949951171875,3250.469970703125,3236.449951171875,3245.169921875,0,2026-07-10 16:00:00+00:00
1783702800000,3249.139892578125,3249.510009765625,3235.22998046875,3236.9599609375,0,2026-07-10 17:00:00+00:00
1783706400000,3237.14990234375,3247.469970703125,3237.14990234375,3241.72998046875,0,2026-07-10 18:00:00+00:00
1783710000000,3247.469970703125,3247.469970703125,3247.469970703125,3247.469970703125,0,2026-07-10 19:00:00+00:00
1783713600000,3247.469970703125,3247.469970703125,3239.679931640625,3239.679931640625,0,2026-07-10 20:00:00+00:00
1783717200000,3247.469970703125,3247.469970703125,3247.469970703125,3247.469970703125,0,2026-07-10 21:00:00+00:00
1783897200000,3246.050048828125,3246.22998046875,3246.02001953125,3246.02001953125,0,2026-07-12 23:00:00+00:00
1783900800000,3246.22998046875,3246.22998046875,3246.02001953125,3246.02001953125,0,2026-07-13 00:00:00+00:00
1783904400000,3246.22998046875,3246.22998046875,3241.760009765625,3246.199951171875,0,2026-07-13 01:00:00+00:00
1783908000000,3241.760009765625,3246.199951171875,3241.760009765625,3246.199951171875,0,2026-07-13 02:00:00+00:00
1783911600000,3241.760009765625,3241.760009765625,3241.760009765625,3241.760009765625,0,2026-07-13 03:00:00+00:00
1783915200000,3241.760009765625,3241.760009765625,3241.760009765625,3241.760009765625,0,2026-07-13 04:00:00+00:00
1783918800000,3241.760009765625,3241.760009765625,3241.760009765625,3241.760009765625,0,2026-07-13 05:00:00+00:00
1783922400000,3241.760009765625,3241.760009765625,3237.179931640625,3241.72998046875,0,2026-07-13 06:00:00+00:00
1783926000000,3237.179931640625,3237.179931640625,3237.179931640625,3237.179931640625,0,2026-07-13 07:00:00+00:00
1783929600000,3237.179931640625,3237.179931640625,3237.179931640625,3237.179931640625,0,2026-07-13 08:00:00+00:00
1783933200000,3237.179931640625,3237.179931640625,3237.179931640625,3237.179931640625,0,2026-07-13 09:00:00+00:00
1783936800000,3237.179931640625,3237.179931640625,3237.179931640625,3237.179931640625,0,2026-07-13 10:00:00+00:00
1783940400000,3237.179931640625,3237.179931640625,3237.14990234375,3237.14990234375,0,2026-07-13 11:00:00+00:00
1783944000000,3237.179931640625,3239.6298828125,3237.179931640625,3239.6298828125,0,2026-07-13 12:00:00+00:00
1783947600000,3237.14990234375,3237.14990234375,3237.14990234375,3237.14990234375,0,2026-07-13 13:00:00+00:00
1783951200000,3237.14990234375,3237.14990234375,3237.14990234375,3237.14990234375,0,2026-07-13 14:00:00+00:00
1783954800000,3237.14990234375,3237.14990234375,3237.14990234375,3237.14990234375,0,2026-07-13 15:00:00+00:00
1783958400000,3237.14990234375,3237.14990234375,3237.14990234375,3237.14990234375,0,2026-07-13 16:00:00+00:00
1783962000000,3243.39990234375,3244.68994140625,3236.969970703125,3242.3798828125,0,2026-07-13 17:00:00+00:00
1783976400000,3235.969970703125,3245.429931640625,3235.969970703125,3245.429931640625,0,2026-07-13 21:00:00+00:00
1783980000000,3245.429931640625,3245.429931640625,3236.969970703125,3236.969970703125,0,2026-07-13 22:00:00+00:00
1783983600000,3235.969970703125,3235.969970703125,3235.090087890625,3235.969970703125,0,2026-07-13 23:00:00+00:00
1783990800000,3234.7900390625,3234.7900390625,3234.7900390625,3234.7900390625,0,2026-07-14 01:00:00+00:00
1783994400000,3234.7900390625,3234.7900390625,3234.7900390625,3234.7900390625,0,2026-07-14 02:00:00+00:00
1783998000000,3234.7900390625,3234.7900390625,3234.7900390625,3234.7900390625,0,2026-07-14 03:00:00+00:00
1784008800000,3234.820068359375,3234.820068359375,3234.820068359375,3234.820068359375,0,2026-07-14 06:00:00+00:00
1784012400000,3234.820068359375,3246.669921875,3234.7900390625,3234.7900390625,0,2026-07-14 07:00:00+00:00
1784016000000,3246.669921875,3246.669921875,3246.669921875,3246.669921875,0,2026-07-14 08:00:00+00:00
1784019600000,3246.669921875,3246.669921875,3244.56005859375,3244.56005859375,0,2026-07-14 09:00:00+00:00
1784023200000,3244.56005859375,3244.56005859375,3244.56005859375,3244.56005859375,0,2026-07-14 10:00:00+00:00
1784026800000,3244.56005859375,3244.56005859375,3244.56005859375,3244.56005859375,0,2026-07-14 11:00:00+00:00
1784030400000,3244.530029296875,3244.530029296875,3233.030029296875,3235.1298828125,0,2026-07-14 12:00:00+00:00
1784034000000,3234.429931640625,3248.429931640625,3222.530029296875,3244.64990234375,0,2026-07-14 13:00:00+00:00
1784037600000,3244.14990234375,3258.39990234375,3240.52001953125,3250.659912109375,0,2026-07-14 14:00:00+00:00
1784041200000,3249.110107421875,3259.800048828125,3246.949951171875,3250.820068359375,0,2026-07-14 15:00:00+00:00
1784044800000,3250.760009765625,3258.10009765625,3246.25,3251.14990234375,0,2026-07-14 16:00:00+00:00
1784048400000,3251.260009765625,3254.56005859375,3246.7099609375,3247.830078125,0,2026-07-14 17:00:00+00:00
1784052000000,3246.93994140625,3246.969970703125,3246.75,3246.969970703125,0,2026-07-14 18:00:00+00:00
1784059200000,3246.31005859375,3252.969970703125,3246.31005859375,3252.969970703125,0,2026-07-14 20:00:00+00:00
1784062800000,3246.75,3257.469970703125,3246.75,3257.469970703125,0,2026-07-14 21:00:00+00:00
1784070000000,3257.469970703125,3257.469970703125,3257.469970703125,3257.469970703125,0,2026-07-14 23:00:00+00:00
1784077200000,3248.919921875,3248.919921875,3248.919921875,3248.919921875,0,2026-07-15 01:00:00+00:00
1784095200000,3246.75,3248.320068359375,3246.75,3248.320068359375,0,2026-07-15 06:00:00+00:00
1784098800000,3248.320068359375,3248.320068359375,3248.2900390625,3248.2900390625,0,2026-07-15 07:00:00+00:00
1784102400000,3248.2900390625,3248.2900390625,3248.2900390625,3248.2900390625,0,2026-07-15 08:00:00+00:00
1784106000000,3248.2900390625,3249.0,3246.75,3246.75,0,2026-07-15 09:00:00+00:00
1784109600000,3246.75,3246.75,3246.75,3246.75,0,2026-07-15 10:00:00+00:00
1784116800000,3248.2900390625,3248.2900390625,3248.2900390625,3248.2900390625,0,2026-07-15 12:00:00+00:00
1784120400000,3246.75,3256.719970703125,3243.72998046875,3245.72998046875,0,2026-07-15 13:00:00+00:00
1784124000000,3245.47998046875,3245.860107421875,3228.97998046875,3232.02001953125,0,2026-07-15 14:00:00+00:00
1784127600000,3231.93994140625,3237.449951171875,3216.110107421875,3216.110107421875,0,2026-07-15 15:00:00+00:00
1784131200000,3216.10009765625,3222.85009765625,3209.409912109375,3220.35009765625,0,2026-07-15 16:00:00+00:00
1784134800000,3220.35009765625,3224.0,3215.2099609375,3217.5,0,2026-07-15 17:00:00+00:00
1784138400000,3217.0,3217.5,3216.0400390625,3216.0400390625,0,2026-07-15 18:00:00+00:00
1784145600000,3217.5,3217.5,3215.969970703125,3215.969970703125,0,2026-07-15 20:00:00+00:00
1784149200000,3217.5,3222.469970703125,3215.969970703125,3222.469970703125,0,2026-07-15 21:00:00+00:00
1784163600000,3222.469970703125,3222.469970703125,3222.469970703125,3222.469970703125,0,2026-07-16 01:00:00+00:00
1784167200000,3222.469970703125,3222.469970703125,3217.5,3219.969970703125,0,2026-07-16 02:00:00+00:00
1784181600000,3218.179931640625,3218.179931640625,3218.179931640625,3218.179931640625,0,2026-07-16 06:00:00+00:00
1784185200000,3218.179931640625,3218.179931640625,3218.179931640625,3218.179931640625,0,2026-07-16 07:00:00+00:00
1784188800000,3218.179931640625,3218.179931640625,3218.179931640625,3218.179931640625,0,2026-07-16 08:00:00+00:00
1784192400000,3218.179931640625,3219.969970703125,3217.5,3217.5,0,2026-07-16 09:00:00+00:00
1784199600000,3218.14990234375,3218.14990234375,3216.0400390625,3216.0400390625,0,2026-07-16 11:00:00+00:00
1784203200000,3216.0400390625,3216.0400390625,3216.0400390625,3216.0400390625,0,2026-07-16 12:00:00+00:00
1784206800000,3232.5,3236.0,3213.81005859375,3219.909912109375,0,2026-07-16 13:00:00+00:00
1784210400000,3219.409912109375,3220.89990234375,3201.64990234375,3204.0,0,2026-07-16 14:00:00+00:00
1784214000000,3202.7099609375,3228.60009765625,3200.320068359375,3225.080078125,0,2026-07-16 15:00:00+00:00
1784217600000,3224.580078125,3225.340087890625,3214.409912109375,3221.25,0,2026-07-16 16:00:00+00:00
1784221200000,3219.489990234375,3230.969970703125,3218.969970703125,3227.449951171875,0,2026-07-16 17:00:00+00:00
1784224800000,3226.800048828125,3227.300048828125,3221.409912109375,3225.469970703125,0,2026-07-16 18:00:00+00:00
1784228400000,3225.469970703125,3231.8701171875,3225.469970703125,3231.719970703125,0,2026-07-16 19:00:00+00:00
1784232000000,3231.669921875,3231.719970703125,3224.469970703125,3225.6201171875,0,2026-07-16 20:00:00+00:00
1784235600000,3227.300048828125,3227.300048828125,3223.780029296875,3223.780029296875,0,2026-07-16 21:00:00+00:00
1784246400000,3223.780029296875,3223.780029296875,3223.780029296875,3223.780029296875,0,2026-07-17 00:00:00+00:00
1784250000000,3223.780029296875,3223.780029296875,3223.780029296875,3223.780029296875,0,2026-07-17 01:00:00+00:00
1784253600000,3223.780029296875,3223.780029296875,3223.780029296875,3223.780029296875,0,2026-07-17 02:00:00+00:00
1784257200000,3223.780029296875,3223.780029296875,3223.780029296875,3223.780029296875,0,2026-07-17 03:00:00+00:00
1784268000000,3227.780029296875,3227.780029296875,3227.780029296875,3227.780029296875,0,2026-07-17 06:00:00+00:00
1784271600000,3227.780029296875,3227.780029296875,3227.780029296875,3227.780029296875,0,2026-07-17 07:00:00+00:00
1784275200000,3227.780029296875,3227.780029296875,3227.780029296875,3227.780029296875,0,2026-07-17 08:00:00+00:00
1784278800000,3227.780029296875,3227.780029296875,3227.300048828125,3227.300048828125,0,2026-07-17 09:00:00+00:00
1784293200000,3245.5,3261.699951171875,3223.780029296875,3249.719970703125,0,2026-07-17 13:00:00+00:00
1784296800000,3249.68994140625,3278.909912109375,3248.090087890625,3278.199951171875,0,2026-07-17 14:00:00+00:00
1784300400000,3278.4599609375,3278.4599609375,3227.75,3272.590087890625,0,2026-07-17 15:00:00+00:00
1784304000000,3273.64990234375,3278.22998046875,3263.050048828125,3264.080078125,0,2026-07-17 16:00:00+00:00
1784307600000,3264.139892578125,3265.25,3251.8798828125,3252.3798828125,0,2026-07-17 17:00:00+00:00
1784311200000,3252.6298828125,3254.469970703125,3250.22998046875,3254.469970703125,0,2026-07-17 18:00:00+00:00
1784314800000,3251.1298828125,3257.469970703125,3251.1298828125,3257.469970703125,0,2026-07-17 19:00:00+00:00
1784318400000,3257.3701171875,3257.469970703125,3251.1298828125,3251.1298828125,0,2026-07-17 20:00:00+00:00
1784322000000,3257.469970703125,3257.469970703125,3257.469970703125,3257.469970703125,0,2026-07-17 21:00:00+00:00
1784502000000,3257.5,3257.5,3255.52001953125,3257.469970703125,0,2026-07-19 23:00:00+00:00
1784505600000,3255.52001953125,3255.52001953125,3255.52001953125,3255.52001953125,0,2026-07-20 00:00:00+00:00
1784509200000,3255.52001953125,3255.52001953125,3255.52001953125,3255.52001953125,0,2026-07-20 01:00:00+00:00
1784512800000,3255.52001953125,3257.469970703125,3255.52001953125,3257.469970703125,0,2026-07-20 02:00:00+00:00
1784516400000,3255.52001953125,3257.469970703125,3255.52001953125,3257.469970703125,0,2026-07-20 03:00:00+00:00
1784520000000,3255.52001953125,3255.52001953125,3255.52001953125,3255.52001953125,0,2026-07-20 04:00:00+00:00
1784523600000,3255.52001953125,3255.52001953125,3255.52001953125,3255.52001953125,0,2026-07-20 05:00:00+00:00
1784527200000,3255.52001953125,3255.52001953125,3254.60009765625,3255.489990234375,0,2026-07-20 06:00:00+00:00
1784530800000,3254.60009765625,3254.60009765625,3254.530029296875,3254.570068359375,0,2026-07-20 07:00:00+00:00
1784534400000,3254.530029296875,3254.530029296875,3254.530029296875,3254.530029296875,0,2026-07-20 08:00:00+00:00
1784538000000,3254.530029296875,3254.530029296875,3254.530029296875,3254.530029296875,0,2026-07-20 09:00:00+00:00
1784541600000,3254.530029296875,3254.530029296875,3254.530029296875,3254.530029296875,0,2026-07-20 10:00:00+00:00
1784545200000,3254.530029296875,3254.530029296875,3243.64990234375,3251.1298828125,0,2026-07-20 11:00:00+00:00
1784552400000,3243.6201171875,3243.6201171875,3243.6201171875,3243.6201171875,0,2026-07-20 13:00:00+00:00
1784556000000,3243.6201171875,3243.6201171875,3243.6201171875,3243.6201171875,0,2026-07-20 14:00:00+00:00
1784559600000,3253.080078125,3253.080078125,3253.080078125,3253.080078125,0,2026-07-20 15:00:00+00:00
1784566800000,3253.080078125,3253.080078125,3253.080078125,3253.080078125,0,2026-07-20 17:00:00+00:00
1784577600000,3253.080078125,3253.860107421875,3251.139892578125,3253.860107421875,0,2026-07-20 20:00:00+00:00
1784581200000,3251.52001953125,3254.429931640625,3251.52001953125,3254.429931640625,0,2026-07-20 21:00:00+00:00
1784588400000,3255.239990234375,3255.239990234375,3255.239990234375,3255.239990234375,0,2026-07-20 23:00:00+00:00
1784595600000,3254.969970703125,3254.969970703125,3254.969970703125,3254.969970703125,0,2026-07-21 01:00:00+00:00
1784599200000,3254.969970703125,3254.969970703125,3254.969970703125,3254.969970703125,0,2026-07-21 02:00:00+00:00
1784602800000,3254.969970703125,3254.969970703125,3254.969970703125,3254.969970703125,0,2026-07-21 03:00:00+00:00
1784613600000,3251.52001953125,3254.4599609375,3251.52001953125,3254.4599609375,0,2026-07-21 06:00:00+00:00
1784617200000,3254.4599609375,3254.4599609375,3254.4599609375,3254.4599609375,0,2026-07-21 07:00:00+00:00
1784620800000,3254.4599609375,3254.4599609375,3254.4599609375,3254.4599609375,0,2026-07-21 08:00:00+00:00
1784624400000,3254.4599609375,3254.4599609375,3254.4599609375,3254.4599609375,0,2026-07-21 09:00:00+00:00
1784628000000,3254.4599609375,3254.4599609375,3254.4599609375,3254.4599609375,0,2026-07-21 10:00:00+00:00
1784631600000,3254.4599609375,3254.4599609375,3254.4599609375,3254.4599609375,0,2026-07-21 11:00:00+00:00
1784635200000,3254.429931640625,3254.429931640625,3251.139892578125,3251.139892578125,0,2026-07-21 12:00:00+00:00
1784638800000,3251.139892578125,3253.659912109375,3236.469970703125,3237.919921875,0,2026-07-21 13:00:00+00:00
1784642400000,3240.89990234375,3248.3701171875,3230.159912109375,3236.77001953125,0,2026-07-21 14:00:00+00:00
1784646000000,3236.77001953125,3247.52001953125,3229.68994140625,3240.219970703125,0,2026-07-21 15:00:00+00:00
1784649600000,3239.27001953125,3245.56005859375,3232.52001953125,3234.669921875,0,2026-07-21 16:00:00+00:00
1784653200000,3237.35009765625,3243.5,3218.0,3219.47998046875,0,2026-07-21 17:00:00+00:00
1784656800000,3219.699951171875,3223.469970703125,3218.5,3218.5,0,2026-07-21 18:00:00+00:00
1784660400000,3223.469970703125,3223.469970703125,3223.469970703125,3223.469970703125,0,2026-07-21 19:00:00+00:00
1784664000000,3223.469970703125,3223.469970703125,3214.469970703125,3214.469970703125,0,2026-07-21 20:00:00+00:00
1784667600000,3218.5,3220.0,3213.469970703125,3220.0,0,2026-07-21 21:00:00+00:00
1784671200000,3213.469970703125,3213.469970703125,3213.469970703125,3213.469970703125,0,2026-07-21 22:00:00+00:00
1784674800000,3213.469970703125,3213.469970703125,3213.469970703125,3213.469970703125,0,2026-07-21 23:00:00+00:00
1784678400000,3213.469970703125,3213.469970703125,3213.469970703125,3213.469970703125,0,2026-07-22 00:00:00+00:00
1784682000000,3213.469970703125,3213.469970703125,3213.469970703125,3213.469970703125,0,2026-07-22 01:00:00+00:00
1784685600000,3213.469970703125,3213.469970703125,3213.469970703125,3213.469970703125,0,2026-07-22 02:00:00+00:00
1784700000000,3217.7099609375,3217.7099609375,3217.7099609375,3217.7099609375,0,2026-07-22 06:00:00+00:00
1784703600000,3217.7099609375,3217.7099609375,3217.7099609375,3217.7099609375,0,2026-07-22 07:00:00+00:00
1784707200000,3217.7099609375,3230.300048828125,3217.7099609375,3230.300048828125,0,2026-07-22 08:00:00+00:00
1784710800000,3230.300048828125,3230.300048828125,3219.300048828125,3220.0,0,2026-07-22 09:00:00+00:00
1784718000000,3219.300048828125,3219.300048828125,3219.300048828125,3219.300048828125,0,2026-07-22 11:00:00+00:00
1784721600000,3219.719970703125,3220.02001953125,3219.719970703125,3219.719970703125,0,2026-07-22 12:00:00+00:00
1784725200000,3219.719970703125,3306.5,3199.699951171875,3203.820068359375,0,2026-07-22 13:00:00+00:00
1784728800000,3206.159912109375,3206.639892578125,3198.429931640625,3202.320068359375,0,2026-07-22 14:00:00+00:00
1784732400000,3202.320068359375,3207.360107421875,3198.159912109375,3206.360107421875,0,2026-07-22 15:00:00+00:00
1784736000000,3202.919921875,3209.1298828125,3200.530029296875,3204.889892578125,0,2026-07-22 16:00:00+00:00
1784739600000,3205.989990234375,3210.56005859375,3203.85009765625,3205.39990234375,0,2026-07-22 17:00:00+00:00
1784743200000,3205.429931640625,3205.429931640625,3204.3701171875,3204.39990234375,0,2026-07-22 18:00:00+00:00
1784746800000,3204.39990234375,3205.429931640625,3204.39990234375,3205.0,0,2026-07-22 19:00:00+00:00
1784750400000,3205.06005859375,3205.06005859375,3197.97998046875,3197.97998046875,0,2026-07-22 20:00:00+00:00
1784754000000,3205.429931640625,3205.429931640625,3197.97998046875,3200.330078125,0,2026-07-22 21:00:00+00:00
1784757600000,3200.330078125,3200.330078125,3200.330078125,3200.330078125,0,2026-07-22 22:00:00+00:00
1784768400000,3200.330078125,3204.97998046875,3200.330078125,3204.97998046875,0,2026-07-23 01:00:00+00:00
1784775600000,3204.97998046875,3204.97998046875,3204.97998046875,3204.97998046875,0,2026-07-23 03:00:00+00:00
1784786400000,3205.429931640625,3212.2900390625,3205.429931640625,3212.2900390625,0,2026-07-23 06:00:00+00:00
1784790000000,3212.2900390625,3212.300048828125,3212.27001953125,3212.27001953125,0,2026-07-23 07:00:00+00:00
1784793600000,3212.300048828125,3212.300048828125,3203.93994140625,3212.280029296875,0,2026-07-23 08:00:00+00:00
1784797200000,3203.93994140625,3203.93994140625,3203.93994140625,3203.93994140625,0,2026-07-23 09:00:00+00:00
1784800800000,3203.93994140625,3203.93994140625,3203.93994140625,3203.93994140625,0,2026-07-23 10:00:00+00:00
1784804400000,3203.93994140625,3205.429931640625,3203.919921875,3204.409912109375,0,2026-07-23 11:00:00+00:00
1784811600000,3204.409912109375,3332.27001953125,3204.409912109375,3233.02001953125,0,2026-07-23 13:00:00+00:00
1784815200000,3219.800048828125,3235.320068359375,3211.6201171875,3214.260009765625,0,2026-07-23 14:00:00+00:00
1784818800000,3214.699951171875,3226.429931640625,3211.889892578125,3220.090087890625,0,2026-07-23 15:00:00+00:00
1784822400000,3223.35009765625,3228.60009765625,3205.739990234375,3206.739990234375,0,2026-07-23 16:00:00+00:00
1784826000000,3206.570068359375,3212.8798828125,3194.679931640625,3196.25,0,2026-07-23 17:00:00+00:00
1784829600000,3195.97998046875,3201.3798828125,3195.929931640625,3201.3798828125,0,2026-07-23 18:00:00+00:00
1784833200000,3201.3798828125,3201.3798828125,3197.47998046875,3197.47998046875,0,2026-07-23 19:00:00+00:00
1784836800000,3190.47998046875,3200.3798828125,3190.47998046875,3200.3798828125,0,2026-07-23 20:00:00+00:00
1784840400000,3196.949951171875,3200.3798828125,3196.949951171875,3200.3798828125,0,2026-07-23 21:00:00+00:00
1784854800000,3280.0,3280.0,3200.3798828125,3200.3798828125,0,2026-07-24 01:00:00+00:00
1784862000000,3200.3798828125,3200.3798828125,3200.3798828125,3200.3798828125,0,2026-07-24 03:00:00+00:00
1784872800000,3196.949951171875,3200.39990234375,3196.949951171875,3200.39990234375,0,2026-07-24 06:00:00+00:00
1784876400000,3200.39990234375,3200.39990234375,3200.39990234375,3200.39990234375,0,2026-07-24 07:00:00+00:00
1784880000000,3200.39990234375,3200.39990234375,3200.39990234375,3200.39990234375,0,2026-07-24 08:00:00+00:00
1784883600000,3200.39990234375,3200.39990234375,3200.39990234375,3200.39990234375,0,2026-07-24 09:00:00+00:00
1784887200000,3200.39990234375,3200.39990234375,3200.39990234375,3200.39990234375,0,2026-07-24 10:00:00+00:00
1784890800000,3200.39990234375,3200.39990234375,3196.949951171875,3196.949951171875,0,2026-07-24 11:00:00+00:00
1784898000000,3227.800048828125,3227.800048828125,3155.77001953125,3212.14990234375,0,2026-07-24 13:00:00+00:00
1784901600000,3212.1201171875,3217.409912109375,3198.8798828125,3199.780029296875,0,2026-07-24 14:00:00+00:00
1784905200000,3199.8798828125,3215.429931640625,3194.659912109375,3210.56005859375,0,2026-07-24 15:00:00+00:00
1784908800000,3210.10009765625,3222.239990234375,3207.929931640625,3220.14990234375,0,2026-07-24 16:00:00+00:00
1784912400000,3218.3701171875,3222.280029296875,3213.2900390625,3217.159912109375,0,2026-07-24 17:00:00+00:00
1784916000000,3217.659912109375,3217.659912109375,3214.6201171875,3214.6201171875,0,2026-07-24 18:00:00+00:00
1784919600000,3214.6201171875,3214.6201171875,3214.6201171875,3214.6201171875,0,2026-07-24 19:00:00+00:00
1784923200000,3214.6201171875,3217.659912109375,3214.6201171875,3217.659912109375,0,2026-07-24 20:00:00+00:00
1784926800000,3217.659912109375,3217.659912109375,3216.780029296875,3216.780029296875,0,2026-07-24 21:00:00+00:00
1785106800000,3216.800048828125,3216.800048828125,3216.14990234375,3216.780029296875,0,2026-07-26 23:00:00+00:00
1785110400000,3216.14990234375,3216.780029296875,3216.14990234375,3216.780029296875,0,2026-07-27 00:00:00+00:00
1785114000000,3216.14990234375,3216.14990234375,3216.14990234375,3216.14990234375,0,2026-07-27 01:00:00+00:00
1785117600000,3216.14990234375,3216.14990234375,3216.14990234375,3216.14990234375,0,2026-07-27 02:00:00+00:00
1785121200000,3216.14990234375,3216.14990234375,3216.14990234375,3216.14990234375,0,2026-07-27 03:00:00+00:00
1785124800000,3216.14990234375,3216.780029296875,3216.14990234375,3216.14990234375,0,2026-07-27 04:00:00+00:00
1785128400000,3216.14990234375,3216.780029296875,3216.14990234375,3216.780029296875,0,2026-07-27 05:00:00+00:00
1785132000000,3216.14990234375,3216.14990234375,3216.14990234375,3216.14990234375,0,2026-07-27 06:00:00+00:00
1785135600000,3216.14990234375,3216.14990234375,3216.14990234375,3216.14990234375,0,2026-07-27 07:00:00+00:00
1785139200000,3216.14990234375,3216.280029296875,3216.1298828125,3216.1298828125,0,2026-07-27 08:00:00+00:00
1785142800000,3216.280029296875,3216.280029296875,3216.280029296875,3216.280029296875,0,2026-07-27 09:00:00+00:00
1785146400000,3216.280029296875,3216.280029296875,3216.280029296875,3216.280029296875,0,2026-07-27 10:00:00+00:00
1785150000000,3216.280029296875,3217.7900390625,3215.27001953125,3215.27001953125,0,2026-07-27 11:00:00+00:00
1785157200000,3203.89990234375,3218.22998046875,3203.89990234375,3208.0,0,2026-07-27 13:00:00+00:00
1785160800000,3208.22998046875,3213.77001953125,3201.8798828125,3207.77001953125,0,2026-07-27 14:00:00+00:00
1785164400000,3209.72998046875,3212.3701171875,3202.510009765625,3205.050048828125,0,2026-07-27 15:00:00+00:00
1785168000000,3204.389892578125,3209.489990234375,3193.030029296875,3199.72998046875,0,2026-07-27 16:00:00+00:00
1785171600000,3200.199951171875,3208.530029296875,3193.929931640625,3195.0400390625,0,2026-07-27 17:00:00+00:00
1785175200000,3194.820068359375,3198.080078125,3191.47998046875,3191.47998046875,0,2026-07-27 18:00:00+00:00
1785178800000,3191.47998046875,3191.47998046875,3191.47998046875,3191.47998046875,0,2026-07-27 19:00:00+00:00
1785182400000,3191.47998046875,3191.47998046875,3191.47998046875,3191.47998046875,0,2026-07-27 20:00:00+00:00
1785186000000,3192.64990234375,3192.64990234375,3192.64990234375,3192.64990234375,0,2026-07-27 21:00:00+00:00
1785196800000,3196.47998046875,3196.47998046875,3193.800048828125,3195.97998046875,0,2026-07-28 00:00:00+00:00
1785200400000,3195.97998046875,3195.97998046875,3195.97998046875,3195.97998046875,0,2026-07-28 01:00:00+00:00
1785207600000,3195.97998046875,3195.97998046875,3195.97998046875,3195.97998046875,0,2026-07-28 03:00:00+00:00
1785211200000,3195.97998046875,3195.97998046875,3195.97998046875,3195.97998046875,0,2026-07-28 04:00:00+00:00
1785218400000,3195.47998046875,3195.47998046875,3195.47998046875,3195.47998046875,0,2026-07-28 06:00:00+00:00
1785222000000,3195.47998046875,3205.2900390625,3195.4599609375,3195.4599609375,0,2026-07-28 07:00:00+00:00
1785225600000,3205.2900390625,3205.2900390625,3205.2900390625,3205.2900390625,0,2026-07-28 08:00:00+00:00
1785229200000,3205.2900390625,3205.2900390625,3205.2900390625,3205.2900390625,0,2026-07-28 09:00:00+00:00
1785232800000,3205.2900390625,3205.2900390625,3205.2900390625,3205.2900390625,0,2026-07-28 10:00:00+00:00
1785236400000,3205.2900390625,3205.2900390625,3192.64990234375,3192.64990234375,0,2026-07-28 11:00:00+00:00
1785240000000,3193.35009765625,3193.35009765625,3193.35009765625,3193.35009765625,0,2026-07-28 12:00:00+00:00
1785243600000,3194.909912109375,3207.280029296875,3179.800048828125,3199.75,0,2026-07-28 13:00:00+00:00
1785247200000,3199.56005859375,3215.699951171875,3193.679931640625,3211.919921875,0,2026-07-28 14:00:00+00:00
1785250800000,3213.989990234375,3216.6298828125,3197.47998046875,3202.179931640625,0,2026-07-28 15:00:00+00:00
1785254400000,3202.179931640625,3213.25,3200.330078125,3206.7900390625,0,2026-07-28 16:00:00+00:00
1785258000000,3206.610107421875,3215.1201171875,3194.360107421875,3195.5,0,2026-07-28 17:00:00+00:00
1785261600000,3193.5,3201.550048828125,3193.5,3201.550048828125,0,2026-07-28 18:00:00+00:00
1785265200000,3201.1298828125,3201.1298828125,3195.580078125,3197.47998046875,0,2026-07-28 19:00:00+00:00
1785268800000,3197.47998046875,3202.47998046875,3196.97998046875,3202.47998046875,0,2026-07-28 20:00:00+00:00
1785272400000,3195.949951171875,3207.47998046875,3195.949951171875,3201.679931640625,0,2026-07-28 21:00:00+00:00
1785276000000,3200.8701171875,3200.8701171875,3200.8701171875,3200.8701171875,0,2026-07-28 22:00:00+00:00
1785279600000,3200.800048828125,3200.800048828125,3200.800048828125,3200.800048828125,0,2026-07-28 23:00:00+00:00
1785283200000,3201.669921875,3201.669921875,3201.669921875,3201.669921875,0,2026-07-29 00:00:00+00:00
1785286800000,3201.669921875,3201.669921875,3201.669921875,3201.669921875,0,2026-07-29 01:00:00+00:00
1785294000000,3201.669921875,3201.669921875,3201.669921875,3201.669921875,0,2026-07-29 03:00:00+00:00
1785304800000,3195.949951171875,3201.77001953125,3195.949951171875,3201.77001953125,0,2026-07-29 06:00:00+00:00
1785308400000,3201.77001953125,3201.77001953125,3201.77001953125,3201.77001953125,0,2026-07-29 07:00:00+00:00
1785312000000,3201.77001953125,3202.4599609375,3201.75,3201.75,0,2026-07-29 08:00:00+00:00
1785315600000,3202.4599609375,3202.4599609375,3195.949951171875,3202.43994140625,0,2026-07-29 09:00:00+00:00
1785319200000,3200.949951171875,3200.949951171875,3200.949951171875,3200.949951171875,0,2026-07-29 10:00:00+00:00
1785322800000,3201.820068359375,3201.820068359375,3194.090087890625,3194.090087890625,0,2026-07-29 11:00:00+00:00
1785330000000,3193.449951171875,3213.909912109375,3191.070068359375,3210.050048828125,0,2026-07-29 13:00:00+00:00
1785333600000,3210.080078125,3212.830078125,3200.300048828125,3211.550048828125,0,2026-07-29 14:00:00+00:00
1785337200000,3211.22998046875,3211.820068359375,3201.10009765625,3203.81005859375,0,2026-07-29 15:00:00+00:00
1785340800000,3203.860107421875,3205.3798828125,3195.35009765625,3195.7099609375,0,2026-07-29 16:00:00+00:00
1785344400000,3202.72998046875,3204.18994140625,3189.0,3190.75,0,2026-07-29 17:00:00+00:00
1785348000000,3191.239990234375,3191.25,3185.47998046875,3185.47998046875,0,2026-07-29 18:00:00+00:00
1785351600000,3185.47998046875,3187.0400390625,3185.47998046875,3185.47998046875,0,2026-07-29 19:00:00+00:00
1785355200000,3185.47998046875,3189.47998046875,3183.47998046875,3183.47998046875,0,2026-07-29 20:00:00+00:00
1785358800000,3191.239990234375,3191.239990234375,3183.47998046875,3190.469970703125,0,2026-07-29 21:00:00+00:00
1785362400000,3190.469970703125,3190.469970703125,3190.469970703125,3190.469970703125,0,2026-07-29 22:00:00+00:00
1785373200000,3190.739990234375,3190.739990234375,3189.97998046875,3189.97998046875,0,2026-07-30 01:00:00+00:00
1785376800000,3189.97998046875,3189.97998046875,3189.97998046875,3189.97998046875,0,2026-07-30 02:00:00+00:00
1785380400000,3189.97998046875,3189.97998046875,3189.97998046875,3189.97998046875,0,2026-07-30 03:00:00+00:00
1785391200000,3189.659912109375,3189.659912109375,3189.659912109375,3189.659912109375,0,2026-07-30 06:00:00+00:00
1785394800000,3189.659912109375,3189.659912109375,3189.659912109375,3189.659912109375,0,2026-07-30 07:00:00+00:00
1785398400000,3189.659912109375,3189.659912109375,3189.659912109375,3189.659912109375,0,2026-07-30 08:00:00+00:00
1785402000000,3189.659912109375,3193.489990234375,3189.659912109375,3191.239990234375,0,2026-07-30 09:00:00+00:00
1785409200000,3189.639892578125,3204.27001953125,3189.639892578125,3191.25,0,2026-07-30 11:00:00+00:00
1785416400000,3193.25,3203.760009765625,3138.449951171875,3143.97998046875,0,2026-07-30 13:00:00+00:00
1785420000000,3143.050048828125,3151.7900390625,3127.739990234375,3135.179931640625,0,2026-07-30 14:00:00+00:00
1785423600000,3150.409912109375,3150.409912109375,3110.10009765625,3121.550048828125,0,2026-07-30 15:00:00+00:00
1785427200000,3136.39990234375,3138.35009765625,3099.300048828125,3103.8798828125,0,2026-07-30 16:00:00+00:00
1785430800000,3120.169921875,3120.330078125,3084.0,3117.6298828125,0,2026-07-30 17:00:00+00:00
1785434400000,3122.5,3124.989990234375,3112.97998046875,3116.0,0,2026-07-30 18:00:00+00:00
1785438000000,3115.97998046875,3124.469970703125,3105.429931640625,3111.929931640625,0,2026-07-30 19:00:00+00:00
1785441600000,3108.47998046875,3128.47998046875,3105.25,3128.47998046875,0,2026-07-30 20:00:00+00:00
1785445200000,3105.25,3128.47998046875,3105.25,3124.340087890625,0,2026-07-30 21:00:00+00:00
1785448800000,3121.02001953125,3125.7900390625,3120.699951171875,3120.699951171875,0,2026-07-30 22:00:00+00:00
1785452400000,3118.010009765625,3118.010009765625,3115.97998046875,3115.97998046875,0,2026-07-30 23:00:00+00:00
1785459600000,3109.39990234375,3115.97998046875,3105.25,3115.97998046875,0,2026-07-31 01:00:00+00:00
1785463200000,3115.97998046875,3115.97998046875,3115.97998046875,3115.97998046875,0,2026-07-31 02:00:00+00:00
1785466800000,3115.97998046875,3115.97998046875,3115.97998046875,3115.97998046875,0,2026-07-31 03:00:00+00:00
1785470400000,3115.97998046875,3115.97998046875,3115.97998046875,3115.97998046875,0,2026-07-31 04:00:00+00:00
1785477600000,3116.64990234375,3116.64990234375,3116.64990234375,3116.64990234375,0,2026-07-31 06:00:00+00:00
1785481200000,3116.64990234375,3116.64990234375,3116.64990234375,3116.64990234375,0,2026-07-31 07:00:00+00:00
1785484800000,3116.64990234375,3116.64990234375,3116.64990234375,3116.64990234375,0,2026-07-31 08:00:00+00:00
1785488400000,3116.64990234375,3116.64990234375,3116.64990234375,3116.64990234375,0,2026-07-31 09:00:00+00:00
1785492000000,3116.64990234375,3116.64990234375,3116.64990234375,3116.64990234375,0,2026-07-31 10:00:00+00:00
1785495600000,3116.64990234375,3116.64990234375,3105.25,3105.25,0,2026-07-31 11:00:00+00:00
1785502800000,3121.75,3135.8798828125,3111.949951171875,3130.070068359375,0,2026-07-31 13:00:00+00:00
1785506400000,3126.85009765625,3147.030029296875,3125.260009765625,3146.64990234375,0,2026-07-31 14:00:00+00:00
1785510000000,3145.840087890625,3154.14990234375,3135.27001953125,3142.409912109375,0,2026-07-31 15:00:00+00:00
1785513600000,3143.0400390625,3158.2099609375,3135.47998046875,3149.820068359375,0,2026-07-31 16:00:00+00:00
1785517200000,3138.81005859375,3164.3798828125,3138.409912109375,3152.64990234375,0,2026-07-31 17:00:00+00:00
1785520800000,3151.070068359375,3157.47998046875,3150.4599609375,3151.0,0,2026-07-31 18:00:00+00:00
1785524400000,3151.679931640625,3151.679931640625,3151.679931640625,3151.679931640625,0,2026-07-31 19:00:00+00:00
1785711600000,3151.659912109375,3151.659912109375,3143.97998046875,3148.389892578125,0,2026-08-02 23:00:00+00:00
1785722400000,3148.389892578125,3148.389892578125,3148.389892578125,3148.389892578125,0,2026-08-03 02:00:00+00:00
1785726000000,3148.389892578125,3148.389892578125,3148.389892578125,3148.389892578125,0,2026-08-03 03:00:00+00:00
1785736800000,3148.409912109375,3148.409912109375,3144.52001953125,3147.699951171875,0,2026-08-03 06:00:00+00:00
1785740400000,3147.699951171875,3147.699951171875,3147.699951171875,3147.699951171875,0,2026-08-03 07:00:00+00:00
1785744000000,3147.699951171875,3147.699951171875,3147.699951171875,3147.699951171875,0,2026-08-03 08:00:00+00:00
1785747600000,3147.699951171875,3202.5,3147.699951171875,3202.5,0,2026-08-03 09:00:00+00:00
1785754800000,3147.679931640625,3151.0,3147.679931640625,3151.0,0,2026-08-03 11:00:00+00:00
1785762000000,3151.0,3230.659912109375,3150.419921875,3221.449951171875,0,2026-08-03 13:00:00+00:00
1785765600000,3219.169921875,3231.81005859375,3217.030029296875,3230.39990234375,0,2026-08-03 14:00:00+00:00
1785769200000,3230.75,3233.7900390625,3223.3798828125,3228.1298828125,0,2026-08-03 15:00:00+00:00
1785772800000,3228.159912109375,3248.949951171875,3226.8798828125,3246.1201171875,0,2026-08-03 16:00:00+00:00
1785776400000,3245.7900390625,3245.840087890625,3230.389892578125,3230.800048828125,0,2026-08-03 17:00:00+00:00
1785780000000,3235.219970703125,3235.219970703125,3226.47998046875,3228.080078125,0,2026-08-03 18:00:00+00:00
1785783600000,3233.080078125,3233.080078125,3226.47998046875,3228.050048828125,0,2026-08-03 19:00:00+00:00
1785787200000,3228.050048828125,3230.47998046875,3225.97998046875,3225.97998046875,0,2026-08-03 20:00:00+00:00
1785790800000,3229.030029296875,3233.02001953125,3225.97998046875,3233.02001953125,0,2026-08-03 21:00:00+00:00
1785794400000,3229.949951171875,3229.949951171875,3229.949951171875,3229.949951171875,0,2026-08-03 22:00:00+00:00
1785798000000,3231.050048828125,3231.050048828125,3230.8701171875,3230.8701171875,0,2026-08-03 23:00:00+00:00
1785801600000,3230.8701171875,3230.8701171875,3230.8701171875,3230.8701171875,0,2026-08-04 00:00:00+00:00
1785805200000,3230.8701171875,3230.8701171875,3230.8701171875,3230.8701171875,0,2026-08-04 01:00:00+00:00
1785808800000,3230.8701171875,3230.97998046875,3229.56005859375,3230.97998046875,0,2026-08-04 02:00:00+00:00
1785812400000,3230.97998046875,3230.97998046875,3230.97998046875,3230.97998046875,0,2026-08-04 03:00:00+00:00
1785823200000,3229.030029296875,3230.820068359375,3229.030029296875,3230.820068359375,0,2026-08-04 06:00:00+00:00
1785826800000,3230.820068359375,3230.820068359375,3230.820068359375,3230.820068359375,0,2026-08-04 07:00:00+00:00
1785830400000,3230.820068359375,3230.820068359375,3230.820068359375,3230.820068359375,0,2026-08-04 08:00:00+00:00
1785834000000,3230.820068359375,3231.280029296875,3229.030029296875,3229.030029296875,0,2026-08-04 09:00:00+00:00
1785837600000,3230.010009765625,3230.010009765625,3230.010009765625,3230.010009765625,0,2026-08-04 10:00:00+00:00
1785841200000,3230.64990234375,3230.64990234375,3228.9599609375,3228.9599609375,0,2026-08-04 11:00:00+00:00
1785844800000,3228.9599609375,3230.409912109375,3228.9599609375,3229.8701171875,0,2026-08-04 12:00:00+00:00
1785848400000,3242.030029296875,3242.030029296875,3202.64990234375,3202.64990234375,0,2026-08-04 13:00:00+00:00
1785852000000,3202.699951171875,3212.2900390625,3199.010009765625,3206.6298828125,0,2026-08-04 14:00:00+00:00
1785855600000,3206.8798828125,3206.8798828125,3201.050048828125,3202.860107421875,0,2026-08-04 15:00:00+00:00
1785859200000,3202.840087890625,3215.5,3195.6298828125,3198.239990234375,0,2026-08-04 16:00:00+00:00
1785862800000,3196.7900390625,3200.75,3188.530029296875,3194.02001953125,0,2026-08-04 17:00:00+00:00
1785866400000,3194.320068359375,3194.320068359375,3191.239990234375,3193.909912109375,0,2026-08-04 18:00:00+00:00
1785870000000,3198.35009765625,3200.47998046875,3194.580078125,3194.580078125,0,2026-08-04 19:00:00+00:00
1785873600000,3193.72998046875,3200.47998046875,3193.72998046875,3197.47998046875,0,2026-08-04 20:00:00+00:00
1785877200000,3194.320068359375,3200.47998046875,3191.800048828125,3200.47998046875,0,2026-08-04 21:00:00+00:00
1785880800000,3200.669921875,3200.669921875,3194.60009765625,3194.60009765625,0,2026-08-04 22:00:00+00:00
1785884400000,3193.739990234375,3193.739990234375,3193.739990234375,3193.739990234375,0,2026-08-04 23:00:00+00:00
1785895200000,3200.06005859375,3200.06005859375,3196.97998046875,3196.97998046875,0,2026-08-05 02:00:00+00:00
1785898800000,3196.97998046875,3196.97998046875,3196.97998046875,3196.97998046875,0,2026-08-05 03:00:00+00:00
1785909600000,3194.590087890625,3200.7900390625,3193.7099609375,3193.7099609375,0,2026-08-05 06:00:00+00:00
1785913200000,3193.7099609375,3193.7099609375,3193.7099609375,3193.7099609375,0,2026-08-05 07:00:00+00:00
1785916800000,3193.7099609375,3193.7099609375,3193.7099609375,3193.7099609375,0,2026-08-05 08:00:00+00:00
1785920400000,3193.7099609375,3194.320068359375,3193.7099609375,3194.320068359375,0,2026-08-05 09:00:00+00:00
1785924000000,3193.68994140625,3199.989990234375,3193.68994140625,3194.949951171875,0,2026-08-05 10:00:00+00:00
1785927600000,3194.10009765625,3194.10009765625,3191.800048828125,3191.800048828125,0,2026-08-05 11:00:00+00:00
1785931200000,3193.1298828125,3193.1298828125,3191.10009765625,3191.800048828125,0,2026-08-05 12:00:00+00:00
1785934800000,3191.800048828125,3202.18994140625,3181.949951171875,3186.110107421875,0,2026-08-05 13:00:00+00:00
1785938400000,3187.35009765625,3195.159912109375,3171.139892578125,3176.070068359375,0,2026-08-05 14:00:00+00:00
1785942000000,3175.64990234375,3183.02001953125,3171.989990234375,3174.969970703125,0,2026-08-05 15:00:00+00:00
1785945600000,3177.239990234375,3184.070068359375,3171.429931640625,3175.199951171875,0,2026-08-05 16:00:00+00:00
1785949200000,3172.639892578125,3176.659912109375,3169.280029296875,3171.320068359375,0,2026-08-05 17:00:00+00:00
1785956400000,3171.489990234375,3175.47998046875,3171.280029296875,3172.199951171875,0,2026-08-05 19:00:00+00:00
1785960000000,3175.97998046875,3175.97998046875,3171.830078125,3175.97998046875,0,2026-08-05 20:00:00+00:00
1785963600000,3174.010009765625,3175.97998046875,3171.489990234375,3173.22998046875,0,2026-08-05 21:00:00+00:00
1785967200000,3173.22998046875,3173.22998046875,3173.22998046875,3173.22998046875,0,2026-08-05 22:00:00+00:00
1785970800000,3176.469970703125,3176.469970703125,3176.469970703125,3176.469970703125,0,2026-08-05 23:00:00+00:00
1785974400000,3176.469970703125,3176.469970703125,3176.469970703125,3176.469970703125,0,2026-08-06 00:00:00+00:00
1785978000000,3176.469970703125,3176.469970703125,3176.469970703125,3176.469970703125,0,2026-08-06 01:00:00+00:00
1785981600000,3176.469970703125,3176.469970703125,3176.469970703125,3176.469970703125,0,2026-08-06 02:00:00+00:00
1785985200000,3176.469970703125,3176.469970703125,3176.469970703125,3176.469970703125,0,2026-08-06 03:00:00+00:00
1785996000000,3174.5400390625,3174.5400390625,3174.010009765625,3174.219970703125,0,2026-08-06 06:00:00+00:00
1785999600000,3174.219970703125,3174.219970703125,3174.219970703125,3174.219970703125,0,2026-08-06 07:00:00+00:00
1786003200000,3174.219970703125,3174.219970703125,3174.219970703125,3174.219970703125,0,2026-08-06 08:00:00+00:00
1786006800000,3174.219970703125,3174.5400390625,3174.219970703125,3174.219970703125,0,2026-08-06 09:00:00+00:00
1786010400000,3174.219970703125,3174.3798828125,3174.199951171875,3174.3798828125,0,2026-08-06 10:00:00+00:00
1786014000000,3174.3798828125,3174.4599609375,3171.489990234375,3171.489990234375,0,2026-08-06 11:00:00+00:00
1786017600000,3171.489990234375,3171.489990234375,3171.489990234375,3171.489990234375,0,2026-08-06 12:00:00+00:00
1786021200000,3173.199951171875,3219.27001953125,3157.570068359375,3164.780029296875,0,2026-08-06 13:00:00+00:00
1786024800000,3164.97998046875,3173.14990234375,3148.4599609375,3151.27001953125,0,2026-08-06 14:00:00+00:00
1786028400000,3154.2099609375,3158.949951171875,3145.72998046875,3153.090087890625,0,2026-08-06 15:00:00+00:00
1786032000000,3151.760009765625,3154.739990234375,3146.800048828125,3146.800048828125,0,2026-08-06 16:00:00+00:00
1786035600000,3147.659912109375,3153.64990234375,3145.3798828125,3147.679931640625,0,2026-08-06 17:00:00+00:00
1786039200000,3147.239990234375,3150.47998046875,3146.47998046875,3146.47998046875,0,2026-08-06 18:00:00+00:00
1786042800000,3149.47998046875,3149.47998046875,3146.47998046875,3146.47998046875,0,2026-08-06 19:00:00+00:00
1786046400000,3146.47998046875,3149.989990234375,3146.47998046875,3149.989990234375,0,2026-08-06 20:00:00+00:00
1786050000000,3150.739990234375,3151.47998046875,3150.72998046875,3151.47998046875,0,2026-08-06 21:00:00+00:00
1786053600000,3151.47998046875,3151.47998046875,3151.47998046875,3151.47998046875,0,2026-08-06 22:00:00+00:00
1786071600000,3151.47998046875,3151.47998046875,3151.47998046875,3151.47998046875,0,2026-08-07 03:00:00+00:00
1786082400000,3151.5,3151.5,3151.5,3151.5,0,2026-08-07 06:00:00+00:00
1786086000000,3151.5,3151.5,3151.5,3151.5,0,2026-08-07 07:00:00+00:00
1786089600000,3151.5,3151.5,3151.5,3151.5,0,2026-08-07 08:00:00+00:00
1786093200000,3151.5,3151.5,3150.75,3150.75,0,2026-08-07 09:00:00+00:00
1786100400000,3151.47998046875,3151.47998046875,3151.47998046875,3151.47998046875,0,2026-08-07 11:00:00+00:00
1786104000000,3159.260009765625,3159.260009765625,3159.260009765625,3159.260009765625,0,2026-08-07 12:00:00+00:00
1786107600000,3158.43994140625,3158.43994140625,3158.43994140625,3158.43994140625,0,2026-08-07 13:00:00+00:00
1786114800000,3158.43994140625,3158.43994140625,3158.43994140625,3158.43994140625,0,2026-08-07 15:00:00+00:00
1786118400000,3158.35009765625,3158.35009765625,3151.7099609375,3152.110107421875,0,2026-08-07 16:00:00+00:00
1786122000000,3152.830078125,3155.760009765625,3148.679931640625,3151.679931640625,0,2026-08-07 17:00:00+00:00
1786125600000,3150.679931640625,3150.679931640625,3148.280029296875,3148.280029296875,0,2026-08-07 18:00:00+00:00
1786132800000,3152.639892578125,3152.639892578125,3152.639892578125,3152.639892578125,0,2026-08-07 20:00:00+00:00
1786136400000,3152.639892578125,3152.639892578125,3152.639892578125,3152.639892578125,0,2026-08-07 21:00:00+00:00
1786316400000,3155.909912109375,3155.909912109375,3155.909912109375,3155.909912109375,0,2026-08-09 23:00:00+00:00
1786327200000,3155.909912109375,3155.909912109375,3155.909912109375,3155.909912109375,0,2026-08-10 02:00:00+00:00
1786330800000,3155.909912109375,3155.909912109375,3155.909912109375,3155.909912109375,0,2026-08-10 03:00:00+00:00
1786341600000,3155.909912109375,3155.909912109375,3155.909912109375,3155.909912109375,0,2026-08-10 06:00:00+00:00
1786345200000,3155.909912109375,3155.909912109375,3155.510009765625,3155.889892578125,0,2026-08-10 07:00:00+00:00
1786348800000,3155.510009765625,3155.510009765625,3155.510009765625,3155.510009765625,0,2026-08-10 08:00:00+00:00
1786352400000,3155.510009765625,3155.510009765625,3138.5,3155.489990234375,0,2026-08-10 09:00:00+00:00
1786356000000,3155.590087890625,3155.590087890625,3155.590087890625,3155.590087890625,0,2026-08-10 10:00:00+00:00
1786359600000,3154.919921875,3154.919921875,3148.679931640625,3148.679931640625,0,2026-08-10 11:00:00+00:00
1786363200000,3148.679931640625,3148.679931640625,3148.679931640625,3148.679931640625,0,2026-08-10 12:00:00+00:00
1786366800000,3153.14990234375,3161.72998046875,3129.89990234375,3137.22998046875,0,2026-08-10 13:00:00+00:00
1786370400000,3137.22998046875,3139.64990234375,3115.070068359375,3119.659912109375,0,2026-08-10 14:00:00+00:00
1786374000000,3121.550048828125,3124.81005859375,3108.429931640625,3113.139892578125,0,2026-08-10 15:00:00+00:00
1786377600000,3114.10009765625,3128.5,3111.219970703125,3120.530029296875,0,2026-08-10 16:00:00+00:00
1786381200000,3122.969970703125,3139.8798828125,3120.22998046875,3137.10009765625,0,2026-08-10 17:00:00+00:00
1786384800000,3138.0,3139.949951171875,3132.489990234375,3136.0,0,2026-08-10 18:00:00+00:00
1786388400000,3136.0,3136.0,3136.0,3136.0,0,2026-08-10 19:00:00+00:00
1786392000000,3135.68994140625,3141.47998046875,3135.06005859375,3136.35009765625,0,2026-08-10 20:00:00+00:00
1786395600000,3139.949951171875,3139.949951171875,3136.35009765625,3136.35009765625,0,2026-08-10 21:00:00+00:00
1786399200000,3136.35009765625,3144.320068359375,3136.35009765625,3144.320068359375,0,2026-08-10 22:00:00+00:00
1786402800000,3136.449951171875,3141.360107421875,3135.330078125,3141.360107421875,0,2026-08-10 23:00:00+00:00
1786413600000,3134.97998046875,3135.7900390625,3133.97998046875,3133.97998046875,0,2026-08-11 02:00:00+00:00
1786417200000,3133.97998046875,3133.97998046875,3133.97998046875,3133.97998046875,0,2026-08-11 03:00:00+00:00
1786428000000,3133.139892578125,3139.949951171875,3133.139892578125,3137.97998046875,0,2026-08-11 06:00:00+00:00
1786431600000,3137.97998046875,3137.97998046875,3137.97998046875,3137.97998046875,0,2026-08-11 07:00:00+00:00
1786435200000,3137.97998046875,3137.97998046875,3137.97998046875,3137.97998046875,0,2026-08-11 08:00:00+00:00
1786438800000,3137.97998046875,3137.97998046875,3137.97998046875,3137.97998046875,0,2026-08-11 09:00:00+00:00
1786442400000,3137.97998046875,3137.97998046875,3137.97998046875,3137.97998046875,0,2026-08-11 10:00:00+00:00
1786446000000,3137.97998046875,3139.949951171875,3137.97998046875,3138.5,0,2026-08-11 11:00:00+00:00
1786449600000,3137.9599609375,3137.9599609375,3134.89990234375,3134.89990234375,0,2026-08-11 12:00:00+00:00
1786453200000,3134.89990234375,3138.330078125,3115.030029296875,3116.989990234375,0,2026-08-11 13:00:00+00:00
1786456800000,3118.85009765625,3127.919921875,3104.06005859375,3113.010009765625,0,2026-08-11 14:00:00+00:00
1786460400000,3111.81005859375,3125.77001953125,3110.090087890625,3114.179931640625,0,2026-08-11 15:00:00+00:00
1786464000000,3114.739990234375,3124.77001953125,3113.340087890625,3116.6201171875,0,2026-08-11 16:00:00+00:00
1786467600000,3116.050048828125,3140.139892578125,3114.840087890625,3128.820068359375,0,2026-08-11 17:00:00+00:00
1786471200000,3130.8701171875,3130.8701171875,3125.139892578125,3126.909912109375,0,2026-08-11 18:00:00+00:00
1786474800000,3129.830078125,3130.0,3123.47998046875,3127.47998046875,0,2026-08-11 19:00:00+00:00
1786478400000,3127.47998046875,3129.409912109375,3125.860107421875,3128.97998046875,0,2026-08-11 20:00:00+00:00
1786482000000,3129.469970703125,3129.469970703125,3126.25,3128.469970703125,0,2026-08-11 21:00:00+00:00
1786485600000,3128.070068359375,3128.070068359375,3124.75,3124.75,0,2026-08-11 22:00:00+00:00
1786489200000,3124.75,3128.419921875,3124.75,3128.419921875,0,2026-08-11 23:00:00+00:00
1786492800000,3128.419921875,3128.419921875,3128.419921875,3128.419921875,0,2026-08-12 00:00:00+00:00
1786496400000,3128.419921875,3128.419921875,3128.419921875,3128.419921875,0,2026-08-12 01:00:00+00:00
1786500000000,3128.419921875,3128.419921875,3128.419921875,3128.419921875,0,2026-08-12 02:00:00+00:00
1786514400000,3124.679931640625,3127.590087890625,3124.550048828125,3124.550048828125,0,2026-08-12 06:00:00+00:00
1786518000000,3127.590087890625,3127.590087890625,3127.590087890625,3127.590087890625,0,2026-08-12 07:00:00+00:00
1786521600000,3127.590087890625,3127.590087890625,3127.590087890625,3127.590087890625,0,2026-08-12 08:00:00+00:00
1786525200000,3127.590087890625,3130.219970703125,3127.590087890625,3129.469970703125,0,2026-08-12 09:00:00+00:00
1786528800000,3129.469970703125,3129.469970703125,3127.570068359375,3127.570068359375,0,2026-08-12 10:00:00+00:00
1786532400000,3129.47998046875,3129.47998046875,3124.889892578125,3128.570068359375,0,2026-08-12 11:00:00+00:00
1786539600000,3128.570068359375,3128.570068359375,3105.1298828125,3110.989990234375,0,2026-08-12 13:00:00+00:00
1786543200000,3110.93994140625,3120.169921875,3105.989990234375,3112.909912109375,0,2026-08-12 14:00:00+00:00
1786546800000,3112.969970703125,3126.5,3112.969970703125,3124.22998046875,0,2026-08-12 15:00:00+00:00
1786550400000,3124.199951171875,3134.409912109375,3120.31005859375,3130.659912109375,0,2026-08-12 16:00:00+00:00
1786554000000,3130.659912109375,3141.050048828125,3124.39990234375,3140.1298828125,0,2026-08-12 17:00:00+00:00
1786557600000,3140.1298828125,3140.239990234375,3140.1298828125,3140.239990234375,0,2026-08-12 18:00:00+00:00
1786561200000,3140.239990234375,3140.239990234375,3137.47998046875,3137.47998046875,0,2026-08-12 19:00:00+00:00
1786564800000,3138.550048828125,3140.47998046875,3137.4599609375,3139.68994140625,0,2026-08-12 20:00:00+00:00
1786568400000,3135.949951171875,3140.47998046875,3135.949951171875,3137.47998046875,0,2026-08-12 21:00:00+00:00
1786582800000,3137.47998046875,3139.97998046875,3137.47998046875,3138.550048828125,0,2026-08-13 01:00:00+00:00
1786586400000,3138.550048828125,3138.550048828125,3138.550048828125,3138.550048828125,0,2026-08-13 02:00:00+00:00
1786590000000,3138.550048828125,3138.550048828125,3138.550048828125,3138.550048828125,0,2026-08-13 03:00:00+00:00
1786593600000,3139.090087890625,3139.090087890625,3139.090087890625,3139.090087890625,0,2026-08-13 04:00:00+00:00
1786600800000,3135.949951171875,3137.5,3135.949951171875,3137.5,0,2026-08-13 06:00:00+00:00
1786604400000,3137.5,3137.97998046875,3131.300048828125,3131.300048828125,0,2026-08-13 07:00:00+00:00
1786608000000,3137.97998046875,3137.97998046875,3137.97998046875,3137.97998046875,0,2026-08-13 08:00:00+00:00
1786611600000,3137.97998046875,3138.199951171875,3135.949951171875,3135.949951171875,0,2026-08-13 09:00:00+00:00
1786626000000,3135.949951171875,3136.340087890625,3121.9599609375,3124.719970703125,0,2026-08-13 13:00:00+00:00
1786629600000,3127.3798828125,3134.219970703125,3122.419921875,3132.360107421875,0,2026-08-13 14:00:00+00:00
1786633200000,3133.800048828125,3134.39990234375,3118.780029296875,3121.389892578125,0,2026-08-13 15:00:00+00:00
1786636800000,3123.60009765625,3127.169921875,3116.030029296875,3119.780029296875,0,2026-08-13 16:00:00+00:00
1786640400000,3119.800048828125,3126.1298828125,3113.39990234375,3117.110107421875,0,2026-08-13 17:00:00+00:00
1786644000000,3117.159912109375,3117.280029296875,3113.580078125,3115.760009765625,0,2026-08-13 18:00:00+00:00
1786647600000,3115.469970703125,3117.72998046875,3115.469970703125,3117.72998046875,0,2026-08-13 19:00:00+00:00
1786651200000,3117.72998046875,3117.72998046875,3115.4599609375,3117.72998046875,0,2026-08-13 20:00:00+00:00
1786654800000,3116.409912109375,3124.5400390625,3116.3798828125,3124.5400390625,0,2026-08-13 21:00:00+00:00
1786658400000,3116.35009765625,3125.919921875,3116.02001953125,3116.18994140625,0,2026-08-13 22:00:00+00:00
1786669200000,3116.0400390625,3116.97998046875,3116.0400390625,3116.97998046875,0,2026-08-14 01:00:00+00:00
1786672800000,3116.97998046875,3116.97998046875,3116.97998046875,3116.97998046875,0,2026-08-14 02:00:00+00:00
1786683600000,3115.679931640625,3126.989990234375,3115.679931640625,3116.1298828125,0,2026-08-14 05:00:00+00:00
1786687200000,3116.409912109375,3116.409912109375,3115.719970703125,3115.719970703125,0,2026-08-14 06:00:00+00:00
1786690800000,3115.719970703125,3115.719970703125,3115.719970703125,3115.719970703125,0,2026-08-14 07:00:00+00:00
1786694400000,3115.719970703125,3115.719970703125,3115.719970703125,3115.719970703125,0,2026-08-14 08:00:00+00:00
1786698000000,3115.719970703125,3115.719970703125,3115.719970703125,3115.719970703125,0,2026-08-14 09:00:00+00:00
1786701600000,3115.719970703125,3125.4599609375,3115.6298828125,3115.6298828125,0,2026-08-14 10:00:00+00:00
1786705200000,3115.6298828125,3126.699951171875,3115.050048828125,3115.050048828125,0,2026-08-14 11:00:00+00:00
1786708800000,3126.699951171875,3126.699951171875,3116.22998046875,3126.679931640625,0,2026-08-14 12:00:00+00:00
1786712400000,3116.22998046875,3126.27001953125,3107.429931640625,3109.449951171875,0,2026-08-14 13:00:00+00:00
1786716000000,3111.93994140625,3121.2900390625,3105.77001953125,3111.5400390625,0,2026-08-14 14:00:00+00:00
1786719600000,3113.56005859375,3125.510009765625,3110.449951171875,3121.7900390625,0,2026-08-14 15:00:00+00:00
1786723200000,3121.739990234375,3147.35009765625,3121.739990234375,3139.860107421875,0,2026-08-14 16:00:00+00:00
1786726800000,3141.679931640625,3144.489990234375,3128.830078125,3133.52001953125,0,2026-08-14 17:00:00+00:00
1786730400000,3131.449951171875,3131.6201171875,3131.449951171875,3131.6201171875,0,2026-08-14 18:00:00+00:00
1786734000000,3132.47998046875,3134.3701171875,3127.2900390625,3134.3701171875,0,2026-08-14 19:00:00+00:00
1786737600000,3134.47998046875,3141.47998046875,3133.52001953125,3133.52001953125,0,2026-08-14 20:00:00+00:00
1786924800000,3131.300048828125,3131.300048828125,3131.300048828125,3131.300048828125,0,2026-08-17 00:00:00+00:00
1786932000000,3131.300048828125,3131.300048828125,3131.300048828125,3131.300048828125,0,2026-08-17 02:00:00+00:00
1786935600000,3131.300048828125,3131.300048828125,3131.300048828125,3131.300048828125,0,2026-08-17 03:00:00+00:00
1786946400000,3133.52001953125,3133.52001953125,3131.31005859375,3131.31005859375,0,2026-08-17 06:00:00+00:00
1786950000000,3131.31005859375,3131.31005859375,3131.31005859375,3131.31005859375,0,2026-08-17 07:00:00+00:00
1786953600000,3131.31005859375,3131.31005859375,3131.31005859375,3131.31005859375,0,2026-08-17 08:00:00+00:00
1786957200000,3131.31005859375,3133.889892578125,3131.31005859375,3133.889892578125,0,2026-08-17 09:00:00+00:00
1786960800000,3133.52001953125,3133.52001953125,3133.52001953125,3133.52001953125,0,2026-08-17 10:00:00+00:00
1786964400000,3134.3798828125,3134.3798828125,3134.3798828125,3134.3798828125,0,2026-08-17 11:00:00+00:00
1786968000000,3131.2900390625,3131.6201171875,3131.2900390625,3131.6201171875,0,2026-08-17 12:00:00+00:00
1786975200000,3131.6201171875,3131.6201171875,3131.6201171875,3131.6201171875,0,2026-08-17 14:00:00+00:00
1786978800000,3131.6201171875,3131.6201171875,3131.6201171875,3131.6201171875,0,2026-08-17 15:00:00+00:00
1786982400000,3131.6201171875,3131.6201171875,3131.6201171875,3131.6201171875,0,2026-08-17 16:00:00+00:00
1786989600000,3131.6201171875,3132.6201171875,3131.6201171875,3132.6201171875,0,2026-08-17 18:00:00+00:00
1786993200000,3132.6201171875,3133.0,3131.0,3131.780029296875,0,2026-08-17 19:00:00+00:00
1786996800000,3131.800048828125,3131.800048828125,3131.800048828125,3131.800048828125,0,2026-08-17 20:00:00+00:00
1787000400000,3131.800048828125,3131.800048828125,3131.800048828125,3131.800048828125,0,2026-08-17 21:00:00+00:00
1787004000000,3131.800048828125,3131.800048828125,3131.800048828125,3131.800048828125,0,2026-08-17 22:00:00+00:00
1787007600000,3131.800048828125,3131.800048828125,3131.800048828125,3131.800048828125,0,2026-08-17 23:00:00+00:00
1787011200000,3131.800048828125,3131.800048828125,3131.6201171875,3131.6201171875,0,2026-08-18 00:00:00+00:00
1787014800000,3131.6201171875,3131.97998046875,3131.6201171875,3131.97998046875,0,2026-08-18 01:00:00+00:00
1787018400000,3131.97998046875,3131.97998046875,3131.97998046875,3131.97998046875,0,2026-08-18 02:00:00+00:00
1787032800000,3131.93994140625,3131.93994140625,3131.93994140625,3131.93994140625,0,2026-08-18 06:00:00+00:00
1787036400000,3131.93994140625,3131.93994140625,3131.93994140625,3131.93994140625,0,2026-08-18 07:00:00+00:00
1787040000000,3131.93994140625,3131.93994140625,3131.93994140625,3131.93994140625,0,2026-08-18 08:00:00+00:00
1787043600000,3131.93994140625,3131.93994140625,3131.93994140625,3131.93994140625,0,2026-08-18 09:00:00+00:00
1787047200000,3131.93994140625,3131.93994140625,3131.93994140625,3131.93994140625,0,2026-08-18 10:00:00+00:00
1787050800000,3131.93994140625,3133.1201171875,3131.6201171875,3131.8701171875,0,2026-08-18 11:00:00+00:00
1787058000000,3132.3798828125,3135.47998046875,3113.52001953125,3113.699951171875,0,2026-08-18 13:00:00+00:00
1787061600000,3113.8701171875,3113.8701171875,3092.050048828125,3094.60009765625,0,2026-08-18 14:00:00+00:00
1787065200000,3094.47998046875,3099.1298828125,3090.320068359375,3093.830078125,0,2026-08-18 15:00:00+00:00
1787068800000,3094.72998046875,3096.330078125,3080.139892578125,3083.610107421875,0,2026-08-18 16:00:00+00:00
1787072400000,3081.75,3093.550048828125,3080.860107421875,3092.3701171875,0,2026-08-18 17:00:00+00:00
1787076000000,3093.5,3093.5,3091.3701171875,3092.47998046875,0,2026-08-18 18:00:00+00:00
1787079600000,3092.47998046875,3096.3798828125,3092.47998046875,3096.3798828125,0,2026-08-18 19:00:00+00:00
1787083200000,3096.3798828125,3096.3798828125,3091.89990234375,3091.89990234375,0,2026-08-18 20:00:00+00:00
1787086800000,3093.5,3098.47998046875,3092.489990234375,3098.47998046875,0,2026-08-18 21:00:00+00:00
1787097600000,3098.47998046875,3098.47998046875,3098.47998046875,3098.47998046875,0,2026-08-19 00:00:00+00:00
1787101200000,3098.47998046875,3098.47998046875,3085.97998046875,3093.25,0,2026-08-19 01:00:00+00:00
1787104800000,3093.25,3093.25,3093.25,3093.25,0,2026-08-19 02:00:00+00:00
1787108400000,3093.25,3093.25,3093.25,3093.25,0,2026-08-19 03:00:00+00:00
1787119200000,3092.159912109375,3092.159912109375,3092.159912109375,3092.159912109375,0,2026-08-19 06:00:00+00:00
1787122800000,3092.159912109375,3092.159912109375,3092.159912109375,3092.159912109375,0,2026-08-19 07:00:00+00:00
1787126400000,3092.159912109375,3092.159912109375,3092.159912109375,3092.159912109375,0,2026-08-19 08:00:00+00:00
1787130000000,3092.159912109375,3093.5,3092.159912109375,3093.5,0,2026-08-19 09:00:00+00:00
1787137200000,3093.5,3093.5,3093.5,3093.5,0,2026-08-19 11:00:00+00:00
1787144400000,3082.0,3093.25,3049.4599609375,3057.080078125,0,2026-08-19 13:00:00+00:00
1787148000000,3056.860107421875,3093.25,3051.179931640625,3056.550048828125,0,2026-08-19 14:00:00+00:00
1787151600000,3056.580078125,3093.25,3051.10009765625,3055.739990234375,0,2026-08-19 15:00:00+00:00
1787155200000,3053.639892578125,3057.4599609375,3041.81005859375,3047.97998046875,0,2026-08-19 16:00:00+00:00
1787158800000,3048.429931640625,3055.070068359375,3030.409912109375,3035.280029296875,0,2026-08-19 17:00:00+00:00
1787162400000,3035.280029296875,3049.760009765625,3035.280029296875,3049.760009765625,0,2026-08-19 18:00:00+00:00
1787169600000,3049.320068359375,3049.320068359375,3049.320068359375,3049.320068359375,0,2026-08-19 20:00:00+00:00
1787173200000,3035.800048828125,3050.97998046875,3035.800048828125,3047.2099609375,0,2026-08-19 21:00:00+00:00
1787176800000,3047.7900390625,3047.8701171875,3047.7900390625,3047.8701171875,0,2026-08-19 22:00:00+00:00
1787180400000,3048.35009765625,3048.35009765625,3048.35009765625,3048.35009765625,0,2026-08-19 23:00:00+00:00
1787184000000,3048.35009765625,3048.35009765625,3048.35009765625,3048.35009765625,0,2026-08-20 00:00:00+00:00
1787187600000,3049.93994140625,3050.97998046875,3049.93994140625,3050.97998046875,0,2026-08-20 01:00:00+00:00
1787191200000,3050.97998046875,3050.97998046875,3050.97998046875,3050.97998046875,0,2026-08-20 02:00:00+00:00
1787194800000,3050.97998046875,3050.97998046875,3050.97998046875,3050.97998046875,0,2026-08-20 03:00:00+00:00
1787205600000,3035.800048828125,3049.820068359375,3035.800048828125,3049.820068359375,0,2026-08-20 06:00:00+00:00
1787209200000,3049.820068359375,3049.820068359375,3049.820068359375,3049.820068359375,0,2026-08-20 07:00:00+00:00
1787212800000,3049.820068359375,3049.820068359375,3049.820068359375,3049.820068359375,0,2026-08-20 08:00:00+00:00
1787216400000,3049.820068359375,3049.820068359375,3035.800048828125,3035.800048828125,0,2026-08-20 09:00:00+00:00
1787220000000,3035.800048828125,3049.800048828125,3035.800048828125,3048.47998046875,0,2026-08-20 10:00:00+00:00
1787227200000,3048.47998046875,3048.949951171875,3048.47998046875,3048.949951171875,0,2026-08-20 12:00:00+00:00
1787230800000,3047.580078125,3058.68994140625,3031.699951171875,3053.35009765625,0,2026-08-20 13:00:00+00:00
1787234400000,3053.22998046875,3066.64990234375,3049.6298828125,3064.530029296875,0,2026-08-20 14:00:00+00:00
1787238000000,3064.10009765625,3065.39990234375,3052.1298828125,3054.68994140625,0,2026-08-20 15:00:00+00:00
1787241600000,3054.070068359375,3076.10009765625,3054.070068359375,3071.5,0,2026-08-20 16:00:00+00:00
1787245200000,3072.030029296875,3076.360107421875,3059.409912109375,3069.72998046875,0,2026-08-20 17:00:00+00:00
1787248800000,3069.06005859375,3069.739990234375,3068.550048828125,3069.679931640625,0,2026-08-20 18:00:00+00:00
1787252400000,3061.3798828125,3067.47998046875,3060.6298828125,3067.47998046875,0,2026-08-20 19:00:00+00:00
1787256000000,3067.47998046875,3067.47998046875,3067.47998046875,3067.47998046875,0,2026-08-20 20:00:00+00:00
1787259600000,3068.550048828125,3070.47998046875,3061.6298828125,3062.909912109375,0,2026-08-20 21:00:00+00:00
1787263200000,3061.25,3062.969970703125,3061.159912109375,3062.969970703125,0,2026-08-20 22:00:00+00:00
1787266800000,3063.840087890625,3064.169921875,3063.840087890625,3064.14990234375,0,2026-08-20 23:00:00+00:00
1787277600000,3064.300048828125,3064.300048828125,3063.97998046875,3063.97998046875,0,2026-08-21 02:00:00+00:00
1787292000000,3064.449951171875,3064.449951171875,3064.449951171875,3064.449951171875,0,2026-08-21 06:00:00+00:00
1787295600000,3064.449951171875,3064.449951171875,3063.77001953125,3063.77001953125,0,2026-08-21 07:00:00+00:00
1787299200000,3064.0400390625,3064.0400390625,3064.0400390625,3064.0400390625,0,2026-08-21 08:00:00+00:00
1787302800000,3064.0400390625,3070.800048828125,3064.0400390625,3068.550048828125,0,2026-08-21 09:00:00+00:00
1787306400000,3064.02001953125,3064.02001953125,3064.02001953125,3064.02001953125,0,2026-08-21 10:00:00+00:00
1787310000000,3064.080078125,3069.679931640625,3064.080078125,3069.679931640625,0,2026-08-21 11:00:00+00:00
1787313600000,3068.47998046875,3068.47998046875,3063.179931640625,3064.25,0,2026-08-21 12:00:00+00:00
1787317200000,3060.550048828125,3062.760009765625,3038.739990234375,3040.969970703125,0,2026-08-21 13:00:00+00:00
1787320800000,3040.469970703125,3056.830078125,3035.080078125,3039.199951171875,0,2026-08-21 14:00:00+00:00
1787324400000,3036.780029296875,3047.830078125,3033.699951171875,3042.77001953125,0,2026-08-21 15:00:00+00:00
1787328000000,3041.5,3057.52001953125,3040.699951171875,3045.68994140625,0,2026-08-21 16:00:00+00:00
1787331600000,3045.27001953125,3055.169921875,3035.22998046875,3037.5,0,2026-08-21 17:00:00+00:00
1787335200000,3035.679931640625,3038.199951171875,3032.47998046875,3034.22998046875,0,2026-08-21 18:00:00+00:00
1787338800000,3034.22998046875,3036.429931640625,3032.47998046875,3036.429931640625,0,2026-08-21 19:00:00+00:00
1787342400000,3036.860107421875,3038.199951171875,3034.22998046875,3038.199951171875,0,2026-08-21 20:00:00+00:00
1787346000000,3038.199951171875,3038.199951171875,3037.1201171875,3037.1201171875,0,2026-08-21 21:00:00+00:00
1787526000000,3042.81005859375,3044.47998046875,3042.75,3044.47998046875,0,2026-08-23 23:00:00+00:00
1787536800000,3044.47998046875,3044.47998046875,3044.47998046875,3044.47998046875,0,2026-08-24 02:00:00+00:00
1787551200000,3038.199951171875,3042.72998046875,3038.199951171875,3042.72998046875,0,2026-08-24 06:00:00+00:00
1787554800000,3042.72998046875,3043.489990234375,3042.7099609375,3042.7099609375,0,2026-08-24 07:00:00+00:00
1787558400000,3043.489990234375,3043.489990234375,3043.489990234375,3043.489990234375,0,2026-08-24 08:00:00+00:00
1787562000000,3043.489990234375,3043.489990234375,3038.199951171875,3038.199951171875,0,2026-08-24 09:00:00+00:00
1787565600000,3039.06005859375,3043.409912109375,3039.06005859375,3039.10009765625,0,2026-08-24 10:00:00+00:00
1787569200000,3038.169921875,3038.679931640625,3035.679931640625,3038.5400390625,0,2026-08-24 11:00:00+00:00
1787572800000,3037.47998046875,3044.7099609375,3035.679931640625,3040.110107421875,0,2026-08-24 12:00:00+00:00
1787576400000,3039.52001953125,3044.739990234375,3021.97998046875,3029.25,0,2026-08-24 13:00:00+00:00
1787580000000,3032.85009765625,3061.550048828125,3029.3701171875,3050.60009765625,0,2026-08-24 14:00:00+00:00
1787583600000,3048.929931640625,3064.969970703125,3043.0400390625,3064.56005859375,0,2026-08-24 15:00:00+00:00
1787587200000,3062.840087890625,3068.699951171875,3054.469970703125,3056.3798828125,0,2026-08-24 16:00:00+00:00
1787590800000,3064.219970703125,3069.719970703125,3054.8701171875,3056.8798828125,0,2026-08-24 17:00:00+00:00
1787594400000,3056.929931640625,3061.47998046875,3047.989990234375,3061.47998046875,0,2026-08-24 18:00:00+00:00
1787598000000,3061.47998046875,3061.47998046875,3054.97998046875,3055.72998046875,0,2026-08-24 19:00:00+00:00
1787601600000,3055.72998046875,3055.72998046875,3051.47998046875,3055.340087890625,0,2026-08-24 20:00:00+00:00
1787605200000,3056.929931640625,3056.929931640625,3047.0400390625,3047.0400390625,0,2026-08-24 21:00:00+00:00
1787608800000,3055.199951171875,3055.239990234375,3047.639892578125,3055.239990234375,0,2026-08-24 22:00:00+00:00
1787612400000,3056.35009765625,3056.35009765625,3056.35009765625,3056.35009765625,0,2026-08-24 23:00:00+00:00
1787616000000,3049.8798828125,3050.110107421875,3049.8798828125,3050.110107421875,0,2026-08-25 00:00:00+00:00
1787619600000,3050.110107421875,3055.110107421875,3050.110107421875,3055.110107421875,0,2026-08-25 01:00:00+00:00
1787623200000,3055.110107421875,3055.110107421875,3055.110107421875,3055.110107421875,0,2026-08-25 02:00:00+00:00
1787637600000,3056.300048828125,3056.300048828125,3050.110107421875,3056.280029296875,0,2026-08-25 06:00:00+00:00
1787641200000,3050.110107421875,3050.110107421875,3050.110107421875,3050.110107421875,0,2026-08-25 07:00:00+00:00
1787644800000,3050.110107421875,3050.110107421875,3050.110107421875,3050.110107421875,0,2026-08-25 08:00:00+00:00
1787648400000,3050.110107421875,3056.929931640625,3050.110107421875,3056.929931640625,0,2026-08-25 09:00:00+00:00
1787652000000,3050.090087890625,3055.10009765625,3049.570068359375,3055.10009765625,0,2026-08-25 10:00:00+00:00
1787655600000,3050.0,3057.85009765625,3050.0,3057.85009765625,0,2026-08-25 11:00:00+00:00
1787659200000,3057.85009765625,3057.85009765625,3057.85009765625,3057.85009765625,0,2026-08-25 12:00:00+00:00
1787662800000,3051.93994140625,3082.22998046875,3042.02001953125,3078.949951171875,0,2026-08-25 13:00:00+00:00
1787666400000,3078.110107421875,3080.89990234375,3068.610107421875,3074.0,0,2026-08-25 14:00:00+00:00
1787670000000,3073.81005859375,3090.199951171875,3070.0,3089.699951171875,0,2026-08-25 15:00:00+00:00
1787673600000,3089.60009765625,3092.1298828125,3082.68994140625,3088.5400390625,0,2026-08-25 16:00:00+00:00
1787677200000,3087.6298828125,3096.949951171875,3085.2099609375,3087.590087890625,0,2026-08-25 17:00:00+00:00
1787680800000,3088.64990234375,3090.47998046875,3084.889892578125,3090.47998046875,0,2026-08-25 18:00:00+00:00
1787684400000,3090.47998046875,3090.47998046875,3090.47998046875,3090.47998046875,0,2026-08-25 19:00:00+00:00
1787688000000,3086.47998046875,3088.179931640625,3082.97998046875,3088.179931640625,0,2026-08-25 20:00:00+00:00
1787691600000,3088.64990234375,3088.64990234375,3082.679931640625,3082.679931640625,0,2026-08-25 21:00:00+00:00
1787695200000,3082.679931640625,3082.679931640625,3082.679931640625,3082.679931640625,0,2026-08-25 22:00:00+00:00
1787698800000,3084.64990234375,3088.22998046875,3083.570068359375,3083.93994140625,0,2026-08-25 23:00:00+00:00
1787709600000,3083.93994140625,3083.93994140625,3083.93994140625,3083.93994140625,0,2026-08-26 02:00:00+00:00
1787713200000,3083.93994140625,3083.93994140625,3083.93994140625,3083.93994140625,0,2026-08-26 03:00:00+00:00
1787724000000,3088.64990234375,3088.64990234375,3083.93994140625,3083.93994140625,0,2026-08-26 06:00:00+00:00
1787727600000,3088.280029296875,3088.280029296875,3088.280029296875,3088.280029296875,0,2026-08-26 07:00:00+00:00
1787731200000,3088.280029296875,3088.280029296875,3088.280029296875,3088.280029296875,0,2026-08-26 08:00:00+00:00
1787734800000,3088.280029296875,3088.64990234375,3088.280029296875,3088.64990234375,0,2026-08-26 09:00:00+00:00
1787738400000,3088.260009765625,3088.27001953125,3083.820068359375,3088.25,0,2026-08-26 10:00:00+00:00
1787742000000,3088.639892578125,3089.860107421875,3088.639892578125,3089.860107421875,0,2026-08-26 11:00:00+00:00
1787749200000,3089.860107421875,3125.830078125,3089.860107421875,3111.14990234375,0,2026-08-26 13:00:00+00:00
1787752800000,3108.77001953125,3115.639892578125,3097.22998046875,3111.070068359375,0,2026-08-26 14:00:00+00:00
1787756400000,3115.030029296875,3118.409912109375,3105.989990234375,3114.550048828125,0,2026-08-26 15:00:00+00:00
1787760000000,3114.719970703125,3133.25,3114.719970703125,3128.97998046875,0,2026-08-26 16:00:00+00:00
1787763600000,3128.139892578125,3135.909912109375,3124.3798828125,3127.2900390625,0,2026-08-26 17:00:00+00:00
1787767200000,3129.760009765625,3129.760009765625,3117.47998046875,3123.050048828125,0,2026-08-26 18:00:00+00:00
1787770800000,3123.610107421875,3123.610107421875,3117.47998046875,3117.47998046875,0,2026-08-26 19:00:00+00:00
1787774400000,3117.47998046875,3125.47998046875,3117.47998046875,3125.47998046875,0,2026-08-26 20:00:00+00:00
1787778000000,3127.2900390625,3129.27001953125,3126.139892578125,3129.27001953125,0,2026-08-26 21:00:00+00:00
1787781600000,3129.27001953125,3129.27001953125,3123.75,3124.1201171875,0,2026-08-26 22:00:00+00:00
1787785200000,3122.6298828125,3122.6298828125,3122.6298828125,3122.6298828125,0,2026-08-26 23:00:00+00:00
1787788800000,3121.610107421875,3121.610107421875,3115.97998046875,3115.97998046875,0,2026-08-27 00:00:00+00:00
1787792400000,3115.97998046875,3115.97998046875,3115.97998046875,3115.97998046875,0,2026-08-27 01:00:00+00:00
1787796000000,3115.97998046875,3115.97998046875,3115.97998046875,3115.97998046875,0,2026-08-27 02:00:00+00:00
1787810400000,3127.2900390625,3127.2900390625,3121.580078125,3121.580078125,0,2026-08-27 06:00:00+00:00
1787814000000,3121.580078125,3121.929931640625,3121.56005859375,3121.56005859375,0,2026-08-27 07:00:00+00:00
1787817600000,3121.929931640625,3121.929931640625,3121.929931640625,3121.929931640625,0,2026-08-27 08:00:00+00:00
1787821200000,3121.929931640625,3128.7900390625,3121.929931640625,3127.2900390625,0,2026-08-27 09:00:00+00:00
1787828400000,3127.2900390625,3129.27001953125,3121.909912109375,3128.360107421875,0,2026-08-27 11:00:00+00:00
1787832000000,3128.260009765625,3128.260009765625,3121.7099609375,3121.7099609375,0,2026-08-27 12:00:00+00:00
1787835600000,3106.169921875,3143.9599609375,3106.169921875,3143.699951171875,0,2026-08-27 13:00:00+00:00
1787839200000,3143.93994140625,3158.570068359375,3141.14990234375,3150.360107421875,0,2026-08-27 14:00:00+00:00
1787842800000,3148.889892578125,3150.070068359375,3133.419921875,3143.760009765625,0,2026-08-27 15:00:00+00:00
1787846400000,3143.949951171875,3154.159912109375,3132.3701171875,3137.5,0,2026-08-27 16:00:00+00:00
1787850000000,3134.659912109375,3155.300048828125,3131.429931640625,3153.780029296875,0,2026-08-27 17:00:00+00:00
1787853600000,3154.159912109375,3158.47998046875,3146.580078125,3157.47998046875,0,2026-08-27 18:00:00+00:00
1787857200000,3157.47998046875,3161.179931640625,3150.47998046875,3154.97998046875,0,2026-08-27 19:00:00+00:00
1787860800000,3154.97998046875,3154.97998046875,3148.47998046875,3149.47998046875,0,2026-08-27 20:00:00+00:00
1787864400000,3154.159912109375,3154.159912109375,3139.97998046875,3149.659912109375,0,2026-08-27 21:00:00+00:00
1787868000000,3150.60009765625,3150.60009765625,3150.60009765625,3150.60009765625,0,2026-08-27 22:00:00+00:00
1787871600000,3150.60009765625,3150.60009765625,3150.60009765625,3150.60009765625,0,2026-08-27 23:00:00+00:00
1787875200000,3149.89990234375,3150.830078125,3149.89990234375,3150.469970703125,0,2026-08-28 00:00:00+00:00
1787878800000,3150.469970703125,3150.469970703125,3150.469970703125,3150.469970703125,0,2026-08-28 01:00:00+00:00
1787882400000,3150.469970703125,3150.469970703125,3150.469970703125,3150.469970703125,0,2026-08-28 02:00:00+00:00
1787896800000,3148.010009765625,3148.010009765625,3148.010009765625,3148.010009765625,0,2026-08-28 06:00:00+00:00
1787900400000,3148.010009765625,3148.010009765625,3148.010009765625,3148.010009765625,0,2026-08-28 07:00:00+00:00
1787904000000,3148.010009765625,3149.580078125,3147.989990234375,3148.570068359375,0,2026-08-28 08:00:00+00:00
1787907600000,3149.580078125,3154.909912109375,3149.580078125,3154.909912109375,0,2026-08-28 09:00:00+00:00
1787911200000,3149.56005859375,3149.56005859375,3149.56005859375,3149.56005859375,0,2026-08-28 10:00:00+00:00
1787914800000,3148.68994140625,3155.389892578125,3148.68994140625,3154.43994140625,0,2026-08-28 11:00:00+00:00
1787918400000,3149.0,3155.389892578125,3149.0,3155.389892578125,0,2026-08-28 12:00:00+00:00
1787922000000,3148.780029296875,3192.010009765625,3148.780029296875,3183.52001953125,0,2026-08-28 13:00:00+00:00
1787925600000,3183.530029296875,3210.699951171875,3179.449951171875,3203.179931640625,0,2026-08-28 14:00:00+00:00
1787929200000,3202.969970703125,3211.739990234375,3195.080078125,3207.449951171875,0,2026-08-28 15:00:00+00:00
1787932800000,3207.199951171875,3222.75,3200.97998046875,3206.280029296875,0,2026-08-28 16:00:00+00:00
1787936400000,3209.89990234375,3218.97998046875,3199.929931640625,3199.929931640625,0,2026-08-28 17:00:00+00:00
1787940000000,3199.929931640625,3203.72998046875,3195.97998046875,3195.97998046875,0,2026-08-28 18:00:00+00:00
1787943600000,3195.97998046875,3203.47998046875,3195.97998046875,3201.97998046875,0,2026-08-28 19:00:00+00:00
1787947200000,3201.97998046875,3202.47998046875,3199.510009765625,3202.47998046875,0,2026-08-28 20:00:00+00:00
1787950800000,3202.47998046875,3202.47998046875,3202.47998046875,3202.47998046875,0,2026-08-28 21:00:00+00:00
1787954400000,3202.47998046875,3202.47998046875,3202.47998046875,3202.47998046875,0,2026-08-28 22:00:00+00:00
1788130800000,3200.0,3201.68994140625,3199.77001953125,3199.77001953125,0,2026-08-30 23:00:00+00:00
1788134400000,3201.68994140625,3201.68994140625,3201.68994140625,3201.68994140625,0,2026-08-31 00:00:00+00:00
1788138000000,3201.68994140625,3201.68994140625,3201.68994140625,3201.68994140625,0,2026-08-31 01:00:00+00:00
1788141600000,3201.68994140625,3201.68994140625,3199.77001953125,3199.77001953125,0,2026-08-31 02:00:00+00:00
1788145200000,3201.68994140625,3201.68994140625,3199.77001953125,3199.77001953125,0,2026-08-31 03:00:00+00:00
1788148800000,3201.68994140625,3201.68994140625,3201.68994140625,3201.68994140625,0,2026-08-31 04:00:00+00:00
1788152400000,3201.68994140625,3201.68994140625,3201.68994140625,3201.68994140625,0,2026-08-31 05:00:00+00:00
1788156000000,3201.68994140625,3201.68994140625,3199.97998046875,3201.669921875,0,2026-08-31 06:00:00+00:00
1788159600000,3199.97998046875,3199.97998046875,3199.97998046875,3199.97998046875,0,2026-08-31 07:00:00+00:00
1788163200000,3199.97998046875,3199.97998046875,3199.97998046875,3199.97998046875,0,2026-08-31 08:00:00+00:00
1788166800000,3199.97998046875,3199.97998046875,3199.97998046875,3199.97998046875,0,2026-08-31 09:00:00+00:00
1788170400000,3199.97998046875,3199.97998046875,3199.97998046875,3199.97998046875,0,2026-08-31 10:00:00+00:00
1788174000000,3199.97998046875,3202.659912109375,3199.9599609375,3202.659912109375,0,2026-08-31 11:00:00+00:00
1788177600000,3202.659912109375,3202.659912109375,3202.1201171875,3202.1201171875,0,2026-08-31 12:00:00+00:00
1788181200000,3200.1201171875,3200.1201171875,3172.89990234375,3194.139892578125,0,2026-08-31 13:00:00+00:00
1788184800000,3192.590087890625,3219.1201171875,3187.340087890625,3217.639892578125,0,2026-08-31 14:00:00+00:00
1788188400000,3219.010009765625,3222.969970703125,3207.659912109375,3212.969970703125,0,2026-08-31 15:00:00+00:00
1788192000000,3209.8798828125,3225.610107421875,3205.320068359375,3221.610107421875,0,2026-08-31 16:00:00+00:00
1788195600000,3221.6201171875,3231.1201171875,3219.35009765625,3223.739990234375,0,2026-08-31 17:00:00+00:00
1788199200000,3217.5,3223.8798828125,3214.679931640625,3218.47998046875,0,2026-08-31 18:00:00+00:00
1788202800000,3218.47998046875,3218.47998046875,3214.679931640625,3214.679931640625,0,2026-08-31 19:00:00+00:00
1788206400000,3214.679931640625,3219.179931640625,3204.47998046875,3219.179931640625,0,2026-08-31 20:00:00+00:00
1788210000000,3217.5,3223.22998046875,3217.5,3219.179931640625,0,2026-08-31 21:00:00+00:00
1788217200000,3219.179931640625,3219.179931640625,3219.179931640625,3219.179931640625,0,2026-08-31 23:00:00+00:00
1788228000000,3219.179931640625,3219.179931640625,3219.179931640625,3219.179931640625,0,2026-09-01 02:00:00+00:00
1788231600000,3212.0,3219.179931640625,3212.0,3219.179931640625,0,2026-09-01 03:00:00+00:00
1788242400000,3217.5,3217.5,3212.02001953125,3212.02001953125,0,2026-09-01 06:00:00+00:00
1788246000000,3212.02001953125,3212.02001953125,3212.02001953125,3212.02001953125,0,2026-09-01 07:00:00+00:00
1788249600000,3212.02001953125,3212.02001953125,3212.02001953125,3212.02001953125,0,2026-09-01 08:00:00+00:00
1788253200000,3212.02001953125,3218.25,3212.0,3217.5,0,2026-09-01 09:00:00+00:00
1788256800000,3210.2900390625,3213.7900390625,3210.2900390625,3213.7900390625,0,2026-09-01 10:00:00+00:00
1788260400000,3211.080078125,3223.22998046875,3211.080078125,3223.22998046875,0,2026-09-01 11:00:00+00:00
1788264000000,3223.22998046875,3223.22998046875,3223.22998046875,3223.22998046875,0,2026-09-01 12:00:00+00:00
1788267600000,3195.25,3225.3701171875,3195.25,3206.330078125,0,2026-09-01 13:00:00+00:00
1788271200000,3206.300048828125,3207.239990234375,3191.010009765625,3193.550048828125,0,2026-09-01 14:00:00+00:00
1788274800000,3193.010009765625,3193.22998046875,3160.0,3174.260009765625,0,2026-09-01 15:00:00+00:00
1788278400000,3173.139892578125,3175.550048828125,3161.659912109375,3164.080078125,0,2026-09-01 16:00:00+00:00
1788282000000,3163.239990234375,3170.8701171875,3149.699951171875,3163.889892578125,0,2026-09-01 17:00:00+00:00
1788285600000,3159.39990234375,3166.8798828125,3156.97998046875,3161.97998046875,0,2026-09-01 18:00:00+00:00
1788289200000,3161.97998046875,3161.97998046875,3159.47998046875,3159.72998046875,0,2026-09-01 19:00:00+00:00
1788292800000,3159.360107421875,3161.110107421875,3159.360107421875,3159.47998046875,0,2026-09-01 20:00:00+00:00
1788296400000,3159.47998046875,3159.47998046875,3155.47998046875,3155.47998046875,0,2026-09-01 21:00:00+00:00
1788300000000,3155.47998046875,3155.47998046875,3155.47998046875,3155.47998046875,0,2026-09-01 22:00:00+00:00
1788307200000,3155.47998046875,3155.47998046875,3155.47998046875,3155.47998046875,0,2026-09-02 00:00:00+00:00
1788310800000,3155.47998046875,3166.68994140625,3155.47998046875,3161.97998046875,0,2026-09-02 01:00:00+00:00
1788314400000,3161.97998046875,3161.97998046875,3161.97998046875,3161.97998046875,0,2026-09-02 02:00:00+00:00
1788328800000,3173.43994140625,3173.43994140625,3173.43994140625,3173.43994140625,0,2026-09-02 06:00:00+00:00
1788332400000,3173.43994140625,3173.43994140625,3173.43994140625,3173.43994140625,0,2026-09-02 07:00:00+00:00
1788336000000,3173.43994140625,3173.43994140625,3173.43994140625,3173.43994140625,0,2026-09-02 08:00:00+00:00
1788339600000,3173.43994140625,3173.43994140625,3160.14990234375,3160.14990234375,0,2026-09-02 09:00:00+00:00
1788350400000,3173.419921875,3173.419921875,3164.340087890625,3164.340087890625,0,2026-09-02 12:00:00+00:00
1788354000000,3171.419921875,3171.419921875,3122.97998046875,3123.5400390625,0,2026-09-02 13:00:00+00:00
1788357600000,3123.679931640625,3136.64990234375,3123.330078125,3135.4599609375,0,2026-09-02 14:00:00+00:00
1788361200000,3135.409912109375,3148.3701171875,3132.780029296875,3137.199951171875,0,2026-09-02 15:00:00+00:00
1788364800000,3137.469970703125,3159.530029296875,3135.760009765625,3158.27001953125,0,2026-09-02 16:00:00+00:00
1788368400000,3157.27001953125,3161.070068359375,3148.6201171875,3158.75,0,2026-09-02 17:00:00+00:00
1788372000000,3158.739990234375,3161.300048828125,3152.489990234375,3157.489990234375,0,2026-09-02 18:00:00+00:00
1788375600000,3161.389892578125,3161.389892578125,3153.989990234375,3154.489990234375,0,2026-09-02 19:00:00+00:00
1788379200000,3154.489990234375,3154.489990234375,3151.989990234375,3152.489990234375,0,2026-09-02 20:00:00+00:00
1788382800000,3151.739990234375,3151.739990234375,3149.989990234375,3149.989990234375,0,2026-09-02 21:00:00+00:00
1788386400000,3160.72998046875,3160.72998046875,3153.800048828125,3153.800048828125,0,2026-09-02 22:00:00+00:00
1788390000000,3149.219970703125,3149.219970703125,3149.219970703125,3149.219970703125,0,2026-09-02 23:00:00+00:00
1788397200000,3149.219970703125,3153.989990234375,3147.929931640625,3153.989990234375,0,2026-09-03 01:00:00+00:00
1788400800000,3153.989990234375,3153.989990234375,3153.989990234375,3153.989990234375,0,2026-09-03 02:00:00+00:00
1788415200000,3148.419921875,3148.419921875,3148.419921875,3148.419921875,0,2026-09-03 06:00:00+00:00
1788418800000,3148.419921875,3153.989990234375,3148.419921875,3153.989990234375,0,2026-09-03 07:00:00+00:00
1788426000000,3148.419921875,3158.550048828125,3148.409912109375,3148.739990234375,0,2026-09-03 09:00:00+00:00
1788433200000,3148.77001953125,3159.0400390625,3148.77001953125,3159.0400390625,0,2026-09-03 11:00:00+00:00
1788440400000,3159.0400390625,3159.0400390625,3126.3798828125,3147.780029296875,0,2026-09-03 13:00:00+00:00
1788444000000,3146.3798828125,3148.56005859375,3138.719970703125,3138.719970703125,0,2026-09-03 14:00:00+00:00
1788447600000,3139.219970703125,3148.22998046875,3132.77001953125,3143.6298828125,0,2026-09-03 15:00:00+00:00
1788451200000,3143.679931640625,3145.409912109375,3129.780029296875,3137.81005859375,0,2026-09-03 16:00:00+00:00
1788454800000,3138.090087890625,3144.5400390625,3129.39990234375,3138.3798828125,0,2026-09-03 17:00:00+00:00
1788458400000,3137.989990234375,3145.489990234375,3137.989990234375,3145.489990234375,0,2026-09-03 18:00:00+00:00
1788462000000,3140.610107421875,3141.239990234375,3139.489990234375,3139.489990234375,0,2026-09-03 19:00:00+00:00
1788465600000,3139.489990234375,3141.489990234375,3135.489990234375,3136.469970703125,0,2026-09-03 20:00:00+00:00
1788469200000,3138.3798828125,3138.3798828125,3131.989990234375,3131.989990234375,0,2026-09-03 21:00:00+00:00
1788472800000,3142.300048828125,3142.300048828125,3142.300048828125,3142.300048828125,0,2026-09-03 22:00:00+00:00
1788476400000,3143.2900390625,3143.2900390625,3143.2900390625,3143.2900390625,0,2026-09-03 23:00:00+00:00
1788480000000,3143.2900390625,3143.2900390625,3143.2900390625,3143.2900390625,0,2026-09-04 00:00:00+00:00
1788483600000,3143.2900390625,3143.679931640625,3142.989990234375,3142.989990234375,0,2026-09-04 01:00:00+00:00
1788487200000,3142.989990234375,3143.0,3142.989990234375,3142.989990234375,0,2026-09-04 02:00:00+00:00
1788494400000,3141.030029296875,3141.030029296875,3138.3798828125,3138.3798828125,0,2026-09-04 04:00:00+00:00
1788501600000,3143.669921875,3143.669921875,3143.669921875,3143.669921875,0,2026-09-04 06:00:00+00:00
1788505200000,3143.669921875,3143.669921875,3143.669921875,3143.669921875,0,2026-09-04 07:00:00+00:00
1788508800000,3143.669921875,3143.97998046875,3143.659912109375,3143.659912109375,0,2026-09-04 08:00:00+00:00
1788512400000,3143.97998046875,3143.97998046875,3138.3798828125,3138.3798828125,0,2026-09-04 09:00:00+00:00
1788516000000,3143.969970703125,3143.969970703125,3143.969970703125,3143.969970703125,0,2026-09-04 10:00:00+00:00
1788519600000,3140.02001953125,3141.1201171875,3140.02001953125,3141.1201171875,0,2026-09-04 11:00:00+00:00
1788523200000,3138.3798828125,3142.35009765625,3138.3798828125,3142.35009765625,0,2026-09-04 12:00:00+00:00
1788526800000,3144.510009765625,3148.419921875,3132.219970703125,3136.260009765625,0,2026-09-04 13:00:00+00:00
1788530400000,3138.7099609375,3142.469970703125,3124.449951171875,3127.929931640625,0,2026-09-04 14:00:00+00:00
1788534000000,3127.919921875,3136.570068359375,3111.679931640625,3116.360107421875,0,2026-09-04 15:00:00+00:00
1788537600000,3115.340087890625,3123.31005859375,3109.2099609375,3120.6201171875,0,2026-09-04 16:00:00+00:00
1788541200000,3118.64990234375,3135.969970703125,3118.64990234375,3124.489990234375,0,2026-09-04 17:00:00+00:00
1788544800000,3125.489990234375,3134.010009765625,3124.97998046875,3134.010009765625,0,2026-09-04 18:00:00+00:00
1788548400000,3130.320068359375,3131.699951171875,3122.489990234375,3124.989990234375,0,2026-09-04 19:00:00+00:00
1788552000000,3125.489990234375,3125.489990234375,3124.489990234375,3124.489990234375,0,2026-09-04 20:00:00+00:00
1788735600000,3129.889892578125,3129.889892578125,3128.580078125,3129.8798828125,0,2026-09-06 23:00:00+00:00
1788739200000,3128.580078125,3129.8798828125,3128.580078125,3129.8798828125,0,2026-09-07 00:00:00+00:00
1788742800000,3128.580078125,3129.8798828125,3128.580078125,3129.8798828125,0,2026-09-07 01:00:00+00:00
1788746400000,3128.580078125,3129.8798828125,3128.580078125,3129.8798828125,0,2026-09-07 02:00:00+00:00
1788750000000,3128.580078125,3128.580078125,3128.580078125,3128.580078125,0,2026-09-07 03:00:00+00:00
1788753600000,3128.580078125,3128.580078125,3128.580078125,3128.580078125,0,2026-09-07 04:00:00+00:00
1788757200000,3128.580078125,3128.580078125,3128.580078125,3128.580078125,0,2026-09-07 05:00:00+00:00
1788760800000,3128.580078125,3128.580078125,3128.580078125,3128.580078125,0,2026-09-07 06:00:00+00:00
1788764400000,3128.580078125,3128.580078125,3128.580078125,3128.580078125,0,2026-09-07 07:00:00+00:00
1788768000000,3128.580078125,3129.60009765625,3128.570068359375,3128.570068359375,0,2026-09-07 08:00:00+00:00
1788771600000,3129.60009765625,3129.60009765625,3129.60009765625,3129.60009765625,0,2026-09-07 09:00:00+00:00
1788775200000,3129.60009765625,3129.60009765625,3129.60009765625,3129.60009765625,0,2026-09-07 10:00:00+00:00
1788778800000,3129.60009765625,3129.60009765625,3129.60009765625,3129.60009765625,0,2026-09-07 11:00:00+00:00
1788782400000,3128.570068359375,3128.570068359375,3128.570068359375,3128.570068359375,0,2026-09-07 12:00:00+00:00
1788786000000,3129.590087890625,3137.489990234375,3129.590087890625,3130.2099609375,0,2026-09-07 13:00:00+00:00
1788789600000,3137.489990234375,3137.489990234375,3111.489990234375,3113.0400390625,0,2026-09-07 14:00:00+00:00
1788793200000,3113.0400390625,3118.8701171875,3113.0400390625,3114.489990234375,0,2026-09-07 15:00:00+00:00
1788796800000,3114.489990234375,3127.590087890625,3114.489990234375,3122.18994140625,0,2026-09-07 16:00:00+00:00
1788800400000,3121.739990234375,3127.820068359375,3116.489990234375,3118.239990234375,0,2026-09-07 17:00:00+00:00
1788804000000,3118.239990234375,3127.110107421875,3118.239990234375,3118.489990234375,0,2026-09-07 18:00:00+00:00
1788807600000,3118.489990234375,3118.489990234375,3117.489990234375,3118.0400390625,0,2026-09-07 19:00:00+00:00
1788811200000,3117.489990234375,3117.489990234375,3115.489990234375,3115.93994140625,0,2026-09-07 20:00:00+00:00
1788814800000,3115.93994140625,3121.18994140625,3115.93994140625,3121.18994140625,0,2026-09-07 21:00:00+00:00
1788822000000,3121.18994140625,3121.18994140625,3121.18994140625,3121.18994140625,0,2026-09-07 23:00:00+00:00
1788825600000,3121.18994140625,3121.18994140625,3121.18994140625,3121.18994140625,0,2026-09-08 00:00:00+00:00
1788829200000,3121.18994140625,3121.18994140625,3121.18994140625,3121.18994140625,0,2026-09-08 01:00:00+00:00
1788847200000,3126.06005859375,3126.06005859375,3126.06005859375,3126.06005859375,0,2026-09-08 06:00:00+00:00
1788850800000,3126.06005859375,3126.06005859375,3126.06005859375,3126.06005859375,0,2026-09-08 07:00:00+00:00
1788854400000,3126.06005859375,3126.06005859375,3126.06005859375,3126.06005859375,0,2026-09-08 08:00:00+00:00
1788858000000,3126.06005859375,3126.06005859375,3126.06005859375,3126.06005859375,0,2026-09-08 09:00:00+00:00
1788861600000,3126.06005859375,3131.300048828125,3126.050048828125,3131.300048828125,0,2026-09-08 10:00:00+00:00
1788865200000,3131.300048828125,3131.300048828125,3131.300048828125,3131.300048828125,0,2026-09-08 11:00:00+00:00
1788868800000,3131.2900390625,3132.260009765625,3131.2900390625,3132.260009765625,0,2026-09-08 12:00:00+00:00
1788872400000,3132.330078125,3132.330078125,3106.25,3110.56005859375,0,2026-09-08 13:00:00+00:00
1788876000000,3111.260009765625,3126.75,3109.909912109375,3117.22998046875,0,2026-09-08 14:00:00+00:00
1788879600000,3116.75,3123.969970703125,3112.2900390625,3115.510009765625,0,2026-09-08 15:00:00+00:00
1788883200000,3115.550048828125,3121.550048828125,3107.6298828125,3110.489990234375,0,2026-09-08 16:00:00+00:00
1788886800000,3110.77001953125,3120.75,3101.419921875,3108.570068359375,0,2026-09-08 17:00:00+00:00
1788890400000,3107.5400390625,3108.949951171875,3107.5400390625,3108.949951171875,0,2026-09-08 18:00:00+00:00
1788894000000,3108.659912109375,3108.659912109375,3107.43994140625,3107.43994140625,0,2026-09-08 19:00:00+00:00
1788897600000,3107.43994140625,3109.989990234375,3104.5400390625,3109.989990234375,0,2026-09-08 20:00:00+00:00
1788901200000,3108.570068359375,3109.989990234375,3104.68994140625,3104.68994140625,0,2026-09-08 21:00:00+00:00
1788904800000,3104.68994140625,3104.68994140625,3104.68994140625,3104.68994140625,0,2026-09-08 22:00:00+00:00
1788908400000,3104.68994140625,3104.68994140625,3104.68994140625,3104.68994140625,0,2026-09-08 23:00:00+00:00
1788912000000,3104.68994140625,3112.889892578125,3104.68994140625,3112.889892578125,0,2026-09-09 00:00:00+00:00
1788915600000,3112.889892578125,3112.889892578125,3112.889892578125,3112.889892578125,0,2026-09-09 01:00:00+00:00
1788919200000,3112.889892578125,3112.889892578125,3112.889892578125,3112.889892578125,0,2026-09-09 02:00:00+00:00
1788922800000,3112.889892578125,3112.889892578125,3112.889892578125,3112.889892578125,0,2026-09-09 03:00:00+00:00
1788926400000,3112.889892578125,3112.889892578125,3112.889892578125,3112.889892578125,0,2026-09-09 04:00:00+00:00
1788933600000,3108.0,3108.0,3108.0,3108.0,0,2026-09-09 06:00:00+00:00
1788937200000,3108.0,3108.0,3108.0,3108.0,0,2026-09-09 07:00:00+00:00
1788940800000,3108.0,3115.659912109375,3107.989990234375,3107.989990234375,0,2026-09-09 08:00:00+00:00
1788944400000,3115.659912109375,3115.659912109375,3108.570068359375,3108.570068359375,0,2026-09-09 09:00:00+00:00
1788948000000,3115.64990234375,3115.64990234375,3115.64990234375,3115.64990234375,0,2026-09-09 10:00:00+00:00
1788955200000,3115.64990234375,3115.64990234375,3104.169921875,3104.169921875,0,2026-09-09 12:00:00+00:00
1788958800000,3130.75,3130.75,3093.25,3098.469970703125,0,2026-09-09 13:00:00+00:00
1788962400000,3098.429931640625,3111.330078125,3091.860107421875,3093.0,0,2026-09-09 14:00:00+00:00
1788966000000,3106.570068359375,3108.169921875,3091.5,3099.5,0,2026-09-09 15:00:00+00:00
1788969600000,3099.550048828125,3108.77001953125,3095.4599609375,3099.550048828125,0,2026-09-09 16:00:00+00:00
1788973200000,3105.7900390625,3107.239990234375,3096.3798828125,3099.68994140625,0,2026-09-09 17:00:00+00:00
1788976800000,3104.22998046875,3104.75,3101.06005859375,3104.75,0,2026-09-09 18:00:00+00:00
1788984000000,3097.5,3097.5,3096.9599609375,3096.9599609375,0,2026-09-09 20:00:00+00:00
1788987600000,3099.68994140625,3099.68994140625,3093.489990234375,3093.489990234375,0,2026-09-09 21:00:00+00:00
1788991200000,3093.489990234375,3093.489990234375,3093.489990234375,3093.489990234375,0,2026-09-09 22:00:00+00:00
1788994800000,3099.110107421875,3099.47998046875,3099.110107421875,3099.47998046875,0,2026-09-09 23:00:00+00:00
1789002000000,3099.47998046875,3099.47998046875,3099.47998046875,3099.47998046875,0,2026-09-10 01:00:00+00:00
1789005600000,3099.06005859375,3104.989990234375,3099.06005859375,3104.989990234375,0,2026-09-10 02:00:00+00:00
1789020000000,3100.080078125,3100.080078125,3100.080078125,3100.080078125,0,2026-09-10 06:00:00+00:00
1789023600000,3100.080078125,3100.080078125,3100.080078125,3100.080078125,0,2026-09-10 07:00:00+00:00
1789027200000,3100.080078125,3100.080078125,3100.080078125,3100.080078125,0,2026-09-10 08:00:00+00:00
1789030800000,3100.080078125,3100.080078125,3100.080078125,3100.080078125,0,2026-09-10 09:00:00+00:00
1789034400000,3100.080078125,3100.080078125,3100.080078125,3100.080078125,0,2026-09-10 10:00:00+00:00
1789038000000,3100.080078125,3102.35009765625,3096.830078125,3099.68994140625,0,2026-09-10 11:00:00+00:00
1789045200000,3099.25,3124.27001953125,3096.820068359375,3116.6201171875,0,2026-09-10 13:00:00+00:00
1789048800000,3117.429931640625,3117.68994140625,3095.89990234375,3100.219970703125,0,2026-09-10 14:00:00+00:00
1789052400000,3101.6201171875,3102.340087890625,3075.85009765625,3084.050048828125,0,2026-09-10 15:00:00+00:00
1789056000000,3083.0,3100.4599609375,3083.0,3099.239990234375,0,2026-09-10 16:00:00+00:00
1789059600000,3097.10009765625,3100.989990234375,3087.510009765625,3089.14990234375,0,2026-09-10 17:00:00+00:00
1789063200000,3089.0400390625,3099.10009765625,3089.0,3096.989990234375,0,2026-09-10 18:00:00+00:00
1789066800000,3097.75,3097.75,3081.489990234375,3081.489990234375,0,2026-09-10 19:00:00+00:00
1789074000000,3087.510009765625,3087.510009765625,3081.489990234375,3081.489990234375,0,2026-09-10 21:00:00+00:00
1789077600000,3081.489990234375,3081.489990234375,3081.489990234375,3081.489990234375,0,2026-09-10 22:00:00+00:00
1789081200000,3087.64990234375,3087.64990234375,3087.64990234375,3087.64990234375,0,2026-09-10 23:00:00+00:00
1789088400000,3087.64990234375,3098.580078125,3087.64990234375,3096.989990234375,0,2026-09-11 01:00:00+00:00
1789092000000,3096.989990234375,3096.989990234375,3096.989990234375,3096.989990234375,0,2026-09-11 02:00:00+00:00
1789106400000,3087.510009765625,3099.52001953125,3087.510009765625,3099.52001953125,0,2026-09-11 06:00:00+00:00
1789110000000,3099.52001953125,3099.52001953125,3099.52001953125,3099.52001953125,0,2026-09-11 07:00:00+00:00
1789113600000,3099.52001953125,3099.52001953125,3099.52001953125,3099.52001953125,0,2026-09-11 08:00:00+00:00
1789117200000,3099.52001953125,3099.52001953125,3087.510009765625,3087.510009765625,0,2026-09-11 09:00:00+00:00
1789120800000,3089.0,3092.52001953125,3089.0,3092.52001953125,0,2026-09-11 10:00:00+00:00
1789128000000,3098.090087890625,3098.090087890625,3086.27001953125,3086.27001953125,0,2026-09-11 12:00:00+00:00
1789131600000,3091.5,3091.5,3064.050048828125,3066.199951171875,0,2026-09-11 13:00:00+00:00
1789135200000,3066.10009765625,3073.18994140625,3064.60009765625,3072.030029296875,0,2026-09-11 14:00:00+00:00
1789138800000,3073.02001953125,3075.469970703125,3069.360107421875,3073.56005859375,0,2026-09-11 15:00:00+00:00
1789142400000,3073.0,3073.989990234375,3067.5,3070.489990234375,0,2026-09-11 16:00:00+00:00
1789146000000,3069.550048828125,3085.179931640625,3067.14990234375,3083.590087890625,0,2026-09-11 17:00:00+00:00
1789149600000,3082.739990234375,3084.800048828125,3081.97998046875,3084.800048828125,0,2026-09-11 18:00:00+00:00
1789153200000,3077.489990234375,3081.489990234375,3077.489990234375,3081.489990234375,0,2026-09-11 19:00:00+00:00
1789156800000,3081.489990234375,3084.489990234375,3077.489990234375,3082.739990234375,0,2026-09-11 20:00:00+00:00
1789160400000,3082.739990234375,3082.739990234375,3082.739990234375,3082.739990234375,0,2026-09-11 21:00:00+00:00
1789340400000,3079.22998046875,3079.22998046875,3075.719970703125,3075.719970703125,0,2026-09-13 23:00:00+00:00
1789344000000,3079.06005859375,3079.06005859375,3079.06005859375,3079.06005859375,0,2026-09-14 00:00:00+00:00
1789347600000,3079.06005859375,3079.06005859375,3079.06005859375,3079.06005859375,0,2026-09-14 01:00:00+00:00
1789351200000,3079.06005859375,3079.06005859375,3079.06005859375,3079.06005859375,0,2026-09-14 02:00:00+00:00
1789354800000,3079.06005859375,3079.06005859375,3075.719970703125,3075.719970703125,0,2026-09-14 03:00:00+00:00
1789358400000,3079.06005859375,3079.06005859375,3079.06005859375,3079.06005859375,0,2026-09-14 04:00:00+00:00
1789362000000,3079.06005859375,3079.06005859375,3079.06005859375,3079.06005859375,0,2026-09-14 05:00:00+00:00
1789365600000,3079.06005859375,3079.06005859375,3079.06005859375,3079.06005859375,0,2026-09-14 06:00:00+00:00
1789369200000,3079.06005859375,3079.06005859375,3079.06005859375,3079.06005859375,0,2026-09-14 07:00:00+00:00
1789372800000,3079.06005859375,3079.06005859375,3079.06005859375,3079.06005859375,0,2026-09-14 08:00:00+00:00
1789376400000,3079.06005859375,3079.06005859375,3079.06005859375,3079.06005859375,0,2026-09-14 09:00:00+00:00
1789380000000,3079.06005859375,3079.06005859375,3076.409912109375,3076.409912109375,0,2026-09-14 10:00:00+00:00
1789383600000,3076.409912109375,3083.860107421875,3076.1201171875,3083.22998046875,0,2026-09-14 11:00:00+00:00
1789387200000,3076.1201171875,3083.22998046875,3076.110107421875,3081.280029296875,0,2026-09-14 12:00:00+00:00
1789390800000,3076.449951171875,3119.5,3076.449951171875,3117.409912109375,0,2026-09-14 13:00:00+00:00
1789394400000,3117.7900390625,3120.2099609375,3108.02001953125,3112.6298828125,0,2026-09-14 14:00:00+00:00
1789398000000,3112.60009765625,3113.419921875,3100.570068359375,3105.77001953125,0,2026-09-14 15:00:00+00:00
1789401600000,3105.8701171875,3110.469970703125,3101.199951171875,3103.760009765625,0,2026-09-14 16:00:00+00:00
1789405200000,3103.909912109375,3110.27001953125,3099.429931640625,3103.0400390625,0,2026-09-14 17:00:00+00:00
1789408800000,3099.97998046875,3106.580078125,3099.97998046875,3100.72998046875,0,2026-09-14 18:00:00+00:00
1789412400000,3106.580078125,3106.580078125,3106.580078125,3106.580078125,0,2026-09-14 19:00:00+00:00
1789416000000,3103.489990234375,3103.489990234375,3102.989990234375,3102.989990234375,0,2026-09-14 20:00:00+00:00
1789419600000,3100.72998046875,3102.989990234375,3098.68994140625,3098.68994140625,0,2026-09-14 21:00:00+00:00
1789423200000,3103.31005859375,3105.27001953125,3103.31005859375,3105.27001953125,0,2026-09-14 22:00:00+00:00
1789426800000,3107.169921875,3107.169921875,3107.169921875,3107.169921875,0,2026-09-14 23:00:00+00:00
1789434000000,3107.169921875,3107.169921875,3107.169921875,3107.169921875,0,2026-09-15 01:00:00+00:00
1789437600000,3107.97998046875,3107.97998046875,3105.989990234375,3105.989990234375,0,2026-09-15 02:00:00+00:00
1789452000000,3107.85009765625,3107.85009765625,3107.429931640625,3107.429931640625,0,2026-09-15 06:00:00+00:00
1789455600000,3107.429931640625,3107.429931640625,3107.429931640625,3107.429931640625,0,2026-09-15 07:00:00+00:00
1789459200000,3107.429931640625,3107.429931640625,3107.429931640625,3107.429931640625,0,2026-09-15 08:00:00+00:00
1789462800000,3107.429931640625,3107.429931640625,3100.72998046875,3100.72998046875,0,2026-09-15 09:00:00+00:00
1789470000000,3100.300048828125,3107.419921875,3100.300048828125,3107.419921875,0,2026-09-15 11:00:00+00:00
1789473600000,3102.219970703125,3102.219970703125,3101.969970703125,3101.969970703125,0,2026-09-15 12:00:00+00:00
1789477200000,3099.679931640625,3105.570068359375,3088.5,3091.18994140625,0,2026-09-15 13:00:00+00:00
1789480800000,3092.1298828125,3104.10009765625,3091.7099609375,3102.840087890625,0,2026-09-15 14:00:00+00:00
1789484400000,3102.659912109375,3105.989990234375,3096.0400390625,3100.06005859375,0,2026-09-15 15:00:00+00:00
1789488000000,3097.860107421875,3104.25,3095.0400390625,3104.219970703125,0,2026-09-15 16:00:00+00:00
1789491600000,3101.8701171875,3114.56005859375,3097.52001953125,3111.830078125,0,2026-09-15 17:00:00+00:00
1789495200000,3111.800048828125,3116.610107421875,3108.6298828125,3112.489990234375,0,2026-09-15 18:00:00+00:00
1789498800000,3112.489990234375,3112.489990234375,3108.550048828125,3108.550048828125,0,2026-09-15 19:00:00+00:00
1789502400000,3111.489990234375,3111.489990234375,3109.489990234375,3109.489990234375,0,2026-09-15 20:00:00+00:00
1789506000000,3111.800048828125,3111.800048828125,3105.260009765625,3105.260009765625,0,2026-09-15 21:00:00+00:00
1789509600000,3108.280029296875,3108.280029296875,3108.280029296875,3108.280029296875,0,2026-09-15 22:00:00+00:00
1789513200000,3106.889892578125,3106.889892578125,3106.889892578125,3106.889892578125,0,2026-09-15 23:00:00+00:00
1789520400000,3106.889892578125,3106.889892578125,3099.989990234375,3099.989990234375,0,2026-09-16 01:00:00+00:00
1789538400000,3111.800048828125,3111.800048828125,3104.3701171875,3104.3701171875,0,2026-09-16 06:00:00+00:00
1789542000000,3105.7900390625,3105.7900390625,3105.7900390625,3105.7900390625,0,2026-09-16 07:00:00+00:00
1789545600000,3105.7900390625,3105.7900390625,3105.7900390625,3105.7900390625,0,2026-09-16 08:00:00+00:00
1789549200000,3105.7900390625,3113.25,3105.7900390625,3111.800048828125,0,2026-09-16 09:00:00+00:00
1789556400000,3112.5,3112.5,3112.5,3112.5,0,2026-09-16 11:00:00+00:00
1789560000000,3105.780029296875,3115.3701171875,3105.780029296875,3115.3701171875,0,2026-09-16 12:00:00+00:00
1789563600000,3131.25,3136.25,3104.860107421875,3111.929931640625,0,2026-09-16 13:00:00+00:00
1789567200000,3112.43994140625,3119.169921875,3105.72998046875,3117.050048828125,0,2026-09-16 14:00:00+00:00
1789570800000,3118.27001953125,3150.300048828125,3109.280029296875,3140.050048828125,0,2026-09-16 15:00:00+00:00
1789574400000,3136.719970703125,3143.93994140625,3129.570068359375,3134.97998046875,0,2026-09-16 16:00:00+00:00
1789578000000,3132.25,3134.989990234375,3122.300048828125,3125.989990234375,0,2026-09-16 17:00:00+00:00
1789581600000,3125.93994140625,3131.489990234375,3122.909912109375,3125.030029296875,0,2026-09-16 18:00:00+00:00
1789585200000,3132.489990234375,3139.489990234375,3132.489990234375,3139.489990234375,0,2026-09-16 19:00:00+00:00
1789588800000,3139.489990234375,3139.489990234375,3132.5,3132.5,0,2026-09-16 20:00:00+00:00
1789592400000,3122.909912109375,3132.5,3122.909912109375,3132.5,0,2026-09-16 21:00:00+00:00
1789596000000,3122.909912109375,3129.989990234375,3119.010009765625,3119.010009765625,0,2026-09-16 22:00:00+00:00
1789599600000,3120.429931640625,3120.429931640625,3120.429931640625,3120.429931640625,0,2026-09-16 23:00:00+00:00
1789610400000,3122.969970703125,3134.989990234375,3122.969970703125,3134.989990234375,0,2026-09-17 02:00:00+00:00
1789614000000,3134.989990234375,3134.989990234375,3134.989990234375,3134.989990234375,0,2026-09-17 03:00:00+00:00
1789624800000,3122.909912109375,3124.330078125,3122.909912109375,3124.330078125,0,2026-09-17 06:00:00+00:00
1789628400000,3124.330078125,3124.330078125,3124.330078125,3124.330078125,0,2026-09-17 07:00:00+00:00
1789632000000,3124.330078125,3124.330078125,3124.330078125,3124.330078125,0,2026-09-17 08:00:00+00:00
1789635600000,3124.330078125,3124.330078125,3122.909912109375,3122.909912109375,0,2026-09-17 09:00:00+00:00
1789642800000,3123.22998046875,3123.22998046875,3123.22998046875,3123.22998046875,0,2026-09-17 11:00:00+00:00
1789646400000,3125.889892578125,3126.340087890625,3125.52001953125,3126.340087890625,0,2026-09-17 12:00:00+00:00
1789650000000,3127.75,3142.800048828125,3118.6298828125,3138.0,0,2026-09-17 13:00:00+00:00
1789653600000,3140.669921875,3159.2900390625,3129.610107421875,3148.580078125,0,2026-09-17 14:00:00+00:00
1789657200000,3150.340087890625,3153.8701171875,3144.6298828125,3146.419921875,0,2026-09-17 15:00:00+00:00
1789660800000,3146.35009765625,3163.330078125,3143.679931640625,3161.56005859375,0,2026-09-17 16:00:00+00:00
1789664400000,3159.8701171875,3171.840087890625,3154.889892578125,3160.949951171875,0,2026-09-17 17:00:00+00:00
1789668000000,3162.510009765625,3164.989990234375,3155.449951171875,3164.989990234375,0,2026-09-17 18:00:00+00:00
1789671600000,3165.0,3165.0,3155.860107421875,3162.489990234375,0,2026-09-17 19:00:00+00:00
1789675200000,3159.489990234375,3159.489990234375,3158.68994140625,3158.68994140625,0,2026-09-17 20:00:00+00:00
1789678800000,3160.949951171875,3162.280029296875,3156.18994140625,3158.489990234375,0,2026-09-17 21:00:00+00:00
1789682400000,3158.489990234375,3158.489990234375,3155.159912109375,3155.159912109375,0,2026-09-17 22:00:00+00:00
1789686000000,3154.360107421875,3154.360107421875,3154.360107421875,3154.360107421875,0,2026-09-17 23:00:00+00:00
1789696800000,3153.840087890625,3164.989990234375,3153.840087890625,3164.989990234375,0,2026-09-18 02:00:00+00:00
1789700400000,3164.989990234375,3164.989990234375,3164.989990234375,3164.989990234375,0,2026-09-18 03:00:00+00:00
1789704000000,3164.989990234375,3164.989990234375,3164.989990234375,3164.989990234375,0,2026-09-18 04:00:00+00:00
1789711200000,3160.949951171875,3160.949951171875,3154.820068359375,3154.820068359375,0,2026-09-18 06:00:00+00:00
1789714800000,3154.820068359375,3154.820068359375,3154.489990234375,3154.81005859375,0,2026-09-18 07:00:00+00:00
1789718400000,3154.489990234375,3154.489990234375,3154.489990234375,3154.489990234375,0,2026-09-18 08:00:00+00:00
1789722000000,3154.489990234375,3161.320068359375,3154.489990234375,3160.949951171875,0,2026-09-18 09:00:00+00:00
1789729200000,3154.47998046875,3162.280029296875,3154.47998046875,3162.18994140625,0,2026-09-18 11:00:00+00:00
1789732800000,3162.280029296875,3162.280029296875,3162.25,3162.280029296875,0,2026-09-18 12:00:00+00:00
1789736400000,3161.6201171875,3192.8798828125,3153.639892578125,3183.60009765625,0,2026-09-18 13:00:00+00:00
1789740000000,3188.06005859375,3202.840087890625,3182.929931640625,3202.27001953125,0,2026-09-18 14:00:00+00:00
1789743600000,3202.1298828125,3207.4599609375,3187.1201171875,3191.06005859375,0,2026-09-18 15:00:00+00:00
1789747200000,3193.81005859375,3194.0400390625,3170.550048828125,3175.760009765625,0,2026-09-18 16:00:00+00:00
1789750800000,3175.89990234375,3184.239990234375,3168.6201171875,3175.39990234375,0,2026-09-18 17:00:00+00:00
1789754400000,3175.429931640625,3179.489990234375,3171.989990234375,3176.590087890625,0,2026-09-18 18:00:00+00:00
1789758000000,3177.489990234375,3177.489990234375,3174.5,3177.489990234375,0,2026-09-18 19:00:00+00:00
1789761600000,3177.489990234375,3183.489990234375,3174.780029296875,3174.780029296875,0,2026-09-18 20:00:00+00:00
1789765200000,3174.780029296875,3180.989990234375,3174.780029296875,3180.989990234375,0,2026-09-18 21:00:00+00:00
