time,open,high,low,close,volume,datetime
1784761200000,1.606760025024414,1.60725998878479,1.606660008430481,1.6070799827575684,0,2026-07-22 23:00:00+00:00
1784764800000,1.6070799827575684,1.6074800491333008,1.606760025024414,1.607200026512146,0,2026-07-23 00:00:00+00:00
1784768400000,1.6071900129318237,1.6073399782180786,1.606279969215393,1.6065700054168701,0,2026-07-23 01:00:00+00:00
1784772000000,1.6064200401306152,1.6073600053787231,1.6063100099563599,1.607069969177246,0,2026-07-23 02:00:00+00:00
1784775600000,1.6069999933242798,1.6073800325393677,1.6066999435424805,1.6072200536727905,0,2026-07-23 03:00:00+00:00
1784779200000,1.6071100234985352,1.6078200340270996,1.6067399978637695,1.6076500415802002,0,2026-07-23 04:00:00+00:00
1784782800000,1.607699990272522,1.607990026473999,1.6070899963378906,1.6072200536727905,0,2026-07-23 05:00:00+00:00
1784786400000,1.6072499752044678,1.60739004611969,1.6063499450683594,1.6068300008773804,0,2026-07-23 06:00:00+00:00
1784790000000,1.6068300008773804,1.6074600219726562,1.605780005455017,1.607159972190857,0,2026-07-23 07:00:00+00:00
1784793600000,1.6070400476455688,1.6072900295257568,1.6053199768066406,1.6058000326156616,0,2026-07-23 08:00:00+00:00
1784797200000,1.6058900356292725,1.606909990310669,1.6056599617004395,1.6068300008773804,0,2026-07-23 09:00:00+00:00
1784800800000,1.6067700386047363,1.6069600582122803,1.6057699918746948,1.6058900356292725,0,2026-07-23 10:00:00+00:00
1784804400000,1.6058800220489502,1.606029987335205,1.6033899784088135,1.6039700508117676,0,2026-07-23 11:00:00+00:00
1784808000000,1.6039700508117676,1.604099988937378,1.6019999980926514,1.603119969367981,0,2026-07-23 12:00:00+00:00
1784811600000,1.6030800342559814,1.6031099557876587,1.6006699800491333,1.600909948348999,0,2026-07-23 13:00:00+00:00
1784815200000,1.600849986076355,1.6019999980926514,1.600219964981079,1.6015199422836304,0,2026-07-23 14:00:00+00:00
1784818800000,1.6015700101852417,1.6027499437332153,1.601449966430664,1.601889967918396,0,2026-07-23 15:00:00+00:00
1784822400000,1.6019699573516846,1.6026599407196045,1.601430058479309,1.6017299890518188,0,2026-07-23 16:00:00+00:00
1784826000000,1.6016499996185303,1.6018199920654297,1.6006499528884888,1.6009199619293213,0,2026-07-23 17:00:00+00:00
1784829600000,1.600890040397644,1.6015000343322754,1.6006900072097778,1.6009800434112549,0,2026-07-23 18:00:00+00:00
1784833200000,1.6010700464248657,1.6022700071334839,1.6009000539779663,1.6021000146865845,0,2026-07-23 19:00:00+00:00
1784836800000,1.6020499467849731,1.6029900312423706,1.601539969444275,1.6018600463867188,0,2026-07-23 20:00:00+00:00
1784840400000,1.60139000415802,1.6021300554275513,1.6009000539779663,1.601580023765564,0,2026-07-23 21:00:00+00:00
1784844000000,1.6013699769973755,1.602560043334961,1.6011500358581543,1.6024099588394165,0,2026-07-23 22:00:00+00:00
1784847600000,1.6024099588394165,1.6026500463485718,1.6018600463867188,1.6023199558258057,0,2026-07-23 23:00:00+00:00
1784851200000,1.602139949798584,1.602370023727417,1.6009399890899658,1.6016700267791748,0,2026-07-24 00:00:00+00:00
1784854800000,1.601639986038208,1.6021000146865845,1.6011500358581543,1.6019200086593628,0,2026-07-24 01:00:00+00:00
1784858400000,1.6018099784851074,1.6024500131607056,1.6016199588775635,1.6022000312805176,0,2026-07-24 02:00:00+00:00
1784862000000,1.6020499467849731,1.6022900342941284,1.6014399528503418,1.6021900177001953,0,2026-07-24 03:00:00+00:00
1784865600000,1.6022100448608398,1.6024199724197388,1.601770043373108,1.6023099422454834,0,2026-07-24 04:00:00+00:00
1784869200000,1.602220058441162,1.6024500131607056,1.601770043373108,1.6021699905395508,0,2026-07-24 05:00:00+00:00
1784872800000,1.602239966392517,1.6028200387954712,1.6017500162124634,1.6025500297546387,0,2026-07-24 06:00:00+00:00
1784876400000,1.6025500297546387,1.6037800312042236,1.602239966392517,1.603060007095337,0,2026-07-24 07:00:00+00:00
1784880000000,1.6030399799346924,1.603219985961914,1.601889967918396,1.6025500297546387,0,2026-07-24 08:00:00+00:00
1784883600000,1.6024999618530273,1.6038299798965454,1.6022100448608398,1.6034499406814575,0,2026-07-24 09:00:00+00:00
1784887200000,1.6034400463104248,1.6036499738693237,1.6019699573516846,1.6023900508880615,0,2026-07-24 10:00:00+00:00
1784890800000,1.6024600267410278,1.6035000085830688,1.6017099618911743,1.6023099422454834,0,2026-07-24 11:00:00+00:00
1784894400000,1.602370023727417,1.6038000583648682,1.6018699407577515,1.603659987449646,0,2026-07-24 12:00:00+00:00
1784898000000,1.6037700176239014,1.6045399904251099,1.602620005607605,1.603659987449646,0,2026-07-24 13:00:00+00:00
1784901600000,1.6037499904632568,1.6038399934768677,1.6017400026321411,1.6021100282669067,0,2026-07-24 14:00:00+00:00
1784905200000,1.6021699905395508,1.603659987449646,1.6016700267791748,1.6027799844741821,0,2026-07-24 15:00:00+00:00
1784908800000,1.6028200387954712,1.603060007095337,1.6021599769592285,1.6024099588394165,0,2026-07-24 16:00:00+00:00
1784912400000,1.6024800539016724,1.6028300523757935,1.601830005645752,1.6026599407196045,0,2026-07-24 17:00:00+00:00
1784916000000,1.6026999950408936,1.6028599739074707,1.6020599603652954,1.6025999784469604,0,2026-07-24 18:00:00+00:00
1784919600000,1.602579951286316,1.6033999919891357,1.6021699905395508,1.6031299829483032,0,2026-07-24 19:00:00+00:00
1784923200000,1.6031399965286255,1.6035100221633911,1.6014800071716309,1.6026400327682495,0,2026-07-24 20:00:00+00:00
1784926800000,1.6015000343322754,1.601770043373108,1.6015000343322754,1.6017500162124634,0,2026-07-24 21:00:00+00:00
1785106800000,1.6047099828720093,1.605139970779419,1.6039400100708008,1.6050900220870972,0,2026-07-26 23:00:00+00:00
1785110400000,1.6050399541854858,1.6063400506973267,1.6044299602508545,1.6053099632263184,0,2026-07-27 00:00:00+00:00
1785114000000,1.6053099632263184,1.6060999631881714,1.6050399541854858,1.605970025062561,0,2026-07-27 01:00:00+00:00
1785117600000,1.6060500144958496,1.6060500144958496,1.6050900220870972,1.6055599451065063,0,2026-07-27 02:00:00+00:00
1785121200000,1.6054999828338623,1.6059999465942383,1.605180025100708,1.6058000326156616,0,2026-07-27 03:00:00+00:00
1785124800000,1.6056599617004395,1.6062400341033936,1.6053800582885742,1.605870008468628,0,2026-07-27 04:00:00+00:00
1785128400000,1.605870008468628,1.6064900159835815,1.6055099964141846,1.606410026550293,0,2026-07-27 05:00:00+00:00
1785132000000,1.6064599752426147,1.6091099977493286,1.6063799858093262,1.6080600023269653,0,2026-07-27 06:00:00+00:00
1785135600000,1.6080100536346436,1.6083199977874756,1.6062300205230713,1.6063899993896484,0,2026-07-27 07:00:00+00:00
1785139200000,1.6063599586486816,1.6075299978256226,1.6056300401687622,1.6074600219726562,0,2026-07-27 08:00:00+00:00
1785142800000,1.6073999404907227,1.607740044593811,1.6068400144577026,1.60739004611969,0,2026-07-27 09:00:00+00:00
1785146400000,1.6074399948120117,1.6078699827194214,1.6067299842834473,1.6072900295257568,0,2026-07-27 10:00:00+00:00
1785150000000,1.6072900295257568,1.6074700355529785,1.605870008468628,1.6063100099563599,0,2026-07-27 11:00:00+00:00
1785153600000,1.6062300205230713,1.6066900491714478,1.604640007019043,1.6059600114822388,0,2026-07-27 12:00:00+00:00
1785157200000,1.6058399677276611,1.6062999963760376,1.6033200025558472,1.603760004043579,0,2026-07-27 13:00:00+00:00
1785160800000,1.6037499904632568,1.605370044708252,1.6034599542617798,1.6048699617385864,0,2026-07-27 14:00:00+00:00
1785164400000,1.6048699617385864,1.6054699420928955,1.6040799617767334,1.6050699949264526,0,2026-07-27 15:00:00+00:00
1785168000000,1.6051299571990967,1.6062599420547485,1.6047999858856201,1.605780005455017,0,2026-07-27 16:00:00+00:00
1785171600000,1.605780005455017,1.6059900522232056,1.6046700477600098,1.605679988861084,0,2026-07-27 17:00:00+00:00
1785175200000,1.605679988861084,1.6059999465942383,1.6051599979400635,1.6055999994277954,0,2026-07-27 18:00:00+00:00
1785178800000,1.6055899858474731,1.6058000326156616,1.6049599647521973,1.6054199934005737,0,2026-07-27 19:00:00+00:00
1785182400000,1.6053800582885742,1.6059999465942383,1.6051100492477417,1.6053999662399292,0,2026-07-27 20:00:00+00:00
1785186000000,1.6051000356674194,1.6062099933624268,1.6045000553131104,1.6054799556732178,0,2026-07-27 21:00:00+00:00
1785189600000,1.60548996925354,1.6058599948883057,1.604640007019043,1.605239987373352,0,2026-07-27 22:00:00+00:00
1785193200000,1.6052800416946411,1.6058800220489502,1.6050000190734863,1.6058100461959839,0,2026-07-27 23:00:00+00:00
1785196800000,1.605739951133728,1.6063400506973267,1.6048799753189087,1.6055500507354736,0,2026-07-28 00:00:00+00:00
1785200400000,1.6055500507354736,1.6060800552368164,1.605049967765808,1.6058299541473389,0,2026-07-28 01:00:00+00:00
1785204000000,1.6058199405670166,1.6061400175094604,1.6052199602127075,1.6058599948883057,0,2026-07-28 02:00:00+00:00
1785207600000,1.605870008468628,1.606119990348816,1.6051599979400635,1.60548996925354,0,2026-07-28 03:00:00+00:00
1785211200000,1.6054400205612183,1.6056100130081177,1.6046299934387207,1.6050000190734863,0,2026-07-28 04:00:00+00:00
1785214800000,1.6049100160598755,1.6052000522613525,1.6038800477981567,1.6045299768447876,0,2026-07-28 05:00:00+00:00
1785218400000,1.604449987411499,1.6054699420928955,1.6041100025177002,1.605370044708252,0,2026-07-28 06:00:00+00:00
1785222000000,1.605299949645996,1.6055999994277954,1.6038299798965454,1.6044199466705322,0,2026-07-28 07:00:00+00:00
1785225600000,1.604349970817566,1.604949951171875,1.6038899421691895,1.604699969291687,0,2026-07-28 08:00:00+00:00
1785229200000,1.604640007019043,1.6047500371932983,1.6025500297546387,1.6028900146484375,0,2026-07-28 09:00:00+00:00
1785232800000,1.6028900146484375,1.603350043296814,1.6022100448608398,1.6026400327682495,0,2026-07-28 10:00:00+00:00
1785236400000,1.6027300357818604,1.603700041770935,1.602120041847229,1.6031299829483032,0,2026-07-28 11:00:00+00:00
1785240000000,1.6032299995422363,1.604259967803955,1.6026099920272827,1.6039899587631226,0,2026-07-28 12:00:00+00:00
1785243600000,1.604009985923767,1.6040400266647339,1.602579951286316,1.603219985961914,0,2026-07-28 13:00:00+00:00
1785247200000,1.603279948234558,1.6058900356292725,1.6024800539016724,1.6058299541473389,0,2026-07-28 14:00:00+00:00
1785250800000,1.6058000326156616,1.6065499782562256,1.6049699783325195,1.6064800024032593,0,2026-07-28 15:00:00+00:00
1785254400000,1.6064399480819702,1.6069600582122803,1.6050399541854858,1.6054199934005737,0,2026-07-28 16:00:00+00:00
1785258000000,1.6054099798202515,1.6068400144577026,1.605049967765808,1.6063499450683594,0,2026-07-28 17:00:00+00:00
1785261600000,1.6063899993896484,1.6066700220108032,1.6053999662399292,1.606029987335205,0,2026-07-28 18:00:00+00:00
1785265200000,1.6060099601745605,1.6067700386047363,1.6056300401687622,1.606719970703125,0,2026-07-28 19:00:00+00:00
1785268800000,1.6066499948501587,1.606909990310669,1.605299949645996,1.6059099435806274,0,2026-07-28 20:00:00+00:00
1785272400000,1.606160044670105,1.6066800355911255,1.6050900220870972,1.6061999797821045,0,2026-07-28 21:00:00+00:00
1785276000000,1.605530023574829,1.6065000295639038,1.605180025100708,1.6057499647140503,0,2026-07-28 22:00:00+00:00
1785279600000,1.6057499647140503,1.6061300039291382,1.6050699949264526,1.6060500144958496,0,2026-07-28 23:00:00+00:00
1785283200000,1.6060700416564941,1.6064000129699707,1.6054199934005737,1.6060999631881714,0,2026-07-29 00:00:00+00:00
1785286800000,1.6061500310897827,1.6062699556350708,1.605239987373352,1.6058900356292725,0,2026-07-29 01:00:00+00:00
1785290400000,1.605929970741272,1.6064000129699707,1.6054600477218628,1.6062099933624268,0,2026-07-29 02:00:00+00:00
1785294000000,1.6061999797821045,1.6066299676895142,1.6055699586868286,1.6060800552368164,0,2026-07-29 03:00:00+00:00
1785297600000,1.606029987335205,1.6066299676895142,1.6057300567626953,1.6063499450683594,0,2026-07-29 04:00:00+00:00
1785301200000,1.6063499450683594,1.606510043144226,1.6054699420928955,1.6060700416564941,0,2026-07-29 05:00:00+00:00
1785304800000,1.6059199571609497,1.606220006942749,1.60493004322052,1.6058199405670166,0,2026-07-29 06:00:00+00:00
1785308400000,1.6058000326156616,1.6066999435424805,1.605329990386963,1.6064399480819702,0,2026-07-29 07:00:00+00:00
1785312000000,1.6063799858093262,1.6068600416183472,1.605679988861084,1.6065800189971924,0,2026-07-29 08:00:00+00:00
1785315600000,1.6065900325775146,1.606660008430481,1.6057100296020508,1.606369972229004,0,2026-07-29 09:00:00+00:00
1785319200000,1.6063400506973267,1.6068999767303467,1.6046600341796875,1.605180025100708,0,2026-07-29 10:00:00+00:00
1785322800000,1.6051100492477417,1.6054099798202515,1.6041200160980225,1.604640007019043,0,2026-07-29 11:00:00+00:00
1785326400000,1.6047099828720093,1.6052000522613525,1.6030000448226929,1.6033999919891357,0,2026-07-29 12:00:00+00:00
1785330000000,1.6033999919891357,1.6045399904251099,1.6030000448226929,1.6039299964904785,0,2026-07-29 13:00:00+00:00
1785333600000,1.6039600372314453,1.6050200462341309,1.6032999753952026,1.6036299467086792,0,2026-07-29 14:00:00+00:00
1785337200000,1.603600025177002,1.6040699481964111,1.6028599739074707,1.6034200191497803,0,2026-07-29 15:00:00+00:00
1785340800000,1.6034400463104248,1.6046899557113647,1.6027100086212158,1.6046700477600098,0,2026-07-29 16:00:00+00:00
1785344400000,1.6046600341796875,1.606600046157837,1.6043599843978882,1.605929970741272,0,2026-07-29 17:00:00+00:00
1785348000000,1.605370044708252,1.6085699796676636,1.6050100326538086,1.6077899932861328,0,2026-07-29 18:00:00+00:00
1785351600000,1.6077100038528442,1.6096800565719604,1.6061700582504272,1.6091899871826172,0,2026-07-29 19:00:00+00:00
1785355200000,1.6091200113296509,1.6112500429153442,1.6080100536346436,1.6104099750518799,0,2026-07-29 20:00:00+00:00
1785358800000,1.6100000143051147,1.6101100444793701,1.608049988746643,1.608970046043396,0,2026-07-29 21:00:00+00:00
1785362400000,1.6089199781417847,1.6104600429534912,1.6087700128555298,1.6101499795913696,0,2026-07-29 22:00:00+00:00
1785366000000,1.6101499795913696,1.610569953918457,1.6088900566101074,1.6092599630355835,0,2026-07-29 23:00:00+00:00
1785369600000,1.6092599630355835,1.6094499826431274,1.6084599494934082,1.608870029449463,0,2026-07-30 00:00:00+00:00
1785373200000,1.6088000535964966,1.6092400550842285,1.6083999872207642,1.6088600158691406,0,2026-07-30 01:00:00+00:00
1785376800000,1.6088600158691406,1.6090999841690063,1.6083600521087646,1.6088800430297852,0,2026-07-30 02:00:00+00:00
1785380400000,1.608839988708496,1.60903000831604,1.6080600023269653,1.6087199449539185,0,2026-07-30 03:00:00+00:00
1785384000000,1.6087199449539185,1.609529972076416,1.6085100173950195,1.609179973602295,0,2026-07-30 04:00:00+00:00
1785387600000,1.609179973602295,1.609339952468872,1.6085699796676636,1.608780026435852,0,2026-07-30 05:00:00+00:00
1785391200000,1.6087299585342407,1.6090799570083618,1.6080700159072876,1.6085200309753418,0,2026-07-30 06:00:00+00:00
1785394800000,1.6086000204086304,1.6091699600219727,1.6077200174331665,1.6085400581359863,0,2026-07-30 07:00:00+00:00
1785398400000,1.6085100173950195,1.610200047492981,1.6085100173950195,1.6089099645614624,0,2026-07-30 08:00:00+00:00
1785402000000,1.6089199781417847,1.6107300519943237,1.6089199781417847,1.6102499961853027,0,2026-07-30 09:00:00+00:00
1785405600000,1.610260009765625,1.612220048904419,1.6099799871444702,1.6109700202941895,0,2026-07-30 10:00:00+00:00
1785409200000,1.6109600067138672,1.6113899946212769,1.6101399660110474,1.6112500429153442,0,2026-07-30 11:00:00+00:00
1785412800000,1.6112600564956665,1.61257004737854,1.6102299690246582,1.6122599840164185,0,2026-07-30 12:00:00+00:00
1785416400000,1.6122299432754517,1.614840030670166,1.6111899614334106,1.6142100095748901,0,2026-07-30 13:00:00+00:00
1785420000000,1.614240050315857,1.6157000064849854,1.6120599508285522,1.6122100353240967,0,2026-07-30 14:00:00+00:00
1785423600000,1.6122499704360962,1.6140199899673462,1.611739993095398,1.6131700277328491,0,2026-07-30 15:00:00+00:00
1785427200000,1.613070011138916,1.6144599914550781,1.6125600337982178,1.6131199598312378,0,2026-07-30 16:00:00+00:00
1785430800000,1.6131800413131714,1.6134799718856812,1.612149953842163,1.6132999658584595,0,2026-07-30 17:00:00+00:00
1785434400000,1.6132999658584595,1.6143200397491455,1.6131500005722046,1.6141599416732788,0,2026-07-30 18:00:00+00:00
1785438000000,1.6142100095748901,1.6147600412368774,1.6139500141143799,1.6144100427627563,0,2026-07-30 19:00:00+00:00
1785441600000,1.6144599914550781,1.6150200366973877,1.6140700578689575,1.6147300004959106,0,2026-07-30 20:00:00+00:00
1785445200000,1.6147099733352661,1.6148899793624878,1.613800048828125,1.6141300201416016,0,2026-07-30 21:00:00+00:00
1785448800000,1.6143200397491455,1.6150599718093872,1.6136000156402588,1.6145399808883667,0,2026-07-30 22:00:00+00:00
1785452400000,1.6145700216293335,1.614799976348877,1.613800048828125,1.6145000457763672,0,2026-07-30 23:00:00+00:00
1785456000000,1.6145000457763672,1.6148600578308105,1.6130399703979492,1.614150047302246,0,2026-07-31 00:00:00+00:00
1785459600000,1.614150047302246,1.614259958267212,1.6129900217056274,1.6133699417114258,0,2026-07-31 01:00:00+00:00
1785463200000,1.6133699417114258,1.6139099597930908,1.6126500368118286,1.6135599613189697,0,2026-07-31 02:00:00+00:00
1785466800000,1.6134099960327148,1.6140600442886353,1.6128100156784058,1.6139400005340576,0,2026-07-31 03:00:00+00:00
1785470400000,1.6139700412750244,1.6140199899673462,1.612529993057251,1.6133500337600708,0,2026-07-31 04:00:00+00:00
1785474000000,1.6132800579071045,1.613420009613037,1.6124399900436401,1.6131600141525269,0,2026-07-31 05:00:00+00:00
1785477600000,1.6131700277328491,1.6144800186157227,1.612720012664795,1.6139899492263794,0,2026-07-31 06:00:00+00:00
1785481200000,1.6139600276947021,1.6149200201034546,1.61326003074646,1.6143699884414673,0,2026-07-31 07:00:00+00:00
1785484800000,1.6142799854278564,1.6145600080490112,1.6125099658966064,1.6140600442886353,0,2026-07-31 08:00:00+00:00
1785488400000,1.6139299869537354,1.6141799688339233,1.6118500232696533,1.6122900247573853,0,2026-07-31 09:00:00+00:00
1785492000000,1.6122900247573853,1.613070011138916,1.6118700504302979,1.6127400398254395,0,2026-07-31 10:00:00+00:00
1785495600000,1.6127300262451172,1.6127400398254395,1.6111500263214111,1.6119999885559082,0,2026-07-31 11:00:00+00:00
1785499200000,1.611989974975586,1.6136300563812256,1.6114200353622437,1.6124800443649292,0,2026-07-31 12:00:00+00:00
1785502800000,1.6124800443649292,1.6131999492645264,1.6070200204849243,1.6097700595855713,0,2026-07-31 13:00:00+00:00
1785506400000,1.6097999811172485,1.6142300367355347,1.6094199419021606,1.6140700578689575,0,2026-07-31 14:00:00+00:00
1785510000000,1.6141300201416016,1.6160099506378174,1.612380027770996,1.6159199476242065,0,2026-07-31 15:00:00+00:00
1785513600000,1.6158900260925293,1.6160000562667847,1.6144800186157227,1.6157699823379517,0,2026-07-31 16:00:00+00:00
1785517200000,1.6157399415969849,1.617110013961792,1.6151000261306763,1.6167500019073486,0,2026-07-31 17:00:00+00:00
1785520800000,1.616819977760315,1.6171599626541138,1.6156699657440186,1.616420030593872,0,2026-07-31 18:00:00+00:00
1785524400000,1.6164499521255493,1.6168700456619263,1.614959955215454,1.616320013999939,0,2026-07-31 19:00:00+00:00
1785528000000,1.616320013999939,1.617840051651001,1.6145999431610107,1.6152299642562866,0,2026-07-31 20:00:00+00:00
1785531600000,1.6156699657440186,1.6156699657440186,1.6156699657440186,1.6156699657440186,0,2026-07-31 21:00:00+00:00
1785711600000,1.6178100109100342,1.6181299686431885,1.616919994354248,1.6174900531768799,0,2026-08-02 23:00:00+00:00
1785715200000,1.6174900531768799,1.618340015411377,1.6163100004196167,1.6182600259780884,0,2026-08-03 00:00:00+00:00
1785718800000,1.6182399988174438,1.618980050086975,1.6169400215148926,1.6180100440979004,0,2026-08-03 01:00:00+00:00
1785722400000,1.6180100440979004,1.6184500455856323,1.6173900365829468,1.6179200410842896,0,2026-08-03 02:00:00+00:00
1785726000000,1.6179399490356445,1.6180700063705444,1.6172800064086914,1.6179699897766113,0,2026-08-03 03:00:00+00:00
1785729600000,1.6179800033569336,1.6186599731445312,1.6173800230026245,1.618499994277954,0,2026-08-03 04:00:00+00:00
1785733200000,1.6184899806976318,1.618630051612854,1.617799997329712,1.6183199882507324,0,2026-08-03 05:00:00+00:00
1785736800000,1.6181999444961548,1.6185400485992432,1.6171400547027588,1.6180299520492554,0,2026-08-03 06:00:00+00:00
1785740400000,1.6179800033569336,1.6188199520111084,1.617460012435913,1.6183600425720215,0,2026-08-03 07:00:00+00:00
1785744000000,1.618340015411377,1.6184799671173096,1.6173100471496582,1.617900013923645,0,2026-08-03 08:00:00+00:00
1785747600000,1.6178799867630005,1.6186000108718872,1.617210030555725,1.6177899837493896,0,2026-08-03 09:00:00+00:00
1785751200000,1.617859959602356,1.6182199716567993,1.6169899702072144,1.6180599927902222,0,2026-08-03 10:00:00+00:00
1785754800000,1.6180100440979004,1.6184500455856323,1.6169899702072144,1.617799997329712,0,2026-08-03 11:00:00+00:00
1785758400000,1.6177599430084229,1.6184699535369873,1.6173399686813354,1.6183099746704102,0,2026-08-03 12:00:00+00:00
1785762000000,1.6183199882507324,1.6194499731063843,1.617799997329712,1.61844003200531,0,2026-08-03 13:00:00+00:00
1785765600000,1.6185699701309204,1.6185699701309204,1.6155799627304077,1.6160099506378174,0,2026-08-03 14:00:00+00:00
1785769200000,1.6159299612045288,1.6161999702453613,1.6148799657821655,1.6158599853515625,0,2026-08-03 15:00:00+00:00
1785772800000,1.6158599853515625,1.6160500049591064,1.6150000095367432,1.6158299446105957,0,2026-08-03 16:00:00+00:00
1785776400000,1.6157900094985962,1.6161799430847168,1.6152199506759644,1.6160399913787842,0,2026-08-03 17:00:00+00:00
1785780000000,1.616029977798462,1.6171200275421143,1.6158299446105957,1.616960048675537,0,2026-08-03 18:00:00+00:00
1785783600000,1.6168500185012817,1.616979956626892,1.6161600351333618,1.616529941558838,0,2026-08-03 19:00:00+00:00
1785787200000,1.6164599657058716,1.6166000366210938,1.6154600381851196,1.616129994392395,0,2026-08-03 20:00:00+00:00
1785790800000,1.6156699657440186,1.617050051689148,1.6153899431228638,1.616170048713684,0,2026-08-03 21:00:00+00:00
1785794400000,1.6161400079727173,1.6165000200271606,1.6154099702835083,1.6162899732589722,0,2026-08-03 22:00:00+00:00
1785798000000,1.616320013999939,1.616510033607483,1.6155999898910522,1.6162199974060059,0,2026-08-03 23:00:00+00:00
1785801600000,1.6162199974060059,1.616760015487671,1.6152600049972534,1.615630030632019,0,2026-08-04 00:00:00+00:00
1785805200000,1.6156699657440186,1.616919994354248,1.6153700351715088,1.6167399883270264,0,2026-08-04 01:00:00+00:00
1785808800000,1.6167800426483154,1.616919994354248,1.6160900592803955,1.6164799928665161,0,2026-08-04 02:00:00+00:00
1785812400000,1.6164300441741943,1.6166499853134155,1.615689992904663,1.616029977798462,0,2026-08-04 03:00:00+00:00
1785816000000,1.6160399913787842,1.6165000200271606,1.6153899431228638,1.6164599657058716,0,2026-08-04 04:00:00+00:00
1785819600000,1.6164300441741943,1.6168700456619263,1.6158599853515625,1.6167800426483154,0,2026-08-04 05:00:00+00:00
1785823200000,1.6167800426483154,1.618190050125122,1.616529941558838,1.6180100440979004,0,2026-08-04 06:00:00+00:00
1785826800000,1.6180100440979004,1.6182600259780884,1.61667001247406,1.6172200441360474,0,2026-08-04 07:00:00+00:00
1785830400000,1.6172200441360474,1.6174399852752686,1.614959955215454,1.6154899597167969,0,2026-08-04 08:00:00+00:00
1785834000000,1.6154799461364746,1.6157300472259521,1.6147500276565552,1.6153299808502197,0,2026-08-04 09:00:00+00:00
1785837600000,1.6153299808502197,1.6167500019073486,1.6150000095367432,1.6166499853134155,0,2026-08-04 10:00:00+00:00
1785841200000,1.6166499853134155,1.6190400123596191,1.616420030593872,1.6187399625778198,0,2026-08-04 11:00:00+00:00
1785844800000,1.6187700033187866,1.6195000410079956,1.61844003200531,1.619230031967163,0,2026-08-04 12:00:00+00:00
1785848400000,1.6191999912261963,1.6211199760437012,1.618649959564209,1.6205999851226807,0,2026-08-04 13:00:00+00:00
1785852000000,1.6205099821090698,1.6209700107574463,1.6189700365066528,1.6197099685668945,0,2026-08-04 14:00:00+00:00
1785855600000,1.6197099685668945,1.621940016746521,1.6193699836730957,1.6219199895858765,0,2026-08-04 15:00:00+00:00
1785859200000,1.6219099760055542,1.6219799518585205,1.620669960975647,1.6212899684906006,0,2026-08-04 16:00:00+00:00
1785862800000,1.6212799549102783,1.621840000152588,1.620859980583191,1.6216599941253662,0,2026-08-04 17:00:00+00:00
1785866400000,1.6216700077056885,1.6224299669265747,1.6213500499725342,1.6220699548721313,0,2026-08-04 18:00:00+00:00
1785870000000,1.622059941291809,1.622130036354065,1.6211299896240234,1.621899962425232,0,2026-08-04 19:00:00+00:00
1785873600000,1.6219300031661987,1.6220999956130981,1.6206400394439697,1.621209979057312,0,2026-08-04 20:00:00+00:00
1785877200000,1.6212600469589233,1.622040033340454,1.6202199459075928,1.6215699911117554,0,2026-08-04 21:00:00+00:00
1785880800000,1.6215699911117554,1.621899962425232,1.621000051498413,1.6217199563980103,0,2026-08-04 22:00:00+00:00
1785884400000,1.621709942817688,1.622059941291809,1.6212799549102783,1.6219799518585205,0,2026-08-04 23:00:00+00:00
1785888000000,1.6219300031661987,1.6224700212478638,1.6214699745178223,1.6220500469207764,0,2026-08-05 00:00:00+00:00
1785891600000,1.6220999956130981,1.6221699714660645,1.6213799715042114,1.6221400499343872,0,2026-08-05 01:00:00+00:00
1785895200000,1.6220999956130981,1.6237000226974487,1.621940016746521,1.6231600046157837,0,2026-08-05 02:00:00+00:00
1785898800000,1.623110055923462,1.6233199834823608,1.6224499940872192,1.623289942741394,0,2026-08-05 03:00:00+00:00
1785902400000,1.623289942741394,1.6234099864959717,1.6227200031280518,1.6233899593353271,0,2026-08-05 04:00:00+00:00
1785906000000,1.6233700513839722,1.6236900091171265,1.6224000453948975,1.623270034790039,0,2026-08-05 05:00:00+00:00
1785909600000,1.6232399940490723,1.6247999668121338,1.6229499578475952,1.6246099472045898,0,2026-08-05 06:00:00+00:00
1785913200000,1.6246099472045898,1.6247800588607788,1.62253999710083,1.622920036315918,0,2026-08-05 07:00:00+00:00
1785916800000,1.622879981994629,1.6238499879837036,1.6223900318145752,1.6228200197219849,0,2026-08-05 08:00:00+00:00
1785920400000,1.622789978981018,1.6235300302505493,1.6223299503326416,1.6229000091552734,0,2026-08-05 09:00:00+00:00
1785924000000,1.622849941253662,1.623170018196106,1.6220099925994873,1.622979998588562,0,2026-08-05 10:00:00+00:00
1785927600000,1.6230299472808838,1.6238800287246704,1.6223599910736084,1.623289942741394,0,2026-08-05 11:00:00+00:00
1785931200000,1.6232999563217163,1.6233500242233276,1.621840000152588,1.622230052947998,0,2026-08-05 12:00:00+00:00
1785934800000,1.6222100257873535,1.622939944267273,1.6202199459075928,1.6210600137710571,0,2026-08-05 13:00:00+00:00
1785938400000,1.621090054512024,1.6216000318527222,1.6189500093460083,1.6195399761199951,0,2026-08-05 14:00:00+00:00
1785942000000,1.6195299625396729,1.6197799444198608,1.6179200410842896,1.6185599565505981,0,2026-08-05 15:00:00+00:00
1785945600000,1.6186000108718872,1.6195800304412842,1.6178100109100342,1.6193499565124512,0,2026-08-05 16:00:00+00:00
1785949200000,1.6193499565124512,1.6195299625396729,1.618499994277954,1.6190400123596191,0,2026-08-05 17:00:00+00:00
1785952800000,1.6190199851989746,1.619070053100586,1.6178100109100342,1.6183199882507324,0,2026-08-05 18:00:00+00:00
1785956400000,1.618340015411377,1.6187700033187866,1.6175700426101685,1.6184099912643433,0,2026-08-05 19:00:00+00:00
1785960000000,1.61844003200531,1.6187800168991089,1.6176999807357788,1.6187700033187866,0,2026-08-05 20:00:00+00:00
1785963600000,1.618209958076477,1.6193599700927734,1.617460012435913,1.6179300546646118,0,2026-08-05 21:00:00+00:00
1785967200000,1.6179200410842896,1.6188100576400757,1.6174999475479126,1.6184799671173096,0,2026-08-05 22:00:00+00:00
1785970800000,1.618630051612854,1.61899995803833,1.6183700561523438,1.6189299821853638,0,2026-08-05 23:00:00+00:00
1785974400000,1.6189600229263306,1.6189700365066528,1.6182199716567993,1.618530035018921,0,2026-08-06 00:00:00+00:00
1785978000000,1.618530035018921,1.6186200380325317,1.6177200078964233,1.6181800365447998,0,2026-08-06 01:00:00+00:00
1785981600000,1.6181399822235107,1.6186599731445312,1.6177400350570679,1.6182500123977661,0,2026-08-06 02:00:00+00:00
1785985200000,1.6182500123977661,1.6183099746704102,1.6175700426101685,1.618149995803833,0,2026-08-06 03:00:00+00:00
1785988800000,1.618149995803833,1.618340015411377,1.6177799701690674,1.6182500123977661,0,2026-08-06 04:00:00+00:00
1785992400000,1.6182399988174438,1.618299961090088,1.617609977722168,1.6181000471115112,0,2026-08-06 05:00:00+00:00
1785996000000,1.6181399822235107,1.6182500123977661,1.6172200441360474,1.6175999641418457,0,2026-08-06 06:00:00+00:00
1785999600000,1.6175700426101685,1.6178499460220337,1.6169899702072144,1.617460012435913,0,2026-08-06 07:00:00+00:00
1786003200000,1.6174499988555908,1.6175400018692017,1.616320013999939,1.616979956626892,0,2026-08-06 08:00:00+00:00
1786006800000,1.6169500350952148,1.6170599460601807,1.6159499883651733,1.6164599657058716,0,2026-08-06 09:00:00+00:00
1786010400000,1.6164699792861938,1.616569995880127,1.615090012550354,1.6154299974441528,0,2026-08-06 10:00:00+00:00
1786014000000,1.6154299974441528,1.6158699989318848,1.6147600412368774,1.615149974822998,0,2026-08-06 11:00:00+00:00
1786017600000,1.6151200532913208,1.616170048713684,1.6143499612808228,1.6159600019454956,0,2026-08-06 12:00:00+00:00
1786021200000,1.6159499883651733,1.6179399490356445,1.615779995918274,1.6175299882888794,0,2026-08-06 13:00:00+00:00
1786024800000,1.6175999641418457,1.6176999807357788,1.6160999536514282,1.617110013961792,0,2026-08-06 14:00:00+00:00
1786028400000,1.6170899868011475,1.6176600456237793,1.6160000562667847,1.6162300109863281,0,2026-08-06 15:00:00+00:00
1786032000000,1.616260051727295,1.6163500547409058,1.6148600578308105,1.6152100563049316,0,2026-08-06 16:00:00+00:00
1786035600000,1.615190029144287,1.615470051765442,1.614109992980957,1.6148600578308105,0,2026-08-06 17:00:00+00:00
1786039200000,1.6148200035095215,1.6150000095367432,1.614169955253601,1.6146199703216553,0,2026-08-06 18:00:00+00:00
1786042800000,1.6146399974822998,1.614959955215454,1.6140400171279907,1.6147099733352661,0,2026-08-06 19:00:00+00:00
1786046400000,1.6146999597549438,1.614840030670166,1.6135599613189697,1.6144700050354004,0,2026-08-06 20:00:00+00:00
1786050000000,1.6144700050354004,1.6149499416351318,1.613450050354004,1.6139899492263794,0,2026-08-06 21:00:00+00:00
1786053600000,1.6140999794006348,1.6148600578308105,1.6137700080871582,1.6146600246429443,0,2026-08-06 22:00:00+00:00
1786057200000,1.6146299839019775,1.61489999294281,1.6140799522399902,1.6148699522018433,0,2026-08-06 23:00:00+00:00
1786060800000,1.614840030670166,1.61503005027771,1.6140799522399902,1.6147099733352661,0,2026-08-07 00:00:00+00:00
1786064400000,1.614740014076233,1.6150000095367432,1.6142200231552124,1.6146999597549438,0,2026-08-07 01:00:00+00:00
1786068000000,1.6147099733352661,1.615339994430542,1.614300012588501,1.6152000427246094,0,2026-08-07 02:00:00+00:00
1786071600000,1.6152100563049316,1.6153199672698975,1.6146999597549438,1.615280032157898,0,2026-08-07 03:00:00+00:00
1786075200000,1.6152900457382202,1.6154999732971191,1.6145999431610107,1.6154099702835083,0,2026-08-07 04:00:00+00:00
1786078800000,1.615380048751831,1.6159100532531738,1.614989995956421,1.6157900094985962,0,2026-08-07 05:00:00+00:00
1786082400000,1.6158100366592407,1.616320013999939,1.6152399778366089,1.6156799793243408,0,2026-08-07 06:00:00+00:00
1786086000000,1.6157100200653076,1.6159000396728516,1.6146800518035889,1.6157699823379517,0,2026-08-07 07:00:00+00:00
1786089600000,1.615779995918274,1.6161600351333618,1.6151599884033203,1.6158599853515625,0,2026-08-07 08:00:00+00:00
1786093200000,1.6158100366592407,1.616070032119751,1.6149100065231323,1.6157599687576294,0,2026-08-07 09:00:00+00:00
1786096800000,1.6157599687576294,1.616379976272583,1.6154799461364746,1.6161500215530396,0,2026-08-07 10:00:00+00:00
1786100400000,1.6161199808120728,1.6162300109863281,1.6151800155639648,1.6158299446105957,0,2026-08-07 11:00:00+00:00
1786104000000,1.6158599853515625,1.617709994316101,1.6131500005722046,1.614050030708313,0,2026-08-07 12:00:00+00:00
1786107600000,1.614050030708313,1.6144499778747559,1.611780047416687,1.6121100187301636,0,2026-08-07 13:00:00+00:00
1786111200000,1.6121100187301636,1.6122100353240967,1.609779953956604,1.6107800006866455,0,2026-08-07 14:00:00+00:00
1786114800000,1.6107300519943237,1.6111400127410889,1.6093699932098389,1.6104700565338135,0,2026-08-07 15:00:00+00:00
1786118400000,1.6104899644851685,1.6115000247955322,1.6102499961853027,1.610640048980713,0,2026-08-07 16:00:00+00:00
1786122000000,1.6106200218200684,1.6114200353622437,1.6100499629974365,1.6112099885940552,0,2026-08-07 17:00:00+00:00
1786125600000,1.6112099885940552,1.6117899417877197,1.6106200218200684,1.6116399765014648,0,2026-08-07 18:00:00+00:00
1786129200000,1.611680030822754,1.6127899885177612,1.6113899946212769,1.6118600368499756,0,2026-08-07 19:00:00+00:00
1786132800000,1.6118899583816528,1.612630009651184,1.6100000143051147,1.611109972000122,0,2026-08-07 20:00:00+00:00
1786136400000,1.6109299659729004,1.6109299659729004,1.6105799674987793,1.6105799674987793,0,2026-08-07 21:00:00+00:00
1786316400000,1.6113100051879883,1.612239956855774,1.6109999418258667,1.6121599674224854,0,2026-08-09 23:00:00+00:00
1786320000000,1.6121599674224854,1.6124399900436401,1.6114399433135986,1.6122100353240967,0,2026-08-10 00:00:00+00:00
1786323600000,1.6122000217437744,1.6125500202178955,1.6113300323486328,1.611899971961975,0,2026-08-10 01:00:00+00:00
1786327200000,1.611930012702942,1.6123000383377075,1.6115000247955322,1.6120799779891968,0,2026-08-10 02:00:00+00:00
1786330800000,1.6120699644088745,1.6127500534057617,1.611430048942566,1.6123900413513184,0,2026-08-10 03:00:00+00:00
1786334400000,1.6123700141906738,1.6127899885177612,1.6119600534439087,1.6125799417495728,0,2026-08-10 04:00:00+00:00
1786338000000,1.6125400066375732,1.6129399538040161,1.6120599508285522,1.6126400232315063,0,2026-08-10 05:00:00+00:00
1786341600000,1.6126500368118286,1.6128000020980835,1.6117199659347534,1.6123000383377075,0,2026-08-10 06:00:00+00:00
1786345200000,1.6123000383377075,1.6125999689102173,1.6113100051879883,1.6117600202560425,0,2026-08-10 07:00:00+00:00
1786348800000,1.6117600202560425,1.6119799613952637,1.6108700037002563,1.6115299463272095,0,2026-08-10 08:00:00+00:00
1786352400000,1.6115299463272095,1.6119099855422974,1.6109999418258667,1.6112899780273438,0,2026-08-10 09:00:00+00:00
1786356000000,1.6112899780273438,1.611649990081787,1.6101800203323364,1.6106899976730347,0,2026-08-10 10:00:00+00:00
1786359600000,1.610700011253357,1.61080002784729,1.6095499992370605,1.6102800369262695,0,2026-08-10 11:00:00+00:00
1786363200000,1.6102999448776245,1.611109972000122,1.6099400520324707,1.610509991645813,0,2026-08-10 12:00:00+00:00
1786366800000,1.6104799509048462,1.6120100021362305,1.6101399660110474,1.610509991645813,0,2026-08-10 13:00:00+00:00
1786370400000,1.6105300188064575,1.6110700368881226,1.6099599599838257,1.610550045967102,0,2026-08-10 14:00:00+00:00
1786374000000,1.6105400323867798,1.6107800006866455,1.608199954032898,1.6088900566101074,0,2026-08-10 15:00:00+00:00
1786377600000,1.6088500022888184,1.6094399690628052,1.6079599857330322,1.6088199615478516,0,2026-08-10 16:00:00+00:00
1786381200000,1.6088199615478516,1.6098999977111816,1.6084400415420532,1.6096099615097046,0,2026-08-10 17:00:00+00:00
1786384800000,1.6095600128173828,1.6097099781036377,1.6084599494934082,1.6091200113296509,0,2026-08-10 18:00:00+00:00
1786388400000,1.6091200113296509,1.6092000007629395,1.6081299781799316,1.6086900234222412,0,2026-08-10 19:00:00+00:00
1786392000000,1.6086900234222412,1.60903000831604,1.608049988746643,1.6084699630737305,0,2026-08-10 20:00:00+00:00
1786395600000,1.6084599494934082,1.6089600324630737,1.607509970664978,1.6086699962615967,0,2026-08-10 21:00:00+00:00
1786399200000,1.6083699464797974,1.6090799570083618,1.608240008354187,1.6087599992752075,0,2026-08-10 22:00:00+00:00
1786402800000,1.6087900400161743,1.608970046043396,1.6082600355148315,1.6087000370025635,0,2026-08-10 23:00:00+00:00
1786406400000,1.6087000370025635,1.6089600324630737,1.6078599691390991,1.6085599660873413,0,2026-08-11 00:00:00+00:00
1786410000000,1.6085599660873413,1.6088500022888184,1.6080199480056763,1.608530044555664,0,2026-08-11 01:00:00+00:00
1786413600000,1.608530044555664,1.6086100339889526,1.6075400114059448,1.6079800128936768,0,2026-08-11 02:00:00+00:00
1786417200000,1.60794997215271,1.608299970626831,1.6071900129318237,1.60794997215271,0,2026-08-11 03:00:00+00:00
1786420800000,1.60794997215271,1.608299970626831,1.6072900295257568,1.6078699827194214,0,2026-08-11 04:00:00+00:00
1786424400000,1.607890009880066,1.6079100370407104,1.606760025024414,1.6073600053787231,0,2026-08-11 05:00:00+00:00
1786428000000,1.60739004611969,1.6077799797058105,1.6063300371170044,1.60725998878479,0,2026-08-11 06:00:00+00:00
1786431600000,1.6072700023651123,1.6082899570465088,1.6068700551986694,1.60794997215271,0,2026-08-11 07:00:00+00:00
1786435200000,1.6079399585723877,1.6082700490951538,1.6069999933242798,1.6073499917984009,0,2026-08-11 08:00:00+00:00
1786438800000,1.6073399782180786,1.6074999570846558,1.6065399646759033,1.6073100566864014,0,2026-08-11 09:00:00+00:00
1786442400000,1.6072900295257568,1.6076099872589111,1.606469988822937,1.6071900129318237,0,2026-08-11 10:00:00+00:00
1786446000000,1.6071799993515015,1.6083600521087646,1.6069200038909912,1.6079699993133545,0,2026-08-11 11:00:00+00:00
1786449600000,1.6079699993133545,1.6084100008010864,1.607100009918213,1.6080800294876099,0,2026-08-11 12:00:00+00:00
1786453200000,1.6080600023269653,1.6094000339508057,1.607800006866455,1.6088199615478516,0,2026-08-11 13:00:00+00:00
1786456800000,1.6088199615478516,1.6089199781417847,1.6068899631500244,1.6074299812316895,0,2026-08-11 14:00:00+00:00
1786460400000,1.6073800325393677,1.60794997215271,1.6064000129699707,1.607159972190857,0,2026-08-11 15:00:00+00:00
1786464000000,1.6071900129318237,1.60725998878479,1.6055099964141846,1.605780005455017,0,2026-08-11 16:00:00+00:00
1786467600000,1.6057699918746948,1.6064000129699707,1.6049599647521973,1.6062400341033936,0,2026-08-11 17:00:00+00:00
1786471200000,1.6062099933624268,1.6063599586486816,1.6054799556732178,1.606279969215393,0,2026-08-11 18:00:00+00:00
1786474800000,1.6062699556350708,1.6072299480438232,1.6059499979019165,1.6072100400924683,0,2026-08-11 19:00:00+00:00
1786478400000,1.6071900129318237,1.6073999404907227,1.606029987335205,1.6068400144577026,0,2026-08-11 20:00:00+00:00
1786482000000,1.6065800189971924,1.6069600582122803,1.6060199737548828,1.606510043144226,0,2026-08-11 21:00:00+00:00
1786485600000,1.6066999435424805,1.6071300506591797,1.6060400009155273,1.606660008430481,0,2026-08-11 22:00:00+00:00
1786489200000,1.6066399812698364,1.606969952583313,1.606160044670105,1.6068099737167358,0,2026-08-11 23:00:00+00:00
1786492800000,1.6067999601364136,1.6069200038909912,1.6060700416564941,1.6066900491714478,0,2026-08-12 00:00:00+00:00
1786496400000,1.6066900491714478,1.6071300506591797,1.6061899662017822,1.607010006904602,0,2026-08-12 01:00:00+00:00
1786500000000,1.607010006904602,1.607200026512146,1.6063599586486816,1.6068999767303467,0,2026-08-12 02:00:00+00:00
1786503600000,1.6068899631500244,1.6068999767303467,1.6060999631881714,1.6065800189971924,0,2026-08-12 03:00:00+00:00
1786507200000,1.6065599918365479,1.6069999933242798,1.6060099601745605,1.6068700551986694,0,2026-08-12 04:00:00+00:00
1786510800000,1.6068600416183472,1.6069400310516357,1.606220006942749,1.6065700054168701,0,2026-08-12 05:00:00+00:00
1786514400000,1.6066299676895142,1.6071100234985352,1.6061099767684937,1.6069799661636353,0,2026-08-12 06:00:00+00:00
1786518000000,1.6069600582122803,1.6077100038528442,1.6065399646759033,1.6069999933242798,0,2026-08-12 07:00:00+00:00
1786521600000,1.6070300340652466,1.6074999570846558,1.6065900325775146,1.6071499586105347,0,2026-08-12 08:00:00+00:00
1786525200000,1.6071399450302124,1.6086599826812744,1.6067999601364136,1.6075799465179443,0,2026-08-12 09:00:00+00:00
1786528800000,1.6075199842453003,1.6076799631118774,1.606600046157837,1.6070899963378906,0,2026-08-12 10:00:00+00:00
1786532400000,1.607069969177246,1.6082500219345093,1.6067700386047363,1.6075199842453003,0,2026-08-12 11:00:00+00:00
1786536000000,1.6075199842453003,1.6087599992752075,1.6060700416564941,1.607990026473999,0,2026-08-12 12:00:00+00:00
1786539600000,1.6080000400543213,1.6084799766540527,1.6062300205230713,1.607300043106079,0,2026-08-12 13:00:00+00:00
1786543200000,1.607319951057434,1.6073999404907227,1.606220006942749,1.6070200204849243,0,2026-08-12 14:00:00+00:00
1786546800000,1.6070400476455688,1.607069969177246,1.6057499647140503,1.606279969215393,0,2026-08-12 15:00:00+00:00
1786550400000,1.6062599420547485,1.6071300506591797,1.6058100461959839,1.6070599555969238,0,2026-08-12 16:00:00+00:00
1786554000000,1.6070499420166016,1.607699990272522,1.60617995262146,1.6065599918365479,0,2026-08-12 17:00:00+00:00
1786557600000,1.6065499782562256,1.6067299842834473,1.6059000492095947,1.6066499948501587,0,2026-08-12 18:00:00+00:00
1786561200000,1.6066499948501587,1.6068999767303467,1.6057900190353394,1.60617995262146,0,2026-08-12 19:00:00+00:00
1786564800000,1.60617995262146,1.6067700386047363,1.6054999828338623,1.6066299676895142,0,2026-08-12 20:00:00+00:00
1786568400000,1.6058000326156616,1.6073399782180786,1.6052700281143188,1.6059000492095947,0,2026-08-12 21:00:00+00:00
1786572000000,1.6058900356292725,1.6066700220108032,1.6051000356674194,1.606529951095581,0,2026-08-12 22:00:00+00:00
1786575600000,1.6065399646759033,1.6068999767303467,1.606220006942749,1.606819987297058,0,2026-08-12 23:00:00+00:00
1786579200000,1.6067999601364136,1.6070799827575684,1.6064300537109375,1.6067999601364136,0,2026-08-13 00:00:00+00:00
1786582800000,1.6067999601364136,1.607409954071045,1.6064900159835815,1.606950044631958,0,2026-08-13 01:00:00+00:00
1786586400000,1.6068999767303467,1.607100009918213,1.6064300537109375,1.606760025024414,0,2026-08-13 02:00:00+00:00
1786590000000,1.6067700386047363,1.6071300506591797,1.6064200401306152,1.606950044631958,0,2026-08-13 03:00:00+00:00
1786593600000,1.606950044631958,1.607200026512146,1.6063300371170044,1.6070899963378906,0,2026-08-13 04:00:00+00:00
1786597200000,1.607100009918213,1.60725998878479,1.606510043144226,1.6069899797439575,0,2026-08-13 05:00:00+00:00
1786600800000,1.6069799661636353,1.6071399450302124,1.6061899662017822,1.6069999933242798,0,2026-08-13 06:00:00+00:00
1786604400000,1.6070599555969238,1.6081700325012207,1.6065700054168701,1.6078599691390991,0,2026-08-13 07:00:00+00:00
1786608000000,1.6079000234603882,1.6083400249481201,1.607319951057434,1.6077899932861328,0,2026-08-13 08:00:00+00:00
1786611600000,1.6078200340270996,1.6082299947738647,1.6070599555969238,1.6075199842453003,0,2026-08-13 09:00:00+00:00
1786615200000,1.6075199842453003,1.608139991760254,1.6071300506591797,1.6079299449920654,0,2026-08-13 10:00:00+00:00
1786618800000,1.6079299449920654,1.6083500385284424,1.6075899600982666,1.6082199811935425,0,2026-08-13 11:00:00+00:00
1786622400000,1.6082299947738647,1.6087000370025635,1.606660008430481,1.607990026473999,0,2026-08-13 12:00:00+00:00
1786626000000,1.6079800128936768,1.6091599464416504,1.607010006904602,1.6090600490570068,0,2026-08-13 13:00:00+00:00
1786629600000,1.6091099977493286,1.6095399856567383,1.6083500385284424,1.609429955482483,0,2026-08-13 14:00:00+00:00
1786633200000,1.6094499826431274,1.6094599962234497,1.606600046157837,1.6067899465560913,0,2026-08-13 15:00:00+00:00
1786636800000,1.6067999601364136,1.6070499420166016,1.6054199934005737,1.6060099601745605,0,2026-08-13 16:00:00+00:00
1786640400000,1.6060199737548828,1.6064499616622925,1.6055099964141846,1.6063300371170044,0,2026-08-13 17:00:00+00:00
1786644000000,1.6063100099563599,1.6068600416183472,1.6061400175094604,1.6063799858093262,0,2026-08-13 18:00:00+00:00
1786647600000,1.6063899993896484,1.6064900159835815,1.605239987373352,1.6055200099945068,0,2026-08-13 19:00:00+00:00
1786651200000,1.605530023574829,1.6061700582504272,1.6050299406051636,1.605299949645996,0,2026-08-13 20:00:00+00:00
1786654800000,1.605299949645996,1.6062300205230713,1.6049799919128418,1.6059800386428833,0,2026-08-13 21:00:00+00:00
1786658400000,1.6058599948883057,1.6063599586486816,1.6047999858856201,1.6061400175094604,0,2026-08-13 22:00:00+00:00
1786662000000,1.6061400175094604,1.606510043144226,1.6055500507354736,1.6062500476837158,0,2026-08-13 23:00:00+00:00
1786665600000,1.6062300205230713,1.6063400506973267,1.605530023574829,1.606220006942749,0,2026-08-14 00:00:00+00:00
1786669200000,1.6062099933624268,1.6067299842834473,1.6058000326156616,1.6064800024032593,0,2026-08-14 01:00:00+00:00
1786672800000,1.6064800024032593,1.606719970703125,1.6056300401687622,1.6059999465942383,0,2026-08-14 02:00:00+00:00
1786676400000,1.606029987335205,1.6063899993896484,1.6054600477218628,1.605929970741272,0,2026-08-14 03:00:00+00:00
1786680000000,1.605929970741272,1.6062300205230713,1.6055599451065063,1.6059999465942383,0,2026-08-14 04:00:00+00:00
1786683600000,1.6059499979019165,1.6060400009155273,1.6051100492477417,1.6055699586868286,0,2026-08-14 05:00:00+00:00
1786687200000,1.6055799722671509,1.6057300567626953,1.6043100357055664,1.6049200296401978,0,2026-08-14 06:00:00+00:00
1786690800000,1.6049100160598755,1.6050599813461304,1.6036700010299683,1.6042399406433105,0,2026-08-14 07:00:00+00:00
1786694400000,1.604259967803955,1.6053999662399292,1.6038899421691895,1.6051900386810303,0,2026-08-14 08:00:00+00:00
1786698000000,1.6052299737930298,1.6052600145339966,1.6040300130844116,1.6047300100326538,0,2026-08-14 09:00:00+00:00
1786701600000,1.6047600507736206,1.6048799753189087,1.603950023651123,1.6047899723052979,0,2026-08-14 10:00:00+00:00
1786705200000,1.6047899723052979,1.6062300205230713,1.6039299964904785,1.6054500341415405,0,2026-08-14 11:00:00+00:00
1786708800000,1.6054500341415405,1.6059099435806274,1.6040799617767334,1.6054099798202515,0,2026-08-14 12:00:00+00:00
1786712400000,1.6053800582885742,1.606510043144226,1.6043200492858887,1.6059000492095947,0,2026-08-14 13:00:00+00:00
1786716000000,1.6059800386428833,1.6072499752044678,1.605239987373352,1.6071799993515015,0,2026-08-14 14:00:00+00:00
1786719600000,1.6071799993515015,1.607509970664978,1.6057699918746948,1.6064599752426147,0,2026-08-14 15:00:00+00:00
1786723200000,1.6064800024032593,1.6066700220108032,1.6046600341796875,1.6051199436187744,0,2026-08-14 16:00:00+00:00
1786726800000,1.605139970779419,1.605299949645996,1.6040899753570557,1.6048599481582642,0,2026-08-14 17:00:00+00:00
1786730400000,1.604830026626587,1.60493004322052,1.6040899753570557,1.6047699451446533,0,2026-08-14 18:00:00+00:00
1786734000000,1.6047699451446533,1.6052600145339966,1.6043000221252441,1.6051700115203857,0,2026-08-14 19:00:00+00:00
1786737600000,1.6051700115203857,1.605299949645996,1.604200005531311,1.6047999858856201,0,2026-08-14 20:00:00+00:00
1786741200000,1.604200005531311,1.6049000024795532,1.604200005531311,1.6049000024795532,0,2026-08-14 21:00:00+00:00
1786921200000,1.6053600311279297,1.6055999994277954,1.6049200296401978,1.605389952659607,0,2026-08-16 23:00:00+00:00
1786924800000,1.6053999662399292,1.605720043182373,1.6049699783325195,1.6057100296020508,0,2026-08-17 00:00:00+00:00
1786928400000,1.6056699752807617,1.6063100099563599,1.6051000356674194,1.6061099767684937,0,2026-08-17 01:00:00+00:00
1786932000000,1.6061099767684937,1.6061700582504272,1.6054199934005737,1.6057900190353394,0,2026-08-17 02:00:00+00:00
1786935600000,1.6058299541473389,1.6060800552368164,1.6051199436187744,1.6059499979019165,0,2026-08-17 03:00:00+00:00
1786939200000,1.605970025062561,1.6062500476837158,1.6053199768066406,1.6060099601745605,0,2026-08-17 04:00:00+00:00
1786942800000,1.6060099601745605,1.6062899827957153,1.6054400205612183,1.6061899662017822,0,2026-08-17 05:00:00+00:00
1786946400000,1.6061899662017822,1.6072100400924683,1.6055899858474731,1.6068400144577026,0,2026-08-17 06:00:00+00:00
1786950000000,1.6068400144577026,1.6085100173950195,1.6062599420547485,1.608240008354187,0,2026-08-17 07:00:00+00:00
1786953600000,1.6082099676132202,1.6088199615478516,1.6066900491714478,1.6072700023651123,0,2026-08-17 08:00:00+00:00
1786957200000,1.6072399616241455,1.6075299978256226,1.6061999797821045,1.6068799495697021,0,2026-08-17 09:00:00+00:00
1786960800000,1.6068799495697021,1.6072299480438232,1.605720043182373,1.6064200401306152,0,2026-08-17 10:00:00+00:00
1786964400000,1.6063899993896484,1.6071499586105347,1.6057100296020508,1.6068300008773804,0,2026-08-17 11:00:00+00:00
1786968000000,1.6067700386047363,1.606969952583313,1.6048500537872314,1.6063200235366821,0,2026-08-17 12:00:00+00:00
1786971600000,1.6062999963760376,1.6072299480438232,1.6052500009536743,1.605970025062561,0,2026-08-17 13:00:00+00:00
1786975200000,1.606029987335205,1.6068099737167358,1.6048099994659424,1.6067299842834473,0,2026-08-17 14:00:00+00:00
1786978800000,1.6067299842834473,1.60725998878479,1.6057699918746948,1.6072499752044678,0,2026-08-17 15:00:00+00:00
1786982400000,1.6072299480438232,1.6076699495315552,1.6064599752426147,1.6071200370788574,0,2026-08-17 16:00:00+00:00
1786986000000,1.607100009918213,1.6074600219726562,1.6053400039672852,1.6057000160217285,0,2026-08-17 17:00:00+00:00
1786989600000,1.6057000160217285,1.6057699918746948,1.6050900220870972,1.605720043182373,0,2026-08-17 18:00:00+00:00
1786993200000,1.6057300567626953,1.6063400506973267,1.6054600477218628,1.6062699556350708,0,2026-08-17 19:00:00+00:00
1786996800000,1.6062699556350708,1.6066900491714478,1.6055999994277954,1.6062099933624268,0,2026-08-17 20:00:00+00:00
1787000400000,1.6058399677276611,1.6066999435424805,1.6048099994659424,1.6060899496078491,0,2026-08-17 21:00:00+00:00
1787004000000,1.606279969215393,1.6065200567245483,1.6055899858474731,1.6060999631881714,0,2026-08-17 22:00:00+00:00
1787007600000,1.6060700416564941,1.606600046157837,1.60562002658844,1.6064499616622925,0,2026-08-17 23:00:00+00:00
1787011200000,1.6064499616622925,1.606529951095581,1.6057499647140503,1.6063899993896484,0,2026-08-18 00:00:00+00:00
1787014800000,1.6063899993896484,1.6068799495697021,1.6057000160217285,1.6060999631881714,0,2026-08-18 01:00:00+00:00
1787018400000,1.6060999631881714,1.6061999797821045,1.604949951171875,1.60562002658844,0,2026-08-18 02:00:00+00:00
1787022000000,1.60562002658844,1.6056599617004395,1.604699969291687,1.605389952659607,0,2026-08-18 03:00:00+00:00
1787025600000,1.605389952659607,1.6058599948883057,1.604740023612976,1.6055500507354736,0,2026-08-18 04:00:00+00:00
1787029200000,1.6055699586868286,1.6058100461959839,1.6048799753189087,1.6057100296020508,0,2026-08-18 05:00:00+00:00
1787032800000,1.605720043182373,1.6058299541473389,1.6041200160980225,1.6052299737930298,0,2026-08-18 06:00:00+00:00
1787036400000,1.6052199602127075,1.605430006980896,1.6041200160980225,1.6046700477600098,0,2026-08-18 07:00:00+00:00
1787040000000,1.6046600341796875,1.605329990386963,1.604099988937378,1.605180025100708,0,2026-08-18 08:00:00+00:00
1787043600000,1.6052099466323853,1.60562002658844,1.604349970817566,1.6055500507354736,0,2026-08-18 09:00:00+00:00
1787047200000,1.6055500507354736,1.6058399677276611,1.6048799753189087,1.605780005455017,0,2026-08-18 10:00:00+00:00
1787050800000,1.605780005455017,1.6061999797821045,1.6052900552749634,1.6061099767684937,0,2026-08-18 11:00:00+00:00
1787054400000,1.6061099767684937,1.6063400506973267,1.6049000024795532,1.6057599782943726,0,2026-08-18 12:00:00+00:00
1787058000000,1.6057499647140503,1.607409954071045,1.604949951171875,1.6065599918365479,0,2026-08-18 13:00:00+00:00
1787061600000,1.6065599918365479,1.6085699796676636,1.6062699556350708,1.608049988746643,0,2026-08-18 14:00:00+00:00
1787065200000,1.6080399751663208,1.6086900234222412,1.6073999404907227,1.6083099842071533,0,2026-08-18 15:00:00+00:00
1787068800000,1.6083199977874756,1.6094199419021606,1.6080399751663208,1.6091300249099731,0,2026-08-18 16:00:00+00:00
1787072400000,1.6090999841690063,1.6095000505447388,1.6083500385284424,1.609429955482483,0,2026-08-18 17:00:00+00:00
1787076000000,1.6094499826431274,1.6100599765777588,1.608989953994751,1.6095900535583496,0,2026-08-18 18:00:00+00:00
1787079600000,1.6095900535583496,1.6097300052642822,1.6081299781799316,1.6086499691009521,0,2026-08-18 19:00:00+00:00
1787083200000,1.6086900234222412,1.6087700128555298,1.6077500581741333,1.6082600355148315,0,2026-08-18 20:00:00+00:00
1787086800000,1.6076799631118774,1.6086699962615967,1.606819987297058,1.6077899932861328,0,2026-08-18 21:00:00+00:00
1787090400000,1.6077699661254883,1.608839988708496,1.607319951057434,1.6087599992752075,0,2026-08-18 22:00:00+00:00
1787094000000,1.6087499856948853,1.608970046043396,1.6082899570465088,1.608839988708496,0,2026-08-18 23:00:00+00:00
1787097600000,1.608839988708496,1.609339952468872,1.6082700490951538,1.6089799404144287,0,2026-08-19 00:00:00+00:00
1787101200000,1.6089500188827515,1.609429955482483,1.6084100008010864,1.608970046043396,0,2026-08-19 01:00:00+00:00
1787104800000,1.608970046043396,1.609089970588684,1.6067999601364136,1.6073100566864014,0,2026-08-19 02:00:00+00:00
1787108400000,1.6072800159454346,1.607800006866455,1.6067999601364136,1.6077200174331665,0,2026-08-19 03:00:00+00:00
1787112000000,1.6077200174331665,1.608240008354187,1.6069600582122803,1.6080800294876099,0,2026-08-19 04:00:00+00:00
1787115600000,1.6080800294876099,1.6086900234222412,1.6075999736785889,1.6084500551223755,0,2026-08-19 05:00:00+00:00
1787119200000,1.6084200143814087,1.6095600128173828,1.6079800128936768,1.6091400384902954,0,2026-08-19 06:00:00+00:00
1787122800000,1.6091300249099731,1.6092000007629395,1.6080900430679321,1.6088999509811401,0,2026-08-19 07:00:00+00:00
1787126400000,1.608929991722107,1.6103899478912354,1.6084699630737305,1.609429955482483,0,2026-08-19 08:00:00+00:00
1787130000000,1.609429955482483,1.609969973564148,1.6086399555206299,1.609879970550537,0,2026-08-19 09:00:00+00:00
1787133600000,1.609879970550537,1.6100499629974365,1.6091699600219727,1.6097500324249268,0,2026-08-19 10:00:00+00:00
1787137200000,1.6097400188446045,1.6103500127792358,1.6090099811553955,1.6096400022506714,0,2026-08-19 11:00:00+00:00
1787140800000,1.6096400022506714,1.6135900020599365,1.6091300249099731,1.6126500368118286,0,2026-08-19 12:00:00+00:00
1787144400000,1.6126400232315063,1.6129800081253052,1.6107200384140015,1.6109999418258667,0,2026-08-19 13:00:00+00:00
1787148000000,1.6110299825668335,1.6125199794769287,1.6099799871444702,1.6110399961471558,0,2026-08-19 14:00:00+00:00
1787151600000,1.6110600233078003,1.6126699447631836,1.6104199886322021,1.612030029296875,0,2026-08-19 15:00:00+00:00
1787155200000,1.6120100021362305,1.6122599840164185,1.6111299991607666,1.6115599870681763,0,2026-08-19 16:00:00+00:00
1787158800000,1.6116299629211426,1.6121699810028076,1.610700011253357,1.6115800142288208,0,2026-08-19 17:00:00+00:00
1787162400000,1.611649990081787,1.6123199462890625,1.6108100414276123,1.6120599508285522,0,2026-08-19 18:00:00+00:00
1787166000000,1.6120500564575195,1.6130199432373047,1.61135995388031,1.6126099824905396,0,2026-08-19 19:00:00+00:00
1787169600000,1.6126500368118286,1.6128000020980835,1.6115100383758545,1.6119600534439087,0,2026-08-19 20:00:00+00:00
1787173200000,1.6122000217437744,1.6122299432754517,1.6104300022125244,1.6117000579833984,0,2026-08-19 21:00:00+00:00
1787176800000,1.6114200353622437,1.6125099658966064,1.6114200353622437,1.6118899583816528,0,2026-08-19 22:00:00+00:00
1787180400000,1.6118700504302979,1.6120599508285522,1.6113200187683105,1.6120500564575195,0,2026-08-19 23:00:00+00:00
1787184000000,1.6120200157165527,1.6122699975967407,1.6113500595092773,1.6119500398635864,0,2026-08-20 00:00:00+00:00
1787187600000,1.611930012702942,1.6122100353240967,1.6111199855804443,1.6113500595092773,0,2026-08-20 01:00:00+00:00
1787191200000,1.611299991607666,1.6121400594711304,1.6110899448394775,1.6118299961090088,0,2026-08-20 02:00:00+00:00
1787194800000,1.6118199825286865,1.6120799779891968,1.6108800172805786,1.6113799810409546,0,2026-08-20 03:00:00+00:00
1787198400000,1.6113799810409546,1.6115000247955322,1.6105999946594238,1.6109299659729004,0,2026-08-20 04:00:00+00:00
1787202000000,1.6109100580215454,1.6111199855804443,1.6101399660110474,1.6107100248336792,0,2026-08-20 05:00:00+00:00
1787205600000,1.6107100248336792,1.6116299629211426,1.6103399991989136,1.6115800142288208,0,2026-08-20 06:00:00+00:00
1787209200000,1.6115299463272095,1.6116000413894653,1.6096199750900269,1.6110899448394775,0,2026-08-20 07:00:00+00:00
1787212800000,1.6110899448394775,1.6111600399017334,1.6095900535583496,1.6106599569320679,0,2026-08-20 08:00:00+00:00
1787216400000,1.6106899976730347,1.6116900444030762,1.6104999780654907,1.6111199855804443,0,2026-08-20 09:00:00+00:00
1787220000000,1.6111400127410889,1.6113100051879883,1.6097300052642822,1.6102299690246582,0,2026-08-20 10:00:00+00:00
1787223600000,1.6102099418640137,1.6102499961853027,1.6081899404525757,1.6086100339889526,0,2026-08-20 11:00:00+00:00
1787227200000,1.6086100339889526,1.6107499599456787,1.6079399585723877,1.6102399826049805,0,2026-08-20 12:00:00+00:00
1787230800000,1.6102399826049805,1.6105799674987793,1.6086900234222412,1.6089600324630737,0,2026-08-20 13:00:00+00:00
1787234400000,1.6088900566101074,1.6102900505065918,1.6084400415420532,1.6098899841308594,0,2026-08-20 14:00:00+00:00
1787238000000,1.6098500490188599,1.610450029373169,1.6086299419403076,1.6093300580978394,0,2026-08-20 15:00:00+00:00
1787241600000,1.609339952468872,1.609760046005249,1.608870029449463,1.6096400022506714,0,2026-08-20 16:00:00+00:00
1787245200000,1.6096700429916382,1.6098999977111816,1.608839988708496,1.6093900203704834,0,2026-08-20 17:00:00+00:00
1787248800000,1.6094000339508057,1.6098699569702148,1.609089970588684,1.6098599433898926,0,2026-08-20 18:00:00+00:00
1787252400000,1.6098599433898926,1.6106899976730347,1.6095600128173828,1.6106799840927124,0,2026-08-20 19:00:00+00:00
1787256000000,1.6106499433517456,1.6107399463653564,1.6095000505447388,1.609879970550537,0,2026-08-20 20:00:00+00:00
1787259600000,1.6097099781036377,1.6100499629974365,1.6088900566101074,1.609529972076416,0,2026-08-20 21:00:00+00:00
1787263200000,1.6095999479293823,1.6104600429534912,1.6094000339508057,1.6102800369262695,0,2026-08-20 22:00:00+00:00
1787266800000,1.6102700233459473,1.6106899976730347,1.6097999811172485,1.610610008239746,0,2026-08-20 23:00:00+00:00
1787270400000,1.6106200218200684,1.6106699705123901,1.6092100143432617,1.6095800399780273,0,2026-08-21 00:00:00+00:00
1787274000000,1.6095900535583496,1.610450029373169,1.609339952468872,1.609879970550537,0,2026-08-21 01:00:00+00:00
1787277600000,1.609879970550537,1.6103399991989136,1.6093699932098389,1.6096999645233154,0,2026-08-21 02:00:00+00:00
1787281200000,1.6097099781036377,1.6098300218582153,1.6089400053024292,1.6095800399780273,0,2026-08-21 03:00:00+00:00
1787284800000,1.6095800399780273,1.6096400022506714,1.608870029449463,1.609570026397705,0,2026-08-21 04:00:00+00:00
1787288400000,1.6095800399780273,1.6096700429916382,1.6088199615478516,1.6095099449157715,0,2026-08-21 05:00:00+00:00
1787292000000,1.6095000505447388,1.6096899509429932,1.6088500022888184,1.6095199584960938,0,2026-08-21 06:00:00+00:00
1787295600000,1.609570026397705,1.6101100444793701,1.6079100370407104,1.6083699464797974,0,2026-08-21 07:00:00+00:00
1787299200000,1.6083799600601196,1.609279990196228,1.6077899932861328,1.6089500188827515,0,2026-08-21 08:00:00+00:00
1787302800000,1.6089600324630737,1.6096099615097046,1.6082500219345093,1.6086000204086304,0,2026-08-21 09:00:00+00:00
1787306400000,1.6086000204086304,1.6086900234222412,1.6074299812316895,1.6079000234603882,0,2026-08-21 10:00:00+00:00
1787310000000,1.6078799962997437,1.6087599992752075,1.6064399480819702,1.6073299646377563,0,2026-08-21 11:00:00+00:00
1787313600000,1.6073299646377563,1.6074299812316895,1.6060800552368164,1.6068400144577026,0,2026-08-21 12:00:00+00:00
1787317200000,1.6068300008773804,1.6069600582122803,1.6051100492477417,1.6062999963760376,0,2026-08-21 13:00:00+00:00
1787320800000,1.6062999963760376,1.6081600189208984,1.6058800220489502,1.6075999736785889,0,2026-08-21 14:00:00+00:00
1787324400000,1.6076300144195557,1.6086399555206299,1.6070300340652466,1.608180046081543,0,2026-08-21 15:00:00+00:00
1787328000000,1.6081600189208984,1.6086499691009521,1.607550024986267,1.6079200506210327,0,2026-08-21 16:00:00+00:00
1787331600000,1.6079299449920654,1.6079599857330322,1.606529951095581,1.6073299646377563,0,2026-08-21 17:00:00+00:00
1787335200000,1.607319951057434,1.6079399585723877,1.6068700551986694,1.6075899600982666,0,2026-08-21 18:00:00+00:00
1787338800000,1.6076300144195557,1.6080000400543213,1.6068899631500244,1.6079399585723877,0,2026-08-21 19:00:00+00:00
1787342400000,1.6079200506210327,1.6080100536346436,1.6062999963760376,1.6066800355911255,0,2026-08-21 20:00:00+00:00
1787346000000,1.6069999933242798,1.6073600053787231,1.6069999933242798,1.6072399616241455,0,2026-08-21 21:00:00+00:00
1787526000000,1.6104099750518799,1.6112500429153442,1.6097999811172485,1.6111700534820557,0,2026-08-23 23:00:00+00:00
1787529600000,1.6111600399017334,1.611649990081787,1.6100499629974365,1.610990047454834,0,2026-08-24 00:00:00+00:00
1787533200000,1.6109600067138672,1.6115200519561768,1.6103899478912354,1.611199975013733,0,2026-08-24 01:00:00+00:00
1787536800000,1.611199975013733,1.6115700006484985,1.610509991645813,1.6110999584197998,0,2026-08-24 02:00:00+00:00
1787540400000,1.611109972000122,1.611199975013733,1.610200047492981,1.6107200384140015,0,2026-08-24 03:00:00+00:00
1787544000000,1.6107100248336792,1.6115299463272095,1.6099900007247925,1.6114699840545654,0,2026-08-24 04:00:00+00:00
1787547600000,1.6115200519561768,1.6116000413894653,1.6106699705123901,1.611549973487854,0,2026-08-24 05:00:00+00:00
1787551200000,1.611549973487854,1.6140799522399902,1.6114100217819214,1.6137700080871582,0,2026-08-24 06:00:00+00:00
1787554800000,1.6137800216674805,1.614609956741333,1.6133099794387817,1.6142300367355347,0,2026-08-24 07:00:00+00:00
1787558400000,1.6142499446868896,1.6147899627685547,1.6132999658584595,1.6143499612808228,0,2026-08-24 08:00:00+00:00
1787562000000,1.6143800020217896,1.614590048789978,1.6127899885177612,1.6134300231933594,0,2026-08-24 09:00:00+00:00
1787565600000,1.6134400367736816,1.614359974861145,1.6128499507904053,1.6142300367355347,0,2026-08-24 10:00:00+00:00
1787569200000,1.614240050315857,1.6154299974441528,1.6138299703598022,1.6152499914169312,0,2026-08-24 11:00:00+00:00
1787572800000,1.6152600049972534,1.6157000064849854,1.613860011100769,1.6143900156021118,0,2026-08-24 12:00:00+00:00
1787576400000,1.6143800020217896,1.6144599914550781,1.6127899885177612,1.6128699779510498,0,2026-08-24 13:00:00+00:00
1787580000000,1.6128699779510498,1.6147799491882324,1.6126099824905396,1.6143900156021118,0,2026-08-24 14:00:00+00:00
1787583600000,1.6143800020217896,1.6149100065231323,1.6134400367736816,1.6144100427627563,0,2026-08-24 15:00:00+00:00
1787587200000,1.6144299507141113,1.6152900457382202,1.6139800548553467,1.6152299642562866,0,2026-08-24 16:00:00+00:00
1787590800000,1.6152299642562866,1.6156500577926636,1.6147799491882324,1.6155200004577637,0,2026-08-24 17:00:00+00:00
1787594400000,1.615530014038086,1.6158100366592407,1.6148300170898438,1.615339994430542,0,2026-08-24 18:00:00+00:00
1787598000000,1.615339994430542,1.6154099702835083,1.6141400337219238,1.6144499778747559,0,2026-08-24 19:00:00+00:00
1787601600000,1.6144399642944336,1.6151000261306763,1.614009976387024,1.6143900156021118,0,2026-08-24 20:00:00+00:00
1787605200000,1.6144800186157227,1.614590048789978,1.6126699447631836,1.6142899990081787,0,2026-08-24 21:00:00+00:00
1787608800000,1.6141300201416016,1.6152299642562866,1.613510012626648,1.614650011062622,0,2026-08-24 22:00:00+00:00
1787612400000,1.614609956741333,1.6150000095367432,1.6140799522399902,1.614840030670166,0,2026-08-24 23:00:00+00:00
1787616000000,1.614840030670166,1.6156599521636963,1.6145700216293335,1.6154899597167969,0,2026-08-25 00:00:00+00:00
1787619600000,1.6154799461364746,1.6157000064849854,1.6147199869155884,1.6155799627304077,0,2026-08-25 01:00:00+00:00
1787623200000,1.6155600547790527,1.615630030632019,1.6146399974822998,1.6150200366973877,0,2026-08-25 02:00:00+00:00
1787626800000,1.6150200366973877,1.6153099536895752,1.6145700216293335,1.6152700185775757,0,2026-08-25 03:00:00+00:00
1787630400000,1.6152600049972534,1.615440011024475,1.6145299673080444,1.6153000593185425,0,2026-08-25 04:00:00+00:00
1787634000000,1.6153099536895752,1.615470051765442,1.6145399808883667,1.6150799989700317,0,2026-08-25 05:00:00+00:00
1787637600000,1.6150699853897095,1.6156699657440186,1.6146999597549438,1.6155500411987305,0,2026-08-25 06:00:00+00:00
1787641200000,1.6155699491500854,1.616510033607483,1.6151100397109985,1.6156799793243408,0,2026-08-25 07:00:00+00:00
1787644800000,1.6156500577926636,1.6171200275421143,1.6154199838638306,1.6170300245285034,0,2026-08-25 08:00:00+00:00
1787648400000,1.6170300245285034,1.6173499822616577,1.6160800457000732,1.616420030593872,0,2026-08-25 09:00:00+00:00
1787652000000,1.6164300441741943,1.616760015487671,1.6155099868774414,1.6161600351333618,0,2026-08-25 10:00:00+00:00
1787655600000,1.6161600351333618,1.6161999702453613,1.6148699522018433,1.6159600019454956,0,2026-08-25 11:00:00+00:00
1787659200000,1.6159600019454956,1.6167999505996704,1.6153700351715088,1.6158000230789185,0,2026-08-25 12:00:00+00:00
1787662800000,1.615820050239563,1.6163400411605835,1.6147899627685547,1.6148099899291992,0,2026-08-25 13:00:00+00:00
1787666400000,1.6148099899291992,1.6149200201034546,1.6132999658584595,1.6143399477005005,0,2026-08-25 14:00:00+00:00
1787670000000,1.6143699884414673,1.6156400442123413,1.6139800548553467,1.6147899627685547,0,2026-08-25 15:00:00+00:00
1787673600000,1.6147899627685547,1.6152399778366089,1.614050030708313,1.6151100397109985,0,2026-08-25 16:00:00+00:00
1787677200000,1.61503005027771,1.6151399612426758,1.6139999628067017,1.61489999294281,0,2026-08-25 17:00:00+00:00
1787680800000,1.6148699522018433,1.6148899793624878,1.6139600276947021,1.614359974861145,0,2026-08-25 18:00:00+00:00
1787684400000,1.6143499612808228,1.6148099899291992,1.6131900548934937,1.6146899461746216,0,2026-08-25 19:00:00+00:00
1787688000000,1.6146899461746216,1.6164799928665161,1.6142799854278564,1.615339994430542,0,2026-08-25 20:00:00+00:00
1787691600000,1.6144800186157227,1.6158000230789185,1.614009976387024,1.6147099733352661,0,2026-08-25 21:00:00+00:00
1787695200000,1.6147099733352661,1.6156200170516968,1.614590048789978,1.6152499914169312,0,2026-08-25 22:00:00+00:00
1787698800000,1.6152399778366089,1.615399956703186,1.614590048789978,1.6152399778366089,0,2026-08-25 23:00:00+00:00
1787702400000,1.6152499914169312,1.6160000562667847,1.6147700548171997,1.615630030632019,0,2026-08-26 00:00:00+00:00
1787706000000,1.615630030632019,1.616260051727295,1.6149300336837769,1.6156400442123413,0,2026-08-26 01:00:00+00:00
1787709600000,1.6156400442123413,1.6166399717330933,1.6152399778366089,1.616420030593872,0,2026-08-26 02:00:00+00:00
1787713200000,1.6164100170135498,1.616919994354248,1.6157399415969849,1.6165200471878052,0,2026-08-26 03:00:00+00:00
1787716800000,1.6165399551391602,1.6168400049209595,1.6158699989318848,1.6167999505996704,0,2026-08-26 04:00:00+00:00
1787720400000,1.6167900562286377,1.6171000003814697,1.6161600351333618,1.6167199611663818,0,2026-08-26 05:00:00+00:00
1787724000000,1.6167199611663818,1.6172699928283691,1.6156200170516968,1.617210030555725,0,2026-08-26 06:00:00+00:00
1787727600000,1.6172200441360474,1.6179200410842896,1.6167800426483154,1.6178499460220337,0,2026-08-26 07:00:00+00:00
1787731200000,1.6178499460220337,1.6186000108718872,1.6173100471496582,1.6182199716567993,0,2026-08-26 08:00:00+00:00
1787734800000,1.6182199716567993,1.6182399988174438,1.6169899702072144,1.6176199913024902,0,2026-08-26 09:00:00+00:00
1787738400000,1.617609977722168,1.617799997329712,1.6166900396347046,1.6172499656677246,0,2026-08-26 10:00:00+00:00
1787742000000,1.6172499656677246,1.618190050125122,1.616919994354248,1.6174499988555908,0,2026-08-26 11:00:00+00:00
1787745600000,1.6174999475479126,1.6180100440979004,1.6162699460983276,1.6167999505996704,0,2026-08-26 12:00:00+00:00
1787749200000,1.6167900562286377,1.6175600290298462,1.6155999898910522,1.6160600185394287,0,2026-08-26 13:00:00+00:00
1787752800000,1.6160500049591064,1.6178300380706787,1.615339994430542,1.617550015449524,0,2026-08-26 14:00:00+00:00
1787756400000,1.617550015449524,1.6180800199508667,1.616260051727295,1.6166399717330933,0,2026-08-26 15:00:00+00:00
1787760000000,1.616610050201416,1.6168700456619263,1.6157100200653076,1.6165599822998047,0,2026-08-26 16:00:00+00:00
1787763600000,1.6165800094604492,1.6168700456619263,1.6158100366592407,1.6166599988937378,0,2026-08-26 17:00:00+00:00
1787767200000,1.6166599988937378,1.6170400381088257,1.615839958190918,1.6169099807739258,0,2026-08-26 18:00:00+00:00
1787770800000,1.6168700456619263,1.6171900033950806,1.6163500547409058,1.617050051689148,0,2026-08-26 19:00:00+00:00
1787774400000,1.6170200109481812,1.6173100471496582,1.6162500381469727,1.6164000034332275,0,2026-08-26 20:00:00+00:00
1787778000000,1.6162300109863281,1.6168700456619263,1.6153600215911865,1.616420030593872,0,2026-08-26 21:00:00+00:00
1787781600000,1.6164300441741943,1.6170799732208252,1.6162199974060059,1.6168700456619263,0,2026-08-26 22:00:00+00:00
1787785200000,1.6169099807739258,1.6172800064086914,1.6164900064468384,1.6169099807739258,0,2026-08-26 23:00:00+00:00
1787788800000,1.6169899702072144,1.6176600456237793,1.6165900230407715,1.6168899536132812,0,2026-08-27 00:00:00+00:00
1787792400000,1.6169099807739258,1.617859959602356,1.6167099475860596,1.6177699565887451,0,2026-08-27 01:00:00+00:00
1787796000000,1.6177300214767456,1.6178699731826782,1.6172000169754028,1.617840051651001,0,2026-08-27 02:00:00+00:00
1787799600000,1.6178300380706787,1.6180000305175781,1.6172499656677246,1.617840051651001,0,2026-08-27 03:00:00+00:00
1787803200000,1.617840051651001,1.6181199550628662,1.617400050163269,1.6177799701690674,0,2026-08-27 04:00:00+00:00
1787806800000,1.6177899837493896,1.6180599927902222,1.6173800230026245,1.617900013923645,0,2026-08-27 05:00:00+00:00
1787810400000,1.6179200410842896,1.6182199716567993,1.6173900365829468,1.618149995803833,0,2026-08-27 06:00:00+00:00
1787814000000,1.6181700229644775,1.6185100078582764,1.6174099445343018,1.6178300380706787,0,2026-08-27 07:00:00+00:00
1787817600000,1.6178300380706787,1.6180000305175781,1.616510033607483,1.6167000532150269,0,2026-08-27 08:00:00+00:00
1787821200000,1.6167000532150269,1.6167399883270264,1.6157699823379517,1.6160099506378174,0,2026-08-27 09:00:00+00:00
1787824800000,1.6160099506378174,1.6164799928665161,1.615440011024475,1.616029977798462,0,2026-08-27 10:00:00+00:00
1787828400000,1.616029977798462,1.6161099672317505,1.6140600442886353,1.614590048789978,0,2026-08-27 11:00:00+00:00
1787832000000,1.6146199703216553,1.6154199838638306,1.6138999462127686,1.6146700382232666,0,2026-08-27 12:00:00+00:00
1787835600000,1.6146700382232666,1.6156200170516968,1.6141899824142456,1.6151599884033203,0,2026-08-27 13:00:00+00:00
1787839200000,1.6151399612426758,1.6155200004577637,1.6136800050735474,1.6138900518417358,0,2026-08-27 14:00:00+00:00
1787842800000,1.6138399839401245,1.6151000261306763,1.613669991493225,1.6143699884414673,0,2026-08-27 15:00:00+00:00
1787846400000,1.6143699884414673,1.6147300004959106,1.6138900518417358,1.6143499612808228,0,2026-08-27 16:00:00+00:00
1787850000000,1.6143399477005005,1.6146600246429443,1.6135900020599365,1.6138299703598022,0,2026-08-27 17:00:00+00:00
1787853600000,1.6138700246810913,1.614240050315857,1.6131600141525269,1.6140400171279907,0,2026-08-27 18:00:00+00:00
1787857200000,1.6140600442886353,1.6142499446868896,1.613379955291748,1.6136399507522583,0,2026-08-27 19:00:00+00:00
1787860800000,1.613669991493225,1.6144299507141113,1.613360047340393,1.6139400005340576,0,2026-08-27 20:00:00+00:00
1787864400000,1.61381995677948,1.6145999431610107,1.6128000020980835,1.6136200428009033,0,2026-08-27 21:00:00+00:00
1787868000000,1.613319993019104,1.6143900156021118,1.613319993019104,1.6139800548553467,0,2026-08-27 22:00:00+00:00
1787871600000,1.6139800548553467,1.614240050315857,1.6135499477386475,1.6140700578689575,0,2026-08-27 23:00:00+00:00
1787875200000,1.614050030708313,1.6141400337219238,1.6131900548934937,1.6137399673461914,0,2026-08-28 00:00:00+00:00
1787878800000,1.6137200593948364,1.6143100261688232,1.6132899522781372,1.6138900518417358,0,2026-08-28 01:00:00+00:00
1787882400000,1.6138900518417358,1.614009976387024,1.6127500534057617,1.613379955291748,0,2026-08-28 02:00:00+00:00
1787886000000,1.6133699417114258,1.6134999990463257,1.612630009651184,1.6130000352859497,0,2026-08-28 03:00:00+00:00
1787889600000,1.6130399703979492,1.6131700277328491,1.6123700141906738,1.6131199598312378,0,2026-08-28 04:00:00+00:00
1787893200000,1.613070011138916,1.6131900548934937,1.6123299598693848,1.6128300428390503,0,2026-08-28 05:00:00+00:00
1787896800000,1.6128699779510498,1.6133699417114258,1.6119799613952637,1.613029956817627,0,2026-08-28 06:00:00+00:00
1787900400000,1.6130399703979492,1.6135400533676147,1.6124099493026733,1.6133400201797485,0,2026-08-28 07:00:00+00:00
1787904000000,1.6132899522781372,1.613800048828125,1.6127300262451172,1.6132500171661377,0,2026-08-28 08:00:00+00:00
1787907600000,1.6132500171661377,1.6134400367736816,1.6124800443649292,1.612969994544983,0,2026-08-28 09:00:00+00:00
1787911200000,1.612969994544983,1.6132099628448486,1.6118600368499756,1.6127400398254395,0,2026-08-28 10:00:00+00:00
1787914800000,1.6127099990844727,1.6132899522781372,1.6121400594711304,1.6128900051116943,0,2026-08-28 11:00:00+00:00
1787918400000,1.6128900051116943,1.6138700246810913,1.6118899583816528,1.6136599779129028,0,2026-08-28 12:00:00+00:00
1787922000000,1.6137100458145142,1.6137900352478027,1.6119400262832642,1.6129300594329834,0,2026-08-28 13:00:00+00:00
1787925600000,1.6128100156784058,1.6140600442886353,1.6107399463653564,1.6125600337982178,0,2026-08-28 14:00:00+00:00
1787929200000,1.612529993057251,1.6130399703979492,1.6112300157546997,1.6116199493408203,0,2026-08-28 15:00:00+00:00
1787932800000,1.6116199493408203,1.6118799448013306,1.6101399660110474,1.6106899976730347,0,2026-08-28 16:00:00+00:00
1787936400000,1.6106899976730347,1.6108900308609009,1.6095900535583496,1.6102900505065918,0,2026-08-28 17:00:00+00:00
1787940000000,1.6102999448776245,1.6106599569320679,1.6097500324249268,1.6103700399398804,0,2026-08-28 18:00:00+00:00
1787943600000,1.610360026359558,1.6108299493789673,1.6098300218582153,1.6106599569320679,0,2026-08-28 19:00:00+00:00
1787947200000,1.6106599569320679,1.6110800504684448,1.609470009803772,1.6100000143051147,0,2026-08-28 20:00:00+00:00
1787950800000,1.6103399991989136,1.6103399991989136,1.6103399991989136,1.6103399991989136,0,2026-08-28 21:00:00+00:00
1787954400000,1.610129952430725,1.610129952430725,1.610129952430725,1.610129952430725,0,2026-08-28 22:00:00+00:00
1788130800000,1.610569953918457,1.61080002784729,1.6099400520324707,1.6107100248336792,0,2026-08-30 23:00:00+00:00
1788134400000,1.6107100248336792,1.611240029335022,1.6104400157928467,1.6110700368881226,0,2026-08-31 00:00:00+00:00
1788138000000,1.6110800504684448,1.6113100051879883,1.609660029411316,1.6099900007247925,0,2026-08-31 01:00:00+00:00
1788141600000,1.610010027885437,1.6102099418640137,1.6094499826431274,1.6101499795913696,0,2026-08-31 02:00:00+00:00
1788145200000,1.6101800203323364,1.610219955444336,1.6095000505447388,1.6100200414657593,0,2026-08-31 03:00:00+00:00
1788148800000,1.6099900007247925,1.6101100444793701,1.609320044517517,1.6098599433898926,0,2026-08-31 04:00:00+00:00
1788152400000,1.6098599433898926,1.6103999614715576,1.6094900369644165,1.6102299690246582,0,2026-08-31 05:00:00+00:00
1788156000000,1.6102299690246582,1.6104700565338135,1.6095499992370605,1.6104199886322021,0,2026-08-31 06:00:00+00:00
1788159600000,1.6103899478912354,1.6121000051498413,1.6097999811172485,1.6117899417877197,0,2026-08-31 07:00:00+00:00
1788163200000,1.6117600202560425,1.6122100353240967,1.6110199689865112,1.611299991607666,0,2026-08-31 08:00:00+00:00
1788166800000,1.6112899780273438,1.6119400262832642,1.610610008239746,1.6112200021743774,0,2026-08-31 09:00:00+00:00
1788170400000,1.611199975013733,1.6113799810409546,1.6103800535202026,1.6113300323486328,0,2026-08-31 10:00:00+00:00
1788174000000,1.611340045928955,1.6115100383758545,1.6099499464035034,1.6103500127792358,0,2026-08-31 11:00:00+00:00
1788177600000,1.6102700233459473,1.610640048980713,1.6088999509811401,1.6093699932098389,0,2026-08-31 12:00:00+00:00
1788181200000,1.6093699932098389,1.6100599765777588,1.6085000038146973,1.6095000505447388,0,2026-08-31 13:00:00+00:00
1788184800000,1.6095000505447388,1.6104999780654907,1.6082899570465088,1.610010027885437,0,2026-08-31 14:00:00+00:00
1788188400000,1.6100499629974365,1.6107699871063232,1.609660029411316,1.6101499795913696,0,2026-08-31 15:00:00+00:00
1788192000000,1.6101499795913696,1.6102700233459473,1.6093100309371948,1.6099300384521484,0,2026-08-31 16:00:00+00:00
1788195600000,1.6099300384521484,1.6101200580596924,1.6087700128555298,1.6093800067901611,0,2026-08-31 17:00:00+00:00
1788199200000,1.609410047531128,1.6096999645233154,1.6087000370025635,1.609320044517517,0,2026-08-31 18:00:00+00:00
1788202800000,1.6092900037765503,1.609910011291504,1.6089099645614624,1.609879970550537,0,2026-08-31 19:00:00+00:00
1788206400000,1.6098500490188599,1.6099400520324707,1.6086599826812744,1.6091500520706177,0,2026-08-31 20:00:00+00:00
1788210000000,1.6091599464416504,1.6097899675369263,1.6085799932479858,1.609410047531128,0,2026-08-31 21:00:00+00:00
1788213600000,1.609410047531128,1.6098400354385376,1.6085699796676636,1.609089970588684,0,2026-08-31 22:00:00+00:00
1788217200000,1.609089970588684,1.609410047531128,1.6086100339889526,1.6092699766159058,0,2026-08-31 23:00:00+00:00
1788220800000,1.6092900037765503,1.6096999645233154,1.6084200143814087,1.6094900369644165,0,2026-09-01 00:00:00+00:00
1788224400000,1.6094900369644165,1.6098300218582153,1.608780026435852,1.6092100143432617,0,2026-09-01 01:00:00+00:00
1788228000000,1.6092100143432617,1.609429955482483,1.6086499691009521,1.6093000173568726,0,2026-09-01 02:00:00+00:00
1788231600000,1.609320044517517,1.6094199419021606,1.6087299585342407,1.609339952468872,0,2026-09-01 03:00:00+00:00
1788235200000,1.609339952468872,1.609470009803772,1.6087100505828857,1.6092000007629395,0,2026-09-01 04:00:00+00:00
1788238800000,1.6092000007629395,1.609660029411316,1.6086100339889526,1.6095900535583496,0,2026-09-01 05:00:00+00:00
1788242400000,1.609529972076416,1.6095900535583496,1.6082899570465088,1.6091599464416504,0,2026-09-01 06:00:00+00:00
1788246000000,1.6091400384902954,1.609179973602295,1.6078100204467773,1.6084500551223755,0,2026-09-01 07:00:00+00:00
1788249600000,1.6084200143814087,1.6085699796676636,1.6071900129318237,1.6079699993133545,0,2026-09-01 08:00:00+00:00
1788253200000,1.6079800128936768,1.608549952507019,1.6073600053787231,1.6077699661254883,0,2026-09-01 09:00:00+00:00
1788256800000,1.607759952545166,1.6085100173950195,1.60739004611969,1.608109951019287,0,2026-09-01 10:00:00+00:00
1788260400000,1.6081000566482544,1.6093900203704834,1.6075700521469116,1.6090199947357178,0,2026-09-01 11:00:00+00:00
1788264000000,1.6090199947357178,1.6096299886703491,1.6084200143814087,1.6093900203704834,0,2026-09-01 12:00:00+00:00
1788267600000,1.6093900203704834,1.6115000247955322,1.608590006828308,1.6109299659729004,0,2026-09-01 13:00:00+00:00
1788271200000,1.6106300354003906,1.612239956855774,1.6104400157928467,1.6121799945831299,0,2026-09-01 14:00:00+00:00
1788274800000,1.6121699810028076,1.6124399900436401,1.6104799509048462,1.6116299629211426,0,2026-09-01 15:00:00+00:00
1788278400000,1.6116399765014648,1.6117899417877197,1.6099200248718262,1.6108499765396118,0,2026-09-01 16:00:00+00:00
1788282000000,1.6108499765396118,1.6118799448013306,1.6104199886322021,1.6111500263214111,0,2026-09-01 17:00:00+00:00
1788285600000,1.6111500263214111,1.6115200519561768,1.6098099946975708,1.6102099418640137,0,2026-09-01 18:00:00+00:00
1788289200000,1.6102099418640137,1.6107300519943237,1.6098400354385376,1.6104600429534912,0,2026-09-01 19:00:00+00:00
1788292800000,1.6104899644851685,1.611009955406189,1.6096199750900269,1.6104899644851685,0,2026-09-01 20:00:00+00:00
1788296400000,1.6106200218200684,1.611340045928955,1.6090400218963623,1.6110899448394775,0,2026-09-01 21:00:00+00:00
1788300000000,1.6111600399017334,1.6113200187683105,1.6101000308990479,1.6106899976730347,0,2026-09-01 22:00:00+00:00
1788303600000,1.6106799840927124,1.6108399629592896,1.6100200414657593,1.6104799509048462,0,2026-09-01 23:00:00+00:00
1788307200000,1.6104999780654907,1.6108399629592896,1.6095099449157715,1.6098400354385376,0,2026-09-02 00:00:00+00:00
1788310800000,1.6098400354385376,1.6102099418640137,1.6088000535964966,1.6095999479293823,0,2026-09-02 01:00:00+00:00
1788314400000,1.609570026397705,1.6108399629592896,1.6092499494552612,1.6108100414276123,0,2026-09-02 02:00:00+00:00
1788318000000,1.6108100414276123,1.6113300323486328,1.6102299690246582,1.6113200187683105,0,2026-09-02 03:00:00+00:00
1788321600000,1.6112799644470215,1.6115000247955322,1.6107200384140015,1.6114200353622437,0,2026-09-02 04:00:00+00:00
1788325200000,1.611430048942566,1.6115299463272095,1.6106200218200684,1.6111799478530884,0,2026-09-02 05:00:00+00:00
1788328800000,1.6111500263214111,1.6115000247955322,1.6100300550460815,1.6105200052261353,0,2026-09-02 06:00:00+00:00
1788332400000,1.6104799509048462,1.6124299764633179,1.610260009765625,1.6122499704360962,0,2026-09-02 07:00:00+00:00
1788336000000,1.6122499704360962,1.6136399507522583,1.611840009689331,1.6127599477767944,0,2026-09-02 08:00:00+00:00
1788339600000,1.6127599477767944,1.6132800579071045,1.6122299432754517,1.612589955329895,0,2026-09-02 09:00:00+00:00
1788343200000,1.612589955329895,1.6130599975585938,1.6113200187683105,1.6119699478149414,0,2026-09-02 10:00:00+00:00
1788346800000,1.6120100021362305,1.6126199960708618,1.6112799644470215,1.6122000217437744,0,2026-09-02 11:00:00+00:00
1788350400000,1.6122599840164185,1.6124199628829956,1.610610008239746,1.6111600399017334,0,2026-09-02 12:00:00+00:00
1788354000000,1.6112099885940552,1.6136399507522583,1.6085200309753418,1.6092100143432617,0,2026-09-02 13:00:00+00:00
1788357600000,1.609179973602295,1.6092900037765503,1.6050399541854858,1.6053999662399292,0,2026-09-02 14:00:00+00:00
1788361200000,1.6054099798202515,1.6060600280761719,1.6039199829101562,1.6055400371551514,0,2026-09-02 15:00:00+00:00
1788364800000,1.605530023574829,1.6062099933624268,1.6038800477981567,1.6043100357055664,0,2026-09-02 16:00:00+00:00
1788368400000,1.6042900085449219,1.6045000553131104,1.603369951248169,1.603909969329834,0,2026-09-02 17:00:00+00:00
1788372000000,1.6038899421691895,1.6039999723434448,1.6026400327682495,1.6035000085830688,0,2026-09-02 18:00:00+00:00
1788375600000,1.6035000085830688,1.6035300493240356,1.6024399995803833,1.603469967842102,0,2026-09-02 19:00:00+00:00
1788379200000,1.6034200191497803,1.6044399738311768,1.6030000448226929,1.6037100553512573,0,2026-09-02 20:00:00+00:00
1788382800000,1.6036299467086792,1.6039999723434448,1.6022800207138062,1.6034899950027466,0,2026-09-02 21:00:00+00:00
1788386400000,1.6036900281906128,1.6043299436569214,1.603350043296814,1.603790044784546,0,2026-09-02 22:00:00+00:00
1788390000000,1.603790044784546,1.6038700342178345,1.6032400131225586,1.603700041770935,0,2026-09-02 23:00:00+00:00
1788393600000,1.603700041770935,1.6037299633026123,1.6027499437332153,1.6035399436950684,0,2026-09-03 00:00:00+00:00
1788397200000,1.6035300493240356,1.6038000583648682,1.6025400161743164,1.6028499603271484,0,2026-09-03 01:00:00+00:00
1788400800000,1.6028499603271484,1.603309988975525,1.602620005607605,1.6030199527740479,0,2026-09-03 02:00:00+00:00
1788404400000,1.6030000448226929,1.6038000583648682,1.6028599739074707,1.6035000085830688,0,2026-09-03 03:00:00+00:00
1788408000000,1.6034799814224243,1.60385000705719,1.6031399965286255,1.603559970855713,0,2026-09-03 04:00:00+00:00
1788411600000,1.6035499572753906,1.6045600175857544,1.6032099723815918,1.6045000553131104,0,2026-09-03 05:00:00+00:00
1788415200000,1.6045000553131104,1.6048200130462646,1.6036499738693237,1.6045299768447876,0,2026-09-03 06:00:00+00:00
1788418800000,1.6045399904251099,1.605389952659607,1.6028300523757935,1.6030900478363037,0,2026-09-03 07:00:00+00:00
1788422400000,1.6030900478363037,1.6034899950027466,1.601930022239685,1.6025300025939941,0,2026-09-03 08:00:00+00:00
1788426000000,1.602489948272705,1.6029399633407593,1.6016900539398193,1.6022499799728394,0,2026-09-03 09:00:00+00:00
1788429600000,1.6022599935531616,1.602579951286316,1.6012799739837646,1.601539969444275,0,2026-09-03 10:00:00+00:00
1788433200000,1.601539969444275,1.6023800373077393,1.6011500358581543,1.6013799905776978,0,2026-09-03 11:00:00+00:00
1788436800000,1.6013799905776978,1.6039999723434448,1.601140022277832,1.6031399965286255,0,2026-09-03 12:00:00+00:00
1788440400000,1.6031399965286255,1.6042399406433105,1.6026099920272827,1.604200005531311,0,2026-09-03 13:00:00+00:00
1788444000000,1.6040199995040894,1.6041899919509888,1.6016299724578857,1.601830005645752,0,2026-09-03 14:00:00+00:00
1788447600000,1.601889967918396,1.6026599407196045,1.6007000207901,1.6016600131988525,0,2026-09-03 15:00:00+00:00
1788451200000,1.6016600131988525,1.602679967880249,1.6011799573898315,1.6022100448608398,0,2026-09-03 16:00:00+00:00
1788454800000,1.6022100448608398,1.603600025177002,1.6020699739456177,1.6033300161361694,0,2026-09-03 17:00:00+00:00
1788458400000,1.6033200025558472,1.6040199995040894,1.6030299663543701,1.603909969329834,0,2026-09-03 18:00:00+00:00
1788462000000,1.6039199829101562,1.604099988937378,1.6029200553894043,1.6030299663543701,0,2026-09-03 19:00:00+00:00
1788465600000,1.6029900312423706,1.6035399436950684,1.6021499633789062,1.6032299995422363,0,2026-09-03 20:00:00+00:00
1788469200000,1.6032299995422363,1.6036299467086792,1.6016199588775635,1.6033200025558472,0,2026-09-03 21:00:00+00:00
1788472800000,1.603350043296814,1.6037499904632568,1.602679967880249,1.6030700206756592,0,2026-09-03 22:00:00+00:00
1788476400000,1.603060007095337,1.6035100221633911,1.6025300025939941,1.603410005569458,0,2026-09-03 23:00:00+00:00
1788480000000,1.603410005569458,1.6038999557495117,1.602929949760437,1.603410005569458,0,2026-09-04 00:00:00+00:00
1788483600000,1.603410005569458,1.6038800477981567,1.6028599739074707,1.6033899784088135,0,2026-09-04 01:00:00+00:00
1788487200000,1.6033899784088135,1.603659987449646,1.6028599739074707,1.6035000085830688,0,2026-09-04 02:00:00+00:00
1788490800000,1.6035399436950684,1.6036200523376465,1.6025199890136719,1.6030700206756592,0,2026-09-04 03:00:00+00:00
1788494400000,1.6030399799346924,1.6035200357437134,1.6023399829864502,1.6033999919891357,0,2026-09-04 04:00:00+00:00
1788498000000,1.603410005569458,1.6037100553512573,1.6028499603271484,1.6035000085830688,0,2026-09-04 05:00:00+00:00
1788501600000,1.6034400463104248,1.604140043258667,1.6029900312423706,1.6036100387573242,0,2026-09-04 06:00:00+00:00
1788505200000,1.6036100387573242,1.6044000387191772,1.6031800508499146,1.6043399572372437,0,2026-09-04 07:00:00+00:00
1788508800000,1.604349970817566,1.6047699451446533,1.6032600402832031,1.6043200492858887,0,2026-09-04 08:00:00+00:00
1788512400000,1.6043200492858887,1.6043299436569214,1.6030499935150146,1.6035900115966797,0,2026-09-04 09:00:00+00:00
1788516000000,1.6035900115966797,1.604599952697754,1.6030199527740479,1.6044399738311768,0,2026-09-04 10:00:00+00:00
1788519600000,1.6044299602508545,1.6048699617385864,1.6035100221633911,1.6038099527359009,0,2026-09-04 11:00:00+00:00
1788523200000,1.6038000583648682,1.6092000007629395,1.5999000072479248,1.6087299585342407,0,2026-09-04 12:00:00+00:00
1788526800000,1.6087700128555298,1.6094499826431274,1.6067800521850586,1.608620047569275,0,2026-09-04 13:00:00+00:00
1788530400000,1.6086599826812744,1.60971999168396,1.6073700189590454,1.6078399419784546,0,2026-09-04 14:00:00+00:00
1788534000000,1.6078499555587769,1.6086299419403076,1.6066800355911255,1.6073800325393677,0,2026-09-04 15:00:00+00:00
1788537600000,1.6073800325393677,1.6084200143814087,1.6070499420166016,1.6078699827194214,0,2026-09-04 16:00:00+00:00
1788541200000,1.6078699827194214,1.6079200506210327,1.6060700416564941,1.6070300340652466,0,2026-09-04 17:00:00+00:00
1788544800000,1.6070599555969238,1.6073299646377563,1.6059600114822388,1.6067899465560913,0,2026-09-04 18:00:00+00:00
1788548400000,1.6068099737167358,1.6068799495697021,1.6054600477218628,1.6064599752426147,0,2026-09-04 19:00:00+00:00
1788552000000,1.6064300537109375,1.6071300506591797,1.6058499813079834,1.6063400506973267,0,2026-09-04 20:00:00+00:00
1788555600000,1.6068999767303467,1.6068999767303467,1.6066499948501587,1.6068999767303467,0,2026-09-04 21:00:00+00:00
1788735600000,1.6065900325775146,1.6067099571228027,1.6059999465942383,1.6065800189971924,0,2026-09-06 23:00:00+00:00
1788739200000,1.6066299676895142,1.6073600053787231,1.6062300205230713,1.6068600416183472,0,2026-09-07 00:00:00+00:00
1788742800000,1.606850028038025,1.6068999767303467,1.6060199737548828,1.606819987297058,0,2026-09-07 01:00:00+00:00
1788746400000,1.6067999601364136,1.6068700551986694,1.6060400009155273,1.6066099405288696,0,2026-09-07 02:00:00+00:00
1788750000000,1.6066099405288696,1.6068099737167358,1.6059900522232056,1.606529951095581,0,2026-09-07 03:00:00+00:00
1788753600000,1.606529951095581,1.6065900325775146,1.605780005455017,1.6063400506973267,0,2026-09-07 04:00:00+00:00
1788757200000,1.6063400506973267,1.6064800024032593,1.6057300567626953,1.6062500476837158,0,2026-09-07 05:00:00+00:00
1788760800000,1.6062099933624268,1.6069799661636353,1.605720043182373,1.6066999435424805,0,2026-09-07 06:00:00+00:00
1788764400000,1.6066999435424805,1.607509970664978,1.6062400341033936,1.6074299812316895,0,2026-09-07 07:00:00+00:00
1788768000000,1.6074199676513672,1.6081700325012207,1.60617995262146,1.6065800189971924,0,2026-09-07 08:00:00+00:00
1788771600000,1.6065599918365479,1.6070599555969238,1.6059099435806274,1.6063100099563599,0,2026-09-07 09:00:00+00:00
1788775200000,1.6063100099563599,1.6065700054168701,1.6056499481201172,1.606119990348816,0,2026-09-07 10:00:00+00:00
1788778800000,1.6061300039291382,1.606619954109192,1.6054699420928955,1.6063499450683594,0,2026-09-07 11:00:00+00:00
1788782400000,1.6063499450683594,1.606600046157837,1.6050900220870972,1.6055799722671509,0,2026-09-07 12:00:00+00:00
1788786000000,1.6056400537490845,1.6064000129699707,1.6050699949264526,1.6057599782943726,0,2026-09-07 13:00:00+00:00
1788789600000,1.6058000326156616,1.6061400175094604,1.6049200296401978,1.6058399677276611,0,2026-09-07 14:00:00+00:00
1788793200000,1.6058599948883057,1.606119990348816,1.6049799919128418,1.6058399677276611,0,2026-09-07 15:00:00+00:00
1788796800000,1.6058900356292725,1.6060999631881714,1.6052500009536743,1.6058299541473389,0,2026-09-07 16:00:00+00:00
1788800400000,1.6058299541473389,1.6058499813079834,1.6051599979400635,1.6056699752807617,0,2026-09-07 17:00:00+00:00
1788804000000,1.6056699752807617,1.6058199405670166,1.6049200296401978,1.605679988861084,0,2026-09-07 18:00:00+00:00
1788807600000,1.605679988861084,1.6059000492095947,1.6051700115203857,1.6055899858474731,0,2026-09-07 19:00:00+00:00
1788811200000,1.6055899858474731,1.6056499481201172,1.6047500371932983,1.6052199602127075,0,2026-09-07 20:00:00+00:00
1788814800000,1.604449987411499,1.6064800024032593,1.6041899919509888,1.605049967765808,0,2026-09-07 21:00:00+00:00
1788818400000,1.6050900220870972,1.6058100461959839,1.6049400568008423,1.6056499481201172,0,2026-09-07 22:00:00+00:00
1788822000000,1.6055699586868286,1.605739951133728,1.6046799421310425,1.6050599813461304,0,2026-09-07 23:00:00+00:00
1788825600000,1.6050599813461304,1.6054999828338623,1.6043699979782104,1.6052800416946411,0,2026-09-08 00:00:00+00:00
1788829200000,1.6052900552749634,1.6055500507354736,1.6046099662780762,1.6053999662399292,0,2026-09-08 01:00:00+00:00
1788832800000,1.6053999662399292,1.605720043182373,1.6045299768447876,1.6049799919128418,0,2026-09-08 02:00:00+00:00
1788836400000,1.6049799919128418,1.6051000356674194,1.604159951210022,1.604580044746399,0,2026-09-08 03:00:00+00:00
1788840000000,1.6045600175857544,1.6049000024795532,1.6038199663162231,1.6044800281524658,0,2026-09-08 04:00:00+00:00
1788843600000,1.6044600009918213,1.6045199632644653,1.6031399965286255,1.6040500402450562,0,2026-09-08 05:00:00+00:00
1788847200000,1.6039799451828003,1.6041500568389893,1.6019599437713623,1.6032299995422363,0,2026-09-08 06:00:00+00:00
1788850800000,1.6031899452209473,1.6032700538635254,1.6013100147247314,1.6019200086593628,0,2026-09-08 07:00:00+00:00
1788854400000,1.6019500494003296,1.6028000116348267,1.601199984550476,1.6024099588394165,0,2026-09-08 08:00:00+00:00
1788858000000,1.6023900508880615,1.6033200025558472,1.6019200086593628,1.602679967880249,0,2026-09-08 09:00:00+00:00
1788861600000,1.602679967880249,1.6038999557495117,1.6023199558258057,1.6037800312042236,0,2026-09-08 10:00:00+00:00
1788865200000,1.6037399768829346,1.60385000705719,1.6019999980926514,1.6028900146484375,0,2026-09-08 11:00:00+00:00
1788868800000,1.6028900146484375,1.6038600206375122,1.6018799543380737,1.6022299528121948,0,2026-09-08 12:00:00+00:00
1788872400000,1.6022299528121948,1.602489948272705,1.6012599468231201,1.60207998752594,0,2026-09-08 13:00:00+00:00
1788876000000,1.6021000146865845,1.6025999784469604,1.5997899770736694,1.602489948272705,0,2026-09-08 14:00:00+00:00
1788879600000,1.6025400161743164,1.6026300191879272,1.6010799407958984,1.6020499467849731,0,2026-09-08 15:00:00+00:00
1788883200000,1.6020300388336182,1.6028499603271484,1.6016900539398193,1.6025700569152832,0,2026-09-08 16:00:00+00:00
1788886800000,1.6025500297546387,1.6029599905014038,1.6019699573516846,1.6023600101470947,0,2026-09-08 17:00:00+00:00
1788890400000,1.6023600101470947,1.602560043334961,1.6014200448989868,1.602489948272705,0,2026-09-08 18:00:00+00:00
1788894000000,1.6024800539016724,1.6027400493621826,1.6015000343322754,1.601930022239685,0,2026-09-08 19:00:00+00:00
1788897600000,1.6019200086593628,1.6027799844741821,1.6007100343704224,1.6019099950790405,0,2026-09-08 20:00:00+00:00
1788901200000,1.6015499830245972,1.6027599573135376,1.6010500192642212,1.6023999452590942,0,2026-09-08 21:00:00+00:00
1788904800000,1.6024099588394165,1.6025099754333496,1.6017800569534302,1.602329969406128,0,2026-09-08 22:00:00+00:00
1788908400000,1.6023800373077393,1.602429986000061,1.6014100313186646,1.6017500162124634,0,2026-09-08 23:00:00+00:00
1788912000000,1.6017500162124634,1.6024999618530273,1.6015000343322754,1.6021900177001953,0,2026-09-09 00:00:00+00:00
1788915600000,1.6021900177001953,1.602620005607605,1.6018699407577515,1.6023800373077393,0,2026-09-09 01:00:00+00:00
1788919200000,1.602370023727417,1.6025999784469604,1.601789951324463,1.602220058441162,0,2026-09-09 02:00:00+00:00
1788922800000,1.6021900177001953,1.6022800207138062,1.6015000343322754,1.602020025253296,0,2026-09-09 03:00:00+00:00
1788926400000,1.602020025253296,1.6022000312805176,1.6015299558639526,1.60207998752594,0,2026-09-09 04:00:00+00:00
1788930000000,1.6020900011062622,1.6024999618530273,1.6016299724578857,1.6024099588394165,0,2026-09-09 05:00:00+00:00
1788933600000,1.6024099588394165,1.6034599542617798,1.6019099950790405,1.6025099754333496,0,2026-09-09 06:00:00+00:00
1788937200000,1.6025300025939941,1.6040699481964111,1.6023099422454834,1.6034899950027466,0,2026-09-09 07:00:00+00:00
1788940800000,1.6034899950027466,1.603700041770935,1.6021900177001953,1.6027799844741821,0,2026-09-09 08:00:00+00:00
1788944400000,1.6028200387954712,1.6029599905014038,1.60139000415802,1.601930022239685,0,2026-09-09 09:00:00+00:00
1788948000000,1.6019099950790405,1.6030000448226929,1.601539969444275,1.6028599739074707,0,2026-09-09 10:00:00+00:00
1788951600000,1.6028499603271484,1.6041100025177002,1.6022499799728394,1.6036100387573242,0,2026-09-09 11:00:00+00:00
1788955200000,1.603600025177002,1.604699969291687,1.6033799648284912,1.6045299768447876,0,2026-09-09 12:00:00+00:00
1788958800000,1.6045600175857544,1.6062300205230713,1.6043100357055664,1.6059900522232056,0,2026-09-09 13:00:00+00:00
1788962400000,1.6059900522232056,1.607200026512146,1.6054099798202515,1.6067399978637695,0,2026-09-09 14:00:00+00:00
1788966000000,1.606760025024414,1.6070599555969238,1.6046500205993652,1.6052099466323853,0,2026-09-09 15:00:00+00:00
1788969600000,1.6051900386810303,1.6065000295639038,1.6047300100326538,1.6063799858093262,0,2026-09-09 16:00:00+00:00
1788973200000,1.6063799858093262,1.6067999601364136,1.605780005455017,1.6062500476837158,0,2026-09-09 17:00:00+00:00
1788976800000,1.6062500476837158,1.606469988822937,1.6049100160598755,1.6053999662399292,0,2026-09-09 18:00:00+00:00
1788980400000,1.605389952659607,1.606160044670105,1.6047500371932983,1.6060600280761719,0,2026-09-09 19:00:00+00:00
1788984000000,1.6059999465942383,1.6060999631881714,1.6047999858856201,1.605679988861084,0,2026-09-09 20:00:00+00:00
1788987600000,1.605080008506775,1.6064900159835815,1.6041200160980225,1.6048599481582642,0,2026-09-09 21:00:00+00:00
1788991200000,1.6052700281143188,1.6060700416564941,1.6050200462341309,1.605870008468628,0,2026-09-09 22:00:00+00:00
1788994800000,1.6058299541473389,1.6060400009155273,1.6052099466323853,1.6057699918746948,0,2026-09-09 23:00:00+00:00
1788998400000,1.6057699918746948,1.6060500144958496,1.605239987373352,1.6058199405670166,0,2026-09-10 00:00:00+00:00
1789002000000,1.605780005455017,1.6067500114440918,1.6055999994277954,1.6065700054168701,0,2026-09-10 01:00:00+00:00
1789005600000,1.6065800189971924,1.6067999601364136,1.6060500144958496,1.6066499948501587,0,2026-09-10 02:00:00+00:00
1789009200000,1.6066499948501587,1.6067500114440918,1.6060500144958496,1.6066800355911255,0,2026-09-10 03:00:00+00:00
1789012800000,1.6066800355911255,1.6067999601364136,1.6059000492095947,1.6066399812698364,0,2026-09-10 04:00:00+00:00
1789016400000,1.6066499948501587,1.6068999767303467,1.6061700582504272,1.6064000129699707,0,2026-09-10 05:00:00+00:00
1789020000000,1.6064000129699707,1.6071399450302124,1.60617995262146,1.6068700551986694,0,2026-09-10 06:00:00+00:00
1789023600000,1.606850028038025,1.60725998878479,1.606160044670105,1.6070499420166016,0,2026-09-10 07:00:00+00:00
1789027200000,1.6070499420166016,1.6071100234985352,1.6056699752807617,1.6063799858093262,0,2026-09-10 08:00:00+00:00
1789030800000,1.606369972229004,1.6067899465560913,1.6059099435806274,1.6064499616622925,0,2026-09-10 09:00:00+00:00
1789034400000,1.6064300537109375,1.6067099571228027,1.605430006980896,1.6063200235366821,0,2026-09-10 10:00:00+00:00
1789038000000,1.6062899827957153,1.606600046157837,1.6046799421310425,1.6048599481582642,0,2026-09-10 11:00:00+00:00
1789041600000,1.6048599481582642,1.6055400371551514,1.6028300523757935,1.6042300462722778,0,2026-09-10 12:00:00+00:00
1789045200000,1.6041799783706665,1.6053999662399292,1.6031299829483032,1.6044100522994995,0,2026-09-10 13:00:00+00:00
1789048800000,1.6044199466705322,1.6073499917984009,1.6042100191116333,1.6066700220108032,0,2026-09-10 14:00:00+00:00
1789052400000,1.6066700220108032,1.606969952583313,1.6050900220870972,1.6052299737930298,0,2026-09-10 15:00:00+00:00
1789056000000,1.6052500009536743,1.6056599617004395,1.6045600175857544,1.6052900552749634,0,2026-09-10 16:00:00+00:00
1789059600000,1.6052900552749634,1.6064000129699707,1.6048400402069092,1.6059000492095947,0,2026-09-10 17:00:00+00:00
1789063200000,1.6058800220489502,1.6063100099563599,1.6053800582885742,1.6058399677276611,0,2026-09-10 18:00:00+00:00
1789066800000,1.6058399677276611,1.6061099767684937,1.6052800416946411,1.6058900356292725,0,2026-09-10 19:00:00+00:00
1789070400000,1.6058800220489502,1.6061700582504272,1.604699969291687,1.6059099435806274,0,2026-09-10 20:00:00+00:00
1789074000000,1.6059800386428833,1.6063400506973267,1.6041200160980225,1.6048200130462646,0,2026-09-10 21:00:00+00:00
1789077600000,1.605329990386963,1.6062300205230713,1.6044299602508545,1.6060800552368164,0,2026-09-10 22:00:00+00:00
1789081200000,1.60617995262146,1.6064300537109375,1.6056100130081177,1.606279969215393,0,2026-09-10 23:00:00+00:00
1789084800000,1.606279969215393,1.6068999767303467,1.6059499979019165,1.6068300008773804,0,2026-09-11 00:00:00+00:00
1789088400000,1.606850028038025,1.6071300506591797,1.606119990348816,1.6066700220108032,0,2026-09-11 01:00:00+00:00
1789092000000,1.606660008430481,1.606760025024414,1.6057900190353394,1.6064800024032593,0,2026-09-11 02:00:00+00:00
1789095600000,1.6064800024032593,1.606619954109192,1.6053800582885742,1.6059499979019165,0,2026-09-11 03:00:00+00:00
1789099200000,1.605929970741272,1.6064399480819702,1.6054699420928955,1.6059999465942383,0,2026-09-11 04:00:00+00:00
1789102800000,1.6059999465942383,1.6069999933242798,1.6056499481201172,1.6063499450683594,0,2026-09-11 05:00:00+00:00
1789106400000,1.6063200235366821,1.6071399450302124,1.6059499979019165,1.6063799858093262,0,2026-09-11 06:00:00+00:00
1789110000000,1.606369972229004,1.6064900159835815,1.6051199436187744,1.6058100461959839,0,2026-09-11 07:00:00+00:00
1789113600000,1.6057900190353394,1.6065399646759033,1.605080008506775,1.6059800386428833,0,2026-09-11 08:00:00+00:00
1789117200000,1.6059999465942383,1.606220006942749,1.6053199768066406,1.6057599782943726,0,2026-09-11 09:00:00+00:00
1789120800000,1.6057599782943726,1.6066299676895142,1.605080008506775,1.6065700054168701,0,2026-09-11 10:00:00+00:00
1789124400000,1.6065700054168701,1.6069999933242798,1.6059199571609497,1.6063799858093262,0,2026-09-11 11:00:00+00:00
1789128000000,1.6063799858093262,1.6085699796676636,1.604099988937378,1.6083600521087646,0,2026-09-11 12:00:00+00:00
1789131600000,1.6083199977874756,1.6100499629974365,1.6075799465179443,1.6098999977111816,0,2026-09-11 13:00:00+00:00
1789135200000,1.6097899675369263,1.611799955368042,1.6089799404144287,1.6111500263214111,0,2026-09-11 14:00:00+00:00
1789138800000,1.6111400127410889,1.6115100383758545,1.6082099676132202,1.6087700128555298,0,2026-09-11 15:00:00+00:00
1789142400000,1.6087700128555298,1.6092000007629395,1.6075899600982666,1.6080000400543213,0,2026-09-11 16:00:00+00:00
1789146000000,1.6080299615859985,1.608139991760254,1.6072499752044678,1.6079000234603882,0,2026-09-11 17:00:00+00:00
1789149600000,1.60794997215271,1.6081000566482544,1.6068600416183472,1.6075899600982666,0,2026-09-11 18:00:00+00:00
1789153200000,1.6076200008392334,1.608299970626831,1.6070899963378906,1.6076200008392334,0,2026-09-11 19:00:00+00:00
1789156800000,1.6076099872589111,1.6092000007629395,1.6066800355911255,1.6084799766540527,0,2026-09-11 20:00:00+00:00
1789160400000,1.6085000038146973,1.6085000038146973,1.6084599494934082,1.6085000038146973,0,2026-09-11 21:00:00+00:00
1789340400000,1.6075999736785889,1.6079200506210327,1.6069600582122803,1.6076699495315552,0,2026-09-13 23:00:00+00:00
1789344000000,1.6076699495315552,1.607800006866455,1.6063899993896484,1.6067700386047363,0,2026-09-14 00:00:00+00:00
1789347600000,1.606760025024414,1.6071200370788574,1.6059399843215942,1.6068099737167358,0,2026-09-14 01:00:00+00:00
1789351200000,1.6067700386047363,1.6070499420166016,1.6056900024414062,1.6063499450683594,0,2026-09-14 02:00:00+00:00
1789354800000,1.6063499450683594,1.6064399480819702,1.6045600175857544,1.6050900220870972,0,2026-09-14 03:00:00+00:00
1789358400000,1.6051100492477417,1.6051499843597412,1.603790044784546,1.6045199632644653,0,2026-09-14 04:00:00+00:00
1789362000000,1.6045399904251099,1.6051000356674194,1.6039899587631226,1.604990005493164,0,2026-09-14 05:00:00+00:00
1789365600000,1.6049799919128418,1.6050200462341309,1.6024999618530273,1.6032299995422363,0,2026-09-14 06:00:00+00:00
1789369200000,1.603219985961914,1.60371994972229,1.6015900373458862,1.6022100448608398,0,2026-09-14 07:00:00+00:00
1789372800000,1.6022100448608398,1.6036700010299683,1.601330041885376,1.603350043296814,0,2026-09-14 08:00:00+00:00
1789376400000,1.6033300161361694,1.6038999557495117,1.6029200553894043,1.6034300327301025,0,2026-09-14 09:00:00+00:00
1789380000000,1.603410005569458,1.6038399934768677,1.6028200387954712,1.6034899950027466,0,2026-09-14 10:00:00+00:00
1789383600000,1.6035100221633911,1.6040799617767334,1.6027699708938599,1.6035200357437134,0,2026-09-14 11:00:00+00:00
1789387200000,1.6035200357437134,1.605739951133728,1.603219985961914,1.6047500371932983,0,2026-09-14 12:00:00+00:00
1789390800000,1.6047699451446533,1.6063400506973267,1.6040899753570557,1.6047899723052979,0,2026-09-14 13:00:00+00:00
1789394400000,1.6048200130462646,1.6061500310897827,1.6044299602508545,1.6058499813079834,0,2026-09-14 14:00:00+00:00
1789398000000,1.6058599948883057,1.6071200370788574,1.605239987373352,1.6065700054168701,0,2026-09-14 15:00:00+00:00
1789401600000,1.606529951095581,1.607509970664978,1.6055400371551514,1.6070599555969238,0,2026-09-14 16:00:00+00:00
1789405200000,1.607069969177246,1.607159972190857,1.6058900356292725,1.6063100099563599,0,2026-09-14 17:00:00+00:00
1789408800000,1.6063300371170044,1.6067999601364136,1.6056400537490845,1.6065499782562256,0,2026-09-14 18:00:00+00:00
1789412400000,1.6065200567245483,1.6066399812698364,1.604740023612976,1.6053099632263184,0,2026-09-14 19:00:00+00:00
1789416000000,1.605370044708252,1.6056499481201172,1.6045700311660767,1.605180025100708,0,2026-09-14 20:00:00+00:00
1789419600000,1.6051900386810303,1.6058499813079834,1.6041200160980225,1.6050599813461304,0,2026-09-14 21:00:00+00:00
1789423200000,1.6050599813461304,1.6054500341415405,1.6047799587249756,1.6052600145339966,0,2026-09-14 22:00:00+00:00
1789426800000,1.604889988899231,1.6054199934005737,1.6046099662780762,1.6051000356674194,0,2026-09-14 23:00:00+00:00
1789430400000,1.605080008506775,1.6052000522613525,1.6044100522994995,1.6047999858856201,0,2026-09-15 00:00:00+00:00
1789434000000,1.6047799587249756,1.6051000356674194,1.60385000705719,1.6045500040054321,0,2026-09-15 01:00:00+00:00
1789437600000,1.6045500040054321,1.6051000356674194,1.6041799783706665,1.6049200296401978,0,2026-09-15 02:00:00+00:00
1789441200000,1.60493004322052,1.605329990386963,1.6043599843978882,1.6052000522613525,0,2026-09-15 03:00:00+00:00
1789444800000,1.6052000522613525,1.605299949645996,1.604599952697754,1.6050599813461304,0,2026-09-15 04:00:00+00:00
1789448400000,1.6050599813461304,1.6051599979400635,1.6041300296783447,1.6046099662780762,0,2026-09-15 05:00:00+00:00
1789452000000,1.6045399904251099,1.6046199798583984,1.6026500463485718,1.6034300327301025,0,2026-09-15 06:00:00+00:00
1789455600000,1.6034799814224243,1.6043299436569214,1.6029399633407593,1.6042799949645996,0,2026-09-15 07:00:00+00:00
1789459200000,1.6042499542236328,1.6043100357055664,1.6030900478363037,1.6035300493240356,0,2026-09-15 08:00:00+00:00
1789462800000,1.6035300493240356,1.6042900085449219,1.6029800176620483,1.6042699813842773,0,2026-09-15 09:00:00+00:00
1789466400000,1.604259967803955,1.6052000522613525,1.603760004043579,1.605139970779419,0,2026-09-15 10:00:00+00:00
1789470000000,1.6051000356674194,1.6066499948501587,1.604949951171875,1.6065900325775146,0,2026-09-15 11:00:00+00:00
1789473600000,1.606220006942749,1.6085000038146973,1.6057100296020508,1.6077899932861328,0,2026-09-15 12:00:00+00:00
1789477200000,1.607759952545166,1.6082199811935425,1.6057499647140503,1.6061999797821045,0,2026-09-15 13:00:00+00:00
1789480800000,1.6061899662017822,1.6074199676513672,1.605530023574829,1.605870008468628,0,2026-09-15 14:00:00+00:00
1789484400000,1.605929970741272,1.606909990310669,1.6056499481201172,1.6062599420547485,0,2026-09-15 15:00:00+00:00
1789488000000,1.606220006942749,1.6063400506973267,1.605080008506775,1.605679988861084,0,2026-09-15 16:00:00+00:00
1789491600000,1.6056599617004395,1.6058299541473389,1.6046099662780762,1.6049699783325195,0,2026-09-15 17:00:00+00:00
1789495200000,1.6049699783325195,1.6062999963760376,1.6046799421310425,1.6062099933624268,0,2026-09-15 18:00:00+00:00
1789498800000,1.6062300205230713,1.6066399812698364,1.6057000160217285,1.6060999631881714,0,2026-09-15 19:00:00+00:00
1789502400000,1.605780005455017,1.6068099737167358,1.6053999662399292,1.6057599782943726,0,2026-09-15 20:00:00+00:00
1789506000000,1.60562002658844,1.6067999601364136,1.6041799783706665,1.6056499481201172,0,2026-09-15 21:00:00+00:00
1789509600000,1.6058900356292725,1.6067299842834473,1.6055599451065063,1.6060999631881714,0,2026-09-15 22:00:00+00:00
1789513200000,1.6060099601745605,1.6065000295639038,1.6056100130081177,1.6063899993896484,0,2026-09-15 23:00:00+00:00
1789516800000,1.6062899827957153,1.6070499420166016,1.6061300039291382,1.6066700220108032,0,2026-09-16 00:00:00+00:00
1789520400000,1.6066700220108032,1.6071200370788574,1.6061999797821045,1.6068600416183472,0,2026-09-16 01:00:00+00:00
1789524000000,1.6068600416183472,1.6078499555587769,1.6064499616622925,1.6078100204467773,0,2026-09-16 02:00:00+00:00
1789527600000,1.607800006866455,1.608299970626831,1.6072399616241455,1.6076600551605225,0,2026-09-16 03:00:00+00:00
1789531200000,1.6080000400543213,1.608139991760254,1.6073600053787231,1.6079100370407104,0,2026-09-16 04:00:00+00:00
1789534800000,1.6079399585723877,1.608199954032898,1.6072700023651123,1.607890009880066,0,2026-09-16 05:00:00+00:00
1789538400000,1.607890009880066,1.6088999509811401,1.607010006904602,1.6087000370025635,0,2026-09-16 06:00:00+00:00
1789542000000,1.6087000370025635,1.6101200580596924,1.6085000038146973,1.6092599630355835,0,2026-09-16 07:00:00+00:00
1789545600000,1.6092400550842285,1.6093300580978394,1.606819987297058,1.6071799993515015,0,2026-09-16 08:00:00+00:00
1789549200000,1.6071699857711792,1.6076600551605225,1.6065000295639038,1.6071799993515015,0,2026-09-16 09:00:00+00:00
1789552800000,1.6071499586105347,1.6073299646377563,1.6062899827957153,1.6068999767303467,0,2026-09-16 10:00:00+00:00
1789556400000,1.606969952583313,1.608199954032898,1.6057300567626953,1.6078699827194214,0,2026-09-16 11:00:00+00:00
1789560000000,1.6078599691390991,1.6084400415420532,1.6064000129699707,1.6074800491333008,0,2026-09-16 12:00:00+00:00
1789563600000,1.6074600219726562,1.6082899570465088,1.6069200038909912,1.6072299480438232,0,2026-09-16 13:00:00+00:00
1789567200000,1.6072100400924683,1.6081199645996094,1.6067999601364136,1.6079000234603882,0,2026-09-16 14:00:00+00:00
1789570800000,1.6079000234603882,1.6085100173950195,1.6070499420166016,1.607640027999878,0,2026-09-16 15:00:00+00:00
1789574400000,1.6076699495315552,1.6083300113677979,1.6066399812698364,1.6077899932861328,0,2026-09-16 16:00:00+00:00
1789578000000,1.6078200340270996,1.6083999872207642,1.6069400310516357,1.6079000234603882,0,2026-09-16 17:00:00+00:00
1789581600000,1.607640027999878,1.6087199449539185,1.604259967803955,1.604949951171875,0,2026-09-16 18:00:00+00:00
1789585200000,1.6050200462341309,1.6054999828338623,1.60371994972229,1.6046500205993652,0,2026-09-16 19:00:00+00:00
1789588800000,1.6046500205993652,1.6047699451446533,1.6023999452590942,1.6033400297164917,0,2026-09-16 20:00:00+00:00
1789592400000,1.6034899950027466,1.60385000705719,1.601539969444275,1.603060007095337,0,2026-09-16 21:00:00+00:00
1789596000000,1.6029900312423706,1.603950023651123,1.6029900312423706,1.6036200523376465,0,2026-09-16 22:00:00+00:00
1789599600000,1.6036200523376465,1.6042499542236328,1.603219985961914,1.6040400266647339,0,2026-09-16 23:00:00+00:00
1789603200000,1.6040400266647339,1.6044800281524658,1.6029399633407593,1.6029399633407593,0,2026-09-17 00:00:00+00:00
1789606800000,1.6032099723815918,1.6039799451828003,1.602910041809082,1.6031399965286255,0,2026-09-17 01:00:00+00:00
1789610400000,1.6031399965286255,1.603700041770935,1.6027499437332153,1.6030900478363037,0,2026-09-17 02:00:00+00:00
1789614000000,1.6030800342559814,1.6033999919891357,1.6025899648666382,1.6032500267028809,0,2026-09-17 03:00:00+00:00
1789617600000,1.6032500267028809,1.6038600206375122,1.6030199527740479,1.6038099527359009,0,2026-09-17 04:00:00+00:00
1789621200000,1.6038000583648682,1.6038399934768677,1.6030299663543701,1.6037499904632568,0,2026-09-17 05:00:00+00:00
1789624800000,1.603760004043579,1.6055999994277954,1.6035399436950684,1.6049799919128418,0,2026-09-17 06:00:00+00:00
1789628400000,1.60493004322052,1.6057000160217285,1.6039199829101562,1.6043299436569214,0,2026-09-17 07:00:00+00:00
1789632000000,1.6043299436569214,1.6047999858856201,1.6038600206375122,1.6045700311660767,0,2026-09-17 08:00:00+00:00
1789635600000,1.6045900583267212,1.605389952659607,1.6044600009918213,1.6052000522613525,0,2026-09-17 09:00:00+00:00
1789639200000,1.6052199602127075,1.606220006942749,1.6050599813461304,1.6059800386428833,0,2026-09-17 10:00:00+00:00
1789642800000,1.6059900522232056,1.6062599420547485,1.6047099828720093,1.6058800220489502,0,2026-09-17 11:00:00+00:00
1789646400000,1.6059000492095947,1.6071900129318237,1.6056100130081177,1.606510043144226,0,2026-09-17 12:00:00+00:00
1789650000000,1.606510043144226,1.60725998878479,1.6057599782943726,1.605870008468628,0,2026-09-17 13:00:00+00:00
1789653600000,1.605870008468628,1.6068700551986694,1.6052000522613525,1.6061400175094604,0,2026-09-17 14:00:00+00:00
1789657200000,1.6061400175094604,1.6062999963760376,1.6055400371551514,1.6058100461959839,0,2026-09-17 15:00:00+00:00
1789660800000,1.6058199405670166,1.6060999631881714,1.604200005531311,1.604699969291687,0,2026-09-17 16:00:00+00:00
1789664400000,1.6046899557113647,1.605299949645996,1.6045000553131104,1.6050200462341309,0,2026-09-17 17:00:00+00:00
1789668000000,1.6050000190734863,1.605329990386963,1.6045600175857544,1.6052600145339966,0,2026-09-17 18:00:00+00:00
1789671600000,1.6052600145339966,1.6057499647140503,1.60493004322052,1.60548996925354,0,2026-09-17 19:00:00+00:00
1789675200000,1.605430006980896,1.6055999994277954,1.604259967803955,1.605080008506775,0,2026-09-17 20:00:00+00:00
1789678800000,1.6050599813461304,1.6059499979019165,1.6045000553131104,1.6053600311279297,0,2026-09-17 21:00:00+00:00
1789682400000,1.6055899858474731,1.6057300567626953,1.6046099662780762,1.6056699752807617,0,2026-09-17 22:00:00+00:00
1789686000000,1.6056100130081177,1.605739951133728,1.6047199964523315,1.605430006980896,0,2026-09-17 23:00:00+00:00
1789689600000,1.6053800582885742,1.6061400175094604,1.605049967765808,1.605720043182373,0,2026-09-18 00:00:00+00:00
1789693200000,1.6056900024414062,1.6059199571609497,1.6051299571990967,1.6057499647140503,0,2026-09-18 01:00:00+00:00
1789696800000,1.605739951133728,1.6059000492095947,1.6046700477600098,1.605180025100708,0,2026-09-18 02:00:00+00:00
1789700400000,1.605180025100708,1.6059999465942383,1.6048500537872314,1.6059000492095947,0,2026-09-18 03:00:00+00:00
1789704000000,1.6059000492095947,1.6062099933624268,1.6054699420928955,1.6060400009155273,0,2026-09-18 04:00:00+00:00
1789707600000,1.6060500144958496,1.6061999797821045,1.6054199934005737,1.606029987335205,0,2026-09-18 05:00:00+00:00
1789711200000,1.6060099601745605,1.6073499917984009,1.6056499481201172,1.6071100234985352,0,2026-09-18 06:00:00+00:00
1789714800000,1.6071200370788574,1.6079000234603882,1.6066299676895142,1.6077100038528442,0,2026-09-18 07:00:00+00:00
1789718400000,1.6077100038528442,1.6080000400543213,1.6065000295639038,1.6074700355529785,0,2026-09-18 08:00:00+00:00
1789722000000,1.6074899435043335,1.6080000400543213,1.606909990310669,1.60725998878479,0,2026-09-18 09:00:00+00:00
1789725600000,1.60725998878479,1.6076600551605225,1.6062099933624268,1.6067399978637695,0,2026-09-18 10:00:00+00:00
1789729200000,1.6067899465560913,1.6071699857711792,1.605080008506775,1.6055599451065063,0,2026-09-18 11:00:00+00:00
1789732800000,1.6055599451065063,1.6062400341033936,1.6046899557113647,1.6060400009155273,0,2026-09-18 12:00:00+00:00
1789736400000,1.6060600280761719,1.606279969215393,1.6044700145721436,1.605080008506775,0,2026-09-18 13:00:00+00:00
1789740000000,1.6047099828720093,1.6060999631881714,1.6045600175857544,1.6054400205612183,0,2026-09-18 14:00:00+00:00
1789743600000,1.605430006980896,1.6065000295639038,1.605180025100708,1.6057499647140503,0,2026-09-18 15:00:00+00:00
1789747200000,1.605780005455017,1.6066999435424805,1.6051199436187744,1.6062500476837158,0,2026-09-18 16:00:00+00:00
1789750800000,1.606279969215393,1.6074399948120117,1.6058499813079834,1.6065200567245483,0,2026-09-18 17:00:00+00:00
1789754400000,1.606529951095581,1.606969952583313,1.606220006942749,1.6066399812698364,0,2026-09-18 18:00:00+00:00
1789758000000,1.6066900491714478,1.607159972190857,1.6061700582504272,1.6069600582122803,0,2026-09-18 19:00:00+00:00
1789761600000,1.6069600582122803,1.6072700023651123,1.6051000356674194,1.6057599782943726,0,2026-09-18 20:00:00+00:00
1789765200000,1.6060999631881714,1.6060999631881714,1.6060500144958496,1.6060999631881714,0,2026-09-18 21:00:00+00:00
