time,open,high,low,close,volume,datetime
1759982400000,0.9198600053787231,0.9208499789237976,0.9165800213813782,0.9185500144958496,0,2025-10-09 04:00:00+00:00
1759996800000,0.9185699820518494,0.9205099940299988,0.9162399768829346,0.9203299880027771,0,2025-10-09 08:00:00+00:00
1760011200000,0.9203699827194214,0.9215800166130066,0.9167799949645996,0.9180799722671509,0,2025-10-09 12:00:00+00:00
1760025600000,0.9180700182914734,0.9188799858093262,0.9167699813842773,0.9185500144958496,0,2025-10-09 16:00:00+00:00
1760040000000,0.9185600280761719,0.9197999835014343,0.9175099730491638,0.91975998878479,0,2025-10-09 20:00:00+00:00
1760054400000,0.919730007648468,0.9211699962615967,0.9184499979019165,0.9206100106239319,0,2025-10-10 00:00:00+00:00
1760068800000,0.9205600023269653,0.9206799864768982,0.9174200296401978,0.9194200038909912,0,2025-10-10 04:00:00+00:00
1760083200000,0.919409990310669,0.9198899865150452,0.9172599911689758,0.9183700084686279,0,2025-10-10 08:00:00+00:00
1760097600000,0.9183800220489502,0.9190499782562256,0.907230019569397,0.9089499711990356,0,2025-10-10 12:00:00+00:00
1760112000000,0.9089300036430359,0.9092699885368347,0.9065099954605103,0.9078400135040283,0,2025-10-10 16:00:00+00:00
1760126400000,0.9078400135040283,0.9080299735069275,0.9051799774169922,0.9053699970245361,0,2025-10-10 20:00:00+00:00
1760299200000,0.9093999862670898,0.9097599983215332,0.9076499938964844,0.9095500111579895,0,2025-10-12 20:00:00+00:00
1760313600000,0.9095500111579895,0.9133999943733215,0.9087200164794922,0.9119600057601929,0,2025-10-13 00:00:00+00:00
1760328000000,0.9119399785995483,0.9135599732398987,0.9110100269317627,0.9132400155067444,0,2025-10-13 04:00:00+00:00
1760342400000,0.9132900238037109,0.9136800169944763,0.9103900194168091,0.9114999771118164,0,2025-10-13 08:00:00+00:00
1760356800000,0.9114999771118164,0.9147700071334839,0.910539984703064,0.9143000245094299,0,2025-10-13 12:00:00+00:00
1760371200000,0.9143000245094299,0.9153900146484375,0.9133599996566772,0.9145699739456177,0,2025-10-13 16:00:00+00:00
1760385600000,0.9145699739456177,0.9148799777030945,0.912880003452301,0.9141499996185303,0,2025-10-13 20:00:00+00:00
1760400000000,0.914139986038208,0.9151999950408936,0.9108700156211853,0.9122999906539917,0,2025-10-14 00:00:00+00:00
1760414400000,0.9122999906539917,0.9124299883842468,0.9063799977302551,0.9076899886131287,0,2025-10-14 04:00:00+00:00
1760428800000,0.9077000021934509,0.9087700247764587,0.9054499864578247,0.9076600074768066,0,2025-10-14 08:00:00+00:00
1760443200000,0.9076499938964844,0.9119099974632263,0.9055500030517578,0.9113699793815613,0,2025-10-14 12:00:00+00:00
1760457600000,0.9114199876785278,0.9119799733161926,0.9091500043869019,0.9103699922561646,0,2025-10-14 16:00:00+00:00
1760472000000,0.9103699922561646,0.9118599891662598,0.9093000292778015,0.9116600155830383,0,2025-10-14 20:00:00+00:00
1760486400000,0.9116399884223938,0.9144200086593628,0.9102399945259094,0.9140499830245972,0,2025-10-15 00:00:00+00:00
1760500800000,0.9140599966049194,0.9151099920272827,0.913129985332489,0.9149500131607056,0,2025-10-15 04:00:00+00:00
1760515200000,0.9150000214576721,0.9156799912452698,0.9136199951171875,0.9147300124168396,0,2025-10-15 08:00:00+00:00
1760529600000,0.9147199988365173,0.9152899980545044,0.9127299785614014,0.9138399958610535,0,2025-10-15 12:00:00+00:00
1760544000000,0.913860023021698,0.9144600033760071,0.9115700125694275,0.9143099784851074,0,2025-10-15 16:00:00+00:00
1760558400000,0.914330005645752,0.9147300124168396,0.9118599891662598,0.913919985294342,0,2025-10-15 20:00:00+00:00
1760572800000,0.9139000177383423,0.9146100282669067,0.9085000157356262,0.9099500179290771,0,2025-10-16 00:00:00+00:00
1760587200000,0.9099400043487549,0.9133399724960327,0.909060001373291,0.9129999876022339,0,2025-10-16 04:00:00+00:00
1760601600000,0.9129999876022339,0.9140700101852417,0.9120200276374817,0.9138399958610535,0,2025-10-16 08:00:00+00:00
1760616000000,0.9138799905776978,0.9139999747276306,0.9100599884986877,0.9115700125694275,0,2025-10-16 12:00:00+00:00
1760630400000,0.9115599989891052,0.9122400283813477,0.9086499810218811,0.9110000133514404,0,2025-10-16 16:00:00+00:00
1760644800000,0.9109899997711182,0.9117599725723267,0.9086700081825256,0.9103599786758423,0,2025-10-16 20:00:00+00:00
1760659200000,0.9103299975395203,0.9111999869346619,0.9069300293922424,0.9082099795341492,0,2025-10-17 00:00:00+00:00
1760673600000,0.9082199931144714,0.9096099734306335,0.9054099917411804,0.908079981803894,0,2025-10-17 04:00:00+00:00
1760688000000,0.9080899953842163,0.9120299816131592,0.9061200022697449,0.910260021686554,0,2025-10-17 08:00:00+00:00
1760702400000,0.9102299809455872,0.9114800095558167,0.9078199863433838,0.9108700156211853,0,2025-10-17 12:00:00+00:00
1760716800000,0.9108499884605408,0.9112200140953064,0.9089999794960022,0.9107199907302856,0,2025-10-17 16:00:00+00:00
1760731200000,0.9107400178909302,0.9108999967575073,0.9094099998474121,0.9099100232124329,0,2025-10-17 20:00:00+00:00
1760904000000,0.9114199876785278,0.9115399718284607,0.9096199870109558,0.9110999703407288,0,2025-10-19 20:00:00+00:00
1760918400000,0.9111300110816956,0.9125300049781799,0.9096999764442444,0.911080002784729,0,2025-10-20 00:00:00+00:00
1760932800000,0.911050021648407,0.9119300246238708,0.909850001335144,0.9113600254058838,0,2025-10-20 04:00:00+00:00
1760947200000,0.9112899899482727,0.9119399785995483,0.9095100164413452,0.9110400080680847,0,2025-10-20 08:00:00+00:00
1760961600000,0.9110599756240845,0.9148100018501282,0.9100000262260437,0.9140899777412415,0,2025-10-20 12:00:00+00:00
1760976000000,0.9139999747276306,0.9145200252532959,0.9128900170326233,0.9139999747276306,0,2025-10-20 16:00:00+00:00
1760990400000,0.9139900207519531,0.9145900011062622,0.9128299951553345,0.9143099784851074,0,2025-10-20 20:00:00+00:00
1761004800000,0.914330005645752,0.9154099822044373,0.9129400253295898,0.9138299822807312,0,2025-10-21 00:00:00+00:00
1761019200000,0.9138100147247314,0.9140499830245972,0.9109399914741516,0.9119600057601929,0,2025-10-21 04:00:00+00:00
1761033600000,0.9119700193405151,0.9124500155448914,0.9100599884986877,0.9119200110435486,0,2025-10-21 08:00:00+00:00
1761048000000,0.9119399785995483,0.9120399951934814,0.9077699780464172,0.9103500247001648,0,2025-10-21 12:00:00+00:00
1761062400000,0.9103099703788757,0.9107800126075745,0.9084600210189819,0.9094899892807007,0,2025-10-21 16:00:00+00:00
1761076800000,0.9094600081443787,0.9101799726486206,0.9083899855613708,0.9099699854850769,0,2025-10-21 20:00:00+00:00
1761091200000,0.9099599719047546,0.9102399945259094,0.907480001449585,0.9094700217247009,0,2025-10-22 00:00:00+00:00
1761105600000,0.9095100164413452,0.9113100171089172,0.9088199734687805,0.9106400012969971,0,2025-10-22 04:00:00+00:00
1761120000000,0.9106400012969971,0.9107199907302856,0.9085100293159485,0.9095699787139893,0,2025-10-22 08:00:00+00:00
1761134400000,0.9095100164413452,0.910099983215332,0.9068999886512756,0.9087100028991699,0,2025-10-22 12:00:00+00:00
1761148800000,0.9086999893188477,0.9089199900627136,0.9057599902153015,0.9075800180435181,0,2025-10-22 16:00:00+00:00
1761163200000,0.9075599908828735,0.9082599878311157,0.9065099954605103,0.9074299931526184,0,2025-10-22 20:00:00+00:00
1761177600000,0.9074699878692627,0.9086099863052368,0.9061800241470337,0.9069799780845642,0,2025-10-23 00:00:00+00:00
1761192000000,0.9069499969482422,0.9104400277137756,0.906440019607544,0.9102200269699097,0,2025-10-23 04:00:00+00:00
1761206400000,0.9101600050926208,0.9113199710845947,0.9089900255203247,0.9097499847412109,0,2025-10-23 08:00:00+00:00
1761220800000,0.9097700119018555,0.9118300080299377,0.9086499810218811,0.9113500118255615,0,2025-10-23 12:00:00+00:00
1761235200000,0.9113799929618835,0.911899983882904,0.909820020198822,0.9105799794197083,0,2025-10-23 16:00:00+00:00
1761249600000,0.9105899930000305,0.9114699959754944,0.9095500111579895,0.9111499786376953,0,2025-10-23 20:00:00+00:00
1761264000000,0.9111300110816956,0.9117900133132935,0.909280002117157,0.9110599756240845,0,2025-10-24 00:00:00+00:00
1761278400000,0.911080002784729,0.9117699861526489,0.9094399809837341,0.9107499718666077,0,2025-10-24 04:00:00+00:00
1761292800000,0.9107800126075745,0.9117199778556824,0.9093499779701233,0.9117000102996826,0,2025-10-24 08:00:00+00:00
1761307200000,0.9116600155830383,0.9143499732017517,0.9105899930000305,0.9120299816131592,0,2025-10-24 12:00:00+00:00
1761321600000,0.9120299816131592,0.9123899936676025,0.9102500081062317,0.9112899899482727,0,2025-10-24 16:00:00+00:00
1761336000000,0.9113399982452393,0.9116399884223938,0.9103299975395203,0.9106299877166748,0,2025-10-24 20:00:00+00:00
1761523200000,0.9141799807548523,0.9145200252532959,0.9122899770736694,0.9135299921035767,0,2025-10-27 00:00:00+00:00
1761537600000,0.9135800004005432,0.9149500131607056,0.9124000072479248,0.913320004940033,0,2025-10-27 04:00:00+00:00
1761552000000,0.9132999777793884,0.9166799783706665,0.9124600291252136,0.9164800047874451,0,2025-10-27 08:00:00+00:00
1761566400000,0.9164400100708008,0.9174399971961975,0.9151300191879272,0.9170600175857544,0,2025-10-27 12:00:00+00:00
1761580800000,0.917110025882721,0.9177899956703186,0.9160599708557129,0.9171800017356873,0,2025-10-27 16:00:00+00:00
1761595200000,0.9172300100326538,0.9175099730491638,0.9157500267028809,0.9174399971961975,0,2025-10-27 20:00:00+00:00
1761609600000,0.9175300002098083,0.9178100228309631,0.9158099889755249,0.917389988899231,0,2025-10-28 00:00:00+00:00
1761624000000,0.9173399806022644,0.9178400039672852,0.915910005569458,0.9170200228691101,0,2025-10-28 04:00:00+00:00
1761638400000,0.9170299768447876,0.9180300235748291,0.9155099987983704,0.917460024356842,0,2025-10-28 08:00:00+00:00
1761652800000,0.9174699783325195,0.918470025062561,0.9158099889755249,0.9175199866294861,0,2025-10-28 12:00:00+00:00
1761667200000,0.9175300002098083,0.9188399910926819,0.916700005531311,0.9176300168037415,0,2025-10-28 16:00:00+00:00
1761681600000,0.9176700115203857,0.9184200167655945,0.9165800213813782,0.9177299737930298,0,2025-10-28 20:00:00+00:00
1761696000000,0.9177700281143188,0.9206100106239319,0.9160400032997131,0.9198300242424011,0,2025-10-29 00:00:00+00:00
1761710400000,0.9197800159454346,0.921500027179718,0.9185600280761719,0.9209399819374084,0,2025-10-29 04:00:00+00:00
1761724800000,0.9208700060844421,0.9212300181388855,0.9183099865913391,0.919409990310669,0,2025-10-29 08:00:00+00:00
1761739200000,0.9193699955940247,0.9201599955558777,0.9166100025177002,0.9185900092124939,0,2025-10-29 12:00:00+00:00
1761753600000,0.9185699820518494,0.9191499948501587,0.9142000079154968,0.916670024394989,0,2025-10-29 16:00:00+00:00
1761768000000,0.9166600108146667,0.9172999858856201,0.9145799875259399,0.9166899919509888,0,2025-10-29 20:00:00+00:00
1761782400000,0.9166600108146667,0.9186199903488159,0.9160199761390686,0.9184499979019165,0,2025-10-30 00:00:00+00:00
1761796800000,0.9185100197792053,0.9188399910926819,0.9157999753952026,0.917110025882721,0,2025-10-30 04:00:00+00:00
1761811200000,0.9170699715614319,0.9174200296401978,0.9150599837303162,0.9164400100708008,0,2025-10-30 08:00:00+00:00
1761825600000,0.916450023651123,0.9171800017356873,0.9137899875640869,0.9162200093269348,0,2025-10-30 12:00:00+00:00
1761840000000,0.9162600040435791,0.9167500138282776,0.9148799777030945,0.9158499836921692,0,2025-10-30 16:00:00+00:00
1761854400000,0.9158400297164917,0.9171000123023987,0.9149799942970276,0.9169300198554993,0,2025-10-30 20:00:00+00:00
1761868800000,0.916949987411499,0.9170899987220764,0.9147599935531616,0.916100025177002,0,2025-10-31 00:00:00+00:00
1761883200000,0.9160799980163574,0.916450023651123,0.9140499830245972,0.9155799746513367,0,2025-10-31 04:00:00+00:00
1761897600000,0.9155600070953369,0.9169999957084656,0.9141899943351746,0.9168499708175659,0,2025-10-31 08:00:00+00:00
1761912000000,0.9168499708175659,0.9181600213050842,0.9155300259590149,0.9170299768447876,0,2025-10-31 12:00:00+00:00
1761926400000,0.9169800281524658,0.9176300168037415,0.9152500033378601,0.9174900054931641,0,2025-10-31 16:00:00+00:00
1761940800000,0.9175599813461304,0.9176700115203857,0.9158599972724915,0.916130006313324,0,2025-10-31 20:00:00+00:00
1762128000000,0.9172999858856201,0.918179988861084,0.916100025177002,0.918150007724762,0,2025-11-03 00:00:00+00:00
1762142400000,0.918150007724762,0.9192699790000916,0.9169099926948547,0.9185799956321716,0,2025-11-03 04:00:00+00:00
1762156800000,0.9186000227928162,0.9198200106620789,0.9175000190734863,0.9196599721908569,0,2025-11-03 08:00:00+00:00
1762171200000,0.9196699857711792,0.9197999835014343,0.9164199829101562,0.9181900024414062,0,2025-11-03 12:00:00+00:00
1762185600000,0.9181699752807617,0.9193500280380249,0.917140007019043,0.9188200235366821,0,2025-11-03 16:00:00+00:00
1762200000000,0.9188200235366821,0.919219970703125,0.9175999760627747,0.9188299775123596,0,2025-11-03 20:00:00+00:00
1762214400000,0.918910026550293,0.9193999767303467,0.9164999723434448,0.9184100031852722,0,2025-11-04 00:00:00+00:00
1762228800000,0.9184100031852722,0.9190499782562256,0.9145500063896179,0.9157299995422363,0,2025-11-04 04:00:00+00:00
1762243200000,0.9157400131225586,0.9162899851799011,0.9127100110054016,0.9148100018501282,0,2025-11-04 08:00:00+00:00
1762257600000,0.9147599935531616,0.9158700108528137,0.9125699996948242,0.9156200289726257,0,2025-11-04 12:00:00+00:00
1762272000000,0.91566002368927,0.9158300161361694,0.9131900072097778,0.9142000079154968,0,2025-11-04 16:00:00+00:00
1762286400000,0.9142799973487854,0.9154999852180481,0.9131799936294556,0.914330005645752,0,2025-11-04 20:00:00+00:00
1762300800000,0.9143400192260742,0.9163900017738342,0.9110999703407288,0.916100025177002,0,2025-11-05 00:00:00+00:00
1762315200000,0.916100025177002,0.9168800115585327,0.9143499732017517,0.9156000018119812,0,2025-11-05 04:00:00+00:00
1762329600000,0.9156699776649475,0.9167199730873108,0.9140700101852417,0.9157199859619141,0,2025-11-05 08:00:00+00:00
1762344000000,0.9157199859619141,0.9180999994277954,0.9146000146865845,0.917959988117218,0,2025-11-05 12:00:00+00:00
1762358400000,0.917959988117218,0.9190099835395813,0.9168199896812439,0.9179999828338623,0,2025-11-05 16:00:00+00:00
1762372800000,0.9180300235748291,0.9183599948883057,0.9165099859237671,0.9178799986839294,0,2025-11-05 20:00:00+00:00
1762387200000,0.9177600145339966,0.9183400273323059,0.9155700206756592,0.9182299971580505,0,2025-11-06 00:00:00+00:00
1762401600000,0.9182199835777283,0.918910026550293,0.9166100025177002,0.9179700016975403,0,2025-11-06 04:00:00+00:00
1762416000000,0.9179700016975403,0.9185000061988831,0.9162099957466125,0.9171599745750427,0,2025-11-06 08:00:00+00:00
1762430400000,0.9171599745750427,0.9185000061988831,0.9130799770355225,0.9138699769973755,0,2025-11-06 12:00:00+00:00
1762444800000,0.9138799905776978,0.9151899814605713,0.9125499725341797,0.9148499965667725,0,2025-11-06 16:00:00+00:00
1762459200000,0.9148399829864502,0.9152500033378601,0.9131900072097778,0.9149199724197388,0,2025-11-06 20:00:00+00:00
1762473600000,0.9147999882698059,0.9154599905014038,0.9127399921417236,0.9140499830245972,0,2025-11-07 00:00:00+00:00
1762488000000,0.9139800071716309,0.9160500168800354,0.9126200079917908,0.9152399897575378,0,2025-11-07 04:00:00+00:00
1762502400000,0.9152299761772156,0.9155099987983704,0.9134299755096436,0.9148799777030945,0,2025-11-07 08:00:00+00:00
1762516800000,0.914929986000061,0.9150199890136719,0.9097599983215332,0.9107499718666077,0,2025-11-07 12:00:00+00:00
1762531200000,0.9107499718666077,0.9123899936676025,0.9098600149154663,0.9117199778556824,0,2025-11-07 16:00:00+00:00
1762545600000,0.9117100238800049,0.9121999740600586,0.9106600284576416,0.9113100171089172,0,2025-11-07 20:00:00+00:00
1762732800000,0.913100004196167,0.9148499965667725,0.9114900231361389,0.9140099883079529,0,2025-11-10 00:00:00+00:00
1762747200000,0.9139999747276306,0.9158400297164917,0.9132500290870667,0.9149399995803833,0,2025-11-10 04:00:00+00:00
1762761600000,0.914929986000061,0.9160599708557129,0.9137799739837646,0.9156500101089478,0,2025-11-10 08:00:00+00:00
1762776000000,0.9156200289726257,0.9160599708557129,0.9130499958992004,0.9140400290489197,0,2025-11-10 12:00:00+00:00
1762790400000,0.9140400290489197,0.916670024394989,0.9131399989128113,0.9163600206375122,0,2025-11-10 16:00:00+00:00
1762804800000,0.916379988193512,0.9167600274085999,0.9147899746894836,0.9163600206375122,0,2025-11-10 20:00:00+00:00
1762819200000,0.9163500070571899,0.9164999723434448,0.9148499965667725,0.916159987449646,0,2025-11-11 00:00:00+00:00
1762833600000,0.9162200093269348,0.9165499806404114,0.9133399724960327,0.9147300124168396,0,2025-11-11 04:00:00+00:00
1762848000000,0.9147400259971619,0.9154000282287598,0.9134100079536438,0.9153299927711487,0,2025-11-11 08:00:00+00:00
1762862400000,0.9153100252151489,0.9157699942588806,0.9127799868583679,0.9135800004005432,0,2025-11-11 12:00:00+00:00
1762876800000,0.9136199951171875,0.9150099754333496,0.9127799868583679,0.9146999716758728,0,2025-11-11 16:00:00+00:00
1762891200000,0.9147400259971619,0.9152100086212158,0.9131199717521667,0.9150400161743164,0,2025-11-11 20:00:00+00:00
1762905600000,0.9150400161743164,0.9153500199317932,0.9130399823188782,0.9142600297927856,0,2025-11-12 00:00:00+00:00
1762920000000,0.9142400026321411,0.9160599708557129,0.9125300049781799,0.9154700040817261,0,2025-11-12 04:00:00+00:00
1762934400000,0.9154999852180481,0.9166100025177002,0.9142600297927856,0.9160100221633911,0,2025-11-12 08:00:00+00:00
1762948800000,0.9159700274467468,0.916670024394989,0.9144300222396851,0.9151800274848938,0,2025-11-12 12:00:00+00:00
1762963200000,0.9152100086212158,0.9163399934768677,0.9143900275230408,0.915910005569458,0,2025-11-12 16:00:00+00:00
1762977600000,0.9159299731254578,0.9162399768829346,0.9145600199699402,0.9154800176620483,0,2025-11-12 20:00:00+00:00
1762992000000,0.9154499769210815,0.9193199872970581,0.91389000415802,0.9182999730110168,0,2025-11-13 00:00:00+00:00
1763006400000,0.9182699918746948,0.920490026473999,0.9169099926948547,0.9199900031089783,0,2025-11-13 04:00:00+00:00
1763020800000,0.9199600219726562,0.9204400181770325,0.9173799753189087,0.9183200001716614,0,2025-11-13 08:00:00+00:00
1763035200000,0.9182900190353394,0.918910026550293,0.9152899980545044,0.9179400205612183,0,2025-11-13 12:00:00+00:00
1763049600000,0.9178699851036072,0.9186199903488159,0.9147700071334839,0.915880024433136,0,2025-11-13 16:00:00+00:00
1763064000000,0.915880024433136,0.916949987411499,0.9148300290107727,0.9161099791526794,0,2025-11-13 20:00:00+00:00
1763078400000,0.9160000085830688,0.9182699918746948,0.9151899814605713,0.9172999858856201,0,2025-11-14 00:00:00+00:00
1763092800000,0.9172999858856201,0.9174100160598755,0.9144799709320068,0.916379988193512,0,2025-11-14 04:00:00+00:00
1763107200000,0.9163900017738342,0.9164000153541565,0.9124900102615356,0.9140700101852417,0,2025-11-14 08:00:00+00:00
1763121600000,0.9140499830245972,0.9182599782943726,0.9128400087356567,0.9181600213050842,0,2025-11-14 12:00:00+00:00
1763136000000,0.918179988861084,0.9184499979019165,0.9155899882316589,0.9168599843978882,0,2025-11-14 16:00:00+00:00
1763150400000,0.9168699979782104,0.9170399904251099,0.9153000116348267,0.9157199859619141,0,2025-11-14 20:00:00+00:00
1763337600000,0.91566002368927,0.9160500168800354,0.9131199717521667,0.9147599935531616,0,2025-11-17 00:00:00+00:00
1763352000000,0.9146999716758728,0.9163299798965454,0.9136999845504761,0.9162399768829346,0,2025-11-17 04:00:00+00:00
1763366400000,0.9162300229072571,0.9162899851799011,0.9125099778175354,0.9140999913215637,0,2025-11-17 08:00:00+00:00
1763380800000,0.914110004901886,0.9150800108909607,0.9114900231361389,0.9129700064659119,0,2025-11-17 12:00:00+00:00
1763395200000,0.9129400253295898,0.9140300154685974,0.9102100133895874,0.911109983921051,0,2025-11-17 16:00:00+00:00
1763409600000,0.9111599922180176,0.9131199717521667,0.910260021686554,0.9121500253677368,0,2025-11-17 20:00:00+00:00
1763424000000,0.9121299982070923,0.9126899838447571,0.9094600081443787,0.9105100035667419,0,2025-11-18 00:00:00+00:00
1763438400000,0.9104599952697754,0.911329984664917,0.9083600044250488,0.9111499786376953,0,2025-11-18 04:00:00+00:00
1763452800000,0.9111499786376953,0.9125400185585022,0.9102100133895874,0.912339985370636,0,2025-11-18 08:00:00+00:00
1763467200000,0.912339985370636,0.9124199748039246,0.9082599878311157,0.9089699983596802,0,2025-11-18 12:00:00+00:00
1763481600000,0.9089900255203247,0.9113699793815613,0.9079599976539612,0.9109200239181519,0,2025-11-18 16:00:00+00:00
1763496000000,0.9109200239181519,0.9111400246620178,0.9084799885749817,0.9101399779319763,0,2025-11-18 20:00:00+00:00
1763510400000,0.9101899862289429,0.9102399945259094,0.9065099954605103,0.9073200225830078,0,2025-11-19 00:00:00+00:00
1763524800000,0.9073399901390076,0.9089400172233582,0.9057999849319458,0.9085299968719482,0,2025-11-19 04:00:00+00:00
1763539200000,0.9085100293159485,0.9091500043869019,0.9063299894332886,0.9087100028991699,0,2025-11-19 08:00:00+00:00
1763553600000,0.9087100028991699,0.9095199704170227,0.9063000082969666,0.9073600172996521,0,2025-11-19 12:00:00+00:00
1763568000000,0.9073600172996521,0.9087100028991699,0.9061499834060669,0.9085999727249146,0,2025-11-19 16:00:00+00:00
1763582400000,0.9086199998855591,0.9114000201225281,0.9077100157737732,0.9112399816513062,0,2025-11-19 20:00:00+00:00
1763596800000,0.9112799763679504,0.9116500020027161,0.9092100262641907,0.9110400080680847,0,2025-11-20 00:00:00+00:00
1763611200000,0.9110199809074402,0.9118099808692932,0.9093599915504456,0.9101499915122986,0,2025-11-20 04:00:00+00:00
1763625600000,0.9101200103759766,0.9111800193786621,0.9089999794960022,0.9104999899864197,0,2025-11-20 08:00:00+00:00
1763640000000,0.9104499816894531,0.9131600260734558,0.9093700051307678,0.9106199741363525,0,2025-11-20 12:00:00+00:00
1763654400000,0.9106199741363525,0.9108800292015076,0.9071099758148193,0.9096300005912781,0,2025-11-20 16:00:00+00:00
1763668800000,0.9095900058746338,0.9097599983215332,0.9065799713134766,0.9086800217628479,0,2025-11-20 20:00:00+00:00
1763683200000,0.9086599946022034,0.909600019454956,0.9074400067329407,0.9085000157356262,0,2025-11-21 00:00:00+00:00
1763697600000,0.9084799885749817,0.9092199802398682,0.9066100120544434,0.9076099991798401,0,2025-11-21 04:00:00+00:00
1763712000000,0.9076099991798401,0.9088500142097473,0.904670000076294,0.9068800210952759,0,2025-11-21 08:00:00+00:00
1763726400000,0.9068800210952759,0.9088199734687805,0.9053800106048584,0.9086400270462036,0,2025-11-21 12:00:00+00:00
1763740800000,0.9086099863052368,0.9103400111198425,0.9073799848556519,0.9097200036048889,0,2025-11-21 16:00:00+00:00
1763755200000,0.9097200036048889,0.9106199741363525,0.9087799787521362,0.9092599749565125,0,2025-11-21 20:00:00+00:00
1763942400000,0.9106799960136414,0.9110400080680847,0.9087299704551697,0.9106199741363525,0,2025-11-24 00:00:00+00:00
1763956800000,0.9106400012969971,0.9113699793815613,0.9094399809837341,0.9111400246620178,0,2025-11-24 04:00:00+00:00
1763971200000,0.9111300110816956,0.9114599823951721,0.9083700180053711,0.9100499749183655,0,2025-11-24 08:00:00+00:00
1763985600000,0.910099983215332,0.9114500284194946,0.9085000157356262,0.9112499952316284,0,2025-11-24 12:00:00+00:00
1764000000000,0.9112399816513062,0.9120000004768372,0.9099699854850769,0.9114999771118164,0,2025-11-24 16:00:00+00:00
1764014400000,0.9115099906921387,0.9124799966812134,0.9103099703788757,0.9120500087738037,0,2025-11-24 20:00:00+00:00
1764028800000,0.9120799899101257,0.9124600291252136,0.9099000096321106,0.9108499884605408,0,2025-11-25 00:00:00+00:00
1764043200000,0.9108499884605408,0.9118599891662598,0.9096999764442444,0.9110000133514404,0,2025-11-25 04:00:00+00:00
1764057600000,0.9110199809074402,0.91184002161026,0.9092100262641907,0.9105200171470642,0,2025-11-25 08:00:00+00:00
1764072000000,0.9105200171470642,0.9125699996948242,0.9077500104904175,0.9092199802398682,0,2025-11-25 12:00:00+00:00
1764086400000,0.9092299938201904,0.9126200079917908,0.9085699915885925,0.9121299982070923,0,2025-11-25 16:00:00+00:00
1764100800000,0.9121900200843811,0.9125300049781799,0.9105600118637085,0.9124600291252136,0,2025-11-25 20:00:00+00:00
1764115200000,0.9124600291252136,0.9154999852180481,0.9114699959754944,0.9147999882698059,0,2025-11-26 00:00:00+00:00
1764129600000,0.9147899746894836,0.9162099957466125,0.9133700132369995,0.914650022983551,0,2025-11-26 04:00:00+00:00
1764144000000,0.914650022983551,0.9156799912452698,0.912850022315979,0.9144799709320068,0,2025-11-26 08:00:00+00:00
1764158400000,0.9144600033760071,0.9158999919891357,0.9129700064659119,0.9149100184440613,0,2025-11-26 12:00:00+00:00
1764172800000,0.914929986000061,0.9158099889755249,0.9137300252914429,0.9151700139045715,0,2025-11-26 16:00:00+00:00
1764187200000,0.9151700139045715,0.9161999821662903,0.9139000177383423,0.915690004825592,0,2025-11-26 20:00:00+00:00
1764201600000,0.9155899882316589,0.9167699813842773,0.9147800207138062,0.9165499806404114,0,2025-11-27 00:00:00+00:00
1764216000000,0.9164900183677673,0.9172499775886536,0.9148600101470947,0.9164999723434448,0,2025-11-27 04:00:00+00:00
1764230400000,0.9164900183677673,0.9168099761009216,0.9147300124168396,0.9165800213813782,0,2025-11-27 08:00:00+00:00
1764244800000,0.9165800213813782,0.9166799783706665,0.9152500033378601,0.9166600108146667,0,2025-11-27 12:00:00+00:00
1764259200000,0.9166200160980225,0.9167699813842773,0.9150699973106384,0.9159899950027466,0,2025-11-27 16:00:00+00:00
1764273600000,0.915910005569458,0.9168599843978882,0.9151600003242493,0.9165700078010559,0,2025-11-27 20:00:00+00:00
1764288000000,0.9166300296783447,0.9175400137901306,0.9157299995422363,0.9168499708175659,0,2025-11-28 00:00:00+00:00
1764302400000,0.9167199730873108,0.9171299934387207,0.9149100184440613,0.915690004825592,0,2025-11-28 04:00:00+00:00
1764316800000,0.9157099723815918,0.9165099859237671,0.9143999814987183,0.9155200123786926,0,2025-11-28 08:00:00+00:00
1764331200000,0.9156000018119812,0.9159299731254578,0.9123499989509583,0.9140899777412415,0,2025-11-28 12:00:00+00:00
1764345600000,0.9141299724578857,0.9156299829483032,0.9129499793052673,0.915149986743927,0,2025-11-28 16:00:00+00:00
1764360000000,0.9151600003242493,0.9154199957847595,0.9135599732398987,0.9143000245094299,0,2025-11-28 20:00:00+00:00
1764547200000,0.9150999784469604,0.9157500267028809,0.9130899906158447,0.9152200222015381,0,2025-12-01 00:00:00+00:00
1764561600000,0.9152500033378601,0.9157699942588806,0.9134500026702881,0.9155200123786926,0,2025-12-01 04:00:00+00:00
1764576000000,0.9155399799346924,0.9162600040435791,0.9144200086593628,0.9158499836921692,0,2025-12-01 08:00:00+00:00
1764590400000,0.9158499836921692,0.9164999723434448,0.9137799739837646,0.9151700139045715,0,2025-12-01 12:00:00+00:00
1764604800000,0.9151600003242493,0.9165999889373779,0.9145200252532959,0.9157199859619141,0,2025-12-01 16:00:00+00:00
1764619200000,0.9157299995422363,0.9160599708557129,0.9144700169563293,0.9157900214195251,0,2025-12-01 20:00:00+00:00
1764633600000,0.9158300161361694,0.917169988155365,0.9146299958229065,0.9169300198554993,0,2025-12-02 00:00:00+00:00
1764648000000,0.916920006275177,0.9176999926567078,0.9157999753952026,0.9174900054931641,0,2025-12-02 04:00:00+00:00
1764662400000,0.9174900054931641,0.9177500009536743,0.915690004825592,0.9175099730491638,0,2025-12-02 08:00:00+00:00
1764676800000,0.9175000190734863,0.9189800024032593,0.9158099889755249,0.9183800220489502,0,2025-12-02 12:00:00+00:00
1764691200000,0.9183800220489502,0.9184399843215942,0.9155799746513367,0.917140007019043,0,2025-12-02 16:00:00+00:00
1764705600000,0.9171199798583984,0.9183099865913391,0.9157999753952026,0.9182000160217285,0,2025-12-02 20:00:00+00:00
1764720000000,0.9182000160217285,0.9190400242805481,0.9147700071334839,0.9189299941062927,0,2025-12-03 00:00:00+00:00
1764734400000,0.9188899993896484,0.9198700189590454,0.9178500175476074,0.9188100099563599,0,2025-12-03 04:00:00+00:00
1764748800000,0.9188100099563599,0.9191499948501587,0.9171500205993652,0.9188200235366821,0,2025-12-03 08:00:00+00:00
1764763200000,0.9188100099563599,0.9204099774360657,0.9165800213813782,0.920229971408844,0,2025-12-03 12:00:00+00:00
1764777600000,0.9202100038528442,0.9205899834632874,0.918429970741272,0.9205499887466431,0,2025-12-03 16:00:00+00:00
1764792000000,0.920520007610321,0.9213500022888184,0.9190099835395813,0.921239972114563,0,2025-12-03 20:00:00+00:00
1764806400000,0.921239972114563,0.9228500127792358,0.9208499789237976,0.9225999712944031,0,2025-12-04 00:00:00+00:00
1764820800000,0.9226099848747253,0.9236299991607666,0.9216799736022949,0.9236000180244446,0,2025-12-04 04:00:00+00:00
1764835200000,0.9236000180244446,0.9238600134849548,0.9220200181007385,0.9226599931716919,0,2025-12-04 08:00:00+00:00
1764849600000,0.9234499931335449,0.9237099885940552,0.9210799932479858,0.9221400022506714,0,2025-12-04 12:00:00+00:00
1764864000000,0.9220799803733826,0.9229999780654907,0.9212899804115295,0.9225299954414368,0,2025-12-04 16:00:00+00:00
1764878400000,0.9225299954414368,0.922950029373169,0.9211000204086304,0.9221199750900269,0,2025-12-04 20:00:00+00:00
1764892800000,0.9221299886703491,0.9231200218200684,0.9210900068283081,0.9221100211143494,0,2025-12-05 00:00:00+00:00
1764907200000,0.9229199886322021,0.9243000149726868,0.9221299886703491,0.9230200052261353,0,2025-12-05 04:00:00+00:00
1764921600000,0.9238600134849548,0.9254199862480164,0.9228900074958801,0.9232699871063232,0,2025-12-05 08:00:00+00:00
1764936000000,0.9241300225257874,0.9256799817085266,0.9188299775123596,0.9192799925804138,0,2025-12-05 12:00:00+00:00
1764950400000,0.920199990272522,0.9203100204467773,0.9171000123023987,0.9185299873352051,0,2025-12-05 16:00:00+00:00
1764964800000,0.9184799790382385,0.9188699722290039,0.916379988193512,0.916379988193512,0,2025-12-05 20:00:00+00:00
1765152000000,0.9178299903869629,0.9187300205230713,0.916700005531311,0.9182900190353394,0,2025-12-08 00:00:00+00:00
1765166400000,0.9182999730110168,0.9186400175094604,0.916379988193512,0.9175599813461304,0,2025-12-08 04:00:00+00:00
1765180800000,0.9175000190734863,0.9175999760627747,0.9155399799346924,0.9163299798965454,0,2025-12-08 08:00:00+00:00
1765195200000,0.9163200259208679,0.9170100092887878,0.914080023765564,0.9160799980163574,0,2025-12-08 12:00:00+00:00
1765209600000,0.9160699844360352,0.9175699949264526,0.915090024471283,0.9172400236129761,0,2025-12-08 16:00:00+00:00
1765224000000,0.9172499775886536,0.9179199934005737,0.9159200191497803,0.9176300168037415,0,2025-12-08 20:00:00+00:00
1765238400000,0.9176099896430969,0.9181699752807617,0.9152399897575378,0.9173399806022644,0,2025-12-09 00:00:00+00:00
1765252800000,0.9173300266265869,0.92044997215271,0.916379988193512,0.9196100234985352,0,2025-12-09 04:00:00+00:00
1765267200000,0.9195799827575684,0.9201499819755554,0.9175599813461304,0.9189000129699707,0,2025-12-09 08:00:00+00:00
1765281600000,0.9188699722290039,0.9202899932861328,0.9174799919128418,0.9193999767303467,0,2025-12-09 12:00:00+00:00
1765296000000,0.91948002576828,0.9203900098800659,0.9183800220489502,0.9193000197410583,0,2025-12-09 16:00:00+00:00
1765310400000,0.9192799925804138,0.9197999835014343,0.9178299903869629,0.9191399812698364,0,2025-12-09 20:00:00+00:00
1765324800000,0.9192000031471252,0.9203600287437439,0.9175800085067749,0.919510006904602,0,2025-12-10 00:00:00+00:00
1765339200000,0.9194700121879578,0.921019971370697,0.918470025062561,0.9208700060844421,0,2025-12-10 04:00:00+00:00
1765353600000,0.9208199977874756,0.9214800000190735,0.9191300272941589,0.9203400015830994,0,2025-12-10 08:00:00+00:00
1765368000000,0.9203500151634216,0.920490026473999,0.917739987373352,0.9191700220108032,0,2025-12-10 12:00:00+00:00
1765382400000,0.919160008430481,0.9209499955177307,0.9175199866294861,0.9205899834632874,0,2025-12-10 16:00:00+00:00
1765396800000,0.9205499887466431,0.9218800067901611,0.9189000129699707,0.9201200008392334,0,2025-12-10 20:00:00+00:00
1765411200000,0.9201200008392334,0.9205499887466431,0.9161900281906128,0.9166600108146667,0,2025-12-11 00:00:00+00:00
1765425600000,0.9165800213813782,0.9184100031852722,0.9149799942970276,0.9178799986839294,0,2025-12-11 04:00:00+00:00
1765440000000,0.917900025844574,0.918749988079071,0.9165099859237671,0.9183300137519836,0,2025-12-11 08:00:00+00:00
1765454400000,0.9182999730110168,0.9190499782562256,0.916100025177002,0.9178900122642517,0,2025-12-11 12:00:00+00:00
1765468800000,0.9179199934005737,0.9188799858093262,0.9166399836540222,0.9183099865913391,0,2025-12-11 16:00:00+00:00
1765483200000,0.9183099865913391,0.9183599948883057,0.916379988193512,0.9176599979400635,0,2025-12-11 20:00:00+00:00
1765497600000,0.9176599979400635,0.9188799858093262,0.916949987411499,0.9179199934005737,0,2025-12-12 00:00:00+00:00
1765512000000,0.917930006980896,0.9185100197792053,0.9164999723434448,0.9178900122642517,0,2025-12-12 04:00:00+00:00
1765526400000,0.9179099798202515,0.9184499979019165,0.9158400297164917,0.9169600009918213,0,2025-12-12 08:00:00+00:00
1765540800000,0.9169600009918213,0.9176999926567078,0.9142400026321411,0.9154599905014038,0,2025-12-12 12:00:00+00:00
1765555200000,0.915440022945404,0.916379988193512,0.913919985294342,0.9156399965286255,0,2025-12-12 16:00:00+00:00
1765569600000,0.9156699776649475,0.9160699844360352,0.9146400094032288,0.9152200222015381,0,2025-12-12 20:00:00+00:00
1765756800000,0.915120005607605,0.9156699776649475,0.9136599898338318,0.914650022983551,0,2025-12-15 00:00:00+00:00
1765771200000,0.9146400094032288,0.9151600003242493,0.9133899807929993,0.9147300124168396,0,2025-12-15 04:00:00+00:00
1765785600000,0.914680004119873,0.9156200289726257,0.9137399792671204,0.9153199791908264,0,2025-12-15 08:00:00+00:00
1765800000000,0.9153299927711487,0.9161400198936462,0.9135900139808655,0.9152699708938599,0,2025-12-15 12:00:00+00:00
1765814400000,0.9152100086212158,0.9154700040817261,0.9131399989128113,0.9146999716758728,0,2025-12-15 16:00:00+00:00
1765828800000,0.9146999716758728,0.9152899980545044,0.9129199981689453,0.9143999814987183,0,2025-12-15 20:00:00+00:00
1765843200000,0.9143800139427185,0.9145100116729736,0.9112399816513062,0.913569986820221,0,2025-12-16 00:00:00+00:00
1765857600000,0.9126499891281128,0.9144899845123291,0.9119899868965149,0.9139299988746643,0,2025-12-16 04:00:00+00:00
1765872000000,0.9139599800109863,0.9146599769592285,0.912850022315979,0.914139986038208,0,2025-12-16 08:00:00+00:00
1765886400000,0.914139986038208,0.9150699973106384,0.9110599756240845,0.9127100110054016,0,2025-12-16 12:00:00+00:00
1765900800000,0.9126799702644348,0.9128100275993347,0.9104499816894531,0.9121900200843811,0,2025-12-16 16:00:00+00:00
1765915200000,0.9121599793434143,0.9125999808311462,0.9109500050544739,0.9122300148010254,0,2025-12-16 20:00:00+00:00
1765929600000,0.9122099876403809,0.912630021572113,0.9100900292396545,0.912090003490448,0,2025-12-17 00:00:00+00:00
1765944000000,0.9121800065040588,0.9123799800872803,0.9101700186729431,0.9117199778556824,0,2025-12-17 04:00:00+00:00
1765958400000,0.9117299914360046,0.9125900268554688,0.9102100133895874,0.9123799800872803,0,2025-12-17 08:00:00+00:00
1765972800000,0.9124000072479248,0.9131100177764893,0.9097200036048889,0.9109600186347961,0,2025-12-17 12:00:00+00:00
1765987200000,0.9109799861907959,0.9115399718284607,0.9091299772262573,0.9106299877166748,0,2025-12-17 16:00:00+00:00
1766001600000,0.9106299877166748,0.9107699990272522,0.9090099930763245,0.9096800088882446,0,2025-12-17 20:00:00+00:00
1766016000000,0.9096400141716003,0.91007000207901,0.9078900218009949,0.9088199734687805,0,2025-12-18 00:00:00+00:00
1766030400000,0.9088299870491028,0.9104200005531311,0.9079599976539612,0.9099199771881104,0,2025-12-18 04:00:00+00:00
1766044800000,0.9098899960517883,0.9108800292015076,0.9090099930763245,0.9105700254440308,0,2025-12-18 08:00:00+00:00
1766059200000,0.9105700254440308,0.912909984588623,0.9096400141716003,0.910539984703064,0,2025-12-18 12:00:00+00:00
1766073600000,0.9105700254440308,0.9117799997329712,0.9090399742126465,0.911300003528595,0,2025-12-18 16:00:00+00:00
1766088000000,0.9113100171089172,0.9113600254058838,0.9096999764442444,0.9110999703407288,0,2025-12-18 20:00:00+00:00
1766102400000,0.9102100133895874,0.9119899868965149,0.909820020198822,0.9110400080680847,0,2025-12-19 00:00:00+00:00
1766116800000,0.9110100269317627,0.9113600254058838,0.9094700217247009,0.9108099937438965,0,2025-12-19 04:00:00+00:00
1766131200000,0.9107599854469299,0.9117599725723267,0.9097300171852112,0.911270022392273,0,2025-12-19 08:00:00+00:00
1766145600000,0.9112499952316284,0.9119799733161926,0.9094200134277344,0.9107999801635742,0,2025-12-19 12:00:00+00:00
1766160000000,0.9107800126075745,0.9124900102615356,0.9099299907684326,0.9124299883842468,0,2025-12-19 16:00:00+00:00
1766174400000,0.9123799800872803,0.9127100110054016,0.910830020904541,0.9115599989891052,0,2025-12-19 20:00:00+00:00
1766361600000,0.9117199778556824,0.9139699935913086,0.9109799861907959,0.9134500026702881,0,2025-12-22 00:00:00+00:00
1766376000000,0.9134200215339661,0.9151600003242493,0.9125800132751465,0.9149199724197388,0,2025-12-22 04:00:00+00:00
1766390400000,0.914929986000061,0.9149900078773499,0.913100004196167,0.9144999980926514,0,2025-12-22 08:00:00+00:00
1766404800000,0.9144799709320068,0.9153000116348267,0.9131399989128113,0.9147300124168396,0,2025-12-22 12:00:00+00:00
1766419200000,0.9147300124168396,0.9150300025939941,0.913129985332489,0.9146599769592285,0,2025-12-22 16:00:00+00:00
1766433600000,0.914650022983551,0.9155899882316589,0.9136999845504761,0.9151099920272827,0,2025-12-22 20:00:00+00:00
1766448000000,0.9150599837303162,0.9158999919891357,0.9140200018882751,0.9156699776649475,0,2025-12-23 00:00:00+00:00
1766462400000,0.91566002368927,0.9169700145721436,0.9146199822425842,0.9166100025177002,0,2025-12-23 04:00:00+00:00
1766476800000,0.9166100025177002,0.9177200198173523,0.915690004825592,0.9170500040054321,0,2025-12-23 08:00:00+00:00
1766491200000,0.9170600175857544,0.917460024356842,0.9148799777030945,0.917140007019043,0,2025-12-23 12:00:00+00:00
1766505600000,0.9170699715614319,0.9178299903869629,0.9159500002861023,0.9170600175857544,0,2025-12-23 16:00:00+00:00
1766520000000,0.9170500040054321,0.917460024356842,0.9159299731254578,0.9170899987220764,0,2025-12-23 20:00:00+00:00
1766534400000,0.9171000123023987,0.9180300235748291,0.9158700108528137,0.9170399904251099,0,2025-12-24 00:00:00+00:00
1766548800000,0.9170299768447876,0.9186800122261047,0.9160100221633911,0.9182900190353394,0,2025-12-24 04:00:00+00:00
1766563200000,0.9182999730110168,0.9186199903488159,0.9162700176239014,0.917169988155365,0,2025-12-24 08:00:00+00:00
1766577600000,0.9171500205993652,0.91771000623703,0.9157500267028809,0.9173399806022644,0,2025-12-24 12:00:00+00:00
1766592000000,0.9172700047492981,0.9176200032234192,0.9154199957847595,0.9168699979782104,0,2025-12-24 16:00:00+00:00
1766606400000,0.9168699979782104,0.9170299768447876,0.915440022945404,0.9162899851799011,0,2025-12-24 20:00:00+00:00
1766620800000,0.9161800146102905,0.9170600175857544,0.9150300025939941,0.9165300130844116,0,2025-12-25 00:00:00+00:00
1766635200000,0.9163600206375122,0.9173099994659424,0.9152600169181824,0.9166200160980225,0,2025-12-25 04:00:00+00:00
1766649600000,0.9165599942207336,0.9166200160980225,0.9145699739456177,0.9154599905014038,0,2025-12-25 08:00:00+00:00
1766664000000,0.9154599905014038,0.9154599905014038,0.9154599905014038,0.9154599905014038,0,2025-12-25 12:00:00+00:00
1766678400000,0.9154599905014038,0.91566002368927,0.9153900146484375,0.91566002368927,0,2025-12-25 16:00:00+00:00
1766692800000,0.9159799814224243,0.916920006275177,0.9153000116348267,0.9165899753570557,0,2025-12-25 20:00:00+00:00
1766707200000,0.9166200160980225,0.9183700084686279,0.9160000085830688,0.9172800183296204,0,2025-12-26 00:00:00+00:00
1766721600000,0.9172700047492981,0.9178400039672852,0.9151999950408936,0.9164299964904785,0,2025-12-26 04:00:00+00:00
1766736000000,0.9164299964904785,0.9172999858856201,0.9151700139045715,0.9170500040054321,0,2025-12-26 08:00:00+00:00
1766750400000,0.9170500040054321,0.9176899790763855,0.9158599972724915,0.9170500040054321,0,2025-12-26 12:00:00+00:00
1766764800000,0.9170100092887878,0.9175500273704529,0.9155600070953369,0.9173600077629089,0,2025-12-26 16:00:00+00:00
1766779200000,0.9174000024795532,0.9180899858474731,0.9163399934768677,0.917140007019043,0,2025-12-26 20:00:00+00:00
1766966400000,0.9175999760627747,0.9188200235366821,0.9167400002479553,0.9185500144958496,0,2025-12-29 00:00:00+00:00
1766980800000,0.9185000061988831,0.9193999767303467,0.9168400168418884,0.9185400009155273,0,2025-12-29 04:00:00+00:00
1766995200000,0.9185900092124939,0.9186400175094604,0.9152500033378601,0.9167699813842773,0,2025-12-29 08:00:00+00:00
1767009600000,0.9167199730873108,0.9168599843978882,0.914080023765564,0.9151700139045715,0,2025-12-29 12:00:00+00:00
1767024000000,0.9152200222015381,0.9163600206375122,0.9138100147247314,0.916159987449646,0,2025-12-29 16:00:00+00:00
1767038400000,0.9161999821662903,0.9165999889373779,0.9148100018501282,0.9162099957466125,0,2025-12-29 20:00:00+00:00
1767052800000,0.9162300229072571,0.917930006980896,0.9152500033378601,0.9176899790763855,0,2025-12-30 00:00:00+00:00
1767067200000,0.9177500009536743,0.9190599918365479,0.9168300032615662,0.917460024356842,0,2025-12-30 04:00:00+00:00
1767081600000,0.917460024356842,0.9183499813079834,0.9163699746131897,0.9176599979400635,0,2025-12-30 08:00:00+00:00
1767096000000,0.9177299737930298,0.9184600114822388,0.9156799912452698,0.9166399836540222,0,2025-12-30 12:00:00+00:00
1767110400000,0.9166399836540222,0.9173099994659424,0.9154099822044373,0.9168999791145325,0,2025-12-30 16:00:00+00:00
1767124800000,0.9169099926948547,0.9172099828720093,0.9157299995422363,0.916920006275177,0,2025-12-30 20:00:00+00:00
1767139200000,0.9168300032615662,0.9174399971961975,0.9156399965286255,0.9170100092887878,0,2025-12-31 00:00:00+00:00
1767153600000,0.9168599843978882,0.9171000123023987,0.9151700139045715,0.9163600206375122,0,2025-12-31 04:00:00+00:00
1767168000000,0.9162899851799011,0.9164699912071228,0.9144700169563293,0.9160799980163574,0,2025-12-31 08:00:00+00:00
1767182400000,0.9160000085830688,0.9162399768829346,0.9130499958992004,0.9138500094413757,0,2025-12-31 12:00:00+00:00
1767196800000,0.9138000011444092,0.9157099723815918,0.9131399989128113,0.9152500033378601,0,2025-12-31 16:00:00+00:00
1767211200000,0.9152500033378601,0.9158899784088135,0.9141600131988525,0.9147700071334839,0,2025-12-31 20:00:00+00:00
1767225600000,0.9147700071334839,0.9148799777030945,0.9147700071334839,0.9147700071334839,0,2026-01-01 00:00:00+00:00
1767240000000,0.9147700071334839,0.9147700071334839,0.9147700071334839,0.9147700071334839,0,2026-01-01 04:00:00+00:00
1767254400000,0.9147700071334839,0.9147700071334839,0.9147700071334839,0.9147700071334839,0,2026-01-01 08:00:00+00:00
1767268800000,0.9147700071334839,0.9147700071334839,0.9147700071334839,0.9147700071334839,0,2026-01-01 12:00:00+00:00
1767283200000,0.9147700071334839,0.9147700071334839,0.9147700071334839,0.9147700071334839,0,2026-01-01 16:00:00+00:00
1767297600000,0.9141799807548523,0.9162399768829346,0.9141799807548523,0.9159700274467468,0,2026-01-01 20:00:00+00:00
1767312000000,0.9160000085830688,0.9185500144958496,0.9150300025939941,0.918179988861084,0,2026-01-02 00:00:00+00:00
1767326400000,0.918179988861084,0.9188799858093262,0.916100025177002,0.9174000024795532,0,2026-01-02 04:00:00+00:00
1767340800000,0.9173700213432312,0.919730007648468,0.9166899919509888,0.9183200001716614,0,2026-01-02 08:00:00+00:00
1767355200000,0.9182999730110168,0.9200000166893005,0.9166899919509888,0.9176999926567078,0,2026-01-02 12:00:00+00:00
1767369600000,0.9177200198173523,0.9187099933624268,0.9168400168418884,0.918470025062561,0,2026-01-02 16:00:00+00:00
1767384000000,0.9185299873352051,0.9196500182151794,0.9176300168037415,0.9179199934005737,0,2026-01-02 20:00:00+00:00
1767571200000,0.9186699986457825,0.9193599820137024,0.9165999889373779,0.9183800220489502,0,2026-01-05 00:00:00+00:00
1767585600000,0.9183599948883057,0.9199399948120117,0.9173499941825867,0.9198499917984009,0,2026-01-05 04:00:00+00:00
1767600000000,0.9198099970817566,0.9206500053405762,0.9181699752807617,0.9200900197029114,0,2026-01-05 08:00:00+00:00
1767614400000,0.9200999736785889,0.9228699803352356,0.9186800122261047,0.9221500158309937,0,2026-01-05 12:00:00+00:00
1767628800000,0.9221400022506714,0.9242799878120422,0.9213399887084961,0.9238200187683105,0,2026-01-05 16:00:00+00:00
1767643200000,0.9237899780273438,0.9247900247573853,0.922980010509491,0.9245100021362305,0,2026-01-05 20:00:00+00:00
1767657600000,0.9244999885559082,0.9253900051116943,0.9223300218582153,0.92535001039505,0,2026-01-06 00:00:00+00:00
1767672000000,0.9252899885177612,0.9270099997520447,0.9243699908256531,0.9263100028038025,0,2026-01-06 04:00:00+00:00
1767686400000,0.9262700080871582,0.9264199733734131,0.9233599901199341,0.9249699711799622,0,2026-01-06 08:00:00+00:00
1767700800000,0.925000011920929,0.9277099967002869,0.9240599870681763,0.9276599884033203,0,2026-01-06 12:00:00+00:00
1767715200000,0.9276900291442871,0.9297400116920471,0.926639974117279,0.9292700290679932,0,2026-01-06 16:00:00+00:00
1767729600000,0.9292899966239929,0.931190013885498,0.9283699989318848,0.9304100275039673,0,2026-01-06 20:00:00+00:00
1767744000000,0.9303699731826782,0.9337000250816345,0.9281399846076965,0.9334099888801575,0,2026-01-07 00:00:00+00:00
1767758400000,0.9334400296211243,0.934499979019165,0.9305300116539001,0.9316999912261963,0,2026-01-07 04:00:00+00:00
1767772800000,0.9317100048065186,0.9317899942398071,0.9291200041770935,0.9302700161933899,0,2026-01-07 08:00:00+00:00
1767787200000,0.9302700161933899,0.9307600259780884,0.9277300238609314,0.9291300177574158,0,2026-01-07 12:00:00+00:00
1767801600000,0.9291300177574158,0.9316499829292297,0.9282600283622742,0.9313799738883972,0,2026-01-07 16:00:00+00:00
1767816000000,0.9314200282096863,0.9317100048065186,0.9300000071525574,0.9313399791717529,0,2026-01-07 20:00:00+00:00
1767830400000,0.9313300251960754,0.9322599768638611,0.9289799928665161,0.9303299784660339,0,2026-01-08 00:00:00+00:00
1767844800000,0.9302600026130676,0.9305300116539001,0.9276900291442871,0.9291899800300598,0,2026-01-08 04:00:00+00:00
1767859200000,0.9291899800300598,0.930620014667511,0.9276000261306763,0.9284200072288513,0,2026-01-08 08:00:00+00:00
1767873600000,0.9284200072288513,0.9285699725151062,0.9258700013160706,0.9281100034713745,0,2026-01-08 12:00:00+00:00
1767888000000,0.9281200170516968,0.9285899996757507,0.9265300035476685,0.928059995174408,0,2026-01-08 16:00:00+00:00
1767902400000,0.9280099868774414,0.9293000102043152,0.9271100163459778,0.9277300238609314,0,2026-01-08 20:00:00+00:00
1767916800000,0.928629994392395,0.9290500283241272,0.9267799854278564,0.9284200072288513,0,2026-01-09 00:00:00+00:00
1767931200000,0.9283999800682068,0.9290500283241272,0.9257500171661377,0.926609992980957,0,2026-01-09 04:00:00+00:00
1767945600000,0.926609992980957,0.9273399710655212,0.9253799915313721,0.9268900156021118,0,2026-01-09 08:00:00+00:00
1767960000000,0.9268800020217896,0.9295899868011475,0.9251300096511841,0.9279000163078308,0,2026-01-09 12:00:00+00:00
1767974400000,0.9278900027275085,0.9300900101661682,0.9267399907112122,0.9299899935722351,0,2026-01-09 16:00:00+00:00
1767988800000,0.9299899935722351,0.9308099746704102,0.9292700290679932,0.9294000267982483,0,2026-01-09 20:00:00+00:00
1768176000000,0.9300600290298462,0.9312599897384644,0.9290400147438049,0.930649995803833,0,2026-01-12 00:00:00+00:00
1768190400000,0.930649995803833,0.930899977684021,0.9291700124740601,0.9304100275039673,0,2026-01-12 04:00:00+00:00
1768204800000,0.9303600192070007,0.9313300251960754,0.928879976272583,0.9306600093841553,0,2026-01-12 08:00:00+00:00
1768219200000,0.9306100010871887,0.9322800040245056,0.9296500086784363,0.9321500062942505,0,2026-01-12 12:00:00+00:00
1768233600000,0.9321600198745728,0.9323999881744385,0.9301599860191345,0.9312099814414978,0,2026-01-12 16:00:00+00:00
1768248000000,0.9312599897384644,0.931850016117096,0.9297599792480469,0.9306899905204773,0,2026-01-12 20:00:00+00:00
1768262400000,0.9307199716567993,0.9317600131034851,0.9297400116920471,0.9307500123977661,0,2026-01-13 00:00:00+00:00
1768276800000,0.9307299852371216,0.9309200048446655,0.9293400049209595,0.9303600192070007,0,2026-01-13 04:00:00+00:00
1768291200000,0.9303299784660339,0.9308199882507324,0.9287599921226501,0.9301699995994568,0,2026-01-13 08:00:00+00:00
1768305600000,0.9302099943161011,0.9321500062942505,0.9267399907112122,0.9280300140380859,0,2026-01-13 12:00:00+00:00
1768320000000,0.9279699921607971,0.928659975528717,0.9262599945068359,0.9277600049972534,0,2026-01-13 16:00:00+00:00
1768334400000,0.9277399778366089,0.9286999702453613,0.9264600276947021,0.9279500246047974,0,2026-01-13 20:00:00+00:00
1768348800000,0.9279099702835083,0.930180013179779,0.9269099831581116,0.9301199913024902,0,2026-01-14 00:00:00+00:00
1768363200000,0.9300600290298462,0.9303399920463562,0.9285299777984619,0.9295600056648254,0,2026-01-14 04:00:00+00:00
1768377600000,0.9295300245285034,0.9301900267601013,0.9265699982643127,0.9274600148200989,0,2026-01-14 08:00:00+00:00
1768392000000,0.9274600148200989,0.9280700087547302,0.9252600073814392,0.9275500178337097,0,2026-01-14 12:00:00+00:00
1768406400000,0.9275299906730652,0.9277999997138977,0.9252499938011169,0.926609992980957,0,2026-01-14 16:00:00+00:00
1768420800000,0.9266499876976013,0.9281899929046631,0.9256600141525269,0.9276099801063538,0,2026-01-14 20:00:00+00:00
1768435200000,0.9276700019836426,0.928600013256073,0.9256600141525269,0.9270300269126892,0,2026-01-15 00:00:00+00:00
1768449600000,0.9269800186157227,0.9290099740028381,0.9262099862098694,0.9286999702453613,0,2026-01-15 04:00:00+00:00
1768464000000,0.9286900162696838,0.9313700199127197,0.9277799725532532,0.9307199716567993,0,2026-01-15 08:00:00+00:00
1768478400000,0.9307100176811218,0.930840015411377,0.9277899861335754,0.9304999709129333,0,2026-01-15 12:00:00+00:00
1768492800000,0.9304699897766113,0.9320700168609619,0.9298200011253357,0.9309099912643433,0,2026-01-15 16:00:00+00:00
1768507200000,0.930869996547699,0.9309599995613098,0.9291700124740601,0.9307799935340881,0,2026-01-15 20:00:00+00:00
1768521600000,0.9306899905204773,0.9314500093460083,0.9294300079345703,0.9308500289916992,0,2026-01-16 00:00:00+00:00
1768536000000,0.9308599829673767,0.9314200282096863,0.9294099807739258,0.930899977684021,0,2026-01-16 04:00:00+00:00
1768550400000,0.9308900237083435,0.9320099949836731,0.9300299882888794,0.9309200048446655,0,2026-01-16 08:00:00+00:00
1768564800000,0.9309499859809875,0.9312999844551086,0.9277200102806091,0.9293599724769592,0,2026-01-16 12:00:00+00:00
1768579200000,0.9293599724769592,0.9308599829673767,0.9281799793243408,0.9301300048828125,0,2026-01-16 16:00:00+00:00
1768593600000,0.9301000237464905,0.930400013923645,0.9287099838256836,0.9287099838256836,0,2026-01-16 20:00:00+00:00
1768780800000,0.9295799732208252,0.9300400018692017,0.9275500178337097,0.9293699860572815,0,2026-01-19 00:00:00+00:00
1768795200000,0.9293400049209595,0.9307000041007996,0.9283999800682068,0.9296200275421143,0,2026-01-19 04:00:00+00:00
1768809600000,0.929639995098114,0.9310500025749207,0.9286199808120728,0.9309399724006653,0,2026-01-19 08:00:00+00:00
1768824000000,0.9309399724006653,0.9312199950218201,0.9292799830436707,0.9304500222206116,0,2026-01-19 12:00:00+00:00
1768838400000,0.9304500222206116,0.9313099980354309,0.9294400215148926,0.9310500025749207,0,2026-01-19 16:00:00+00:00
1768852800000,0.9310500025749207,0.9313600063323975,0.9292600154876709,0.9308199882507324,0,2026-01-19 20:00:00+00:00
1768867200000,0.9307699799537659,0.9322800040245056,0.9296000003814697,0.931879997253418,0,2026-01-20 00:00:00+00:00
1768881600000,0.931879997253418,0.9337300062179565,0.9311000108718872,0.9330199956893921,0,2026-01-20 04:00:00+00:00
1768896000000,0.9330499768257141,0.9333699941635132,0.9289000034332275,0.930649995803833,0,2026-01-20 08:00:00+00:00
1768910400000,0.930649995803833,0.9323300123214722,0.9292100071907043,0.9322699904441833,0,2026-01-20 12:00:00+00:00
1768924800000,0.9322699904441833,0.9326300024986267,0.9301199913024902,0.9312999844551086,0,2026-01-20 16:00:00+00:00
1768939200000,0.9312999844551086,0.9324399828910828,0.9301999807357788,0.9310200214385986,0,2026-01-20 20:00:00+00:00
1768953600000,0.9310100078582764,0.9322999715805054,0.9302600026130676,0.9314000010490417,0,2026-01-21 00:00:00+00:00
1768968000000,0.9313300251960754,0.9344000220298767,0.9301400184631348,0.9339600205421448,0,2026-01-21 04:00:00+00:00
1768982400000,0.9338899850845337,0.934719979763031,0.932129979133606,0.9333800077438354,0,2026-01-21 08:00:00+00:00
1768996800000,0.933430016040802,0.935230016708374,0.9323300123214722,0.9340900182723999,0,2026-01-21 12:00:00+00:00
1769011200000,0.9340900182723999,0.9353799819946289,0.9327499866485596,0.9353100061416626,0,2026-01-21 16:00:00+00:00
1769025600000,0.9352899789810181,0.9358299970626831,0.9338099956512451,0.9348099827766418,0,2026-01-21 20:00:00+00:00
1769040000000,0.9348000288009644,0.9406599998474121,0.9342700242996216,0.9405199885368347,0,2026-01-22 00:00:00+00:00
1769054400000,0.9405099749565125,0.9411200284957886,0.9387699961662292,0.9400699734687805,0,2026-01-22 04:00:00+00:00
1769068800000,0.940060019493103,0.9406800270080566,0.9388399720191956,0.9403899908065796,0,2026-01-22 08:00:00+00:00
1769083200000,0.9404000043869019,0.9419500231742859,0.9390400052070618,0.9418699741363525,0,2026-01-22 12:00:00+00:00
1769097600000,0.9418699741363525,0.9434499740600586,0.9410600066184998,0.9430999755859375,0,2026-01-22 16:00:00+00:00
1769112000000,0.9430999755859375,0.9433000087738037,0.941569983959198,0.9426500201225281,0,2026-01-22 20:00:00+00:00
1769126400000,0.9426100254058838,0.9445400238037109,0.9419500231742859,0.9438499808311462,0,2026-01-23 00:00:00+00:00
1769140800000,0.9437999725341797,0.9450899958610535,0.942520022392273,0.9437699913978577,0,2026-01-23 04:00:00+00:00
1769155200000,0.9438199996948242,0.9444100260734558,0.9417700171470642,0.9440600275993347,0,2026-01-23 08:00:00+00:00
1769169600000,0.9440000057220459,0.945169985294342,0.9419500231742859,0.9437800049781799,0,2026-01-23 12:00:00+00:00
1769184000000,0.9438300132751465,0.9443600177764893,0.942579984664917,0.9438199996948242,0,2026-01-23 16:00:00+00:00
1769198400000,0.9438199996948242,0.9452099800109863,0.9426299929618835,0.9437900185585022,0,2026-01-23 20:00:00+00:00
1769385600000,0.9471499919891357,0.9475299715995789,0.9449399709701538,0.9459400177001953,0,2026-01-26 00:00:00+00:00
1769400000000,0.9459699988365173,0.9467200040817261,0.9445199966430664,0.9463800191879272,0,2026-01-26 04:00:00+00:00
1769414400000,0.9463800191879272,0.9475100040435791,0.9452700018882751,0.9470199942588806,0,2026-01-26 08:00:00+00:00
1769428800000,0.9470199942588806,0.9498999714851379,0.9458600282669067,0.9491599798202515,0,2026-01-26 12:00:00+00:00
1769443200000,0.9491400122642517,0.9509699940681458,0.9473099708557129,0.948889970779419,0,2026-01-26 16:00:00+00:00
1769457600000,0.948889970779419,0.9490100145339966,0.9460899829864502,0.9480000138282776,0,2026-01-26 20:00:00+00:00
1769472000000,0.9480100274085999,0.9497900009155273,0.9464899897575378,0.9490100145339966,0,2026-01-27 00:00:00+00:00
1769486400000,0.9489499926567078,0.9503099918365479,0.9477199912071228,0.9495700001716614,0,2026-01-27 04:00:00+00:00
1769500800000,0.9495199918746948,0.9501299858093262,0.947160005569458,0.9499499797821045,0,2026-01-27 08:00:00+00:00
1769515200000,0.9499899744987488,0.9509400129318237,0.9470000267028809,0.9478899836540222,0,2026-01-27 12:00:00+00:00
1769529600000,0.9479100108146667,0.9503600001335144,0.9470400214195251,0.9502000212669373,0,2026-01-27 16:00:00+00:00
1769544000000,0.9501799941062927,0.9523699879646301,0.9491699934005737,0.9509599804878235,0,2026-01-27 20:00:00+00:00
1769558400000,0.9509199857711792,0.9545800089836121,0.9494400024414062,0.9505900144577026,0,2026-01-28 00:00:00+00:00
1769572800000,0.9506099820137024,0.9524999856948853,0.9491199851036072,0.9505900144577026,0,2026-01-28 04:00:00+00:00
1769587200000,0.9506400227546692,0.9510999917984009,0.9475100040435791,0.9502999782562256,0,2026-01-28 08:00:00+00:00
1769601600000,0.9503200054168701,0.9503899812698364,0.9460300207138062,0.9489099979400635,0,2026-01-28 12:00:00+00:00
1769616000000,0.948889970779419,0.9515699744224548,0.9477199912071228,0.9510200023651123,0,2026-01-28 16:00:00+00:00
1769630400000,0.9510800242424011,0.9548100233078003,0.9502800107002258,0.952489972114563,0,2026-01-28 20:00:00+00:00
1769644800000,0.95278000831604,0.9570199847221375,0.9503899812698364,0.9569399952888489,0,2026-01-29 00:00:00+00:00
1769659200000,0.9568600058555603,0.9589999914169312,0.9547100067138672,0.9560700058937073,0,2026-01-29 04:00:00+00:00
1769673600000,0.9560400247573853,0.9565500020980835,0.9520800113677979,0.95346999168396,0,2026-01-29 08:00:00+00:00
1769688000000,0.9534299969673157,0.9560999870300293,0.9445400238037109,0.9456200003623962,0,2026-01-29 12:00:00+00:00
1769702400000,0.945609986782074,0.9502000212669373,0.9455400109291077,0.9482300281524658,0,2026-01-29 16:00:00+00:00
1769716800000,0.9482300281524658,0.951449990272522,0.9475700259208679,0.950689971446991,0,2026-01-29 20:00:00+00:00
1769731200000,0.950659990310669,0.9510800242424011,0.9439100027084351,0.945900022983551,0,2026-01-30 00:00:00+00:00
1769745600000,0.9459999799728394,0.9470999836921692,0.9437199831008911,0.9456400275230408,0,2026-01-30 04:00:00+00:00
1769760000000,0.945609986782074,0.9486299753189087,0.9434599876403809,0.9484300017356873,0,2026-01-30 08:00:00+00:00
1769774400000,0.9484599828720093,0.9494400024414062,0.9459999799728394,0.9474599957466125,0,2026-01-30 12:00:00+00:00
1770048000000,0.9500899910926819,0.9505299925804138,0.9487599730491638,0.9502900242805481,0,2026-02-02 16:00:00+00:00
1770062400000,0.9503399729728699,0.9512400031089783,0.9490399956703186,0.9509699940681458,0,2026-02-02 20:00:00+00:00
1770076800000,0.951200008392334,0.9594100117683411,0.9502099752426147,0.9589499831199646,0,2026-02-03 00:00:00+00:00
1770091200000,0.9589300155639648,0.9625099897384644,0.9560499787330627,0.961650013923645,0,2026-02-03 04:00:00+00:00
1770105600000,0.9617000222206116,0.9622700214385986,0.9564899802207947,0.9572399854660034,0,2026-02-03 08:00:00+00:00
1770120000000,0.9572799801826477,0.9580100178718567,0.9539300203323364,0.9574800133705139,0,2026-02-03 12:00:00+00:00
1770134400000,0.9574400186538696,0.9581900238990784,0.9541100263595581,0.9564200043678284,0,2026-02-03 16:00:00+00:00
1770148800000,0.9564599990844727,0.9582099914550781,0.9550099968910217,0.9577800035476685,0,2026-02-03 20:00:00+00:00
1770163200000,0.9577999711036682,0.9592900276184082,0.9563800096511841,0.957830011844635,0,2026-02-04 00:00:00+00:00
1770177600000,0.957830011844635,0.9592400193214417,0.9567300081253052,0.9589999914169312,0,2026-02-04 04:00:00+00:00
1770192000000,0.9589999914169312,0.959909975528717,0.9564899802207947,0.959309995174408,0,2026-02-04 08:00:00+00:00
1770206400000,0.959309995174408,0.9601100087165833,0.9559800028800964,0.9566799998283386,0,2026-02-04 12:00:00+00:00
1770220800000,0.9567199945449829,0.9568099975585938,0.9527699947357178,0.9564099907875061,0,2026-02-04 16:00:00+00:00
1770235200000,0.9564099907875061,0.9567199945449829,0.9544500112533569,0.9558799862861633,0,2026-02-04 20:00:00+00:00
1770249600000,0.9559999704360962,0.9572299718856812,0.9516800045967102,0.9529899954795837,0,2026-02-05 00:00:00+00:00
1770264000000,0.9529100060462952,0.955269992351532,0.9520800113677979,0.9546599984169006,0,2026-02-05 04:00:00+00:00
1770278400000,0.9546300172805786,0.9561300277709961,0.9529500007629395,0.9550700187683105,0,2026-02-05 08:00:00+00:00
1770292800000,0.9550399780273438,0.9555100202560425,0.948419988155365,0.9512900114059448,0,2026-02-05 12:00:00+00:00
1770307200000,0.9512699842453003,0.9537799954414368,0.9502500295639038,0.9520099759101868,0,2026-02-05 16:00:00+00:00
1770321600000,0.9520099759101868,0.9528099894523621,0.9471099972724915,0.9481800198554993,0,2026-02-05 20:00:00+00:00
1770336000000,0.9481800198554993,0.9512199759483337,0.9456400275230408,0.9509599804878235,0,2026-02-06 00:00:00+00:00
1770350400000,0.9508900046348572,0.9529600143432617,0.9495599865913391,0.952530026435852,0,2026-02-06 04:00:00+00:00
1770364800000,0.9520300030708313,0.9556400179862976,0.95100998878479,0.9553599953651428,0,2026-02-06 08:00:00+00:00
1770379200000,0.9553599953651428,0.9560999870300293,0.9533600211143494,0.9552500247955322,0,2026-02-06 12:00:00+00:00
1770393600000,0.9552000164985657,0.9584599733352661,0.9544199705123901,0.9582599997520447,0,2026-02-06 16:00:00+00:00
1770408000000,0.9582800269126892,0.9593300223350525,0.957319974899292,0.9584000110626221,0,2026-02-06 20:00:00+00:00
1770595200000,0.960889995098114,0.9609299898147583,0.9573900103569031,0.959309995174408,0,2026-02-09 00:00:00+00:00
1770609600000,0.9592900276184082,0.9606000185012817,0.958050012588501,0.9594100117683411,0,2026-02-09 04:00:00+00:00
1770624000000,0.9592999815940857,0.9605000019073486,0.9567599892616272,0.9591699838638306,0,2026-02-09 08:00:00+00:00
1770638400000,0.9591799974441528,0.9627199769020081,0.9577599763870239,0.9619600176811218,0,2026-02-09 12:00:00+00:00
1770652800000,0.9619600176811218,0.9623200297355652,0.9605399966239929,0.9621999859809875,0,2026-02-09 16:00:00+00:00
1770667200000,0.9621899724006653,0.9622600078582764,0.959850013256073,0.9606299996376038,0,2026-02-09 20:00:00+00:00
1770681600000,0.9604799747467041,0.9610400199890137,0.9579499959945679,0.9588900208473206,0,2026-02-10 00:00:00+00:00
1770696000000,0.958869993686676,0.9592999815940857,0.9570800065994263,0.9588299989700317,0,2026-02-10 04:00:00+00:00
1770710400000,0.9588000178337097,0.9599999785423279,0.9579700231552124,0.959309995174408,0,2026-02-10 08:00:00+00:00
1770724800000,0.9592999815940857,0.9600300192832947,0.956570029258728,0.9581599831581116,0,2026-02-10 12:00:00+00:00
1770739200000,0.9581400156021118,0.9589599967002869,0.9558200240135193,0.9586399793624878,0,2026-02-10 16:00:00+00:00
1770753600000,0.9585999846458435,0.9595500230789185,0.9564499855041504,0.9586099982261658,0,2026-02-10 20:00:00+00:00
1770768000000,0.9585999846458435,0.9638000130653381,0.9577800035476685,0.9632999897003174,0,2026-02-11 00:00:00+00:00
1770782400000,0.9632999897003174,0.9635400176048279,0.9597300291061401,0.9610700011253357,0,2026-02-11 04:00:00+00:00
1770796800000,0.9610099792480469,0.9637399911880493,0.9595000147819519,0.9626200199127197,0,2026-02-11 08:00:00+00:00
1770811200000,0.9626100063323975,0.968209981918335,0.9617699980735779,0.9670100212097168,0,2026-02-11 12:00:00+00:00
1770825600000,0.9670600295066833,0.9682499766349792,0.9657099843025208,0.9670900106430054,0,2026-02-11 16:00:00+00:00
1770840000000,0.9670900106430054,0.9678900241851807,0.9654800295829773,0.9671300053596497,0,2026-02-11 20:00:00+00:00
1770854400000,0.9669600129127502,0.9695900082588196,0.9660800099372864,0.9674500226974487,0,2026-02-12 00:00:00+00:00
1770868800000,0.9674400091171265,0.9682700037956238,0.9651100039482117,0.966480016708374,0,2026-02-12 04:00:00+00:00
1770883200000,0.966480016708374,0.9669899940490723,0.9644899964332581,0.9662600159645081,0,2026-02-12 08:00:00+00:00
1770897600000,0.9662500023841858,0.9698200225830078,0.9655399918556213,0.9697800278663635,0,2026-02-12 12:00:00+00:00
1770912000000,0.9697700142860413,0.9698299765586853,0.9640100002288818,0.9656199812889099,0,2026-02-12 16:00:00+00:00
1770926400000,0.9655799865722656,0.9658899903297424,0.9633899927139282,0.9647300243377686,0,2026-02-12 20:00:00+00:00
1770940800000,0.9647200107574463,0.9660999774932861,0.9630299806594849,0.9644899964332581,0,2026-02-13 00:00:00+00:00
1770955200000,0.9645100235939026,0.9653800129890442,0.9601899981498718,0.9619200229644775,0,2026-02-13 04:00:00+00:00
1770969600000,0.9619100093841553,0.9627000093460083,0.9590700268745422,0.9602000117301941,0,2026-02-13 08:00:00+00:00
1770984000000,0.9602199792861938,0.9637200236320496,0.9591799974441528,0.9625300168991089,0,2026-02-13 12:00:00+00:00
1770998400000,0.9624999761581421,0.9637699723243713,0.9609699845314026,0.9631500244140625,0,2026-02-13 16:00:00+00:00
1771012800000,0.9631500244140625,0.9639599919319153,0.9616199731826782,0.9624699950218201,0,2026-02-13 20:00:00+00:00
1771200000000,0.9628099799156189,0.9646700024604797,0.9617099761962891,0.9642199873924255,0,2026-02-16 00:00:00+00:00
1771214400000,0.964169979095459,0.9653900265693665,0.9631999731063843,0.964389979839325,0,2026-02-16 04:00:00+00:00
1771228800000,0.9644299745559692,0.9655399918556213,0.9631800055503845,0.9648600220680237,0,2026-02-16 08:00:00+00:00
1771243200000,0.9648600220680237,0.9657400250434875,0.962369978427887,0.9632800221443176,0,2026-02-16 12:00:00+00:00
1771257600000,0.9632800221443176,0.9648299813270569,0.9624000191688538,0.9646099805831909,0,2026-02-16 16:00:00+00:00
1771272000000,0.9646099805831909,0.9648000001907349,0.9627100229263306,0.9643300175666809,0,2026-02-16 20:00:00+00:00
1771286400000,0.9643099904060364,0.9647700190544128,0.9607499837875366,0.9624300003051758,0,2026-02-17 00:00:00+00:00
1771300800000,0.9624800086021423,0.964169979095459,0.9615799784660339,0.9640600085258484,0,2026-02-17 04:00:00+00:00
1771315200000,0.9640300273895264,0.9651600122451782,0.9624599814414978,0.9635999798774719,0,2026-02-17 08:00:00+00:00
1771329600000,0.9635300040245056,0.9649199843406677,0.961080014705658,0.9636800289154053,0,2026-02-17 12:00:00+00:00
1771344000000,0.963699996471405,0.9668200016021729,0.9628700017929077,0.9657999873161316,0,2026-02-17 16:00:00+00:00
1771358400000,0.9657400250434875,0.9663699865341187,0.9642000198364258,0.9658399820327759,0,2026-02-17 20:00:00+00:00
1771372800000,0.9657700061798096,0.9662799835205078,0.9633600115776062,0.964900016784668,0,2026-02-18 00:00:00+00:00
1771387200000,0.9649099707603455,0.9659900069236755,0.9637500047683716,0.9659500122070312,0,2026-02-18 04:00:00+00:00
1771401600000,0.9658600091934204,0.9670400023460388,0.9637200236320496,0.9645000100135803,0,2026-02-18 08:00:00+00:00
1771416000000,0.9645000100135803,0.9666699767112732,0.9633499979972839,0.9663900136947632,0,2026-02-18 12:00:00+00:00
1771430400000,0.9663599729537964,0.966759979724884,0.9627799987792969,0.9639000296592712,0,2026-02-18 16:00:00+00:00
1771444800000,0.963890016078949,0.9648900032043457,0.962689995765686,0.9644899964332581,0,2026-02-18 20:00:00+00:00
1771459200000,0.9644200205802917,0.9678300023078918,0.9633200168609619,0.9674100279808044,0,2026-02-19 00:00:00+00:00
1771473600000,0.9673200249671936,0.967960000038147,0.9644899964332581,0.9676200151443481,0,2026-02-19 04:00:00+00:00
1771488000000,0.9676600098609924,0.9684299826622009,0.9631699919700623,0.9645500183105469,0,2026-02-19 08:00:00+00:00
1771502400000,0.9644899964332581,0.9664300084114075,0.9628199934959412,0.9654800295829773,0,2026-02-19 12:00:00+00:00
1771516800000,0.9654800295829773,0.9663000106811523,0.9640300273895264,0.9655200242996216,0,2026-02-19 16:00:00+00:00
1771531200000,0.9655100107192993,0.9664099812507629,0.9638000130653381,0.9656999707221985,0,2026-02-19 20:00:00+00:00
1771545600000,0.9656400084495544,0.9659000039100647,0.9604300260543823,0.9624199867248535,0,2026-02-20 00:00:00+00:00
1771560000000,0.9624199867248535,0.9650700092315674,0.9613500237464905,0.9644500017166138,0,2026-02-20 04:00:00+00:00
1771574400000,0.9644799828529358,0.9668700098991394,0.9634600281715393,0.9643700122833252,0,2026-02-20 08:00:00+00:00
1771588800000,0.9643800258636475,0.969290018081665,0.96315997838974,0.9689599871635437,0,2026-02-20 12:00:00+00:00
1771603200000,0.9689599871635437,0.9698500037193298,0.9666799902915955,0.9689000248908997,0,2026-02-20 16:00:00+00:00
1771617600000,0.9688400030136108,0.9693199992179871,0.967710018157959,0.9680600166320801,0,2026-02-20 20:00:00+00:00
1771804800000,0.9706100225448608,0.9707000255584717,0.9654399752616882,0.9663400053977966,0,2026-02-23 00:00:00+00:00
1771819200000,0.9663299918174744,0.9681699872016907,0.9652900099754333,0.967739999294281,0,2026-02-23 04:00:00+00:00
1771833600000,0.9677199721336365,0.9686899781227112,0.9661300182342529,0.9675999879837036,0,2026-02-23 08:00:00+00:00
1771848000000,0.9675400257110596,0.968280017375946,0.9653699994087219,0.9662899971008301,0,2026-02-23 12:00:00+00:00
1771862400000,0.9662600159645081,0.9674400091171265,0.9644200205802917,0.966189980506897,0,2026-02-23 16:00:00+00:00
1771876800000,0.966189980506897,0.9671800136566162,0.964739978313446,0.9666900038719177,0,2026-02-23 20:00:00+00:00
1771891200000,0.9666699767112732,0.968720018863678,0.9658100008964539,0.9682499766349792,0,2026-02-24 00:00:00+00:00
1771905600000,0.9682400226593018,0.9690399765968323,0.9663599729537964,0.9685099720954895,0,2026-02-24 04:00:00+00:00
1771920000000,0.9684699773788452,0.968720018863678,0.9650300145149231,0.9661700129508972,0,2026-02-24 08:00:00+00:00
1771934400000,0.9661300182342529,0.9678900241851807,0.9634299874305725,0.9671599864959717,0,2026-02-24 12:00:00+00:00
1771948800000,0.967170000076294,0.9686700105667114,0.9662899971008301,0.9673900008201599,0,2026-02-24 16:00:00+00:00
1771963200000,0.9673900008201599,0.9677299857139587,0.965749979019165,0.9670900106430054,0,2026-02-24 20:00:00+00:00
1771977600000,0.9670900106430054,0.9724199771881104,0.9660699963569641,0.9718899726867676,0,2026-02-25 00:00:00+00:00
1771992000000,0.9718700051307678,0.9731699824333191,0.9707900285720825,0.9719099998474121,0,2026-02-25 04:00:00+00:00
1772006400000,0.9719099998474121,0.9723700284957886,0.968500018119812,0.9701099991798401,0,2026-02-25 08:00:00+00:00
1772020800000,0.9700899720191956,0.9726300239562988,0.9690799713134766,0.9724799990653992,0,2026-02-25 12:00:00+00:00
1772035200000,0.9724900126457214,0.9744899868965149,0.9714400172233582,0.9740300178527832,0,2026-02-25 16:00:00+00:00
1772049600000,0.9740599989891052,0.9746800065040588,0.9724900126457214,0.9735199809074402,0,2026-02-25 20:00:00+00:00
1772064000000,0.9734899997711182,0.9750099778175354,0.9717900156974792,0.9737300276756287,0,2026-02-26 00:00:00+00:00
1772078400000,0.9737100005149841,0.9749000072479248,0.9722300171852112,0.9728299975395203,0,2026-02-26 04:00:00+00:00
1772092800000,0.9728299975395203,0.9739199876785278,0.971589982509613,0.9729300141334534,0,2026-02-26 08:00:00+00:00
1772107200000,0.9729200005531311,0.9742500185966492,0.9683700203895569,0.9713299870491028,0,2026-02-26 12:00:00+00:00
1772121600000,0.9712700247764587,0.9726499915122986,0.9682400226593018,0.9723899960517883,0,2026-02-26 16:00:00+00:00
1772136000000,0.9724199771881104,0.9728500247001648,0.9700300097465515,0.9712100028991699,0,2026-02-26 20:00:00+00:00
1772150400000,0.9712399840354919,0.9735000133514404,0.9699100255966187,0.9730499982833862,0,2026-02-27 00:00:00+00:00
1772164800000,0.9730200171470642,0.9744700193405151,0.972000002861023,0.9737200140953064,0,2026-02-27 04:00:00+00:00
1772179200000,0.9736999869346619,0.9742299914360046,0.9704399704933167,0.9716699719429016,0,2026-02-27 08:00:00+00:00
1772193600000,0.9716699719429016,0.972320020198822,0.9690899848937988,0.9717900156974792,0,2026-02-27 12:00:00+00:00
1772208000000,0.971780002117157,0.9721099734306335,0.9684900045394897,0.9697099924087524,0,2026-02-27 16:00:00+00:00
1772222400000,0.9697099924087524,0.9711700081825256,0.9690099954605103,0.9699400067329407,0,2026-02-27 20:00:00+00:00
1772409600000,0.9643399715423584,0.9708300232887268,0.9635000228881836,0.9700499773025513,0,2026-03-02 00:00:00+00:00
1772424000000,0.9700300097465515,0.9704599976539612,0.9623100161552429,0.9638500213623047,0,2026-03-02 04:00:00+00:00
1772438400000,0.963890016078949,0.968209981918335,0.9623900055885315,0.9674199819564819,0,2026-03-02 08:00:00+00:00
1772452800000,0.9674599766731262,0.9694100022315979,0.9634100198745728,0.9670100212097168,0,2026-03-02 12:00:00+00:00
1772467200000,0.9669700264930725,0.9711800217628479,0.9660800099372864,0.9704599976539612,0,2026-03-02 16:00:00+00:00
1772481600000,0.9703999757766724,0.9717000126838684,0.9673100113868713,0.9712299704551697,0,2026-03-02 20:00:00+00:00
1772496000000,0.9709299802780151,0.973039984703064,0.9684500098228455,0.9714999794960022,0,2026-03-03 00:00:00+00:00
1772510400000,0.9715099930763245,0.9720600247383118,0.967170000076294,0.9680500030517578,0,2026-03-03 04:00:00+00:00
1772524800000,0.9680500030517578,0.9685199856758118,0.9607300162315369,0.962689995765686,0,2026-03-03 08:00:00+00:00
1772539200000,0.9627500176429749,0.9640700221061707,0.9538000226020813,0.9584599733352661,0,2026-03-03 12:00:00+00:00
1772553600000,0.9585000276565552,0.9641000032424927,0.9574800133705139,0.9626500010490417,0,2026-03-03 16:00:00+00:00
1772568000000,0.9626299738883972,0.963379979133606,0.9604700207710266,0.9625999927520752,0,2026-03-03 20:00:00+00:00
1772582400000,0.962440013885498,0.9626399874687195,0.9564099907875061,0.9585300087928772,0,2026-03-04 00:00:00+00:00
1772596800000,0.9585300087928772,0.9613500237464905,0.9560099840164185,0.9602400064468384,0,2026-03-04 04:00:00+00:00
1772611200000,0.9601600170135498,0.9655100107192993,0.9585099816322327,0.9632400274276733,0,2026-03-04 08:00:00+00:00
1772625600000,0.9632200002670288,0.9660400152206421,0.9608700275421143,0.9657899737358093,0,2026-03-04 12:00:00+00:00
1772640000000,0.9657800197601318,0.9668300151824951,0.9643399715423584,0.9655900001525879,0,2026-03-04 16:00:00+00:00
1772654400000,0.9655799865722656,0.9656999707221985,0.9639099836349487,0.965179979801178,0,2026-03-04 20:00:00+00:00
1772668800000,0.9651299715042114,0.966189980506897,0.9617599844932556,0.9626500010490417,0,2026-03-05 00:00:00+00:00
1772683200000,0.9626500010490417,0.9630399942398071,0.9588199853897095,0.9596999883651733,0,2026-03-05 04:00:00+00:00
1772697600000,0.9597200155258179,0.963450014591217,0.9577100276947021,0.9607999920845032,0,2026-03-05 08:00:00+00:00
1772712000000,0.9608100056648254,0.9618300199508667,0.9572700262069702,0.959309995174408,0,2026-03-05 12:00:00+00:00
1772726400000,0.959309995174408,0.9598299860954285,0.9546499848365784,0.9557099938392639,0,2026-03-05 16:00:00+00:00
1772740800000,0.9556900262832642,0.9586799740791321,0.9547799825668335,0.9582599997520447,0,2026-03-05 20:00:00+00:00
1772755200000,0.9581599831581116,0.9616100192070007,0.957040011882782,0.9612299799919128,0,2026-03-06 00:00:00+00:00
1772769600000,0.9612299799919128,0.9620500206947327,0.9591400027275085,0.9614099860191345,0,2026-03-06 04:00:00+00:00
1772784000000,0.9614899754524231,0.9615300297737122,0.9547200202941895,0.9556999802589417,0,2026-03-06 08:00:00+00:00
1772798400000,0.9557399749755859,0.9579100012779236,0.9519400000572205,0.9542499780654907,0,2026-03-06 12:00:00+00:00
1772812800000,0.9542499780654907,0.9559400081634521,0.9523699879646301,0.9543300271034241,0,2026-03-06 16:00:00+00:00
1772827200000,0.9543700218200684,0.9547200202941895,0.9521899819374084,0.9528599977493286,0,2026-03-06 20:00:00+00:00
1773014400000,0.9477999806404114,0.9495999813079834,0.9454100131988525,0.9478600025177002,0,2026-03-09 00:00:00+00:00
1773028800000,0.9477800130844116,0.9513700008392334,0.9464799761772156,0.9498400092124939,0,2026-03-09 04:00:00+00:00
1773043200000,0.9498299956321716,0.9532899856567383,0.946690022945404,0.949400007724762,0,2026-03-09 08:00:00+00:00
1773057600000,0.9493499994277954,0.9571599960327148,0.9489700198173523,0.9561399817466736,0,2026-03-09 12:00:00+00:00
1773072000000,0.9561600089073181,0.9609500169754028,0.9545400142669678,0.9600300192832947,0,2026-03-09 16:00:00+00:00
1773086400000,0.9600300192832947,0.961679995059967,0.9586700201034546,0.9602900147438049,0,2026-03-09 20:00:00+00:00
1773100800000,0.9602000117301941,0.9619399905204773,0.9583100080490112,0.9597399830818176,0,2026-03-10 00:00:00+00:00
1773115200000,0.9597200155258179,0.9659299850463867,0.9584900140762329,0.965149998664856,0,2026-03-10 04:00:00+00:00
1773129600000,0.965179979801178,0.9667500257492065,0.9628599882125854,0.9656400084495544,0,2026-03-10 08:00:00+00:00
1773144000000,0.9656400084495544,0.9699500203132629,0.9626100063323975,0.9695500135421753,0,2026-03-10 12:00:00+00:00
1773158400000,0.9695500135421753,0.9726999998092651,0.9654800295829773,0.9667999744415283,0,2026-03-10 16:00:00+00:00
1773172800000,0.9667699933052063,0.9673399925231934,0.9651899933815002,0.9668499827384949,0,2026-03-10 20:00:00+00:00
1773187200000,0.9668700098991394,0.9726700186729431,0.9660300016403198,0.9725000262260437,0,2026-03-11 00:00:00+00:00
1773201600000,0.9724500179290771,0.9739999771118164,0.9703999757766724,0.9715499877929688,0,2026-03-11 04:00:00+00:00
1773216000000,0.9715200066566467,0.9729099869728088,0.9689900279045105,0.9710000157356262,0,2026-03-11 08:00:00+00:00
1773230400000,0.9709799885749817,0.9759600162506104,0.9698200225830078,0.9724299907684326,0,2026-03-11 12:00:00+00:00
1773244800000,0.9724500179290771,0.9729599952697754,0.9691699743270874,0.9720799922943115,0,2026-03-11 16:00:00+00:00
1773259200000,0.9720399975776672,0.9724299907684326,0.9684100151062012,0.9695199728012085,0,2026-03-11 20:00:00+00:00
1773273600000,0.9696099758148193,0.9721800088882446,0.967710018157959,0.9696000218391418,0,2026-03-12 00:00:00+00:00
1773288000000,0.9696199893951416,0.969730019569397,0.9656699895858765,0.9691200256347656,0,2026-03-12 04:00:00+00:00
1773302400000,0.9691200256347656,0.9710500240325928,0.9669600129127502,0.9697999954223633,0,2026-03-12 08:00:00+00:00
1773316800000,0.9698299765586853,0.9700800180435181,0.9628900289535522,0.9652000069618225,0,2026-03-12 12:00:00+00:00
1773331200000,0.9651700258255005,0.9664199948310852,0.9631999731063843,0.964460015296936,0,2026-03-12 16:00:00+00:00
1773345600000,0.9644200205802917,0.9654300212860107,0.9633399844169617,0.9646599888801575,0,2026-03-12 20:00:00+00:00
1773360000000,0.9645199775695801,0.9660300016403198,0.9624099731445312,0.9643300175666809,0,2026-03-13 00:00:00+00:00
1773374400000,0.9642800092697144,0.9644399881362915,0.9584699869155884,0.9597200155258179,0,2026-03-13 04:00:00+00:00
1773388800000,0.9596999883651733,0.9636600017547607,0.9578400254249573,0.9632999897003174,0,2026-03-13 08:00:00+00:00
1773403200000,0.9632899761199951,0.9669899940490723,0.9609400033950806,0.9617900252342224,0,2026-03-13 12:00:00+00:00
1773417600000,0.9617400169372559,0.96288001537323,0.9588099718093872,0.9596499800682068,0,2026-03-13 16:00:00+00:00
1773432000000,0.959659993648529,0.9597499966621399,0.9566900134086609,0.9566900134086609,0,2026-03-13 20:00:00+00:00
1773619200000,0.9604300260543823,0.9620599746704102,0.9587100148200989,0.9612100124359131,0,2026-03-16 00:00:00+00:00
1773633600000,0.9611600041389465,0.9631199836730957,0.9597100019454956,0.9611300230026245,0,2026-03-16 04:00:00+00:00
1773648000000,0.9611600041389465,0.9653300046920776,0.9598600268363953,0.9645599722862244,0,2026-03-16 08:00:00+00:00
1773662400000,0.9645699858665466,0.9664899706840515,0.9635699987411499,0.9652900099754333,0,2026-03-16 12:00:00+00:00
1773676800000,0.9653199911117554,0.9682400226593018,0.9633600115776062,0.9674999713897705,0,2026-03-16 16:00:00+00:00
1773691200000,0.9675099849700928,0.9682300090789795,0.9657599925994873,0.9671599864959717,0,2026-03-16 20:00:00+00:00
1773705600000,0.9671599864959717,0.9704200029373169,0.9644100069999695,0.9670799970626831,0,2026-03-17 00:00:00+00:00
1773720000000,0.9670000076293945,0.9702100157737732,0.9656000137329102,0.9673299789428711,0,2026-03-17 04:00:00+00:00
1773734400000,0.9673299789428711,0.9711999893188477,0.9662500023841858,0.9702399969100952,0,2026-03-17 08:00:00+00:00
1773748800000,0.9702399969100952,0.9748700261116028,0.9691299796104431,0.9730700254440308,0,2026-03-17 12:00:00+00:00
1773763200000,0.9730700254440308,0.9741700291633606,0.9717900156974792,0.973039984703064,0,2026-03-17 16:00:00+00:00
1773777600000,0.9730200171470642,0.9733399748802185,0.9708899855613708,0.9730899930000305,0,2026-03-17 20:00:00+00:00
1773792000000,0.973110020160675,0.9744399785995483,0.9716299772262573,0.9741600155830383,0,2026-03-18 00:00:00+00:00
1773806400000,0.9740899801254272,0.9761199951171875,0.9729599952697754,0.9750300049781799,0,2026-03-18 04:00:00+00:00
1773820800000,0.9750099778175354,0.9751200079917908,0.9704499840736389,0.971809983253479,0,2026-03-18 08:00:00+00:00
1773835200000,0.9717699885368347,0.9718899726867676,0.9657800197601318,0.9692299962043762,0,2026-03-18 12:00:00+00:00
1773849600000,0.9692100286483765,0.9710599780082703,0.9645100235939026,0.9655500054359436,0,2026-03-18 16:00:00+00:00
1773864000000,0.9656299948692322,0.965969979763031,0.963129997253418,0.9648900032043457,0,2026-03-18 20:00:00+00:00
1773878400000,0.9650099873542786,0.9677000045776367,0.9636899828910828,0.9669600129127502,0,2026-03-19 00:00:00+00:00
1773892800000,0.9669600129127502,0.9670900106430054,0.9639999866485596,0.9649400115013123,0,2026-03-19 04:00:00+00:00
1773907200000,0.9649800062179565,0.9697800278663635,0.9641799926757812,0.9671499729156494,0,2026-03-19 08:00:00+00:00
1773921600000,0.9671800136566162,0.9684299826622009,0.9602400064468384,0.9652600288391113,0,2026-03-19 12:00:00+00:00
1773936000000,0.9652699828147888,0.974560022354126,0.9646999835968018,0.9731299877166748,0,2026-03-19 16:00:00+00:00
1773950400000,0.9730899930000305,0.9743599891662598,0.9714000225067139,0.9722800254821777,0,2026-03-19 20:00:00+00:00
1773964800000,0.972540020942688,0.9738699793815613,0.9712499976158142,0.9723600149154663,0,2026-03-20 00:00:00+00:00
1773979200000,0.9723299741744995,0.9741700291633606,0.9712600111961365,0.9729099869728088,0,2026-03-20 04:00:00+00:00
1773993600000,0.9728500247001648,0.9730700254440308,0.9672099947929382,0.9705100059509277,0,2026-03-20 08:00:00+00:00
1774008000000,0.9704399704933167,0.9714999794960022,0.9639999866485596,0.9655699729919434,0,2026-03-20 12:00:00+00:00
1774022400000,0.9655900001525879,0.9670000076293945,0.9600200057029724,0.9625499844551086,0,2026-03-20 16:00:00+00:00
1774036800000,0.9625499844551086,0.9637600183486938,0.9616699814796448,0.9628700017929077,0,2026-03-20 20:00:00+00:00
1774224000000,0.9609799981117249,0.9618200063705444,0.9559199810028076,0.9574099779129028,0,2026-03-23 00:00:00+00:00
1774238400000,0.9574099779129028,0.957859992980957,0.953719973564148,0.95455002784729,0,2026-03-23 04:00:00+00:00
1774252800000,0.9546399712562561,0.9647600054740906,0.9497399926185608,0.9590700268745422,0,2026-03-23 08:00:00+00:00
1774267200000,0.9591100215911865,0.9668400287628174,0.9576500058174133,0.9592700004577637,0,2026-03-23 12:00:00+00:00
1774281600000,0.9592000246047974,0.9641500115394592,0.9576200246810913,0.9620100259780884,0,2026-03-23 16:00:00+00:00
1774296000000,0.9620100259780884,0.9637899994850159,0.9603400230407715,0.9619699716567993,0,2026-03-23 20:00:00+00:00
1774310400000,0.9621099829673767,0.9622399806976318,0.956820011138916,0.958299994468689,0,2026-03-24 00:00:00+00:00
1774324800000,0.9583200216293335,0.9627699851989746,0.9562600255012512,0.9602299928665161,0,2026-03-24 04:00:00+00:00
1774339200000,0.9603099822998047,0.9606199860572815,0.9552299976348877,0.9579200148582458,0,2026-03-24 08:00:00+00:00
1774353600000,0.9579600095748901,0.959850013256073,0.954479992389679,0.958549976348877,0,2026-03-24 12:00:00+00:00
1774368000000,0.9585400223731995,0.9603700041770935,0.9555699825286865,0.9590700268745422,0,2026-03-24 16:00:00+00:00
1774382400000,0.9590299725532532,0.9637399911880493,0.9575999975204468,0.9623100161552429,0,2026-03-24 20:00:00+00:00
1774396800000,0.9622300267219543,0.9630900025367737,0.958840012550354,0.960640013217926,0,2026-03-25 00:00:00+00:00
1774411200000,0.9605900049209595,0.9612799882888794,0.9589400291442871,0.960099995136261,0,2026-03-25 04:00:00+00:00
1774425600000,0.960129976272583,0.9631999731063843,0.9589400291442871,0.9609400033950806,0,2026-03-25 08:00:00+00:00
1774440000000,0.9609799981117249,0.9615600109100342,0.9565500020980835,0.9604600071907043,0,2026-03-25 12:00:00+00:00
1774454400000,0.9603999853134155,0.962119996547699,0.9585300087928772,0.9599900245666504,0,2026-03-25 16:00:00+00:00
1774468800000,0.9599199891090393,0.9600300192832947,0.9577100276947021,0.9588099718093872,0,2026-03-25 20:00:00+00:00
1774483200000,0.9588599801063538,0.9605200290679932,0.9577999711036682,0.9603400230407715,0,2026-03-26 00:00:00+00:00
1774497600000,0.9603300094604492,0.9611899852752686,0.9588199853897095,0.9595199823379517,0,2026-03-26 04:00:00+00:00
1774512000000,0.9594699740409851,0.960319995880127,0.9562199711799622,0.9566500186920166,0,2026-03-26 08:00:00+00:00
1774526400000,0.9566599726676941,0.9580199718475342,0.9539200067520142,0.957069993019104,0,2026-03-26 12:00:00+00:00
1774540800000,0.9570800065994263,0.9574699997901917,0.9520300030708313,0.9527699947357178,0,2026-03-26 16:00:00+00:00
1774555200000,0.9527599811553955,0.9571800231933594,0.9518700242042542,0.9538400173187256,0,2026-03-26 20:00:00+00:00
1774569600000,0.9538699984550476,0.9567400217056274,0.9514899849891663,0.9566699862480164,0,2026-03-27 00:00:00+00:00
1774584000000,0.95660001039505,0.95728999376297,0.9524700045585632,0.9541400074958801,0,2026-03-27 04:00:00+00:00
1774598400000,0.9541800022125244,0.955810010433197,0.9528999924659729,0.9548500180244446,0,2026-03-27 08:00:00+00:00
1774612800000,0.9548500180244446,0.9570500254631042,0.952489972114563,0.9560499787330627,0,2026-03-27 12:00:00+00:00
1774627200000,0.9560199975967407,0.9566500186920166,0.952430009841919,0.954039990901947,0,2026-03-27 16:00:00+00:00
1774641600000,0.9540299773216248,0.9558500051498413,0.9528599977493286,0.9539999961853027,0,2026-03-27 20:00:00+00:00
1774814400000,0.9520099759101868,0.9525499939918518,0.9510200023651123,0.9520800113677979,0,2026-03-29 20:00:00+00:00
1774828800000,0.9520099759101868,0.954479992389679,0.9500799775123596,0.9541299939155579,0,2026-03-30 00:00:00+00:00
1774843200000,0.9541500210762024,0.9549300074577332,0.9515100121498108,0.9527999758720398,0,2026-03-30 04:00:00+00:00
1774857600000,0.95278000831604,0.955780029296875,0.951740026473999,0.9548900127410889,0,2026-03-30 08:00:00+00:00
1774872000000,0.9548199772834778,0.9558600187301636,0.9516699910163879,0.9545900225639343,0,2026-03-30 12:00:00+00:00
1774886400000,0.9545000195503235,0.9551699757575989,0.9521499872207642,0.9540600180625916,0,2026-03-30 16:00:00+00:00
1774900800000,0.9540299773216248,0.9546499848365784,0.9519699811935425,0.9533299803733826,0,2026-03-30 20:00:00+00:00
1774915200000,0.9533299803733826,0.9566900134086609,0.9515100121498108,0.9539999961853027,0,2026-03-31 00:00:00+00:00
1774929600000,0.9539999961853027,0.9567800164222717,0.952180027961731,0.9565899968147278,0,2026-03-31 04:00:00+00:00
1774944000000,0.9565799832344055,0.9593799710273743,0.9541900157928467,0.959089994430542,0,2026-03-31 08:00:00+00:00
1774958400000,0.95906001329422,0.9600600004196167,0.9539300203323364,0.9563000202178955,0,2026-03-31 12:00:00+00:00
1774972800000,0.956309974193573,0.9611999988555908,0.9554600119590759,0.9599000215530396,0,2026-03-31 16:00:00+00:00
1774987200000,0.959879994392395,0.9620100259780884,0.9579399824142456,0.9618399739265442,0,2026-03-31 20:00:00+00:00
1775001600000,0.9618399739265442,0.9628999829292297,0.9589899778366089,0.9601500034332275,0,2026-04-01 00:00:00+00:00
1775016000000,0.9601200222969055,0.965399980545044,0.9587399959564209,0.9634100198745728,0,2026-04-01 04:00:00+00:00
1775030400000,0.9632999897003174,0.9666100144386292,0.962440013885498,0.9657899737358093,0,2026-04-01 08:00:00+00:00
1775044800000,0.9658200144767761,0.9666200280189514,0.9621800184249878,0.9632599949836731,0,2026-04-01 12:00:00+00:00
1775059200000,0.9632599949836731,0.9640300273895264,0.959559977054596,0.9609799981117249,0,2026-04-01 16:00:00+00:00
1775073600000,0.960919976234436,0.9614499807357788,0.9589300155639648,0.9606500267982483,0,2026-04-01 20:00:00+00:00
1775088000000,0.9606000185012817,0.9625499844551086,0.9557700157165527,0.957319974899292,0,2026-04-02 00:00:00+00:00
1775102400000,0.9572499990463257,0.9576500058174133,0.9545000195503235,0.9575499892234802,0,2026-04-02 04:00:00+00:00
1775116800000,0.9574800133705139,0.9577000141143799,0.9543899893760681,0.9554399847984314,0,2026-04-02 08:00:00+00:00
1775131200000,0.9554200172424316,0.962689995765686,0.9546700119972229,0.9615499973297119,0,2026-04-02 12:00:00+00:00
1775145600000,0.9614800214767456,0.9626799821853638,0.9598100185394287,0.9611200094223022,0,2026-04-02 16:00:00+00:00
1775160000000,0.961139976978302,0.9619399905204773,0.9582499861717224,0.9617099761962891,0,2026-04-02 20:00:00+00:00
1775174400000,0.961650013923645,0.9624900221824646,0.9606299996376038,0.9615899920463562,0,2026-04-03 00:00:00+00:00
1775188800000,0.9615499973297119,0.9623600244522095,0.9604600071907043,0.9615399837493896,0,2026-04-03 04:00:00+00:00
1775203200000,0.9615399837493896,0.9619399905204773,0.9600800275802612,0.9618099927902222,0,2026-04-03 08:00:00+00:00
1775217600000,0.9617900252342224,0.9625300168991089,0.9598199725151062,0.9606999754905701,0,2026-04-03 12:00:00+00:00
1775232000000,0.9607399702072144,0.9613100290298462,0.95933997631073,0.9599199891090393,0,2026-04-03 16:00:00+00:00
1775246400000,0.9599199891090393,0.9621099829673767,0.9589599967002869,0.9600499868392944,0,2026-04-03 20:00:00+00:00
1775419200000,0.9603599905967712,0.9608500003814697,0.9592000246047974,0.9600600004196167,0,2026-04-05 20:00:00+00:00
1775433600000,0.9599800109863281,0.9637799859046936,0.9594299793243408,0.962119996547699,0,2026-04-06 00:00:00+00:00
1775448000000,0.9620199799537659,0.9649500250816345,0.9612500071525574,0.9643200039863586,0,2026-04-06 04:00:00+00:00
1775462400000,0.964389979839325,0.9654600024223328,0.9626299738883972,0.9643099904060364,0,2026-04-06 08:00:00+00:00
1775476800000,0.9642400145530701,0.9645799994468689,0.9613400101661682,0.9626100063323975,0,2026-04-06 12:00:00+00:00
1775491200000,0.9624999761581421,0.9633100032806396,0.9606000185012817,0.9627900123596191,0,2026-04-06 16:00:00+00:00
1775505600000,0.9628599882125854,0.9629999995231628,0.9607300162315369,0.9621599912643433,0,2026-04-06 20:00:00+00:00
1775520000000,0.9621400237083435,0.9632200002670288,0.9600399732589722,0.9620199799537659,0,2026-04-07 00:00:00+00:00
1775534400000,0.9619600176811218,0.9633200168609619,0.9608299732208252,0.9627299904823303,0,2026-04-07 04:00:00+00:00
1775548800000,0.9627100229263306,0.966759979724884,0.9618499875068665,0.9648600220680237,0,2026-04-07 08:00:00+00:00
1775563200000,0.9647799730300903,0.9661700129508972,0.9630200266838074,0.9653400182723999,0,2026-04-07 12:00:00+00:00
1775577600000,0.9653900265693665,0.9686800241470337,0.9642500281333923,0.9683899879455566,0,2026-04-07 16:00:00+00:00
1775592000000,0.9684399962425232,0.9798799753189087,0.9664199948310852,0.979449987411499,0,2026-04-07 20:00:00+00:00
1775606400000,0.979390025138855,0.9801300168037415,0.9739000201225281,0.9759299755096436,0,2026-04-08 00:00:00+00:00
1775620800000,0.9759299755096436,0.9797700047492981,0.975350022315979,0.9775599837303162,0,2026-04-08 04:00:00+00:00
1775635200000,0.9775199890136719,0.9779899716377258,0.9747700095176697,0.9777399897575378,0,2026-04-08 08:00:00+00:00
1775649600000,0.9778199791908264,0.9795600175857544,0.9750099778175354,0.9781299829483032,0,2026-04-08 12:00:00+00:00
1775664000000,0.9780700206756592,0.978190004825592,0.9732900261878967,0.9758800268173218,0,2026-04-08 16:00:00+00:00
1775678400000,0.9758800268173218,0.9761199951171875,0.9735999703407288,0.974810004234314,0,2026-04-08 20:00:00+00:00
1775692800000,0.9747200012207031,0.9750800132751465,0.9727100133895874,0.9747599959373474,0,2026-04-09 00:00:00+00:00
1775707200000,0.9747999906539917,0.9754999876022339,0.9729400277137756,0.973770022392273,0,2026-04-09 04:00:00+00:00
1775721600000,0.9737200140953064,0.9747200012207031,0.9720799922943115,0.9746099710464478,0,2026-04-09 08:00:00+00:00
1775736000000,0.9746800065040588,0.9782999753952026,0.9725199937820435,0.9782000184059143,0,2026-04-09 12:00:00+00:00
1775750400000,0.9781100153923035,0.9799699783325195,0.9769600033760071,0.9784700274467468,0,2026-04-09 16:00:00+00:00
1775764800000,0.9784899950027466,0.9789800047874451,0.9767100214958191,0.9778500199317932,0,2026-04-09 20:00:00+00:00
1775779200000,0.9778199791908264,0.9787099957466125,0.9759899973869324,0.977180004119873,0,2026-04-10 00:00:00+00:00
1775793600000,0.9771400094032288,0.9776899814605713,0.9757099747657776,0.9765099883079529,0,2026-04-10 04:00:00+00:00
1775808000000,0.9764900207519531,0.9783499836921692,0.9755499958992004,0.9774799942970276,0,2026-04-10 08:00:00+00:00
1775822400000,0.9774500131607056,0.9799500107765198,0.9762899875640869,0.9784200191497803,0,2026-04-10 12:00:00+00:00
1775836800000,0.9785000085830688,0.9792699813842773,0.9767600297927856,0.9791100025177002,0,2026-04-10 16:00:00+00:00
1775851200000,0.9790700078010559,0.9795799851417542,0.9757000207901001,0.9765599966049194,0,2026-04-10 20:00:00+00:00
1776024000000,0.9734699726104736,0.9741399884223938,0.9721800088882446,0.9737499952316284,0,2026-04-12 20:00:00+00:00
1776038400000,0.9736400246620178,0.9759899973869324,0.9727699756622314,0.9754599928855896,0,2026-04-13 00:00:00+00:00
1776052800000,0.9754700064659119,0.9772400259971619,0.9742400050163269,0.976859986782074,0,2026-04-13 04:00:00+00:00
1776067200000,0.9768000245094299,0.9769999980926514,0.9731600284576416,0.9740599989891052,0,2026-04-13 08:00:00+00:00
1776081600000,0.9739800095558167,0.9765099883079529,0.9726600050926208,0.9752600193023682,0,2026-04-13 12:00:00+00:00
1776096000000,0.9753000140190125,0.9791499972343445,0.9740700125694275,0.9783300161361694,0,2026-04-13 16:00:00+00:00
1776110400000,0.9783400297164917,0.9791100025177002,0.9770900011062622,0.978630006313324,0,2026-04-13 20:00:00+00:00
1776124800000,0.9786199927330017,0.978630006313324,0.9751099944114685,0.9763699769973755,0,2026-04-14 00:00:00+00:00
1776139200000,0.9763200283050537,0.9777899980545044,0.9749000072479248,0.9770100116729736,0,2026-04-14 04:00:00+00:00
1776153600000,0.9770900011062622,0.980180025100708,0.9759500026702881,0.9798600077629089,0,2026-04-14 08:00:00+00:00
1776168000000,0.9798600077629089,0.9822199940681458,0.9782699942588806,0.980929970741272,0,2026-04-14 12:00:00+00:00
1776182400000,0.9809399843215942,0.981939971446991,0.9798499941825867,0.981220006942749,0,2026-04-14 16:00:00+00:00
1776196800000,0.9811999797821045,0.981909990310669,0.9786800146102905,0.9812700152397156,0,2026-04-14 20:00:00+00:00
1776211200000,0.9812399744987488,0.982509970664978,0.9797800183296204,0.9822099804878235,0,2026-04-15 00:00:00+00:00
1776225600000,0.9821199774742126,0.9837899804115295,0.9812800288200378,0.9833700060844421,0,2026-04-15 04:00:00+00:00
1776240000000,0.9832800030708313,0.9845200181007385,0.9815999865531921,0.9841600060462952,0,2026-04-15 08:00:00+00:00
1776254400000,0.9841700196266174,0.9844099879264832,0.9818900227546692,0.9837200045585632,0,2026-04-15 12:00:00+00:00
1776268800000,0.9837899804115295,0.9853900074958801,0.9826599955558777,0.9849600195884705,0,2026-04-15 16:00:00+00:00
1776283200000,0.9849100112915039,0.9853900074958801,0.9830999970436096,0.9851499795913696,0,2026-04-15 20:00:00+00:00
1776297600000,0.9850999712944031,0.9868299961090088,0.9828799962997437,0.9862899780273438,0,2026-04-16 00:00:00+00:00
1776312000000,0.9862599968910217,0.9867299795150757,0.98444002866745,0.9857699871063232,0,2026-04-16 04:00:00+00:00
1776326400000,0.985759973526001,0.9858700037002563,0.983210027217865,0.9843199849128723,0,2026-04-16 08:00:00+00:00
1776340800000,0.9843400120735168,0.9846100211143494,0.981249988079071,0.9824000000953674,0,2026-04-16 12:00:00+00:00
1776355200000,0.9824000000953674,0.98294997215271,0.9794399738311768,0.9812300205230713,0,2026-04-16 16:00:00+00:00
1776369600000,0.9811699986457825,0.9815899729728699,0.9797499775886536,0.9807199835777283,0,2026-04-16 20:00:00+00:00
1776384000000,0.9805899858474731,0.9816700220108032,0.9794999957084656,0.9810699820518494,0,2026-04-17 00:00:00+00:00
1776398400000,0.9810799956321716,0.9814599752426147,0.979170024394989,0.9811999797821045,0,2026-04-17 04:00:00+00:00
1776412800000,0.9811400175094604,0.9819700121879578,0.9796199798583984,0.9805399775505066,0,2026-04-17 08:00:00+00:00
1776427200000,0.9805999994277954,0.98649001121521,0.9796599745750427,0.9827200174331665,0,2026-04-17 12:00:00+00:00
1776441600000,0.9826599955558777,0.9832000136375427,0.9800699949264526,0.9817600250244141,0,2026-04-17 16:00:00+00:00
1776456000000,0.9817500114440918,0.9818000197410583,0.9797599911689758,0.9805499911308289,0,2026-04-17 20:00:00+00:00
1776628800000,0.9784299731254578,0.9790199995040894,0.9766799807548523,0.9778000116348267,0,2026-04-19 20:00:00+00:00
1776643200000,0.9776999950408936,0.980180025100708,0.976859986782074,0.9796000123023987,0,2026-04-20 00:00:00+00:00
1776657600000,0.9795699715614319,0.9799799919128418,0.9777399897575378,0.9787700176239014,0,2026-04-20 04:00:00+00:00
1776672000000,0.979200005531311,0.9803900122642517,0.9781200289726257,0.9803400039672852,0,2026-04-20 08:00:00+00:00
1776686400000,0.980239987373352,0.9811300039291382,0.9771699905395508,0.9791200160980225,0,2026-04-20 12:00:00+00:00
1776700800000,0.979200005531311,0.9797300100326538,0.9774500131607056,0.9796500205993652,0,2026-04-20 16:00:00+00:00
1776715200000,0.9796500205993652,0.9797999858856201,0.9778500199317932,0.9787499904632568,0,2026-04-20 20:00:00+00:00
1776729600000,0.9786999821662903,0.9797800183296204,0.9770799875259399,0.9779700040817261,0,2026-04-21 00:00:00+00:00
1776744000000,0.9780600070953369,0.9786400198936462,0.9760400056838989,0.976639986038208,0,2026-04-21 04:00:00+00:00
1776758400000,0.9766200184822083,0.978410005569458,0.9752600193023682,0.9783499836921692,0,2026-04-21 08:00:00+00:00
1776772800000,0.9782599806785583,0.979449987411499,0.9760400056838989,0.9771400094032288,0,2026-04-21 12:00:00+00:00
1776787200000,0.9771400094032288,0.9780099987983704,0.9739599823951721,0.9755300283432007,0,2026-04-21 16:00:00+00:00
1776801600000,0.9753999710083008,0.9779999852180481,0.9743199944496155,0.9772599935531616,0,2026-04-21 20:00:00+00:00
1776816000000,0.9771699905395508,0.9782999753952026,0.9763200283050537,0.9772800207138062,0,2026-04-22 00:00:00+00:00
1776830400000,0.9772599935531616,0.9793199896812439,0.9762600064277649,0.9785599708557129,0,2026-04-22 04:00:00+00:00
1776844800000,0.9785799980163574,0.9788399934768677,0.9761599898338318,0.9772599935531616,0,2026-04-22 08:00:00+00:00
1776859200000,0.9771900177001953,0.9785699844360352,0.9758700132369995,0.9781000018119812,0,2026-04-22 12:00:00+00:00
1776873600000,0.9781699776649475,0.9788100123405457,0.976610004901886,0.9786499738693237,0,2026-04-22 16:00:00+00:00
1776888000000,0.9786400198936462,0.9789699912071228,0.9766799807548523,0.978190004825592,0,2026-04-22 20:00:00+00:00
1776902400000,0.9782099723815918,0.9791399836540222,0.9752200245857239,0.9762899875640869,0,2026-04-23 00:00:00+00:00
1776916800000,0.9762499928474426,0.9781000018119812,0.975380003452301,0.9780600070953369,0,2026-04-23 04:00:00+00:00
1776931200000,0.9780099987983704,0.9781100153923035,0.9748200178146362,0.9771000146865845,0,2026-04-23 08:00:00+00:00
1776945600000,0.9771100282669067,0.9796500205993652,0.9760000109672546,0.9788200259208679,0,2026-04-23 12:00:00+00:00
1776960000000,0.9787999987602234,0.9797400236129761,0.9743300080299377,0.9766499996185303,0,2026-04-23 16:00:00+00:00
1776974400000,0.9766499996185303,0.9777899980545044,0.9750699996948242,0.9764400124549866,0,2026-04-23 20:00:00+00:00
1776988800000,0.9764500260353088,0.9773399829864502,0.9747700095176697,0.9759399890899658,0,2026-04-24 00:00:00+00:00
1777003200000,0.9759299755096436,0.9772499799728394,0.9748499989509583,0.9770399928092957,0,2026-04-24 04:00:00+00:00
1777017600000,0.9769399762153625,0.9787799715995789,0.9748499989509583,0.9771299958229065,0,2026-04-24 08:00:00+00:00
1777032000000,0.9771699905395508,0.9784600138664246,0.9750000238418579,0.9780899882316589,0,2026-04-24 12:00:00+00:00
1777046400000,0.9780899882316589,0.97816002368927,0.9760400056838989,0.9771199822425842,0,2026-04-24 16:00:00+00:00
1777060800000,0.977180004119873,0.9775000214576721,0.9757999777793884,0.9763699769973755,0,2026-04-24 20:00:00+00:00
1777233600000,0.9769999980926514,0.9773899912834167,0.9760500192642212,0.9768800139427185,0,2026-04-26 20:00:00+00:00
1777248000000,0.9768400192260742,0.9804499745368958,0.9761000275611877,0.9800699949264526,0,2026-04-27 00:00:00+00:00
1777262400000,0.9800199866294861,0.980180025100708,0.9771900177001953,0.9784799814224243,0,2026-04-27 04:00:00+00:00
1777276800000,0.9784700274467468,0.978879988193512,0.9767900109291077,0.9778000116348267,0,2026-04-27 08:00:00+00:00
1777291200000,0.9777600169181824,0.9795699715614319,0.9768000245094299,0.9792100191116333,0,2026-04-27 12:00:00+00:00
1777305600000,0.9791600108146667,0.9798099994659424,0.9777699708938599,0.9796900153160095,0,2026-04-27 16:00:00+00:00
1777320000000,0.9796900153160095,0.9799299836158752,0.9777200222015381,0.9793999791145325,0,2026-04-27 20:00:00+00:00
1777334400000,0.9793400168418884,0.9799900054931641,0.9775800108909607,0.9793099761009216,0,2026-04-28 00:00:00+00:00
1777348800000,0.9793000221252441,0.9796800017356873,0.9764099717140198,0.9788399934768677,0,2026-04-28 04:00:00+00:00
1777363200000,0.9788600206375122,0.9797999858856201,0.9770299792289734,0.9780099987983704,0,2026-04-28 08:00:00+00:00
1777377600000,0.9780300259590149,0.9817299842834473,0.9770100116729736,0.9815300107002258,0,2026-04-28 12:00:00+00:00
1777392000000,0.9815700054168701,0.9832199811935425,0.980459988117218,0.982479989528656,0,2026-04-28 16:00:00+00:00
1777406400000,0.9825299978256226,0.9831200242042542,0.9803299903869629,0.9830300211906433,0,2026-04-28 20:00:00+00:00
1777420800000,0.9830300211906433,0.9833800196647644,0.9788900017738342,0.9800000190734863,0,2026-04-29 00:00:00+00:00
1777435200000,0.9800599813461304,0.9805799722671509,0.9786199927330017,0.9798099994659424,0,2026-04-29 04:00:00+00:00
1777449600000,0.9798700213432312,0.9800900220870972,0.9779000282287598,0.979200005531311,0,2026-04-29 08:00:00+00:00
1777464000000,0.9791100025177002,0.9799100160598755,0.9736599922180176,0.9746000170707703,0,2026-04-29 12:00:00+00:00
1777478400000,0.9746099710464478,0.9754700064659119,0.9716100096702576,0.9736899733543396,0,2026-04-29 16:00:00+00:00
1777492800000,0.9736899733543396,0.9747200012207031,0.9722300171852112,0.9743099808692932,0,2026-04-29 20:00:00+00:00
1777507200000,0.9743000268936157,0.9750800132751465,0.9725000262260437,0.9744600057601929,0,2026-04-30 00:00:00+00:00
1777521600000,0.9744700193405151,0.9746599793434143,0.9722700119018555,0.9741100072860718,0,2026-04-30 04:00:00+00:00
1777536000000,0.9741100072860718,0.9786999821662903,0.973550021648407,0.977150022983551,0,2026-04-30 08:00:00+00:00
1777550400000,0.9772099852561951,0.9799799919128418,0.9758599996566772,0.9774699807167053,0,2026-04-30 12:00:00+00:00
1777564800000,0.9774600267410278,0.9783599972724915,0.976069986820221,0.9774699807167053,0,2026-04-30 16:00:00+00:00
1777579200000,0.9774199724197388,0.9782099723815918,0.9762600064277649,0.9777699708938599,0,2026-04-30 20:00:00+00:00
1777593600000,0.9776800274848938,0.9780399799346924,0.9760199785232544,0.9771000146865845,0,2026-05-01 00:00:00+00:00
1777608000000,0.9770500063896179,0.977869987487793,0.9752900004386902,0.9769200086593628,0,2026-05-01 04:00:00+00:00
1777622400000,0.9768800139427185,0.9771599769592285,0.9745799899101257,0.976360023021698,0,2026-05-01 08:00:00+00:00
1777636800000,0.9763100147247314,0.9805999994277954,0.9753900170326233,0.9796800017356873,0,2026-05-01 12:00:00+00:00
1777651200000,0.9796299934387207,0.9803199768066406,0.9779499769210815,0.9791200160980225,0,2026-05-01 16:00:00+00:00
1777665600000,0.9791300296783447,0.9792799949645996,0.9773499965667725,0.9781200289726257,0,2026-05-01 20:00:00+00:00
1777867200000,0.9795600175857544,0.9797999858856201,0.977150022983551,0.9782099723815918,0,2026-05-04 04:00:00+00:00
1777881600000,0.9782500267028809,0.9792500138282776,0.9753400087356567,0.9773499965667725,0,2026-05-04 08:00:00+00:00
1777896000000,0.9773499965667725,0.979200005531311,0.9740899801254272,0.9751700162887573,0,2026-05-04 12:00:00+00:00
1777910400000,0.975130021572113,0.9762799739837646,0.9730200171470642,0.9761499762535095,0,2026-05-04 16:00:00+00:00
1777924800000,0.976170003414154,0.9769200086593628,0.9750099778175354,0.9760800004005432,0,2026-05-04 20:00:00+00:00
1777939200000,0.9761000275611877,0.9766200184822083,0.9735999703407288,0.9745299816131592,0,2026-05-05 00:00:00+00:00
1777953600000,0.9744399785995483,0.9767000079154968,0.9714599847793579,0.9740200042724609,0,2026-05-05 04:00:00+00:00
1777968000000,0.9739199876785278,0.9764099717140198,0.9732400178909302,0.9762899875640869,0,2026-05-05 08:00:00+00:00
1777982400000,0.9762200117111206,0.9794899821281433,0.9750000238418579,0.9790099859237671,0,2026-05-05 12:00:00+00:00
1777996800000,0.9790599942207336,0.9792900085449219,0.9773399829864502,0.9784700274467468,0,2026-05-05 16:00:00+00:00
1778011200000,0.9785100221633911,0.9800900220870972,0.9764900207519531,0.9799000024795532,0,2026-05-05 20:00:00+00:00
1778025600000,0.9798099994659424,0.9847000241279602,0.9792199730873108,0.9835399985313416,0,2026-05-06 00:00:00+00:00
1778040000000,0.9835000038146973,0.9853500127792358,0.982509970664978,0.9842100143432617,0,2026-05-06 04:00:00+00:00
1778054400000,0.9841899871826172,0.9886199831962585,0.9825000166893005,0.9856600165367126,0,2026-05-06 08:00:00+00:00
1778068800000,0.9856200218200684,0.9866999983787537,0.9832500219345093,0.9853299856185913,0,2026-05-06 12:00:00+00:00
1778083200000,0.9853299856185913,0.9871699810028076,0.9842399954795837,0.9867900013923645,0,2026-05-06 16:00:00+00:00
1778097600000,0.986810028553009,0.9869700074195862,0.98403000831604,0.98649001121521,0,2026-05-06 20:00:00+00:00
1778112000000,0.9864299893379211,0.9879599809646606,0.9853399991989136,0.9876199960708618,0,2026-05-07 00:00:00+00:00
1778126400000,0.9875699877738953,0.9897199869155884,0.9866399765014648,0.9892799854278564,0,2026-05-07 04:00:00+00:00
1778140800000,0.9893199801445007,0.9896000027656555,0.9872699975967407,0.989080011844635,0,2026-05-07 08:00:00+00:00
1778155200000,0.989109992980957,0.9894800186157227,0.9864799976348877,0.9870700240135193,0,2026-05-07 12:00:00+00:00
1778169600000,0.9871199727058411,0.9873700141906738,0.9838399887084961,0.9848499894142151,0,2026-05-07 16:00:00+00:00
1778184000000,0.9848799705505371,0.9863700270652771,0.9826700091362,0.9846299886703491,0,2026-05-07 20:00:00+00:00
1778198400000,0.9845899939537048,0.9860399961471558,0.9829099774360657,0.9854300022125244,0,2026-05-08 00:00:00+00:00
1778212800000,0.9853799939155579,0.9869999885559082,0.9844300150871277,0.9864500164985657,0,2026-05-08 04:00:00+00:00
1778227200000,0.9864000082015991,0.988290011882782,0.9855499863624573,0.9871500134468079,0,2026-05-08 08:00:00+00:00
1778241600000,0.9871100187301636,0.9930400252342224,0.9860799908638,0.99058997631073,0,2026-05-08 12:00:00+00:00
1778256000000,0.9905300140380859,0.9915900230407715,0.9897099733352661,0.9913100004196167,0,2026-05-08 16:00:00+00:00
1778270400000,0.9913100004196167,0.9915400147438049,0.9898899793624878,0.9899200201034546,0,2026-05-08 20:00:00+00:00
1778443200000,0.9901099801063538,0.9904199838638306,0.9888799786567688,0.9897099733352661,0,2026-05-10 20:00:00+00:00
1778457600000,0.9897099733352661,0.9905099868774414,0.9883900284767151,0.9894999861717224,0,2026-05-11 00:00:00+00:00
1778472000000,0.9894199967384338,0.9906299710273743,0.9882299900054932,0.9897800087928772,0,2026-05-11 04:00:00+00:00
1778486400000,0.9898399710655212,0.9905499815940857,0.9880800247192383,0.9898599982261658,0,2026-05-11 08:00:00+00:00
1778500800000,0.9898099899291992,0.9921000003814697,0.9884899854660034,0.9916599988937378,0,2026-05-11 12:00:00+00:00
1778515200000,0.9916499853134155,0.991919994354248,0.989549994468689,0.9913899898529053,0,2026-05-11 16:00:00+00:00
1778529600000,0.9913899898529053,0.9917799830436707,0.9900100231170654,0.9910899996757507,0,2026-05-11 20:00:00+00:00
1778544000000,0.9910600185394287,0.991100013256073,0.988349974155426,0.9898399710655212,0,2026-05-12 00:00:00+00:00
1778558400000,0.9898099899291992,0.9905700087547302,0.98649001121521,0.9889600276947021,0,2026-05-12 04:00:00+00:00
1778572800000,0.9889199733734131,0.9908199906349182,0.9878799915313721,0.9904400110244751,0,2026-05-12 08:00:00+00:00
1778587200000,0.9904599785804749,0.9914699792861938,0.9885600209236145,0.9903600215911865,0,2026-05-12 12:00:00+00:00
1778601600000,0.9902799725532532,0.9916899800300598,0.9885200262069702,0.9915500283241272,0,2026-05-12 16:00:00+00:00
1778616000000,0.9915300011634827,0.9920700192451477,0.9902399778366089,0.9912499785423279,0,2026-05-12 20:00:00+00:00
1778630400000,0.9912300109863281,0.9919499754905701,0.9893400073051453,0.9904599785804749,0,2026-05-13 00:00:00+00:00
1778644800000,0.9904400110244751,0.9922099709510803,0.9893699884414673,0.9912700057029724,0,2026-05-13 04:00:00+00:00
1778659200000,0.9912899732589722,0.9930300116539001,0.9906600117683411,0.9927200078964233,0,2026-05-13 08:00:00+00:00
1778673600000,0.9927800297737122,0.9957600235939026,0.9908000230789185,0.9950299859046936,0,2026-05-13 12:00:00+00:00
1778688000000,0.9950100183486938,0.9955599904060364,0.9930999875068665,0.9939000010490417,0,2026-05-13 16:00:00+00:00
1778702400000,0.9939799904823303,0.9952700138092041,0.9929400086402893,0.9939600229263306,0,2026-05-13 20:00:00+00:00
1778716800000,0.9938600063323975,0.9943699836730957,0.992139995098114,0.9938200116157532,0,2026-05-14 00:00:00+00:00
1778731200000,0.9938200116157532,0.9951800107955933,0.9926499724388123,0.9930800199508667,0,2026-05-14 04:00:00+00:00
1778745600000,0.9929999709129333,0.9939699769020081,0.9919499754905701,0.9930300116539001,0,2026-05-14 08:00:00+00:00
1778760000000,0.9930899739265442,0.9939799904823303,0.9900599718093872,0.9913100004196167,0,2026-05-14 12:00:00+00:00
1778774400000,0.9912899732589722,0.9915099740028381,0.9897599816322327,0.9906799793243408,0,2026-05-14 16:00:00+00:00
1778788800000,0.9906100034713745,0.9911800026893616,0.9891899824142456,0.9899399876594543,0,2026-05-14 20:00:00+00:00
1778803200000,0.9899899959564209,0.9907199740409851,0.9863899946212769,0.988290011882782,0,2026-05-15 00:00:00+00:00
1778817600000,0.9883599877357483,0.9884099960327148,0.9831600189208984,0.9851599931716919,0,2026-05-15 04:00:00+00:00
1778832000000,0.9851999878883362,0.9861400127410889,0.9812600016593933,0.9834100008010864,0,2026-05-15 08:00:00+00:00
1778846400000,0.9834100008010864,0.9856699705123901,0.9819700121879578,0.9831699728965759,0,2026-05-15 12:00:00+00:00
1778860800000,0.983210027217865,0.9841499924659729,0.9818800091743469,0.983240008354187,0,2026-05-15 16:00:00+00:00
1778875200000,0.9833499789237976,0.9834100008010864,0.9814000129699707,0.9821599721908569,0,2026-05-15 20:00:00+00:00
1779048000000,0.9831299781799316,0.9833999872207642,0.9801300168037415,0.9810900092124939,0,2026-05-17 20:00:00+00:00
1779062400000,0.9810100197792053,0.9814000129699707,0.9789900183677673,0.9810000061988831,0,2026-05-18 00:00:00+00:00
1779076800000,0.9810500144958496,0.983460009098053,0.979449987411499,0.9829400181770325,0,2026-05-18 04:00:00+00:00
1779091200000,0.9829400181770325,0.9850000143051147,0.9814599752426147,0.9842299818992615,0,2026-05-18 08:00:00+00:00
1779105600000,0.9841399788856506,0.9865800142288208,0.9819499850273132,0.983739972114563,0,2026-05-18 12:00:00+00:00
1779120000000,0.9837300181388855,0.9854900240898132,0.9820200204849243,0.9847000241279602,0,2026-05-18 16:00:00+00:00
1779134400000,0.98471999168396,0.9858099818229675,0.9825900197029114,0.9850000143051147,0,2026-05-18 20:00:00+00:00
1779148800000,0.9849900007247925,0.9852499961853027,0.9801200032234192,0.9810500144958496,0,2026-05-19 00:00:00+00:00
1779163200000,0.9809799790382385,0.981249988079071,0.9788100123405457,0.9796000123023987,0,2026-05-19 04:00:00+00:00
1779177600000,0.9795399904251099,0.9802600145339966,0.9773399829864502,0.9786199927330017,0,2026-05-19 08:00:00+00:00
1779192000000,0.9786099791526794,0.9806600213050842,0.9737600088119507,0.9765599966049194,0,2026-05-19 12:00:00+00:00
1779206400000,0.9765400290489197,0.9785199761390686,0.9753999710083008,0.9773200154304504,0,2026-05-19 16:00:00+00:00
1779220800000,0.9773200154304504,0.9774900078773499,0.9756900072097778,0.9766200184822083,0,2026-05-19 20:00:00+00:00
1779235200000,0.976610004901886,0.9773399829864502,0.9743300080299377,0.9769700169563293,0,2026-05-20 00:00:00+00:00
1779249600000,0.9769600033760071,0.9790099859237671,0.9756600260734558,0.9787600040435791,0,2026-05-20 04:00:00+00:00
1779264000000,0.9786499738693237,0.981249988079071,0.977429986000061,0.9802200198173523,0,2026-05-20 08:00:00+00:00
1779278400000,0.9802200198173523,0.9853900074958801,0.9788500070571899,0.9829300045967102,0,2026-05-20 12:00:00+00:00
1779292800000,0.9829300045967102,0.9843500256538391,0.9815599918365479,0.9837999939918518,0,2026-05-20 16:00:00+00:00
1779307200000,0.9837599992752075,0.9837999939918518,0.9810299873352051,0.982729971408844,0,2026-05-20 20:00:00+00:00
1779321600000,0.9826400279998779,0.9836099743843079,0.9768999814987183,0.979640007019043,0,2026-05-21 00:00:00+00:00
1779336000000,0.9795600175857544,0.9810199737548828,0.9775500297546387,0.9801999926567078,0,2026-05-21 04:00:00+00:00
1779350400000,0.9802899956703186,0.9829400181770325,0.9792900085449219,0.9808899760246277,0,2026-05-21 08:00:00+00:00
1779364800000,0.9809100031852722,0.9839400053024292,0.9800999760627747,0.9832500219345093,0,2026-05-21 12:00:00+00:00
1779379200000,0.983240008354187,0.9873200058937073,0.9827899932861328,0.9855599999427795,0,2026-05-21 16:00:00+00:00
1779393600000,0.9855499863624573,0.9858800172805786,0.9836500287055969,0.9846500158309937,0,2026-05-21 20:00:00+00:00
1779408000000,0.9846100211143494,0.9851899743080139,0.9828500151634216,0.9846500158309937,0,2026-05-22 00:00:00+00:00
1779422400000,0.9846100211143494,0.985289990901947,0.9822700023651123,0.9837700128555298,0,2026-05-22 04:00:00+00:00
1779436800000,0.9837700128555298,0.984749972820282,0.981440007686615,0.9828000068664551,0,2026-05-22 08:00:00+00:00
1779451200000,0.9827499985694885,0.9856899976730347,0.9817399978637695,0.9853299856185913,0,2026-05-22 12:00:00+00:00
1779465600000,0.9852399826049805,0.9862899780273438,0.9837899804115295,0.9851499795913696,0,2026-05-22 16:00:00+00:00
1779480000000,0.9852100014686584,0.9853399991989136,0.9836500287055969,0.9839900135993958,0,2026-05-22 20:00:00+00:00
1779652800000,0.9877600073814392,0.9883900284767151,0.9867299795150757,0.9877499938011169,0,2026-05-24 20:00:00+00:00
1779667200000,0.9876800179481506,0.9894999861717224,0.9867799878120422,0.9887800216674805,0,2026-05-25 00:00:00+00:00
1779681600000,0.988789975643158,0.9900799989700317,0.9876099824905396,0.989139974117279,0,2026-05-25 04:00:00+00:00
1779696000000,0.989139974117279,0.9906399846076965,0.9881899952888489,0.990090012550354,0,2026-05-25 08:00:00+00:00
1779710400000,0.9901700019836426,0.9907900094985962,0.9887599945068359,0.9895600080490112,0,2026-05-25 12:00:00+00:00
1779724800000,0.9895300269126892,0.9905099868774414,0.9883800148963928,0.990119993686676,0,2026-05-25 16:00:00+00:00
1779739200000,0.9900699853897095,0.9904400110244751,0.9886299967765808,0.989579975605011,0,2026-05-25 20:00:00+00:00
1779753600000,0.9894400238990784,0.9902499914169312,0.9879699945449829,0.9899500012397766,0,2026-05-26 00:00:00+00:00
1779768000000,0.9899600148200989,0.9901099801063538,0.9873200058937073,0.9888499975204468,0,2026-05-26 04:00:00+00:00
1779782400000,0.9887999892234802,0.989579975605011,0.9873600006103516,0.9894300103187561,0,2026-05-26 08:00:00+00:00
1779796800000,0.9893699884414673,0.991129994392395,0.9874299764633179,0.988319993019104,0,2026-05-26 12:00:00+00:00
1779811200000,0.988319993019104,0.9904900193214417,0.9875400066375732,0.9899200201034546,0,2026-05-26 16:00:00+00:00
1779825600000,0.9899100065231323,0.9903799891471863,0.988610029220581,0.9900199770927429,0,2026-05-26 20:00:00+00:00
1779840000000,0.9900000095367432,0.9911999702453613,0.9874100089073181,0.9888100028038025,0,2026-05-27 00:00:00+00:00
1779854400000,0.9887999892234802,0.9892299771308899,0.9859399795532227,0.9869300127029419,0,2026-05-27 04:00:00+00:00
1779868800000,0.9869300127029419,0.9878299832344055,0.9855599999427795,0.9865700006484985,0,2026-05-27 08:00:00+00:00
1779883200000,0.9865099787712097,0.9881799817085266,0.9846900105476379,0.9867600202560425,0,2026-05-27 12:00:00+00:00
1779897600000,0.9867299795150757,0.9878600239753723,0.9855899810791016,0.9877099990844727,0,2026-05-27 16:00:00+00:00
1779912000000,0.9877200126647949,0.9884899854660034,0.9862599968910217,0.9873200058937073,0,2026-05-27 20:00:00+00:00
1779926400000,0.9872499704360962,0.987779974937439,0.9838600158691406,0.9847599864006042,0,2026-05-28 00:00:00+00:00
1779940800000,0.98471999168396,0.9870399832725525,0.9833899736404419,0.986519992351532,0,2026-05-28 04:00:00+00:00
1779955200000,0.9865000247955322,0.9874799847602844,0.9848200082778931,0.9856600165367126,0,2026-05-28 08:00:00+00:00
1779969600000,0.9856200218200684,0.9892699718475342,0.9847099781036377,0.987559974193573,0,2026-05-28 12:00:00+00:00
1779984000000,0.9876000285148621,0.9888499975204468,0.9860699772834778,0.9869599938392639,0,2026-05-28 16:00:00+00:00
1779998400000,0.9869199991226196,0.9874899983406067,0.9856899976730347,0.9872499704360962,0,2026-05-28 20:00:00+00:00
1780012800000,0.9871799945831299,0.9876300096511841,0.985450029373169,0.98649001121521,0,2026-05-29 00:00:00+00:00
1780027200000,0.9864299893379211,0.9883999824523926,0.9856899976730347,0.9881299734115601,0,2026-05-29 04:00:00+00:00
1780041600000,0.9881100058555603,0.9894999861717224,0.9861299991607666,0.9893500208854675,0,2026-05-29 08:00:00+00:00
1780056000000,0.989359974861145,0.993179976940155,0.9884999990463257,0.9909700155258179,0,2026-05-29 12:00:00+00:00
1780070400000,0.9909700155258179,0.9920899868011475,0.9895200133323669,0.9909200072288513,0,2026-05-29 16:00:00+00:00
1780084800000,0.9909899830818176,0.9912300109863281,0.9895899891853333,0.9900400042533875,0,2026-05-29 20:00:00+00:00
1780257600000,0.9900699853897095,0.9909399747848511,0.9894499778747559,0.9904400110244751,0,2026-05-31 20:00:00+00:00
1780272000000,0.9904400110244751,0.9924399852752686,0.9896600246429443,0.9916800260543823,0,2026-06-01 00:00:00+00:00
1780286400000,0.9916999936103821,0.9926499724388123,0.9901099801063538,0.9917600154876709,0,2026-06-01 04:00:00+00:00
1780300800000,0.9917200207710266,0.9926199913024902,0.9906299710273743,0.9919499754905701,0,2026-06-01 08:00:00+00:00
1780315200000,0.9919599890708923,0.9926199913024902,0.9869400262832642,0.9895899891853333,0,2026-06-01 12:00:00+00:00
1780329600000,0.9896500110626221,0.9916300177574158,0.9883700013160706,0.9909700155258179,0,2026-06-01 16:00:00+00:00
1780344000000,0.9909200072288513,0.9921799898147583,0.9898599982261658,0.9915099740028381,0,2026-06-01 20:00:00+00:00
1780358400000,0.9915300011634827,0.9922500252723694,0.9896399974822998,0.9911800026893616,0,2026-06-02 00:00:00+00:00
1780372800000,0.9911400079727173,0.9940800070762634,0.9901599884033203,0.9937800168991089,0,2026-06-02 04:00:00+00:00
1780387200000,0.9937800168991089,0.9951199889183044,0.9929400086402893,0.9937999844551086,0,2026-06-02 08:00:00+00:00
1780401600000,0.9937899708747864,0.9940500259399414,0.9907500147819519,0.993149995803833,0,2026-06-02 12:00:00+00:00
1780416000000,0.9930700063705444,0.9936500191688538,0.9915000200271606,0.9935700297355652,0,2026-06-02 16:00:00+00:00
1780430400000,0.9936299920082092,0.9937899708747864,0.9917399883270264,0.9930199980735779,0,2026-06-02 20:00:00+00:00
1780444800000,0.9930300116539001,0.9939299821853638,0.9917799830436707,0.9929599761962891,0,2026-06-03 00:00:00+00:00
1780459200000,0.9929699897766113,0.9932699799537659,0.990119993686676,0.9924399852752686,0,2026-06-03 04:00:00+00:00
1780473600000,0.992389976978302,0.9937599897384644,0.9910899996757507,0.9927200078964233,0,2026-06-03 08:00:00+00:00
1780488000000,0.9926599860191345,0.9927399754524231,0.9893500208854675,0.9914900064468384,0,2026-06-03 12:00:00+00:00
1780502400000,0.9915099740028381,0.9915800094604492,0.9895899891853333,0.9906899929046631,0,2026-06-03 16:00:00+00:00
1780516800000,0.9907799959182739,0.9914799928665161,0.9892100095748901,0.9909200072288513,0,2026-06-03 20:00:00+00:00
1780531200000,0.9909300208091736,0.9914000034332275,0.9891999959945679,0.9905700087547302,0,2026-06-04 00:00:00+00:00
1780545600000,0.9905800223350525,0.9929100275039673,0.9897400140762329,0.9924899935722351,0,2026-06-04 04:00:00+00:00
1780560000000,0.9925500154495239,0.9928699731826782,0.9905200004577637,0.9928500056266785,0,2026-06-04 08:00:00+00:00
1780574400000,0.9928200244903564,0.9930099844932556,0.99058997631073,0.9918400049209595,0,2026-06-04 12:00:00+00:00
1780588800000,0.9917899966239929,0.9924399852752686,0.9907100200653076,0.9919099807739258,0,2026-06-04 16:00:00+00:00
1780603200000,0.991919994354248,0.9926300048828125,0.9902399778366089,0.9915099740028381,0,2026-06-04 20:00:00+00:00
1780617600000,0.9915099740028381,0.9915900230407715,0.9877399802207947,0.9902099967002869,0,2026-06-05 00:00:00+00:00
1780632000000,0.9902600049972534,0.9911900162696838,0.9887400269508362,0.9901000261306763,0,2026-06-05 04:00:00+00:00
1780646400000,0.990119993686676,0.9914299845695496,0.9892799854278564,0.9911699891090393,0,2026-06-05 08:00:00+00:00
1780660800000,0.9911699891090393,0.9915099740028381,0.9826499819755554,0.9833199977874756,0,2026-06-05 12:00:00+00:00
1780675200000,0.9832599759101868,0.9839299917221069,0.9810500144958496,0.982200026512146,0,2026-06-05 16:00:00+00:00
1780689600000,0.9821100234985352,0.9822099804878235,0.9804400205612183,0.980929970741272,0,2026-06-05 20:00:00+00:00
1780862400000,0.9808700084686279,0.9821599721908569,0.9801499843597412,0.9819999933242798,0,2026-06-07 20:00:00+00:00
1780876800000,0.9819200038909912,0.98430997133255,0.9807199835777283,0.9830600023269653,0,2026-06-08 00:00:00+00:00
1780891200000,0.9830600023269653,0.9839699864387512,0.9802899956703186,0.983240008354187,0,2026-06-08 04:00:00+00:00
1780905600000,0.9831799864768982,0.9859700202941895,0.9813299775123596,0.9852700233459473,0,2026-06-08 08:00:00+00:00
1780920000000,0.985260009765625,0.986020028591156,0.9818900227546692,0.9839100241661072,0,2026-06-08 12:00:00+00:00
1780934400000,0.983959972858429,0.9842900037765503,0.9818400144577026,0.9828400015830994,0,2026-06-08 16:00:00+00:00
1780948800000,0.9828299880027771,0.98444002866745,0.9809399843215942,0.9823899865150452,0,2026-06-08 20:00:00+00:00
1780963200000,0.9823600053787231,0.9843599796295166,0.9810199737548828,0.9825599789619446,0,2026-06-09 00:00:00+00:00
1780977600000,0.9825699925422668,0.9849500060081482,0.9815400242805481,0.9828100204467773,0,2026-06-09 04:00:00+00:00
1780992000000,0.9827200174331665,0.983489990234375,0.9813600182533264,0.9828299880027771,0,2026-06-09 08:00:00+00:00
1781006400000,0.9828000068664551,0.9835000038146973,0.9795100092887878,0.9808300137519836,0,2026-06-09 12:00:00+00:00
1781020800000,0.9808300137519836,0.9813299775123596,0.977620005607605,0.9800000190734863,0,2026-06-09 16:00:00+00:00
1781035200000,0.9799900054931641,0.9805200099945068,0.9777699708938599,0.9800300002098083,0,2026-06-09 20:00:00+00:00
1781049600000,0.9800000190734863,0.9808099865913391,0.9785299897193909,0.9798799753189087,0,2026-06-10 00:00:00+00:00
1781064000000,0.9798300266265869,0.9799699783325195,0.9767400026321411,0.9779800176620483,0,2026-06-10 04:00:00+00:00
1781078400000,0.9779999852180481,0.9780899882316589,0.9739599823951721,0.9753400087356567,0,2026-06-10 08:00:00+00:00
1781092800000,0.9753000140190125,0.978630006313324,0.9742900133132935,0.9778599739074707,0,2026-06-10 12:00:00+00:00
1781107200000,0.9778199791908264,0.9784600138664246,0.9750199913978577,0.9760100245475769,0,2026-06-10 16:00:00+00:00
1781121600000,0.9760299921035767,0.9777799844741821,0.9737300276756287,0.9752500057220459,0,2026-06-10 20:00:00+00:00
1781136000000,0.9752299785614014,0.9765099883079529,0.9740399718284607,0.975820004940033,0,2026-06-11 00:00:00+00:00
1781150400000,0.975820004940033,0.9781000018119812,0.9749199748039246,0.9773200154304504,0,2026-06-11 04:00:00+00:00
1781164800000,0.9773100018501282,0.9781500101089478,0.9760100245475769,0.9778500199317932,0,2026-06-11 08:00:00+00:00
1781179200000,0.9778500199317932,0.9797999858856201,0.9752100110054016,0.9792400002479553,0,2026-06-11 12:00:00+00:00
1781193600000,0.9792299866676331,0.98430997133255,0.9776899814605713,0.9836300015449524,0,2026-06-11 16:00:00+00:00
1781208000000,0.9836900234222412,0.9849500060081482,0.9820600152015686,0.9846600294113159,0,2026-06-11 20:00:00+00:00
1781222400000,0.9845499992370605,0.984790027141571,0.9816799759864807,0.9834499955177307,0,2026-06-12 00:00:00+00:00
1781236800000,0.9834399819374084,0.984250009059906,0.9813299775123596,0.983460009098053,0,2026-06-12 04:00:00+00:00
1781251200000,0.9835000038146973,0.9858499765396118,0.9824000000953674,0.9846500158309937,0,2026-06-12 08:00:00+00:00
1781265600000,0.9845799803733826,0.9855700135231018,0.9823899865150452,0.9843400120735168,0,2026-06-12 12:00:00+00:00
1781280000000,0.9842600226402283,0.9857000112533569,0.9831799864768982,0.9856100082397461,0,2026-06-12 16:00:00+00:00
1781294400000,0.9856100082397461,0.9858400225639343,0.9838899970054626,0.9847000241279602,0,2026-06-12 20:00:00+00:00
1781467200000,0.9877300262451172,0.9883300065994263,0.9864199757575989,0.9877399802207947,0,2026-06-14 20:00:00+00:00
1781481600000,0.9878100156784058,0.9893100261688232,0.9863799810409546,0.9889699816703796,0,2026-06-15 00:00:00+00:00
1781496000000,0.9889100193977356,0.9890599846839905,0.9869199991226196,0.988349974155426,0,2026-06-15 04:00:00+00:00
1781510400000,0.9883599877357483,0.9886500239372253,0.9867900013923645,0.9886199831962585,0,2026-06-15 08:00:00+00:00
1781524800000,0.9885500073432922,0.9904999732971191,0.9867200255393982,0.9899500012397766,0,2026-06-15 12:00:00+00:00
1781539200000,0.9899899959564209,0.9904999732971191,0.9878600239753723,0.9892500042915344,0,2026-06-15 16:00:00+00:00
1781553600000,0.9893100261688232,0.9896799921989441,0.9877600073814392,0.9893900156021118,0,2026-06-15 20:00:00+00:00
1781568000000,0.9893100261688232,0.989549994468689,0.9868599772453308,0.9884099960327148,0,2026-06-16 00:00:00+00:00
1781582400000,0.9884099960327148,0.9888399839401245,0.9864400029182434,0.9888100028038025,0,2026-06-16 04:00:00+00:00
1781596800000,0.9888200163841248,0.9905499815940857,0.987820029258728,0.9900100231170654,0,2026-06-16 08:00:00+00:00
1781611200000,0.9899799823760986,0.9908300042152405,0.9880800247192383,0.9893800020217896,0,2026-06-16 12:00:00+00:00
1781625600000,0.989329993724823,0.9898099899291992,0.9880499839782715,0.9891700148582458,0,2026-06-16 16:00:00+00:00
1781640000000,0.9891200065612793,0.989359974861145,0.987309992313385,0.9885600209236145,0,2026-06-16 20:00:00+00:00
1781654400000,0.9886500239372253,0.9894400238990784,0.9874100089073181,0.9884899854660034,0,2026-06-17 00:00:00+00:00
1781668800000,0.9883900284767151,0.988789975643158,0.987060010433197,0.9886599779129028,0,2026-06-17 04:00:00+00:00
1781683200000,0.988610029220581,0.9892799854278564,0.9872699975967407,0.9889199733734131,0,2026-06-17 08:00:00+00:00
1781697600000,0.9888899922370911,0.9922400116920471,0.9879900217056274,0.9918400049209595,0,2026-06-17 12:00:00+00:00
1781712000000,0.9917899966239929,0.9925600290298462,0.986519992351532,0.9890000224113464,0,2026-06-17 16:00:00+00:00
1781726400000,0.9890300035476685,0.9898800253868103,0.9863700270652771,0.9896000027656555,0,2026-06-17 20:00:00+00:00
1781740800000,0.9896100163459778,0.9926900267601013,0.9890099763870239,0.9925600290298462,0,2026-06-18 00:00:00+00:00
1781755200000,0.992579996585846,0.9927499890327454,0.9907299876213074,0.9919000267982483,0,2026-06-18 04:00:00+00:00
1781769600000,0.9918699860572815,0.9919999837875366,0.9882599711418152,0.9895099997520447,0,2026-06-18 08:00:00+00:00
1781784000000,0.9895099997520447,0.9936100244522095,0.9884099960327148,0.9925900101661682,0,2026-06-18 12:00:00+00:00
1781798400000,0.992609977722168,0.9927999973297119,0.9900599718093872,0.9913399815559387,0,2026-06-18 16:00:00+00:00
1781812800000,0.9913399815559387,0.9923400282859802,0.9896600246429443,0.9916099905967712,0,2026-06-18 20:00:00+00:00
1781827200000,0.991599977016449,0.991890013217926,0.9894300103187561,0.9901000261306763,0,2026-06-19 00:00:00+00:00
1781841600000,0.9901800155639648,0.9918500185012817,0.9886500239372253,0.9913899898529053,0,2026-06-19 04:00:00+00:00
1781856000000,0.9914199709892273,0.992579996585846,0.9905999898910522,0.9919700026512146,0,2026-06-19 08:00:00+00:00
1781870400000,0.9919499754905701,0.9943000078201294,0.991129994392395,0.9935500025749207,0,2026-06-19 12:00:00+00:00
1781884800000,0.9935500025749207,0.9942499995231628,0.992389976978302,0.9935500025749207,0,2026-06-19 16:00:00+00:00
1781899200000,0.9936800003051758,0.9939299821853638,0.9911699891090393,0.9914399981498718,0,2026-06-19 20:00:00+00:00
1782072000000,0.9929400086402893,0.993120014667511,0.9913600087165833,0.9925000071525574,0,2026-06-21 20:00:00+00:00
1782086400000,0.9925199747085571,0.9945099949836731,0.9914600253105164,0.9935299754142761,0,2026-06-22 00:00:00+00:00
1782100800000,0.9935500025749207,0.9940199851989746,0.9912099838256836,0.9921299815177917,0,2026-06-22 04:00:00+00:00
1782115200000,0.9921500086784363,0.993179976940155,0.9906399846076965,0.992139995098114,0,2026-06-22 08:00:00+00:00
1782129600000,0.992139995098114,0.9932100176811218,0.9901800155639648,0.9915400147438049,0,2026-06-22 12:00:00+00:00
1782144000000,0.9915800094604492,0.9921000003814697,0.9898599982261658,0.9910200238227844,0,2026-06-22 16:00:00+00:00
1782158400000,0.991100013256073,0.9917399883270264,0.989359974861145,0.9902499914169312,0,2026-06-22 20:00:00+00:00
1782172800000,0.9901300072669983,0.990339994430542,0.9865400195121765,0.9881600141525269,0,2026-06-23 00:00:00+00:00
1782187200000,0.9881600141525269,0.9884099960327148,0.9837200045585632,0.9847400188446045,0,2026-06-23 04:00:00+00:00
1782201600000,0.9846900105476379,0.9868000149726868,0.9829300045967102,0.9835699796676636,0,2026-06-23 08:00:00+00:00
1782216000000,0.9835500121116638,0.9847699999809265,0.9819499850273132,0.9831100106239319,0,2026-06-23 12:00:00+00:00
1782230400000,0.9830600023269653,0.9833300113677979,0.980970025062561,0.9820799827575684,0,2026-06-23 16:00:00+00:00
1782244800000,0.9820899963378906,0.9831100106239319,0.981190025806427,0.9825599789619446,0,2026-06-23 20:00:00+00:00
1782259200000,0.9825299978256226,0.9836400151252747,0.9804999828338623,0.9815599918365479,0,2026-06-24 00:00:00+00:00
1782273600000,0.9816200137138367,0.9833400249481201,0.9803699851036072,0.9815099835395813,0,2026-06-24 04:00:00+00:00
1782288000000,0.9815499782562256,0.9817799925804138,0.9790099859237671,0.9811000227928162,0,2026-06-24 08:00:00+00:00
1782302400000,0.9811000227928162,0.9822499752044678,0.9798600077629089,0.9815300107002258,0,2026-06-24 12:00:00+00:00
1782316800000,0.9815099835395813,0.9818400144577026,0.9788900017738342,0.98089998960495,0,2026-06-24 16:00:00+00:00
1782331200000,0.9808899760246277,0.9821699857711792,0.9797099828720093,0.9818099737167358,0,2026-06-24 20:00:00+00:00
1782345600000,0.9818400144577026,0.9825900197029114,0.979449987411499,0.9812399744987488,0,2026-06-25 00:00:00+00:00
1782360000000,0.9812099933624268,0.9822400212287903,0.9799000024795532,0.9817399978637695,0,2026-06-25 04:00:00+00:00
1782374400000,0.9816499948501587,0.982450008392334,0.9801700115203857,0.9811400175094604,0,2026-06-25 08:00:00+00:00
1782388800000,0.9810799956321716,0.9833999872207642,0.978659987449646,0.9819700121879578,0,2026-06-25 12:00:00+00:00
1782403200000,0.981939971446991,0.982200026512146,0.9800300002098083,0.9809600114822388,0,2026-06-25 16:00:00+00:00
1782417600000,0.9809600114822388,0.9818099737167358,0.9787999987602234,0.9798200130462646,0,2026-06-25 20:00:00+00:00
1782432000000,0.9797499775886536,0.9800300002098083,0.9759500026702881,0.9782299995422363,0,2026-06-26 00:00:00+00:00
1782446400000,0.9781200289726257,0.9792199730873108,0.9762099981307983,0.9783200025558472,0,2026-06-26 04:00:00+00:00
1782460800000,0.9783700108528137,0.9793400168418884,0.9767400026321411,0.9787600040435791,0,2026-06-26 08:00:00+00:00
1782475200000,0.9787499904632568,0.9805300235748291,0.9770799875259399,0.9793800115585327,0,2026-06-26 12:00:00+00:00
1782489600000,0.9793499708175659,0.9794999957084656,0.9772300124168396,0.977940022945404,0,2026-06-26 16:00:00+00:00
1782504000000,0.9780099987983704,0.9786700010299683,0.9766600131988525,0.9781399965286255,0,2026-06-26 20:00:00+00:00
1782676800000,0.97816002368927,0.9785299897193909,0.9772300124168396,0.978410005569458,0,2026-06-28 20:00:00+00:00
1782691200000,0.9783400297164917,0.9785100221633911,0.975820004940033,0.9774100184440613,0,2026-06-29 00:00:00+00:00
1782705600000,0.977429986000061,0.978879988193512,0.9765099883079529,0.9781699776649475,0,2026-06-29 04:00:00+00:00
1782720000000,0.9782299995422363,0.9801999926567078,0.977180004119873,0.9800699949264526,0,2026-06-29 08:00:00+00:00
1782734400000,0.9800699949264526,0.9801499843597412,0.9765599966049194,0.9782199859619141,0,2026-06-29 12:00:00+00:00
1782748800000,0.97816002368927,0.9786199927330017,0.976859986782074,0.9784799814224243,0,2026-06-29 16:00:00+00:00
1782763200000,0.9784200191497803,0.9788100123405457,0.9769600033760071,0.977940022945404,0,2026-06-29 20:00:00+00:00
1782777600000,0.9779300093650818,0.9785100221633911,0.975570023059845,0.9775699973106384,0,2026-06-30 00:00:00+00:00
1782792000000,0.9774799942970276,0.9790899753570557,0.9766799807548523,0.9785799980163574,0,2026-06-30 04:00:00+00:00
1782806400000,0.9785900115966797,0.9809200167655945,0.9777699708938599,0.9804900288581848,0,2026-06-30 08:00:00+00:00
1782820800000,0.9804900288581848,0.9830800294876099,0.978600025177002,0.9821199774742126,0,2026-06-30 12:00:00+00:00
1782835200000,0.9821299910545349,0.9831699728965759,0.9807199835777283,0.9818999767303467,0,2026-06-30 16:00:00+00:00
1782849600000,0.9818400144577026,0.9825299978256226,0.9805999994277954,0.9819200038909912,0,2026-06-30 20:00:00+00:00
1782864000000,0.9819200038909912,0.9822800159454346,0.9779300093650818,0.9796299934387207,0,2026-07-01 00:00:00+00:00
1782878400000,0.979640007019043,0.9801099896430969,0.9780899882316589,0.9799299836158752,0,2026-07-01 04:00:00+00:00
1782892800000,0.9798700213432312,0.9806399941444397,0.9787200093269348,0.9802299737930298,0,2026-07-01 08:00:00+00:00
1782907200000,0.9802700281143188,0.9815599918365479,0.9789599776268005,0.9804800152778625,0,2026-07-01 12:00:00+00:00
1782921600000,0.980430006980896,0.9809799790382385,0.9789800047874451,0.9798200130462646,0,2026-07-01 16:00:00+00:00
1782936000000,0.9797700047492981,0.9804199934005737,0.9782099723815918,0.9795299768447876,0,2026-07-01 20:00:00+00:00
1782950400000,0.9794600009918213,0.9804900288581848,0.9780899882316589,0.9797899723052979,0,2026-07-02 00:00:00+00:00
1782964800000,0.9797499775886536,0.9801700115203857,0.9775400161743164,0.9782699942588806,0,2026-07-02 04:00:00+00:00
1782979200000,0.9782000184059143,0.9803900122642517,0.9776399731636047,0.9788600206375122,0,2026-07-02 08:00:00+00:00
1782993600000,0.9788200259208679,0.983780026435852,0.977869987487793,0.9827499985694885,0,2026-07-02 12:00:00+00:00
1783008000000,0.9827799797058105,0.9828900098800659,0.9797199964523315,0.9814000129699707,0,2026-07-02 16:00:00+00:00
1783022400000,0.981440007686615,0.981939971446991,0.9793000221252441,0.9812399744987488,0,2026-07-02 20:00:00+00:00
1783036800000,0.9812399744987488,0.9831200242042542,0.9800500273704529,0.9827499985694885,0,2026-07-03 00:00:00+00:00
1783051200000,0.9826800227165222,0.9847599864006042,0.9816700220108032,0.9843999743461609,0,2026-07-03 04:00:00+00:00
1783065600000,0.9843800067901611,0.9850900173187256,0.9829400181770325,0.9849299788475037,0,2026-07-03 08:00:00+00:00
1783080000000,0.9849200248718262,0.985450029373169,0.9836599826812744,0.9849100112915039,0,2026-07-03 12:00:00+00:00
1783094400000,0.9849100112915039,0.9854099750518799,0.9837899804115295,0.985010027885437,0,2026-07-03 16:00:00+00:00
1783108800000,0.9848899841308594,0.9852399826049805,0.9840400218963623,0.9844499826431274,0,2026-07-03 20:00:00+00:00
1783281600000,0.9851300120353699,0.9854599833488464,0.9840800166130066,0.9851999878883362,0,2026-07-05 20:00:00+00:00
1783296000000,0.9851999878883362,0.9855999946594238,0.9827799797058105,0.9841499924659729,0,2026-07-06 00:00:00+00:00
1783310400000,0.9841399788856506,0.986270010471344,0.9832000136375427,0.9862599968910217,0,2026-07-06 04:00:00+00:00
1783324800000,0.986240029335022,0.9864100217819214,0.98471999168396,0.9859399795532227,0,2026-07-06 08:00:00+00:00
1783339200000,0.9859600067138672,0.9871500134468079,0.9843800067901611,0.9869199991226196,0,2026-07-06 12:00:00+00:00
1783353600000,0.9869199991226196,0.9886800050735474,0.9859899878501892,0.9881100058555603,0,2026-07-06 16:00:00+00:00
1783368000000,0.9881100058555603,0.9886500239372253,0.9859499931335449,0.9881100058555603,0,2026-07-06 20:00:00+00:00
1783382400000,0.9880399703979492,0.9888799786567688,0.9862599968910217,0.987500011920929,0,2026-07-07 00:00:00+00:00
1783396800000,0.9874600172042847,0.9878000020980835,0.9852700233459473,0.9865900278091431,0,2026-07-07 04:00:00+00:00
1783411200000,0.9865900278091431,0.9876999855041504,0.9854900240898132,0.9876199960708618,0,2026-07-07 08:00:00+00:00
1783425600000,0.9875900149345398,0.9886599779129028,0.9831699728965759,0.9843299984931946,0,2026-07-07 12:00:00+00:00
1783440000000,0.98430997133255,0.9848600029945374,0.98225998878479,0.9841099977493286,0,2026-07-07 16:00:00+00:00
1783454400000,0.9840599894523621,0.9842299818992615,0.9817699790000916,0.9831699728965759,0,2026-07-07 20:00:00+00:00
1783468800000,0.9831699728965759,0.9858300089836121,0.9822499752044678,0.9851800203323364,0,2026-07-08 00:00:00+00:00
1783483200000,0.9851800203323364,0.9853900074958801,0.9818099737167358,0.9826499819755554,0,2026-07-08 04:00:00+00:00
1783497600000,0.9826400279998779,0.9827200174331665,0.977649986743927,0.9812700152397156,0,2026-07-08 08:00:00+00:00
1783512000000,0.9812300205230713,0.982699990272522,0.979200005531311,0.9803799986839294,0,2026-07-08 12:00:00+00:00
1783526400000,0.9804099798202515,0.9829199910163879,0.9793699979782104,0.9826400279998779,0,2026-07-08 16:00:00+00:00
1783540800000,0.9825699925422668,0.9826599955558777,0.9800999760627747,0.9825599789619446,0,2026-07-08 20:00:00+00:00
1783555200000,0.982509970664978,0.9828500151634216,0.9803400039672852,0.9821100234985352,0,2026-07-09 00:00:00+00:00
1783569600000,0.9821500182151794,0.9835900068283081,0.9810299873352051,0.9835000038146973,0,2026-07-09 04:00:00+00:00
1783584000000,0.9834200143814087,0.9841799736022949,0.9815499782562256,0.9828299880027771,0,2026-07-09 08:00:00+00:00
1783598400000,0.9828000068664551,0.9843000173568726,0.9816700220108032,0.9832800030708313,0,2026-07-09 12:00:00+00:00
1783612800000,0.9832599759101868,0.9837300181388855,0.9821699857711792,0.9833199977874756,0,2026-07-09 16:00:00+00:00
1783627200000,0.983299970626831,0.9836500287055969,0.9817399978637695,0.983519971370697,0,2026-07-09 20:00:00+00:00
1783641600000,0.9835299849510193,0.9852100014686584,0.9818900227546692,0.9846199750900269,0,2026-07-10 00:00:00+00:00
1783656000000,0.9845700263977051,0.98471999168396,0.9826800227165222,0.9836699962615967,0,2026-07-10 04:00:00+00:00
1783670400000,0.9836400151252747,0.9845700263977051,0.9825000166893005,0.9836099743843079,0,2026-07-10 08:00:00+00:00
1783684800000,0.9836500287055969,0.9843999743461609,0.9815999865531921,0.9833999872207642,0,2026-07-10 12:00:00+00:00
1783699200000,0.9833700060844421,0.9841899871826172,0.9818300008773804,0.9840899705886841,0,2026-07-10 16:00:00+00:00
1783713600000,0.9840899705886841,0.9843900203704834,0.9829300045967102,0.9830899834632874,0,2026-07-10 20:00:00+00:00
1783886400000,0.9828299880027771,0.983210027217865,0.9819499850273132,0.9831799864768982,0,2026-07-12 20:00:00+00:00
1783900800000,0.9831200242042542,0.9836699962615967,0.980239987373352,0.9812600016593933,0,2026-07-13 00:00:00+00:00
1783915200000,0.9812600016593933,0.9818000197410583,0.9796299934387207,0.9810500144958496,0,2026-07-13 04:00:00+00:00
1783929600000,0.9810500144958496,0.9818500280380249,0.9800999760627747,0.9815099835395813,0,2026-07-13 08:00:00+00:00
1783944000000,0.9815300107002258,0.9818999767303467,0.9793400168418884,0.9804400205612183,0,2026-07-13 12:00:00+00:00
1783958400000,0.9804499745368958,0.9806699752807617,0.9779199957847595,0.9791799783706665,0,2026-07-13 16:00:00+00:00
1783972800000,0.9791600108146667,0.9794899821281433,0.9775999784469604,0.978950023651123,0,2026-07-13 20:00:00+00:00
1783987200000,0.9789599776268005,0.979640007019043,0.977429986000061,0.9792400002479553,0,2026-07-14 00:00:00+00:00
1784001600000,0.9792400002479553,0.9803799986839294,0.9779700040817261,0.978879988193512,0,2026-07-14 04:00:00+00:00
1784016000000,0.978879988193512,0.9801300168037415,0.977370023727417,0.9800699949264526,0,2026-07-14 08:00:00+00:00
1784030400000,0.9800500273704529,0.9827600121498108,0.9780499935150146,0.9808599948883057,0,2026-07-14 12:00:00+00:00
1784044800000,0.9808300137519836,0.9814800024032593,0.9797300100326538,0.980679988861084,0,2026-07-14 16:00:00+00:00
1784059200000,0.9807100296020508,0.9808800220489502,0.9789699912071228,0.9802299737930298,0,2026-07-14 20:00:00+00:00
1784073600000,0.9802200198173523,0.981719970703125,0.9795200228691101,0.9812999963760376,0,2026-07-15 00:00:00+00:00
1784088000000,0.9813200235366821,0.9823300242424011,0.9799900054931641,0.9817299842834473,0,2026-07-15 04:00:00+00:00
1784102400000,0.981660008430481,0.9828000068664551,0.9805600047111511,0.982699990272522,0,2026-07-15 08:00:00+00:00
1784116800000,0.9826800227165222,0.9839400053024292,0.9813200235366821,0.982990026473999,0,2026-07-15 12:00:00+00:00
1784131200000,0.982990026473999,0.9847099781036377,0.9813799858093262,0.9838100075721741,0,2026-07-15 16:00:00+00:00
1784145600000,0.9838500022888184,0.9840899705886841,0.9817600250244141,0.9835000038146973,0,2026-07-15 20:00:00+00:00
1784160000000,0.9835299849510193,0.9840400218963623,0.9808200001716614,0.9832199811935425,0,2026-07-16 00:00:00+00:00
1784174400000,0.9831600189208984,0.9835799932479858,0.9815000295639038,0.9826899766921997,0,2026-07-16 04:00:00+00:00
1784188800000,0.9826899766921997,0.983269989490509,0.9813799858093262,0.9831799864768982,0,2026-07-16 08:00:00+00:00
1784203200000,0.9831600189208984,0.9832599759101868,0.9806100130081177,0.9825000166893005,0,2026-07-16 12:00:00+00:00
1784217600000,0.9824900031089783,0.9828799962997437,0.9811400175094604,0.9825800061225891,0,2026-07-16 16:00:00+00:00
1784232000000,0.9825699925422668,0.9828500151634216,0.9810600280761719,0.9825800061225891,0,2026-07-16 20:00:00+00:00
1784246400000,0.9825699925422668,0.9828000068664551,0.9788399934768677,0.979960024356842,0,2026-07-17 00:00:00+00:00
1784260800000,0.979960024356842,0.9808599948883057,0.9782400131225586,0.9796199798583984,0,2026-07-17 04:00:00+00:00
1784275200000,0.9796599745750427,0.9802899956703186,0.9767900109291077,0.9781699776649475,0,2026-07-17 08:00:00+00:00
1784289600000,0.9781500101089478,0.9788900017738342,0.9759600162506104,0.9787799715995789,0,2026-07-17 12:00:00+00:00
1784304000000,0.9787700176239014,0.9787999987602234,0.9770799875259399,0.9784500002861023,0,2026-07-17 16:00:00+00:00
1784318400000,0.9784899950027466,0.9788100123405457,0.9773600101470947,0.9779800176620483,0,2026-07-17 20:00:00+00:00
1784491200000,0.9778000116348267,0.9783400297164917,0.9768000245094299,0.9783200025558472,0,2026-07-19 20:00:00+00:00
1784505600000,0.9782999753952026,0.9797800183296204,0.9770900011062622,0.9794700145721436,0,2026-07-20 00:00:00+00:00
1784520000000,0.9794399738311768,0.9812099933624268,0.9777600169181824,0.9810000061988831,0,2026-07-20 04:00:00+00:00
1784534400000,0.9809600114822388,0.9839100241661072,0.9800900220870972,0.9837499856948853,0,2026-07-20 08:00:00+00:00
1784548800000,0.9837200045585632,0.9848399758338928,0.9819899797439575,0.9844899773597717,0,2026-07-20 12:00:00+00:00
1784563200000,0.9845100045204163,0.9848700165748596,0.9831100106239319,0.9844300150871277,0,2026-07-20 16:00:00+00:00
1784577600000,0.9844899773597717,0.9858300089836121,0.9833199977874756,0.985010027885437,0,2026-07-20 20:00:00+00:00
1784592000000,0.9849299788475037,0.9866399765014648,0.9836999773979187,0.9860100150108337,0,2026-07-21 00:00:00+00:00
1784606400000,0.9859899878501892,0.9873300194740295,0.9847800135612488,0.9871299862861633,0,2026-07-21 04:00:00+00:00
1784620800000,0.987089991569519,0.9879699945449829,0.985480010509491,0.9870200157165527,0,2026-07-21 08:00:00+00:00
1784635200000,0.9870399832725525,0.9881200194358826,0.9853000044822693,0.987779974937439,0,2026-07-21 12:00:00+00:00
1784649600000,0.9877700209617615,0.9883599877357483,0.9866700172424316,0.9877399802207947,0,2026-07-21 16:00:00+00:00
1784664000000,0.9877499938011169,0.9878799915313721,0.9861099720001221,0.987309992313385,0,2026-07-21 20:00:00+00:00
1784678400000,0.9872999787330627,0.9888200163841248,0.9862300157546997,0.9871299862861633,0,2026-07-22 00:00:00+00:00
1784692800000,0.9871199727058411,0.9873200058937073,0.9846100211143494,0.9856500029563904,0,2026-07-22 04:00:00+00:00
1784707200000,0.9856100082397461,0.98649001121521,0.9840899705886841,0.9854000210762024,0,2026-07-22 08:00:00+00:00
1784721600000,0.9854000210762024,0.9859399795532227,0.9832599759101868,0.9858800172805786,0,2026-07-22 12:00:00+00:00
1784736000000,0.9859099984169006,0.9859700202941895,0.9841399788856506,0.9851199984550476,0,2026-07-22 16:00:00+00:00
1784750400000,0.9851400256156921,0.9857900142669678,0.9828600287437439,0.9843599796295166,0,2026-07-22 20:00:00+00:00
1784764800000,0.9843900203704834,0.9879500269889832,0.9833999872207642,0.9869599938392639,0,2026-07-23 00:00:00+00:00
1784779200000,0.9868999719619751,0.9871799945831299,0.9837300181388855,0.9851999878883362,0,2026-07-23 04:00:00+00:00
1784793600000,0.9851499795913696,0.9858199954032898,0.9832299947738647,0.9843699932098389,0,2026-07-23 08:00:00+00:00
1784808000000,0.9843699932098389,0.9844499826431274,0.9805399775505066,0.9823600053787231,0,2026-07-23 12:00:00+00:00
1784822400000,0.9823700189590454,0.9827499985694885,0.9794399738311768,0.9809100031852722,0,2026-07-23 16:00:00+00:00
1784836800000,0.9808899760246277,0.9815700054168701,0.9796800017356873,0.9812300205230713,0,2026-07-23 20:00:00+00:00
1784851200000,0.9812300205230713,0.9823200106620789,0.979889988899231,0.9817900061607361,0,2026-07-24 00:00:00+00:00
1784865600000,0.9817799925804138,0.9833300113677979,0.9807999730110168,0.9829999804496765,0,2026-07-24 04:00:00+00:00
1784880000000,0.983020007610321,0.9847400188446045,0.9820200204849243,0.9844599962234497,0,2026-07-24 08:00:00+00:00
1784894400000,0.98444002866745,0.985289990901947,0.9824000000953674,0.9848099946975708,0,2026-07-24 12:00:00+00:00
1784908800000,0.9848600029945374,0.9850299954414368,0.98294997215271,0.9842000007629395,0,2026-07-24 16:00:00+00:00
1784923200000,0.9841499924659729,0.9843500256538391,0.98294997215271,0.9829699993133545,0,2026-07-24 20:00:00+00:00
1785096000000,0.9851099848747253,0.9854699969291687,0.9839400053024292,0.9851999878883362,0,2026-07-26 20:00:00+00:00
1785110400000,0.9851199984550476,0.9857400059700012,0.983780026435852,0.9854900240898132,0,2026-07-27 00:00:00+00:00
1785124800000,0.9854099750518799,0.9880499839782715,0.9843199849128723,0.9868000149726868,0,2026-07-27 04:00:00+00:00
1785139200000,0.98676997423172,0.9878399968147278,0.9857199788093567,0.9871799945831299,0,2026-07-27 08:00:00+00:00
1785153600000,0.9871500134468079,0.9874200224876404,0.9853000044822693,0.9866799712181091,0,2026-07-27 12:00:00+00:00
1785168000000,0.9866600036621094,0.9874699711799622,0.9855700135231018,0.9873499870300293,0,2026-07-27 16:00:00+00:00
1785182400000,0.9873499870300293,0.9874100089073181,0.9856100082397461,0.9868199825286865,0,2026-07-27 20:00:00+00:00
1785196800000,0.986739993095398,0.9878000020980835,0.9845200181007385,0.9853399991989136,0,2026-07-28 00:00:00+00:00
1785211200000,0.9853100180625916,0.9854000210762024,0.9823899865150452,0.9837899804115295,0,2026-07-28 04:00:00+00:00
1785225600000,0.9837899804115295,0.9841499924659729,0.9813299775123596,0.9825299978256226,0,2026-07-28 08:00:00+00:00
1785240000000,0.9825199842453003,0.984000027179718,0.981410026550293,0.983959972858429,0,2026-07-28 12:00:00+00:00
1785254400000,0.983959972858429,0.9842900037765503,0.9825800061225891,0.9840599894523621,0,2026-07-28 16:00:00+00:00
1785268800000,0.9840099811553955,0.9842100143432617,0.9821500182151794,0.9837200045585632,0,2026-07-28 20:00:00+00:00
1785283200000,0.9837200045585632,0.9839299917221069,0.9778199791908264,0.9789400100708008,0,2026-07-29 00:00:00+00:00
1785297600000,0.9789100289344788,0.9803799986839294,0.9774600267410278,0.9792400002479553,0,2026-07-29 04:00:00+00:00
1785312000000,0.9791899919509888,0.9793199896812439,0.977429986000061,0.9788699746131897,0,2026-07-29 08:00:00+00:00
1785326400000,0.9788200259208679,0.9790999889373779,0.974590003490448,0.9760800004005432,0,2026-07-29 12:00:00+00:00
1785340800000,0.9761099815368652,0.9811199903488159,0.974590003490448,0.9766299724578857,0,2026-07-29 16:00:00+00:00
1785355200000,0.976610004901886,0.9781399965286255,0.9746999740600586,0.9765099883079529,0,2026-07-29 20:00:00+00:00
1785369600000,0.9765200018882751,0.9780200123786926,0.975409984588623,0.9765700101852417,0,2026-07-30 00:00:00+00:00
1785384000000,0.9765700101852417,0.9785900115966797,0.9754400253295898,0.9774799942970276,0,2026-07-30 04:00:00+00:00
1785398400000,0.9774399995803833,0.9804400205612183,0.9767500162124634,0.9803699851036072,0,2026-07-30 08:00:00+00:00
1785412800000,0.9802899956703186,0.9838899970054626,0.9789800047874451,0.983020007610321,0,2026-07-30 12:00:00+00:00
1785427200000,0.982990026473999,0.984499990940094,0.9822099804878235,0.9844200015068054,0,2026-07-30 16:00:00+00:00
1785441600000,0.9844200015068054,0.9847699999809265,0.9822099804878235,0.9841600060462952,0,2026-07-30 20:00:00+00:00
1785456000000,0.9841600060462952,0.9854300022125244,0.9828199744224548,0.9847800135612488,0,2026-07-31 00:00:00+00:00
1785470400000,0.9847599864006042,0.9861199855804443,0.9838299751281738,0.9856600165367126,0,2026-07-31 04:00:00+00:00
1785484800000,0.9856200218200684,0.9866200089454651,0.9839000105857849,0.9850900173187256,0,2026-07-31 08:00:00+00:00
1785499200000,0.9850900173187256,0.9855300188064575,0.9819599986076355,0.9853399991989136,0,2026-07-31 12:00:00+00:00
1785513600000,0.9853699803352356,0.9868599772453308,0.9842600226402283,0.9861299991607666,0,2026-07-31 16:00:00+00:00
1785528000000,0.9861400127410889,0.9868999719619751,0.982479989528656,0.9835900068283081,0,2026-07-31 20:00:00+00:00
1785700800000,0.9870200157165527,0.9873999953269958,0.9859700202941895,0.9872400164604187,0,2026-08-02 20:00:00+00:00
1785715200000,0.9872400164604187,0.9875699877738953,0.9852700233459473,0.9863399863243103,0,2026-08-03 00:00:00+00:00
1785729600000,0.9863799810409546,0.9871900081634521,0.9843699932098389,0.9852799773216248,0,2026-08-03 04:00:00+00:00
1785744000000,0.9853299856185913,0.9853600263595581,0.9818699955940247,0.9830999970436096,0,2026-08-03 08:00:00+00:00
1785758400000,0.9830999970436096,0.983269989490509,0.9800900220870972,0.9826700091362,0,2026-08-03 12:00:00+00:00
1785772800000,0.9826700091362,0.9831500053405762,0.9813299775123596,0.983020007610321,0,2026-08-03 16:00:00+00:00
1785787200000,0.9829800128936768,0.9846699833869934,0.9817600250244141,0.9827600121498108,0,2026-08-03 20:00:00+00:00
1785801600000,0.9827399849891663,0.9860399961471558,0.9819599986076355,0.9856200218200684,0,2026-08-04 00:00:00+00:00
1785816000000,0.9855599999427795,0.9870100021362305,0.9844599962234497,0.9859499931335449,0,2026-08-04 04:00:00+00:00
1785830400000,0.9859399795532227,0.9886000156402588,0.9847099781036377,0.9884899854660034,0,2026-08-04 08:00:00+00:00
1785844800000,0.9884899854660034,0.9902899861335754,0.987339973449707,0.9901700019836426,0,2026-08-04 12:00:00+00:00
1785859200000,0.9901800155639648,0.9913600087165833,0.9891300201416016,0.9910899996757507,0,2026-08-04 16:00:00+00:00
1785873600000,0.9910899996757507,0.9915099740028381,0.9892899990081787,0.9910600185394287,0,2026-08-04 20:00:00+00:00
1785888000000,0.9910699725151062,0.9920799732208252,0.9896000027656555,0.9917700290679932,0,2026-08-05 00:00:00+00:00
1785902400000,0.9917799830436707,0.9925500154495239,0.9898300170898438,0.9912300109863281,0,2026-08-05 04:00:00+00:00
1785916800000,0.9912700057029724,0.9914799928665161,0.9893400073051453,0.9905099868774414,0,2026-08-05 08:00:00+00:00
1785931200000,0.9905099868774414,0.9912499785423279,0.9874299764633179,0.9882799983024597,0,2026-08-05 12:00:00+00:00
1785945600000,0.9882699847221375,0.9892699718475342,0.9871900081634521,0.9885200262069702,0,2026-08-05 16:00:00+00:00
1785960000000,0.9884999990463257,0.9889100193977356,0.9869499802589417,0.9885299801826477,0,2026-08-05 20:00:00+00:00
1785974400000,0.9885500073432922,0.9888100028038025,0.9864299893379211,0.9874399900436401,0,2026-08-06 00:00:00+00:00
1785988800000,0.9874299764633179,0.9875800013542175,0.985069990158081,0.986020028591156,0,2026-08-06 04:00:00+00:00
1786003200000,0.9860600233078003,0.9868999719619751,0.9840800166130066,0.985319972038269,0,2026-08-06 08:00:00+00:00
1786017600000,0.985319972038269,0.9874600172042847,0.984279990196228,0.9858700037002563,0,2026-08-06 12:00:00+00:00
1786032000000,0.9858800172805786,0.9860000014305115,0.9845100045204163,0.9855200052261353,0,2026-08-06 16:00:00+00:00
1786046400000,0.9855200052261353,0.9856200218200684,0.9837599992752075,0.9855300188064575,0,2026-08-06 20:00:00+00:00
1786060800000,0.9855300188064575,0.9856699705123901,0.9835500121116638,0.9847400188446045,0,2026-08-07 00:00:00+00:00
1786075200000,0.9847300052642822,0.9866899847984314,0.983780026435852,0.9865800142288208,0,2026-08-07 04:00:00+00:00
1786089600000,0.9865599870681763,0.987030029296875,0.9853500127792358,0.9864199757575989,0,2026-08-07 08:00:00+00:00
1786104000000,0.9864100217819214,0.9875699877738953,0.9825500249862671,0.9840800166130066,0,2026-08-07 12:00:00+00:00
1786118400000,0.9840800166130066,0.9861699938774109,0.9833300113677979,0.9856100082397461,0,2026-08-07 16:00:00+00:00
1786132800000,0.9856399893760681,0.9857699871063232,0.9835100173950195,0.9841700196266174,0,2026-08-07 20:00:00+00:00
1786305600000,0.9851999878883362,0.9856500029563904,0.9842900037765503,0.9852100014686584,0,2026-08-09 20:00:00+00:00
1786320000000,0.9852499961853027,0.9861800074577332,0.983959972858429,0.9854900240898132,0,2026-08-10 00:00:00+00:00
1786334400000,0.9854900240898132,0.9866499900817871,0.9843800067901611,0.985729992389679,0,2026-08-10 04:00:00+00:00
1786348800000,0.9857199788093567,0.9859300255775452,0.983489990234375,0.984529972076416,0,2026-08-10 08:00:00+00:00
1786363200000,0.9845600128173828,0.985040009021759,0.982990026473999,0.9839900135993958,0,2026-08-10 12:00:00+00:00
1786377600000,0.9839900135993958,0.9841600060462952,0.982420027256012,0.9832800030708313,0,2026-08-10 16:00:00+00:00
1786392000000,0.9832599759101868,0.983680009841919,0.9819700121879578,0.9829699993133545,0,2026-08-10 20:00:00+00:00
1786406400000,0.9829699993133545,0.9837899804115295,0.9817699790000916,0.9831299781799316,0,2026-08-11 00:00:00+00:00
1786420800000,0.9831299781799316,0.983489990234375,0.9800900220870972,0.9826200008392334,0,2026-08-11 04:00:00+00:00
1786435200000,0.9826300144195557,0.9846699833869934,0.9815000295639038,0.9841499924659729,0,2026-08-11 08:00:00+00:00
1786449600000,0.9841499924659729,0.9851700067520142,0.9818599820137024,0.9830800294876099,0,2026-08-11 12:00:00+00:00
1786464000000,0.9831299781799316,0.983210027217865,0.980970025062561,0.9831500053405762,0,2026-08-11 16:00:00+00:00
1786478400000,0.9831399917602539,0.9835000038146973,0.981660008430481,0.983240008354187,0,2026-08-11 20:00:00+00:00
1786492800000,0.983240008354187,0.9838399887084961,0.9818199872970581,0.9828199744224548,0,2026-08-12 00:00:00+00:00
1786507200000,0.9828199744224548,0.983780026435852,0.9817900061607361,0.983020007610321,0,2026-08-12 04:00:00+00:00
1786521600000,0.9830300211906433,0.9850500226020813,0.9821100234985352,0.9846199750900269,0,2026-08-12 08:00:00+00:00
1786536000000,0.9846199750900269,0.9864199757575989,0.9826300144195557,0.98403000831604,0,2026-08-12 12:00:00+00:00
1786550400000,0.9840199947357178,0.9852399826049805,0.9831399917602539,0.9846199750900269,0,2026-08-12 16:00:00+00:00
1786564800000,0.9846100211143494,0.9846600294113159,0.9830099940299988,0.9845899939537048,0,2026-08-12 20:00:00+00:00
1786579200000,0.9845499992370605,0.9849100112915039,0.9821199774742126,0.9829400181770325,0,2026-08-13 00:00:00+00:00
1786593600000,0.9829099774360657,0.9836699962615967,0.981689989566803,0.9833099842071533,0,2026-08-13 04:00:00+00:00
1786608000000,0.9832900166511536,0.983739972114563,0.9821199774742126,0.9833999872207642,0,2026-08-13 08:00:00+00:00
1786622400000,0.9833899736404419,0.9852100014686584,0.9820600152015686,0.9834100008010864,0,2026-08-13 12:00:00+00:00
1786636800000,0.9833999872207642,0.9835699796676636,0.9821500182151794,0.9831799864768982,0,2026-08-13 16:00:00+00:00
1786651200000,0.9831900000572205,0.9838200211524963,0.9818999767303467,0.9837200045585632,0,2026-08-13 20:00:00+00:00
1786665600000,0.983680009841919,0.9838399887084961,0.981440007686615,0.9828799962997437,0,2026-08-14 00:00:00+00:00
1786680000000,0.9828699827194214,0.9832599759101868,0.9810400009155273,0.9822099804878235,0,2026-08-14 04:00:00+00:00
1786694400000,0.9822099804878235,0.983210027217865,0.9811499714851379,0.9829400181770325,0,2026-08-14 08:00:00+00:00
1786708800000,0.9829400181770325,0.9844200015068054,0.981410026550293,0.9835699796676636,0,2026-08-14 12:00:00+00:00
1786723200000,0.983519971370697,0.9836900234222412,0.9814199805259705,0.9829400181770325,0,2026-08-14 16:00:00+00:00
1786737600000,0.9829400181770325,0.9829800128936768,0.9814900159835815,0.981939971446991,0,2026-08-14 20:00:00+00:00
1786910400000,0.9830600023269653,0.9832599759101868,0.9818800091743469,0.9827399849891663,0,2026-08-16 20:00:00+00:00
1786924800000,0.9827600121498108,0.9845100045204163,0.9820700287818909,0.9843599796295166,0,2026-08-17 00:00:00+00:00
1786939200000,0.9843999743461609,0.9872400164604187,0.9832900166511536,0.9865900278091431,0,2026-08-17 04:00:00+00:00
1786953600000,0.9866200089454651,0.9878900051116943,0.9851199984550476,0.9875699877738953,0,2026-08-17 08:00:00+00:00
1786968000000,0.9876000285148621,0.9876199960708618,0.9841099977493286,0.986270010471344,0,2026-08-17 12:00:00+00:00
1786982400000,0.986270010471344,0.9867299795150757,0.9842600226402283,0.9855700135231018,0,2026-08-17 16:00:00+00:00
1786996800000,0.9855700135231018,0.9867799878120422,0.984499990940094,0.9858700037002563,0,2026-08-17 20:00:00+00:00
1787011200000,0.9858700037002563,0.9866499900817871,0.984279990196228,0.9852499961853027,0,2026-08-18 00:00:00+00:00
1787025600000,0.9852499961853027,0.9855200052261353,0.9833099842071533,0.98471999168396,0,2026-08-18 04:00:00+00:00
1787040000000,0.98471999168396,0.98649001121521,0.9835600256919861,0.9864400029182434,0,2026-08-18 08:00:00+00:00
1787054400000,0.9864799976348877,0.9874600172042847,0.984529972076416,0.9855999946594238,0,2026-08-18 12:00:00+00:00
1787068800000,0.9855899810791016,0.9858800172805786,0.9835699796676636,0.984529972076416,0,2026-08-18 16:00:00+00:00
1787083200000,0.984529972076416,0.9849100112915039,0.9829400181770325,0.9841300249099731,0,2026-08-18 20:00:00+00:00
1787097600000,0.9841499924659729,0.9845100045204163,0.9808599948883057,0.9818400144577026,0,2026-08-19 00:00:00+00:00
1787112000000,0.9818500280380249,0.9820500016212463,0.9798799753189087,0.9809899926185608,0,2026-08-19 04:00:00+00:00
1787126400000,0.9809799790382385,0.9826599955558777,0.9800999760627747,0.9813699722290039,0,2026-08-19 08:00:00+00:00
1787140800000,0.9813399910926819,0.9856100082397461,0.9804499745368958,0.9842699766159058,0,2026-08-19 12:00:00+00:00
1787155200000,0.9842699766159058,0.9845100045204163,0.9818699955940247,0.9838299751281738,0,2026-08-19 16:00:00+00:00
1787169600000,0.9838299751281738,0.9840199947357178,0.981220006942749,0.9835299849510193,0,2026-08-19 20:00:00+00:00
1787184000000,0.9835399985313416,0.9836699962615967,0.9802200198173523,0.9822400212287903,0,2026-08-20 00:00:00+00:00
1787198400000,0.9822400212287903,0.9825299978256226,0.9805799722671509,0.9815000295639038,0,2026-08-20 04:00:00+00:00
1787212800000,0.9815000295639038,0.9816700220108032,0.9779099822044373,0.9786700010299683,0,2026-08-20 08:00:00+00:00
1787227200000,0.9786700010299683,0.9822400212287903,0.9774799942970276,0.9810199737548828,0,2026-08-20 12:00:00+00:00
1787241600000,0.9810199737548828,0.9811199903488159,0.9790899753570557,0.980970025062561,0,2026-08-20 16:00:00+00:00
1787256000000,0.9809799790382385,0.9811199903488159,0.9788600206375122,0.9810100197792053,0,2026-08-20 20:00:00+00:00
1787270400000,0.9810500144958496,0.9831900000572205,0.9802299737930298,0.9829000234603882,0,2026-08-21 00:00:00+00:00
1787284800000,0.9829000234603882,0.9839800000190735,0.9816100001335144,0.9837599992752075,0,2026-08-21 04:00:00+00:00
1787299200000,0.9837599992752075,0.9848899841308594,0.9826599955558777,0.9840599894523621,0,2026-08-21 08:00:00+00:00
1787313600000,0.9840599894523621,0.9880200028419495,0.9833099842071533,0.9877099990844727,0,2026-08-21 12:00:00+00:00
1787328000000,0.9876700043678284,0.9879500269889832,0.9862200021743774,0.9875400066375732,0,2026-08-21 16:00:00+00:00
1787342400000,0.9875400066375732,0.9875800013542175,0.9857800006866455,0.9862599968910217,0,2026-08-21 20:00:00+00:00
1787515200000,0.9888100028038025,0.9892299771308899,0.9876899719238281,0.9890599846839905,0,2026-08-23 20:00:00+00:00
1787529600000,0.9890599846839905,0.9897699952125549,0.9870100021362305,0.9879800081253052,0,2026-08-24 00:00:00+00:00
1787544000000,0.9879099726676941,0.9914199709892273,0.9869999885559082,0.9912199974060059,0,2026-08-24 04:00:00+00:00
1787558400000,0.9912099838256836,0.9921000003814697,0.9897099733352661,0.9919300079345703,0,2026-08-24 08:00:00+00:00
1787572800000,0.9919300079345703,0.9919400215148926,0.9884600043296814,0.9896199703216553,0,2026-08-24 12:00:00+00:00
1787587200000,0.9896199703216553,0.9903600215911865,0.9886800050735474,0.9895899891853333,0,2026-08-24 16:00:00+00:00
1787601600000,0.9896000027656555,0.9902300238609314,0.9880499839782715,0.9901400208473206,0,2026-08-24 20:00:00+00:00
1787616000000,0.9901300072669983,0.9912199974060059,0.9893699884414673,0.9905700087547302,0,2026-08-25 00:00:00+00:00
1787630400000,0.99058997631073,0.9912999868392944,0.9891999959945679,0.9900599718093872,0,2026-08-25 04:00:00+00:00
1787644800000,0.9900400042533875,0.9916300177574158,0.9886599779129028,0.9914699792861938,0,2026-08-25 08:00:00+00:00
1787659200000,0.9914600253105164,0.991599977016449,0.9889400005340576,0.990369975566864,0,2026-08-25 12:00:00+00:00
1787673600000,0.9903900027275085,0.9909200072288513,0.9889000058174133,0.9908400177955627,0,2026-08-25 16:00:00+00:00
1787688000000,0.9908300042152405,0.9919499754905701,0.989549994468689,0.9912599921226501,0,2026-08-25 20:00:00+00:00
1787702400000,0.9912099838256836,0.9957799911499023,0.9902999997138977,0.9953100085258484,0,2026-08-26 00:00:00+00:00
1787716800000,0.9953100085258484,0.9958099722862244,0.993690013885498,0.9953100085258484,0,2026-08-26 04:00:00+00:00
1787731200000,0.9953100085258484,0.99617999792099,0.9943000078201294,0.9958699941635132,0,2026-08-26 08:00:00+00:00
1787745600000,0.9958699941635132,0.9961199760437012,0.9937300086021423,0.9946399927139282,0,2026-08-26 12:00:00+00:00
1787760000000,0.9946200251579285,0.9954500198364258,0.9935600161552429,0.9953799843788147,0,2026-08-26 16:00:00+00:00
1787774400000,0.9953799843788147,0.9967100024223328,0.9929900169372559,0.9962499737739563,0,2026-08-26 20:00:00+00:00
1787788800000,0.9962400197982788,0.9972100257873535,0.9949100017547607,0.9970700144767761,0,2026-08-27 00:00:00+00:00
1787803200000,0.9970700144767761,0.9978200197219849,0.9959800243377686,0.9968000054359436,0,2026-08-27 04:00:00+00:00
1787817600000,0.9967799782752991,0.9976199865341187,0.9952200055122375,0.9967600107192993,0,2026-08-27 08:00:00+00:00
1787832000000,0.9967600107192993,0.9977099895477295,0.9955599904060364,0.9970399737358093,0,2026-08-27 12:00:00+00:00
1787846400000,0.9970600008964539,0.9973700046539307,0.9959099888801575,0.9967600107192993,0,2026-08-27 16:00:00+00:00
1787860800000,0.996749997138977,0.9969900250434875,0.9948899745941162,0.9966400265693665,0,2026-08-27 20:00:00+00:00
1787875200000,0.9966199994087219,0.9977499842643738,0.9955400228500366,0.9973499774932861,0,2026-08-28 00:00:00+00:00
1787889600000,0.9973499774932861,0.9975900053977966,0.9955700039863586,0.9967600107192993,0,2026-08-28 04:00:00+00:00
1787904000000,0.9967700242996216,0.9974499940872192,0.9953500032424927,0.9962900280952454,0,2026-08-28 08:00:00+00:00
1787918400000,0.9962900280952454,0.9978500008583069,0.9946100115776062,0.9955199956893921,0,2026-08-28 12:00:00+00:00
1787932800000,0.9955199956893921,0.9959099888801575,0.9941999912261963,0.9957699775695801,0,2026-08-28 16:00:00+00:00
1787947200000,0.9957699775695801,0.9959999918937683,0.9944800138473511,0.9948400259017944,0,2026-08-28 20:00:00+00:00
1788120000000,0.9955199956893921,0.9956700205802917,0.9941099882125854,0.9950500130653381,0,2026-08-30 20:00:00+00:00
1788134400000,0.9950500130653381,0.9959499835968018,0.9939900040626526,0.9954699873924255,0,2026-08-31 00:00:00+00:00
1788148800000,0.9954699873924255,0.9957399964332581,0.9938200116157532,0.9947100281715393,0,2026-08-31 04:00:00+00:00
1788163200000,0.9947100281715393,0.9950799942016602,0.993149995803833,0.9943000078201294,0,2026-08-31 08:00:00+00:00
1788177600000,0.9943000078201294,0.9948199987411499,0.9920499920845032,0.9932100176811218,0,2026-08-31 12:00:00+00:00
1788192000000,0.9932000041007996,0.9935299754142761,0.9915500283241272,0.9930700063705444,0,2026-08-31 16:00:00+00:00
1788206400000,0.9930899739265442,0.9933099746704102,0.9916399717330933,0.9932500123977661,0,2026-08-31 20:00:00+00:00
1788220800000,0.9932500123977661,0.9944400191307068,0.9922400116920471,0.9938099980354309,0,2026-09-01 00:00:00+00:00
1788235200000,0.9937999844551086,0.9942799806594849,0.9914699792861938,0.9924399852752686,0,2026-09-01 04:00:00+00:00
1788249600000,0.9924299716949463,0.9927999973297119,0.9893100261688232,0.9916800260543823,0,2026-09-01 08:00:00+00:00
1788264000000,0.9916700124740601,0.9954299926757812,0.9906600117683411,0.995199978351593,0,2026-09-01 12:00:00+00:00
1788278400000,0.9952099919319153,0.9952800273895264,0.9916499853134155,0.992609977722168,0,2026-09-01 16:00:00+00:00
1788292800000,0.992609977722168,0.9932799935340881,0.9914799928665161,0.9928399920463562,0,2026-09-01 20:00:00+00:00
1788307200000,0.9928699731826782,0.9939500093460083,0.9914000034332275,0.9935799837112427,0,2026-09-02 00:00:00+00:00
1788321600000,0.9935899972915649,0.9952800273895264,0.991890013217926,0.9948199987411499,0,2026-09-02 04:00:00+00:00
1788336000000,0.9948199987411499,0.9951000213623047,0.9916200041770935,0.994979977607727,0,2026-09-02 08:00:00+00:00
1788350400000,0.994979977607727,0.9962700009346008,0.9915900230407715,0.992900013923645,0,2026-09-02 12:00:00+00:00
1788364800000,0.992900013923645,0.9932600259780884,0.9908699989318848,0.9922099709510803,0,2026-09-02 16:00:00+00:00
1788379200000,0.9922199845314026,0.9927200078964233,0.9902399778366089,0.9916399717330933,0,2026-09-02 20:00:00+00:00
1788393600000,0.9916300177574158,0.9916800260543823,0.9895399808883667,0.9914000034332275,0,2026-09-03 00:00:00+00:00
1788408000000,0.9913899898529053,0.9917299747467041,0.9893800020217896,0.9912800192832947,0,2026-09-03 04:00:00+00:00
1788422400000,0.9912400245666504,0.9928699731826782,0.99031001329422,0.9917899966239929,0,2026-09-03 08:00:00+00:00
1788436800000,0.9917899966239929,0.9937899708747864,0.9904699921607971,0.9919300079345703,0,2026-09-03 12:00:00+00:00
1788451200000,0.9919400215148926,0.9935100078582764,0.9907299876213074,0.992900013923645,0,2026-09-03 16:00:00+00:00
1788465600000,0.992900013923645,0.9932199716567993,0.9916800260543823,0.9928399920463562,0,2026-09-03 20:00:00+00:00
1788480000000,0.9928399920463562,0.9947299957275391,0.9918699860572815,0.9941400289535522,0,2026-09-04 00:00:00+00:00
1788494400000,0.9941499829292297,0.9946399927139282,0.9925100207328796,0.9939200282096863,0,2026-09-04 04:00:00+00:00
1788508800000,0.993939995765686,0.9946799874305725,0.99235999584198,0.9941999912261963,0,2026-09-04 08:00:00+00:00
1788523200000,0.9941999912261963,0.9983400106430054,0.9895899891853333,0.9972500205039978,0,2026-09-04 12:00:00+00:00
1788537600000,0.9972400069236755,0.9979400038719177,0.9955499768257141,0.9968100190162659,0,2026-09-04 16:00:00+00:00
1788552000000,0.9968100190162659,0.9970899820327759,0.9955000281333923,0.9957900047302246,0,2026-09-04 20:00:00+00:00
1788724800000,0.9967700242996216,0.9970600008964539,0.9958400130271912,0.9969199895858765,0,2026-09-06 20:00:00+00:00
1788739200000,0.9969300031661987,0.9973400235176086,0.9952899813652039,0.9967799782752991,0,2026-09-07 00:00:00+00:00
1788753600000,0.9967700242996216,0.9990699887275696,0.9955300092697144,0.9987999796867371,0,2026-09-07 04:00:00+00:00
1788768000000,0.9987900257110596,0.9989699721336365,0.995930016040802,0.9969300031661987,0,2026-09-07 08:00:00+00:00
1788782400000,0.9969900250434875,0.9974700212478638,0.9955000281333923,0.9968000054359436,0,2026-09-07 12:00:00+00:00
1788796800000,0.9967899918556213,0.9972000122070312,0.9958699941635132,0.9970800280570984,0,2026-09-07 16:00:00+00:00
1788811200000,0.9970999956130981,0.9973700046539307,0.9954400062561035,0.9968000054359436,0,2026-09-07 20:00:00+00:00
1788825600000,0.9968199729919434,0.9969599843025208,0.99413001537323,0.9959499835968018,0,2026-09-08 00:00:00+00:00
1788840000000,0.9959499835968018,0.9962999820709229,0.9933599829673767,0.9949100017547607,0,2026-09-08 04:00:00+00:00
1788854400000,0.9949300289154053,0.99617999792099,0.9934800267219543,0.9956700205802917,0,2026-09-08 08:00:00+00:00
1788868800000,0.9956700205802917,0.9966199994087219,0.9934399724006653,0.9945099949836731,0,2026-09-08 12:00:00+00:00
1788883200000,0.9945200085639954,0.9956099987030029,0.9936000108718872,0.994629979133606,0,2026-09-08 16:00:00+00:00
1788897600000,0.994629979133606,0.9952300190925598,0.9934399724006653,0.9946900010108948,0,2026-09-08 20:00:00+00:00
1788912000000,0.9946600198745728,0.9955400228500366,0.9938899874687195,0.994979977607727,0,2026-09-09 00:00:00+00:00
1788926400000,0.994979977607727,0.9966099858283997,0.993910014629364,0.9960600137710571,0,2026-09-09 04:00:00+00:00
1788940800000,0.9960399866104126,0.9960899949073792,0.9930700063705444,0.9944199919700623,0,2026-09-09 08:00:00+00:00
1788955200000,0.9943900108337402,0.9975799918174744,0.9935299754142761,0.996429979801178,0,2026-09-09 12:00:00+00:00
1788969600000,0.996429979801178,0.9970300197601318,0.9952399730682373,0.9965100288391113,0,2026-09-09 16:00:00+00:00
1788984000000,0.9964799880981445,0.9972800016403198,0.9944199919700623,0.9967899918556213,0,2026-09-09 20:00:00+00:00
1788998400000,0.9967799782752991,0.9970800280570984,0.9946500062942505,0.9965800046920776,0,2026-09-10 00:00:00+00:00
1789012800000,0.9965599775314331,0.9969099760055542,0.9949899911880493,0.9961299896240234,0,2026-09-10 04:00:00+00:00
1789027200000,0.9961199760437012,0.996209979057312,0.992680013179779,0.9934300184249878,0,2026-09-10 08:00:00+00:00
1789041600000,0.9934300184249878,0.993619978427887,0.9886199831962585,0.9897900223731995,0,2026-09-10 12:00:00+00:00
1789056000000,0.9897900223731995,0.9905400276184082,0.9884600043296814,0.9901999831199646,0,2026-09-10 16:00:00+00:00
1789070400000,0.9901999831199646,0.9908400177955627,0.9886999726295471,0.990090012550354,0,2026-09-10 20:00:00+00:00
1789084800000,0.990090012550354,0.9914199709892273,0.9890199899673462,0.9902799725532532,0,2026-09-11 00:00:00+00:00
1789099200000,0.9902799725532532,0.9929199814796448,0.9894400238990784,0.9922400116920471,0,2026-09-11 04:00:00+00:00
1789113600000,0.9922599792480469,0.9944900274276733,0.9907199740409851,0.9940999746322632,0,2026-09-11 08:00:00+00:00
1789128000000,0.9941099882125854,0.9963399767875671,0.9908699989318848,0.9945399761199951,0,2026-09-11 12:00:00+00:00
1789142400000,0.9945399761199951,0.9951300024986267,0.9931899905204773,0.994379997253418,0,2026-09-11 16:00:00+00:00
1789156800000,0.9943699836730957,0.9947500228881836,0.9930199980735779,0.9935899972915649,0,2026-09-11 20:00:00+00:00
1789329600000,0.9930400252342224,0.9933300018310547,0.9907900094985962,0.9916899800300598,0,2026-09-13 20:00:00+00:00
1789344000000,0.9916899800300598,0.9925500154495239,0.9895899891853333,0.9915599822998047,0,2026-09-14 00:00:00+00:00
1789358400000,0.9915599822998047,0.9921799898147583,0.9894499778747559,0.9905099868774414,0,2026-09-14 04:00:00+00:00
1789372800000,0.9904999732971191,0.9908999800682068,0.9890400171279907,0.9899600148200989,0,2026-09-14 08:00:00+00:00
1789387200000,0.9899700284004211,0.9937300086021423,0.9886699914932251,0.9932299852371216,0,2026-09-14 12:00:00+00:00
1789401600000,0.9932299852371216,0.9937700033187866,0.9914199709892273,0.9925699830055237,0,2026-09-14 16:00:00+00:00
1789416000000,0.9925400018692017,0.9926300048828125,0.9904000163078308,0.9920899868011475,0,2026-09-14 20:00:00+00:00
1789430400000,0.9920700192451477,0.9921299815177917,0.9902700185775757,0.9909999966621399,0,2026-09-15 00:00:00+00:00
1789444800000,0.9910200238227844,0.9910500049591064,0.9884499907493591,0.9906299710273743,0,2026-09-15 04:00:00+00:00
1789459200000,0.9906399846076965,0.9925299882888794,0.9885900020599365,0.9924399852752686,0,2026-09-15 08:00:00+00:00
1789473600000,0.9915300011634827,0.9931899905204773,0.9905999898910522,0.9918799996376038,0,2026-09-15 12:00:00+00:00
1789488000000,0.9919000267982483,0.9926300048828125,0.9907500147819519,0.992389976978302,0,2026-09-15 16:00:00+00:00
1789502400000,0.9914799928665161,0.9951099753379822,0.990369975566864,0.992139995098114,0,2026-09-15 20:00:00+00:00
1789516800000,0.9921200275421143,0.993120014667511,0.9910200238227844,0.9925500154495239,0,2026-09-16 00:00:00+00:00
1789531200000,0.9925699830055237,0.9942899942398071,0.9916700124740601,0.9935600161552429,0,2026-09-16 04:00:00+00:00
1789545600000,0.9935600161552429,0.9943000078201294,0.9917299747467041,0.9940699934959412,0,2026-09-16 08:00:00+00:00
1789560000000,0.9940599799156189,0.9942899942398071,0.992110013961792,0.9937099814414978,0,2026-09-16 12:00:00+00:00
1789574400000,0.9937099814414978,0.9946100115776062,0.9892399907112122,0.9918100237846375,0,2026-09-16 16:00:00+00:00
1789588800000,0.9918000102043152,0.9939200282096863,0.9900000095367432,0.9913600087165833,0,2026-09-16 20:00:00+00:00
1789603200000,0.9913100004196167,0.9940000176429749,0.9904999732971191,0.9939000010490417,0,2026-09-17 00:00:00+00:00
1789617600000,0.9938799738883972,0.995959997177124,0.993120014667511,0.9951900243759155,0,2026-09-17 04:00:00+00:00
1789632000000,0.995199978351593,0.9953799843788147,0.9935899972915649,0.9952300190925598,0,2026-09-17 08:00:00+00:00
1789646400000,0.9952300190925598,0.996209979057312,0.993619978427887,0.9950900077819824,0,2026-09-17 12:00:00+00:00
1789660800000,0.9951000213623047,0.9952800273895264,0.9935700297355652,0.9944400191307068,0,2026-09-17 16:00:00+00:00
1789675200000,0.9944499731063843,0.9955400228500366,0.993369996547699,0.9953399896621704,0,2026-09-17 20:00:00+00:00
1789689600000,0.9953399896621704,0.9973899722099304,0.9939299821853638,0.9972299933433533,0,2026-09-18 00:00:00+00:00
1789704000000,0.9972100257873535,0.9976999759674072,0.9954599738121033,0.9971799850463867,0,2026-09-18 04:00:00+00:00
1789718400000,0.9972000122070312,0.9983100295066833,0.996209979057312,0.9978399872779846,0,2026-09-18 08:00:00+00:00
1789732800000,0.9978200197219849,0.9981200098991394,0.9947400093078613,0.995989978313446,0,2026-09-18 12:00:00+00:00
1789747200000,0.995959997177124,0.9973000288009644,0.9949399828910828,0.9969499707221985,0,2026-09-18 16:00:00+00:00
1789761600000,0.996969997882843,0.9970099925994873,0.9949100017547607,0.9949100017547607,0,2026-09-18 20:00:00+00:00
