time,open,high,low,close,volume,datetime
1784757600000,0.984250009059906,0.9850500226020813,0.9833899736404419,0.98430997133255,0,2026-07-22 22:00:00+00:00
1784761200000,0.98430997133255,0.9845700263977051,0.9834700226783752,0.9843599796295166,0,2026-07-22 23:00:00+00:00
1784764800000,0.9843900203704834,0.984749972820282,0.9833999872207642,0.9845600128173828,0,2026-07-23 00:00:00+00:00
1784768400000,0.9845600128173828,0.9879500269889832,0.983709990978241,0.9865800142288208,0,2026-07-23 01:00:00+00:00
1784772000000,0.9865000247955322,0.9873999953269958,0.9855300188064575,0.9866399765014648,0,2026-07-23 02:00:00+00:00
1784775600000,0.9865700006484985,0.9869899749755859,0.9854699969291687,0.9869599938392639,0,2026-07-23 03:00:00+00:00
1784779200000,0.9868999719619751,0.9871799945831299,0.9855300188064575,0.98649001121521,0,2026-07-23 04:00:00+00:00
1784782800000,0.9864500164985657,0.9867600202560425,0.985289990901947,0.986050009727478,0,2026-07-23 05:00:00+00:00
1784786400000,0.9860399961471558,0.9861599802970886,0.9846600294113159,0.9852200150489807,0,2026-07-23 06:00:00+00:00
1784790000000,0.9852200150489807,0.9854999780654907,0.9837300181388855,0.9851999878883362,0,2026-07-23 07:00:00+00:00
1784793600000,0.9851499795913696,0.985450029373169,0.984000027179718,0.9852700233459473,0,2026-07-23 08:00:00+00:00
1784797200000,0.9852100014686584,0.9858199954032898,0.98444002866745,0.985289990901947,0,2026-07-23 09:00:00+00:00
1784800800000,0.985260009765625,0.9857100248336792,0.98430997133255,0.9853600263595581,0,2026-07-23 10:00:00+00:00
1784804400000,0.9853399991989136,0.9854199886322021,0.9832299947738647,0.9843699932098389,0,2026-07-23 11:00:00+00:00
1784808000000,0.9843699932098389,0.9844499826431274,0.9817500114440918,0.9826899766921997,0,2026-07-23 12:00:00+00:00
1784811600000,0.9826300144195557,0.9827200174331665,0.9805499911308289,0.9815700054168701,0,2026-07-23 13:00:00+00:00
1784815200000,0.9815000295639038,0.9828699827194214,0.9805399775505066,0.9820700287818909,0,2026-07-23 14:00:00+00:00
1784818800000,0.9820700287818909,0.9826400279998779,0.980970025062561,0.9823600053787231,0,2026-07-23 15:00:00+00:00
1784822400000,0.9823700189590454,0.9827499985694885,0.9813299775123596,0.9821100234985352,0,2026-07-23 16:00:00+00:00
1784826000000,0.9820899963378906,0.9821699857711792,0.9803400039672852,0.9811699986457825,0,2026-07-23 17:00:00+00:00
1784829600000,0.9811599850654602,0.981249988079071,0.9795399904251099,0.9803799986839294,0,2026-07-23 18:00:00+00:00
1784833200000,0.980400025844574,0.9809600114822388,0.9794399738311768,0.9809100031852722,0,2026-07-23 19:00:00+00:00
1784836800000,0.9808899760246277,0.9815700054168701,0.9801999926567078,0.9811800122261047,0,2026-07-23 20:00:00+00:00
1784840400000,0.980970025062561,0.9812399744987488,0.9796800017356873,0.980970025062561,0,2026-07-23 21:00:00+00:00
1784844000000,0.9809799790382385,0.9813799858093262,0.980139970779419,0.9812700152397156,0,2026-07-23 22:00:00+00:00
1784847600000,0.981249988079071,0.9814900159835815,0.980239987373352,0.9812300205230713,0,2026-07-23 23:00:00+00:00
1784851200000,0.9812300205230713,0.981719970703125,0.979889988899231,0.9815499782562256,0,2026-07-24 00:00:00+00:00
1784854800000,0.9815999865531921,0.981939971446991,0.9801999926567078,0.981660008430481,0,2026-07-24 01:00:00+00:00
1784858400000,0.9815700054168701,0.9823200106620789,0.9806399941444397,0.981660008430481,0,2026-07-24 02:00:00+00:00
1784862000000,0.9815599918365479,0.9821799993515015,0.980650007724762,0.9817900061607361,0,2026-07-24 03:00:00+00:00
1784865600000,0.9817799925804138,0.9821500182151794,0.9807999730110168,0.9818400144577026,0,2026-07-24 04:00:00+00:00
1784869200000,0.9818800091743469,0.9825500249862671,0.9809499979019165,0.981909990310669,0,2026-07-24 05:00:00+00:00
1784872800000,0.9819599986076355,0.9828900098800659,0.9813100099563599,0.9828299880027771,0,2026-07-24 06:00:00+00:00
1784876400000,0.9828299880027771,0.9833300113677979,0.9817600250244141,0.9829999804496765,0,2026-07-24 07:00:00+00:00
1784880000000,0.983020007610321,0.9838399887084961,0.9820200204849243,0.9837300181388855,0,2026-07-24 08:00:00+00:00
1784883600000,0.9836999773979187,0.9844499826431274,0.9828400015830994,0.9843599796295166,0,2026-07-24 09:00:00+00:00
1784887200000,0.9843599796295166,0.9845399856567383,0.983210027217865,0.984220027923584,0,2026-07-24 10:00:00+00:00
1784890800000,0.984220027923584,0.9847400188446045,0.9832599759101868,0.9844599962234497,0,2026-07-24 11:00:00+00:00
1784894400000,0.98444002866745,0.984529972076416,0.9828400015830994,0.9840199947357178,0,2026-07-24 12:00:00+00:00
1784898000000,0.984000027179718,0.984499990940094,0.9824000000953674,0.983489990234375,0,2026-07-24 13:00:00+00:00
1784901600000,0.9835299849510193,0.9840700030326843,0.9826099872589111,0.9838899970054626,0,2026-07-24 14:00:00+00:00
1784905200000,0.9839000105857849,0.985289990901947,0.98294997215271,0.9848099946975708,0,2026-07-24 15:00:00+00:00
1784908800000,0.9848600029945374,0.9850299954414368,0.9835500121116638,0.9844899773597717,0,2026-07-24 16:00:00+00:00
1784912400000,0.9844899773597717,0.9848499894142151,0.9834799766540527,0.984749972820282,0,2026-07-24 17:00:00+00:00
1784916000000,0.9847400188446045,0.9848499894142151,0.9831699728965759,0.9842399954795837,0,2026-07-24 18:00:00+00:00
1784919600000,0.9842100143432617,0.9843299984931946,0.98294997215271,0.9842000007629395,0,2026-07-24 19:00:00+00:00
1784923200000,0.9841499924659729,0.9843500256538391,0.98294997215271,0.9831600189208984,0,2026-07-24 20:00:00+00:00
1784926800000,0.9829699993133545,0.9829699993133545,0.9829699993133545,0.9829699993133545,0,2026-07-24 21:00:00+00:00
1785106800000,0.9851099848747253,0.9854699969291687,0.9839400053024292,0.9851999878883362,0,2026-07-26 23:00:00+00:00
1785110400000,0.9851199984550476,0.9855200052261353,0.9840099811553955,0.9846199750900269,0,2026-07-27 00:00:00+00:00
1785114000000,0.9846400022506714,0.985729992389679,0.983780026435852,0.9856699705123901,0,2026-07-27 01:00:00+00:00
1785117600000,0.9856600165367126,0.9857400059700012,0.9841399788856506,0.9851899743080139,0,2026-07-27 02:00:00+00:00
1785121200000,0.9851400256156921,0.9855999946594238,0.9841600060462952,0.9854900240898132,0,2026-07-27 03:00:00+00:00
1785124800000,0.9854099750518799,0.9857400059700012,0.9843199849128723,0.985230028629303,0,2026-07-27 04:00:00+00:00
1785128400000,0.9852499961853027,0.986299991607666,0.9843999743461609,0.9861299991607666,0,2026-07-27 05:00:00+00:00
1785132000000,0.9861299991607666,0.9880499839782715,0.9854000210762024,0.9875199794769287,0,2026-07-27 06:00:00+00:00
1785135600000,0.9875199794769287,0.987820029258728,0.9858400225639343,0.9868000149726868,0,2026-07-27 07:00:00+00:00
1785139200000,0.98676997423172,0.987309992313385,0.9857199788093567,0.9872300028800964,0,2026-07-27 08:00:00+00:00
1785142800000,0.987280011177063,0.9876999855041504,0.9862200021743774,0.9876099824905396,0,2026-07-27 09:00:00+00:00
1785146400000,0.9875400066375732,0.9878399968147278,0.9863899946212769,0.9876700043678284,0,2026-07-27 10:00:00+00:00
1785150000000,0.9876800179481506,0.9877499938011169,0.9862499833106995,0.9871799945831299,0,2026-07-27 11:00:00+00:00
1785153600000,0.9871500134468079,0.9874200224876404,0.9856200218200684,0.9869800209999084,0,2026-07-27 12:00:00+00:00
1785157200000,0.9869999885559082,0.9873899817466736,0.9856100082397461,0.9864400029182434,0,2026-07-27 13:00:00+00:00
1785160800000,0.9863799810409546,0.9869999885559082,0.9853000044822693,0.986810028553009,0,2026-07-27 14:00:00+00:00
1785164400000,0.9868199825286865,0.9870100021362305,0.9854900240898132,0.9866799712181091,0,2026-07-27 15:00:00+00:00
1785168000000,0.9866600036621094,0.9874699711799622,0.98580002784729,0.9869899749755859,0,2026-07-27 16:00:00+00:00
1785171600000,0.9869899749755859,0.9870700240135193,0.9855700135231018,0.9868599772453308,0,2026-07-27 17:00:00+00:00
1785175200000,0.9868500232696533,0.9869899749755859,0.9857000112533569,0.9869899749755859,0,2026-07-27 18:00:00+00:00
1785178800000,0.9869899749755859,0.9874299764633179,0.9860100150108337,0.9873499870300293,0,2026-07-27 19:00:00+00:00
1785182400000,0.9873499870300293,0.9874100089073181,0.9861999750137329,0.9868900179862976,0,2026-07-27 20:00:00+00:00
1785186000000,0.9862300157546997,0.9871199727058411,0.9858899712562561,0.986739993095398,0,2026-07-27 21:00:00+00:00
1785189600000,0.9867200255393982,0.987030029296875,0.9858400225639343,0.9866999983787537,0,2026-07-27 22:00:00+00:00
1785193200000,0.986739993095398,0.9868699908256531,0.9856100082397461,0.9868199825286865,0,2026-07-27 23:00:00+00:00
1785196800000,0.986739993095398,0.9870399832725525,0.9853799939155579,0.9866200089454651,0,2026-07-28 00:00:00+00:00
1785200400000,0.9866099953651428,0.9874200224876404,0.9853399991989136,0.9869300127029419,0,2026-07-28 01:00:00+00:00
1785204000000,0.9868800044059753,0.9878000020980835,0.9860299825668335,0.9871399998664856,0,2026-07-28 02:00:00+00:00
1785207600000,0.9871199727058411,0.9873200058937073,0.9845200181007385,0.9853399991989136,0,2026-07-28 03:00:00+00:00
1785211200000,0.9853100180625916,0.9854000210762024,0.9831900000572205,0.9841600060462952,0,2026-07-28 04:00:00+00:00
1785214800000,0.9841499924659729,0.9843800067901611,0.982420027256012,0.9835100173950195,0,2026-07-28 05:00:00+00:00
1785218400000,0.983489990234375,0.9846500158309937,0.9823899865150452,0.9843999743461609,0,2026-07-28 06:00:00+00:00
1785222000000,0.9843699932098389,0.9845899939537048,0.9824900031089783,0.9837899804115295,0,2026-07-28 07:00:00+00:00
1785225600000,0.9837899804115295,0.9841499924659729,0.9824900031089783,0.9839199781417847,0,2026-07-28 08:00:00+00:00
1785229200000,0.9839199781417847,0.9840099811553955,0.9823399782180786,0.9831399917602539,0,2026-07-28 09:00:00+00:00
1785232800000,0.9830899834632874,0.9832000136375427,0.9815999865531921,0.9825800061225891,0,2026-07-28 10:00:00+00:00
1785236400000,0.9825800061225891,0.9831500053405762,0.9813299775123596,0.9825299978256226,0,2026-07-28 11:00:00+00:00
1785240000000,0.9825199842453003,0.9838399887084961,0.9817000031471252,0.9835000038146973,0,2026-07-28 12:00:00+00:00
1785243600000,0.9835500121116638,0.9836900234222412,0.9816100001335144,0.9827399849891663,0,2026-07-28 13:00:00+00:00
1785247200000,0.9827399849891663,0.9831200242042542,0.981410026550293,0.9825500249862671,0,2026-07-28 14:00:00+00:00
1785250800000,0.9825500249862671,0.984000027179718,0.9815300107002258,0.983959972858429,0,2026-07-28 15:00:00+00:00
1785254400000,0.983959972858429,0.9842000007629395,0.982699990272522,0.9835299849510193,0,2026-07-28 16:00:00+00:00
1785258000000,0.9835299849510193,0.9842900037765503,0.9827799797058105,0.9837899804115295,0,2026-07-28 17:00:00+00:00
1785261600000,0.9838100075721741,0.9839699864387512,0.9825800061225891,0.983709990978241,0,2026-07-28 18:00:00+00:00
1785265200000,0.9837700128555298,0.9842699766159058,0.9828600287437439,0.9840599894523621,0,2026-07-28 19:00:00+00:00
1785268800000,0.9840099811553955,0.9841700196266174,0.9827700257301331,0.9835600256919861,0,2026-07-28 20:00:00+00:00
1785272400000,0.9833400249481201,0.9842100143432617,0.9823700189590454,0.9835799932479858,0,2026-07-28 21:00:00+00:00
1785276000000,0.9833199977874756,0.9838500022888184,0.9821500182151794,0.983430027961731,0,2026-07-28 22:00:00+00:00
1785279600000,0.983430027961731,0.9842100143432617,0.9824600219726562,0.9837200045585632,0,2026-07-28 23:00:00+00:00
1785283200000,0.9837200045585632,0.9839299917221069,0.9820399880409241,0.982699990272522,0,2026-07-29 00:00:00+00:00
1785286800000,0.982699990272522,0.9829099774360657,0.9778199791908264,0.979200005531311,0,2026-07-29 01:00:00+00:00
1785290400000,0.9792699813842773,0.9803199768066406,0.9782900214195251,0.9794399738311768,0,2026-07-29 02:00:00+00:00
1785294000000,0.9793800115585327,0.9797000288963318,0.9779000282287598,0.9789400100708008,0,2026-07-29 03:00:00+00:00
1785297600000,0.9789100289344788,0.9797199964523315,0.9774600267410278,0.9794700145721436,0,2026-07-29 04:00:00+00:00
1785301200000,0.9794999957084656,0.9802899956703186,0.9786700010299683,0.9800599813461304,0,2026-07-29 05:00:00+00:00
1785304800000,0.9799799919128418,0.9803799986839294,0.9787200093269348,0.9800000190734863,0,2026-07-29 06:00:00+00:00
1785308400000,0.9800099730491638,0.9803699851036072,0.9781399965286255,0.9792400002479553,0,2026-07-29 07:00:00+00:00
1785312000000,0.9791899919509888,0.9792699813842773,0.9775800108909607,0.9787600040435791,0,2026-07-29 08:00:00+00:00
1785315600000,0.9787899851799011,0.9790700078010559,0.977590024471283,0.9787799715995789,0,2026-07-29 09:00:00+00:00
1785319200000,0.9787999987602234,0.9793199896812439,0.9775500297546387,0.978600025177002,0,2026-07-29 10:00:00+00:00
1785322800000,0.9785599708557129,0.9789800047874451,0.977429986000061,0.9788699746131897,0,2026-07-29 11:00:00+00:00
1785326400000,0.9788200259208679,0.9790999889373779,0.9768800139427185,0.9782900214195251,0,2026-07-29 12:00:00+00:00
1785330000000,0.9782800078392029,0.9788699746131897,0.9771000146865845,0.9784200191497803,0,2026-07-29 13:00:00+00:00
1785333600000,0.9783999919891357,0.9787200093269348,0.9749699831008911,0.9756199717521667,0,2026-07-29 14:00:00+00:00
1785337200000,0.975600004196167,0.9764299988746643,0.974590003490448,0.9760800004005432,0,2026-07-29 15:00:00+00:00
1785340800000,0.9761099815368652,0.9765300154685974,0.974590003490448,0.9764999747276306,0,2026-07-29 16:00:00+00:00
1785344400000,0.9764699935913086,0.9775999784469604,0.9756100177764893,0.9771299958229065,0,2026-07-29 17:00:00+00:00
1785348000000,0.9766899943351746,0.9811199903488159,0.976140022277832,0.9804700016975403,0,2026-07-29 18:00:00+00:00
1785351600000,0.9804999828338623,0.9807999730110168,0.9753999710083008,0.9766299724578857,0,2026-07-29 19:00:00+00:00
1785355200000,0.976610004901886,0.9769899845123291,0.9749199748039246,0.9767400026321411,0,2026-07-29 20:00:00+00:00
1785358800000,0.9767400026321411,0.9781399965286255,0.9746999740600586,0.9753999710083008,0,2026-07-29 21:00:00+00:00
1785362400000,0.9749400019645691,0.9769099950790405,0.9749400019645691,0.9767000079154968,0,2026-07-29 22:00:00+00:00
1785366000000,0.9767299890518188,0.9772199988365173,0.9757900238037109,0.9765099883079529,0,2026-07-29 23:00:00+00:00
1785369600000,0.9765200018882751,0.9773600101470947,0.975409984588623,0.9767299890518188,0,2026-07-30 00:00:00+00:00
1785373200000,0.9767400026321411,0.9779800176620483,0.9758300185203552,0.9775000214576721,0,2026-07-30 01:00:00+00:00
1785376800000,0.977429986000061,0.9780200123786926,0.976360023021698,0.976859986782074,0,2026-07-30 02:00:00+00:00
1785380400000,0.976859986782074,0.9772300124168396,0.9757699966430664,0.9765700101852417,0,2026-07-30 03:00:00+00:00
1785384000000,0.9765700101852417,0.9770799875259399,0.9757999777793884,0.9766600131988525,0,2026-07-30 04:00:00+00:00
1785387600000,0.9766600131988525,0.9772300124168396,0.975570023059845,0.9764400124549866,0,2026-07-30 05:00:00+00:00
1785391200000,0.9764400124549866,0.9772499799728394,0.9754400253295898,0.9770900011062622,0,2026-07-30 06:00:00+00:00
1785394800000,0.9770699739456177,0.9785900115966797,0.976360023021698,0.9774799942970276,0,2026-07-30 07:00:00+00:00
1785398400000,0.9774399995803833,0.9787799715995789,0.9767500162124634,0.9781699776649475,0,2026-07-30 08:00:00+00:00
1785402000000,0.978190004825592,0.9798799753189087,0.977400004863739,0.9792900085449219,0,2026-07-30 09:00:00+00:00
1785405600000,0.9792400002479553,0.9801099896430969,0.9784799814224243,0.9795500040054321,0,2026-07-30 10:00:00+00:00
1785409200000,0.9795500040054321,0.9804400205612183,0.9785699844360352,0.9803699851036072,0,2026-07-30 11:00:00+00:00
1785412800000,0.9802899956703186,0.9806399941444397,0.9789800047874451,0.9801599979400635,0,2026-07-30 12:00:00+00:00
1785416400000,0.980180025100708,0.9832000136375427,0.9792400002479553,0.9830499887466431,0,2026-07-30 13:00:00+00:00
1785420000000,0.9830999970436096,0.9838899970054626,0.9807900190353394,0.9816300272941589,0,2026-07-30 14:00:00+00:00
1785423600000,0.9816499948501587,0.9835100173950195,0.9808800220489502,0.983020007610321,0,2026-07-30 15:00:00+00:00
1785427200000,0.982990026473999,0.9839800000190735,0.9822099804878235,0.9831500053405762,0,2026-07-30 16:00:00+00:00
1785430800000,0.9831200242042542,0.9837499856948853,0.9823399782180786,0.9836999773979187,0,2026-07-30 17:00:00+00:00
1785434400000,0.9836900234222412,0.984000027179718,0.9826099872589111,0.9835900068283081,0,2026-07-30 18:00:00+00:00
1785438000000,0.9835699796676636,0.984499990940094,0.9829400181770325,0.9844200015068054,0,2026-07-30 19:00:00+00:00
1785441600000,0.9844200015068054,0.9847699999809265,0.9835600256919861,0.9842900037765503,0,2026-07-30 20:00:00+00:00
1785445200000,0.9843199849128723,0.9843199849128723,0.9822099804878235,0.98403000831604,0,2026-07-30 21:00:00+00:00
1785448800000,0.9841300249099731,0.9846699833869934,0.9827600121498108,0.9842399954795837,0,2026-07-30 22:00:00+00:00
1785452400000,0.9842699766159058,0.9845799803733826,0.9830099940299988,0.9841600060462952,0,2026-07-30 23:00:00+00:00
1785456000000,0.9841600060462952,0.9852499961853027,0.9834100008010864,0.9851700067520142,0,2026-07-31 00:00:00+00:00
1785459600000,0.9851199984550476,0.9854300022125244,0.9833499789237976,0.9845200181007385,0,2026-07-31 01:00:00+00:00
1785463200000,0.9845600128173828,0.9847000241279602,0.9828199744224548,0.9845399856567383,0,2026-07-31 02:00:00+00:00
1785466800000,0.984529972076416,0.9850599765777588,0.9833899736404419,0.9847800135612488,0,2026-07-31 03:00:00+00:00
1785470400000,0.9847599864006042,0.9853900074958801,0.9838299751281738,0.9850599765777588,0,2026-07-31 04:00:00+00:00
1785474000000,0.9851099848747253,0.9855899810791016,0.9841600060462952,0.985480010509491,0,2026-07-31 05:00:00+00:00
1785477600000,0.9854900240898132,0.9861199855804443,0.9843900203704834,0.9855800271034241,0,2026-07-31 06:00:00+00:00
1785481200000,0.9855700135231018,0.9860699772834778,0.9844200015068054,0.9856600165367126,0,2026-07-31 07:00:00+00:00
1785484800000,0.9856200218200684,0.9866200089454651,0.9843000173568726,0.9864000082015991,0,2026-07-31 08:00:00+00:00
1785488400000,0.9864100217819214,0.986549973487854,0.9842299818992615,0.9856799840927124,0,2026-07-31 09:00:00+00:00
1785492000000,0.9856500029563904,0.9860699772834778,0.9847099781036377,0.9857000112533569,0,2026-07-31 10:00:00+00:00
1785495600000,0.9857400059700012,0.9859899878501892,0.9839000105857849,0.9850900173187256,0,2026-07-31 11:00:00+00:00
1785499200000,0.9850900173187256,0.9853399991989136,0.983430027961731,0.9841799736022949,0,2026-07-31 12:00:00+00:00
1785502800000,0.9841200113296509,0.9848200082778931,0.9822900295257568,0.9829999804496765,0,2026-07-31 13:00:00+00:00
1785506400000,0.9830600023269653,0.9855300188064575,0.9819599986076355,0.9852399826049805,0,2026-07-31 14:00:00+00:00
1785510000000,0.9852799773216248,0.9854400157928467,0.9833899736404419,0.9853399991989136,0,2026-07-31 15:00:00+00:00
1785513600000,0.9853699803352356,0.9858700037002563,0.9842600226402283,0.9855800271034241,0,2026-07-31 16:00:00+00:00
1785517200000,0.985539972782135,0.9864400029182434,0.9846799969673157,0.9861199855804443,0,2026-07-31 17:00:00+00:00
1785520800000,0.9861099720001221,0.9865099787712097,0.985260009765625,0.9864199757575989,0,2026-07-31 18:00:00+00:00
1785524400000,0.9864299893379211,0.9868599772453308,0.9852799773216248,0.9861299991607666,0,2026-07-31 19:00:00+00:00
1785528000000,0.9861400127410889,0.9868999719619751,0.982479989528656,0.9838500022888184,0,2026-07-31 20:00:00+00:00
1785531600000,0.9835900068283081,0.9835900068283081,0.9835900068283081,0.9835900068283081,0,2026-07-31 21:00:00+00:00
1785711600000,0.9870200157165527,0.9873999953269958,0.9859700202941895,0.9872400164604187,0,2026-08-02 23:00:00+00:00
1785715200000,0.9872400164604187,0.9874200224876404,0.985729992389679,0.987339973449707,0,2026-08-03 00:00:00+00:00
1785718800000,0.9872499704360962,0.9875699877738953,0.9854699969291687,0.986840009689331,0,2026-08-03 01:00:00+00:00
1785722400000,0.986810028553009,0.9869099855422974,0.9853799939155579,0.9864699840545654,0,2026-08-03 02:00:00+00:00
1785726000000,0.986549973487854,0.9866499900817871,0.9852700233459473,0.9863399863243103,0,2026-08-03 03:00:00+00:00
1785729600000,0.9863799810409546,0.9868199825286865,0.985450029373169,0.98649001121521,0,2026-08-03 04:00:00+00:00
1785733200000,0.98649001121521,0.9870200157165527,0.9856699705123901,0.9869700074195862,0,2026-08-03 05:00:00+00:00
1785736800000,0.9869199991226196,0.9871900081634521,0.9855200052261353,0.9863499999046326,0,2026-08-03 06:00:00+00:00
1785740400000,0.9863499999046326,0.9866999983787537,0.9843699932098389,0.9852799773216248,0,2026-08-03 07:00:00+00:00
1785744000000,0.9853299856185913,0.9853600263595581,0.9832199811935425,0.9841499924659729,0,2026-08-03 08:00:00+00:00
1785747600000,0.9841099977493286,0.984279990196228,0.9825599789619446,0.9834200143814087,0,2026-08-03 09:00:00+00:00
1785751200000,0.9834100008010864,0.9834799766540527,0.9818699955940247,0.9830300211906433,0,2026-08-03 10:00:00+00:00
1785754800000,0.9830600023269653,0.983240008354187,0.9818999767303467,0.9830999970436096,0,2026-08-03 11:00:00+00:00
1785758400000,0.9830999970436096,0.983269989490509,0.9813299775123596,0.9824600219726562,0,2026-08-03 12:00:00+00:00
1785762000000,0.9823899865150452,0.9825599789619446,0.980239987373352,0.9815599918365479,0,2026-08-03 13:00:00+00:00
1785765600000,0.9815000295639038,0.9823399782180786,0.9800900220870972,0.9822800159454346,0,2026-08-03 14:00:00+00:00
1785769200000,0.98225998878479,0.9830399751663208,0.9814900159835815,0.9826700091362,0,2026-08-03 15:00:00+00:00
1785772800000,0.9826700091362,0.9828500151634216,0.9815599918365479,0.9825500249862671,0,2026-08-03 16:00:00+00:00
1785776400000,0.9825000166893005,0.9825500249862671,0.9813299775123596,0.9824299812316895,0,2026-08-03 17:00:00+00:00
1785780000000,0.982450008392334,0.9829699993133545,0.9815499782562256,0.98294997215271,0,2026-08-03 18:00:00+00:00
1785783600000,0.9829400181770325,0.9831500053405762,0.9818999767303467,0.983020007610321,0,2026-08-03 19:00:00+00:00
1785787200000,0.9829800128936768,0.983240008354187,0.9819700121879578,0.9828000068664551,0,2026-08-03 20:00:00+00:00
1785790800000,0.9828199744224548,0.9846699833869934,0.9817600250244141,0.9826200008392334,0,2026-08-03 21:00:00+00:00
1785794400000,0.9820799827575684,0.9831299781799316,0.9819499850273132,0.9830300211906433,0,2026-08-03 22:00:00+00:00
1785798000000,0.9829599857330322,0.9830800294876099,0.9818300008773804,0.9827600121498108,0,2026-08-03 23:00:00+00:00
1785801600000,0.9827399849891663,0.9836000204086304,0.9819599986076355,0.9829199910163879,0,2026-08-04 00:00:00+00:00
1785805200000,0.9829199910163879,0.9850500226020813,0.9820399880409241,0.9849200248718262,0,2026-08-04 01:00:00+00:00
1785808800000,0.9849399924278259,0.9856299757957458,0.9837700128555298,0.9853600263595581,0,2026-08-04 02:00:00+00:00
1785812400000,0.9853500127792358,0.9860399961471558,0.9844499826431274,0.9856200218200684,0,2026-08-04 03:00:00+00:00
1785816000000,0.9855599999427795,0.9859499931335449,0.9844599962234497,0.985729992389679,0,2026-08-04 04:00:00+00:00
1785819600000,0.9857100248336792,0.9862200021743774,0.9846900105476379,0.9861299991607666,0,2026-08-04 05:00:00+00:00
1785823200000,0.9861299991607666,0.9870100021362305,0.9849600195884705,0.986240029335022,0,2026-08-04 06:00:00+00:00
1785826800000,0.986240029335022,0.9867900013923645,0.985069990158081,0.9859499931335449,0,2026-08-04 07:00:00+00:00
1785830400000,0.9859399795532227,0.986270010471344,0.9849299788475037,0.9858499765396118,0,2026-08-04 08:00:00+00:00
1785834000000,0.9858400225639343,0.9864000082015991,0.9847099781036377,0.9863399863243103,0,2026-08-04 09:00:00+00:00
1785837600000,0.9863399863243103,0.987500011920929,0.9854699969291687,0.9872599840164185,0,2026-08-04 10:00:00+00:00
1785841200000,0.9872499704360962,0.9886000156402588,0.9864000082015991,0.9884899854660034,0,2026-08-04 11:00:00+00:00
1785844800000,0.9884899854660034,0.989080011844635,0.987339973449707,0.9890400171279907,0,2026-08-04 12:00:00+00:00
1785848400000,0.9890400171279907,0.9899299740791321,0.9879800081253052,0.9894999861717224,0,2026-08-04 13:00:00+00:00
1785852000000,0.9894700050354004,0.9898499846458435,0.9881299734115601,0.989329993724823,0,2026-08-04 14:00:00+00:00
1785855600000,0.989329993724823,0.9902899861335754,0.9883000254631042,0.9901700019836426,0,2026-08-04 15:00:00+00:00
1785859200000,0.9901800155639648,0.9908300042152405,0.9891300201416016,0.9906299710273743,0,2026-08-04 16:00:00+00:00
1785862800000,0.99058997631073,0.9909300208091736,0.9896100163459778,0.9905999898910522,0,2026-08-04 17:00:00+00:00
1785866400000,0.99058997631073,0.9910399913787842,0.9896299839019775,0.9909399747848511,0,2026-08-04 18:00:00+00:00
1785870000000,0.9909399747848511,0.9913600087165833,0.9898399710655212,0.9910899996757507,0,2026-08-04 19:00:00+00:00
1785873600000,0.9910899996757507,0.9912700057029724,0.9898099899291992,0.9904800057411194,0,2026-08-04 20:00:00+00:00
1785877200000,0.9906399846076965,0.9909700155258179,0.9892899990081787,0.9907400012016296,0,2026-08-04 21:00:00+00:00
1785880800000,0.9909300208091736,0.9912700057029724,0.9899100065231323,0.9911800026893616,0,2026-08-04 22:00:00+00:00
1785884400000,0.9912400245666504,0.9915099740028381,0.9901400208473206,0.9910600185394287,0,2026-08-04 23:00:00+00:00
1785888000000,0.9910699725151062,0.9919000267982483,0.9898300170898438,0.9907500147819519,0,2026-08-05 00:00:00+00:00
1785891600000,0.9907400012016296,0.9911999702453613,0.9896000027656555,0.991159975528717,0,2026-08-05 01:00:00+00:00
1785895200000,0.991159975528717,0.9920799732208252,0.9899500012397766,0.9916300177574158,0,2026-08-05 02:00:00+00:00
1785898800000,0.9916399717330933,0.9919099807739258,0.9906499981880188,0.9917700290679932,0,2026-08-05 03:00:00+00:00
1785902400000,0.9917799830436707,0.9925500154495239,0.9908999800682068,0.9918400049209595,0,2026-08-05 04:00:00+00:00
1785906000000,0.9918400049209595,0.9919300079345703,0.9905099868774414,0.9917700290679932,0,2026-08-05 05:00:00+00:00
1785909600000,0.9917600154876709,0.9923400282859802,0.9906600117683411,0.9919499754905701,0,2026-08-05 06:00:00+00:00
1785913200000,0.9919499754905701,0.9921299815177917,0.9898300170898438,0.9912300109863281,0,2026-08-05 07:00:00+00:00
1785916800000,0.9912700057029724,0.9914799928665161,0.9898999929428101,0.9908000230789185,0,2026-08-05 08:00:00+00:00
1785920400000,0.990809977054596,0.9911500215530396,0.9897400140762329,0.9909200072288513,0,2026-08-05 09:00:00+00:00
1785924000000,0.9908999800682068,0.9909999966621399,0.9893400073051453,0.9904699921607971,0,2026-08-05 10:00:00+00:00
1785927600000,0.9904400110244751,0.9908400177955627,0.9894599914550781,0.9905099868774414,0,2026-08-05 11:00:00+00:00
1785931200000,0.9905099868774414,0.9907400012016296,0.9892399907112122,0.9902200102806091,0,2026-08-05 12:00:00+00:00
1785934800000,0.9901999831199646,0.9907400012016296,0.9887800216674805,0.9904999732971191,0,2026-08-05 13:00:00+00:00
1785938400000,0.9904999732971191,0.9912499785423279,0.9884999990463257,0.9893100261688232,0,2026-08-05 14:00:00+00:00
1785942000000,0.9893400073051453,0.9895399808883667,0.9874299764633179,0.9882799983024597,0,2026-08-05 15:00:00+00:00
1785945600000,0.9882699847221375,0.9891800284385681,0.9871900081634521,0.9890400171279907,0,2026-08-05 16:00:00+00:00
1785949200000,0.9890400171279907,0.9892699718475342,0.9879099726676941,0.9891700148582458,0,2026-08-05 17:00:00+00:00
1785952800000,0.9891800284385681,0.9892399907112122,0.9880099892616272,0.9889500141143799,0,2026-08-05 18:00:00+00:00
1785956400000,0.9889699816703796,0.989109992980957,0.9876599907875061,0.9885200262069702,0,2026-08-05 19:00:00+00:00
1785960000000,0.9884999990463257,0.9889100193977356,0.9875699877738953,0.9889100193977356,0,2026-08-05 20:00:00+00:00
1785963600000,0.9884300231933594,0.9885900020599365,0.9869499802589417,0.9878299832344055,0,2026-08-05 21:00:00+00:00
1785967200000,0.9876499772071838,0.9888100028038025,0.9871100187301636,0.9886299967765808,0,2026-08-05 22:00:00+00:00
1785970800000,0.9886199831962585,0.9887999892234802,0.9877200126647949,0.9885299801826477,0,2026-08-05 23:00:00+00:00
1785974400000,0.9885500073432922,0.9888100028038025,0.9874200224876404,0.9883900284767151,0,2026-08-06 00:00:00+00:00
1785978000000,0.9883999824523926,0.9885600209236145,0.9870200157165527,0.9882500171661377,0,2026-08-06 01:00:00+00:00
1785981600000,0.9882299900054932,0.9886900186538696,0.9873800277709961,0.988290011882782,0,2026-08-06 02:00:00+00:00
1785985200000,0.988290011882782,0.9883300065994263,0.9864299893379211,0.9874399900436401,0,2026-08-06 03:00:00+00:00
1785988800000,0.9874299764633179,0.9875400066375732,0.986270010471344,0.9874799847602844,0,2026-08-06 04:00:00+00:00
1785992400000,0.987500011920929,0.9875800013542175,0.9862099885940552,0.9873499870300293,0,2026-08-06 05:00:00+00:00
1785996000000,0.9873600006103516,0.9874500036239624,0.9856200218200684,0.9865999817848206,0,2026-08-06 06:00:00+00:00
1785999600000,0.9865999817848206,0.9869800209999084,0.985069990158081,0.986020028591156,0,2026-08-06 07:00:00+00:00
1786003200000,0.9860600233078003,0.9868999719619751,0.9850199818611145,0.9867600202560425,0,2026-08-06 08:00:00+00:00
1786006800000,0.9867600202560425,0.9867900013923645,0.9853600263595581,0.9865300059318542,0,2026-08-06 09:00:00+00:00
1786010400000,0.9865300059318542,0.9865700006484985,0.98471999168396,0.9857500195503235,0,2026-08-06 10:00:00+00:00
1786014000000,0.985759973526001,0.9857800006866455,0.9840800166130066,0.985319972038269,0,2026-08-06 11:00:00+00:00
1786017600000,0.985319972038269,0.9859200119972229,0.984279990196228,0.9856899976730347,0,2026-08-06 12:00:00+00:00
1786021200000,0.9856899976730347,0.9869099855422974,0.984790027141571,0.9865900278091431,0,2026-08-06 13:00:00+00:00
1786024800000,0.9866300225257874,0.9871799945831299,0.9856399893760681,0.9871600270271301,0,2026-08-06 14:00:00+00:00
1786028400000,0.9871500134468079,0.9874600172042847,0.9851899743080139,0.9858700037002563,0,2026-08-06 15:00:00+00:00
1786032000000,0.9858800172805786,0.9859099984169006,0.9845499992370605,0.9857900142669678,0,2026-08-06 16:00:00+00:00
1786035600000,0.98580002784729,0.9860000014305115,0.9845399856567383,0.9855999946594238,0,2026-08-06 17:00:00+00:00
1786039200000,0.9856100082397461,0.98580002784729,0.9845799803733826,0.9854699969291687,0,2026-08-06 18:00:00+00:00
1786042800000,0.9854699969291687,0.9857900142669678,0.9845100045204163,0.9855200052261353,0,2026-08-06 19:00:00+00:00
1786046400000,0.9855200052261353,0.9855999946594238,0.9843000173568726,0.9853900074958801,0,2026-08-06 20:00:00+00:00
1786050000000,0.9845899939537048,0.9852799773216248,0.9837599992752075,0.9847800135612488,0,2026-08-06 21:00:00+00:00
1786053600000,0.9845600128173828,0.9854300022125244,0.9842399954795837,0.9851400256156921,0,2026-08-06 22:00:00+00:00
1786057200000,0.9851099848747253,0.9856200218200684,0.9841899871826172,0.9855300188064575,0,2026-08-06 23:00:00+00:00
1786060800000,0.9855300188064575,0.9856699705123901,0.9838799834251404,0.9852399826049805,0,2026-08-07 00:00:00+00:00
1786064400000,0.9852100014686584,0.9854599833488464,0.9838899970054626,0.985040009021759,0,2026-08-07 01:00:00+00:00
1786068000000,0.985040009021759,0.9852200150489807,0.9835500121116638,0.9846699833869934,0,2026-08-07 02:00:00+00:00
1786071600000,0.9846699833869934,0.9848899841308594,0.9836500287055969,0.9847400188446045,0,2026-08-07 03:00:00+00:00
1786075200000,0.9847300052642822,0.985230028629303,0.983780026435852,0.984969973564148,0,2026-08-07 04:00:00+00:00
1786078800000,0.984969973564148,0.9857000112533569,0.9840499758720398,0.9855999946594238,0,2026-08-07 05:00:00+00:00
1786082400000,0.9855999946594238,0.9862899780273438,0.9847300052642822,0.9861900210380554,0,2026-08-07 06:00:00+00:00
1786086000000,0.9861900210380554,0.9866899847984314,0.9850599765777588,0.9865800142288208,0,2026-08-07 07:00:00+00:00
1786089600000,0.9865599870681763,0.9869999885559082,0.9856399893760681,0.9867100119590759,0,2026-08-07 08:00:00+00:00
1786093200000,0.9867100119590759,0.9870200157165527,0.9855999946594238,0.9867500066757202,0,2026-08-07 09:00:00+00:00
1786096800000,0.9867299795150757,0.987030029296875,0.9855200052261353,0.9864799976348877,0,2026-08-07 10:00:00+00:00
1786100400000,0.9864799976348877,0.9866600036621094,0.9853500127792358,0.9864199757575989,0,2026-08-07 11:00:00+00:00
1786104000000,0.9864100217819214,0.9875699877738953,0.984529972076416,0.985759973526001,0,2026-08-07 12:00:00+00:00
1786107600000,0.985759973526001,0.9861900210380554,0.9837700128555298,0.98471999168396,0,2026-08-07 13:00:00+00:00
1786111200000,0.9847300052642822,0.9851099848747253,0.9831299781799316,0.9842900037765503,0,2026-08-07 14:00:00+00:00
1786114800000,0.9842900037765503,0.9843800067901611,0.9825500249862671,0.9840800166130066,0,2026-08-07 15:00:00+00:00
1786118400000,0.9840800166130066,0.984790027141571,0.9833300113677979,0.984470009803772,0,2026-08-07 16:00:00+00:00
1786122000000,0.984470009803772,0.9850500226020813,0.9836199879646301,0.9848600029945374,0,2026-08-07 17:00:00+00:00
1786125600000,0.9848600029945374,0.9850800037384033,0.9837499856948853,0.9850199818611145,0,2026-08-07 18:00:00+00:00
1786129200000,0.9850199818611145,0.9861699938774109,0.9843800067901611,0.9856100082397461,0,2026-08-07 19:00:00+00:00
1786132800000,0.9856399893760681,0.9857699871063232,0.9835100173950195,0.985289990901947,0,2026-08-07 20:00:00+00:00
1786136400000,0.9843900203704834,0.9843900203704834,0.9841700196266174,0.9841700196266174,0,2026-08-07 21:00:00+00:00
1786316400000,0.9851999878883362,0.9856500029563904,0.9842900037765503,0.9852100014686584,0,2026-08-09 23:00:00+00:00
1786320000000,0.9852499961853027,0.9861800074577332,0.9841099977493286,0.985069990158081,0,2026-08-10 00:00:00+00:00
1786323600000,0.9850299954414368,0.9856299757957458,0.983959972858429,0.9855300188064575,0,2026-08-10 01:00:00+00:00
1786327200000,0.9855499863624573,0.985729992389679,0.9844800233840942,0.9853900074958801,0,2026-08-10 02:00:00+00:00
1786330800000,0.9854099750518799,0.9856600165367126,0.9843900203704834,0.9854900240898132,0,2026-08-10 03:00:00+00:00
1786334400000,0.9854900240898132,0.9858099818229675,0.9843800067901611,0.9856200218200684,0,2026-08-10 04:00:00+00:00
1786338000000,0.9856500029563904,0.9865900278091431,0.9847400188446045,0.9865800142288208,0,2026-08-10 05:00:00+00:00
1786341600000,0.986549973487854,0.9866499900817871,0.9849600195884705,0.9860100150108337,0,2026-08-10 06:00:00+00:00
1786345200000,0.9860100150108337,0.9861999750137329,0.9847099781036377,0.985729992389679,0,2026-08-10 07:00:00+00:00
1786348800000,0.9857199788093567,0.9859300255775452,0.9843599796295166,0.9854699969291687,0,2026-08-10 08:00:00+00:00
1786352400000,0.985450029373169,0.9856299757957458,0.9840499758720398,0.9849500060081482,0,2026-08-10 09:00:00+00:00
1786356000000,0.9849500060081482,0.985289990901947,0.9838799834251404,0.9849799871444702,0,2026-08-10 10:00:00+00:00
1786359600000,0.9850199818611145,0.9850999712944031,0.983489990234375,0.984529972076416,0,2026-08-10 11:00:00+00:00
1786363200000,0.9845600128173828,0.9846699833869934,0.9831500053405762,0.984220027923584,0,2026-08-10 12:00:00+00:00
1786366800000,0.9842299818992615,0.9849299788475037,0.9833199977874756,0.9843900203704834,0,2026-08-10 13:00:00+00:00
1786370400000,0.9843900203704834,0.985040009021759,0.9835000038146973,0.9846699833869934,0,2026-08-10 14:00:00+00:00
1786374000000,0.9846600294113159,0.9849100112915039,0.982990026473999,0.9839900135993958,0,2026-08-10 15:00:00+00:00
1786377600000,0.9839900135993958,0.9841600060462952,0.9825500249862671,0.9837700128555298,0,2026-08-10 16:00:00+00:00
1786381200000,0.983739972114563,0.9841200113296509,0.9827600121498108,0.9837599992752075,0,2026-08-10 17:00:00+00:00
1786384800000,0.9837599992752075,0.9838399887084961,0.9826400279998779,0.983739972114563,0,2026-08-10 18:00:00+00:00
1786388400000,0.9837700128555298,0.9837999939918518,0.982420027256012,0.9832800030708313,0,2026-08-10 19:00:00+00:00
1786392000000,0.9832599759101868,0.9833199977874756,0.9820200204849243,0.9828400015830994,0,2026-08-10 20:00:00+00:00
1786395600000,0.9828500151634216,0.983680009841919,0.9819700121879578,0.9831600189208984,0,2026-08-10 21:00:00+00:00
1786399200000,0.9830800294876099,0.9834799766540527,0.9822400212287903,0.9833499789237976,0,2026-08-10 22:00:00+00:00
1786402800000,0.9833899736404419,0.9835900068283081,0.9820600152015686,0.9829699993133545,0,2026-08-10 23:00:00+00:00
1786406400000,0.9829699993133545,0.9833199977874756,0.9817699790000916,0.98294997215271,0,2026-08-11 00:00:00+00:00
1786410000000,0.9829400181770325,0.9837899804115295,0.9817799925804138,0.9832900166511536,0,2026-08-11 01:00:00+00:00
1786413600000,0.9833099842071533,0.9835299849510193,0.9819499850273132,0.9828299880027771,0,2026-08-11 02:00:00+00:00
1786417200000,0.9828199744224548,0.9834399819374084,0.98198002576828,0.9831299781799316,0,2026-08-11 03:00:00+00:00
1786420800000,0.9831299781799316,0.983489990234375,0.9801899790763855,0.9820500016212463,0,2026-08-11 04:00:00+00:00
1786424400000,0.9820700287818909,0.98294997215271,0.9800900220870972,0.9825500249862671,0,2026-08-11 05:00:00+00:00
1786428000000,0.9825800061225891,0.9831900000572205,0.9812899827957153,0.982509970664978,0,2026-08-11 06:00:00+00:00
1786431600000,0.9825000166893005,0.9832800030708313,0.9812399744987488,0.9826200008392334,0,2026-08-11 07:00:00+00:00
1786435200000,0.9826300144195557,0.9830800294876099,0.981660008430481,0.9826099872589111,0,2026-08-11 08:00:00+00:00
1786438800000,0.9826099872589111,0.9831600189208984,0.9815000295639038,0.9831100106239319,0,2026-08-11 09:00:00+00:00
1786442400000,0.9831100106239319,0.9838399887084961,0.9821699857711792,0.9837200045585632,0,2026-08-11 10:00:00+00:00
1786446000000,0.9836999773979187,0.9846699833869934,0.982729971408844,0.9841499924659729,0,2026-08-11 11:00:00+00:00
1786449600000,0.9841499924659729,0.9846299886703491,0.9831100106239319,0.9841799736022949,0,2026-08-11 12:00:00+00:00
1786453200000,0.9842000007629395,0.9851700067520142,0.983460009098053,0.984969973564148,0,2026-08-11 13:00:00+00:00
1786456800000,0.9849600195884705,0.985040009021759,0.9829800128936768,0.9836699962615967,0,2026-08-11 14:00:00+00:00
1786460400000,0.983680009841919,0.9839299917221069,0.9818599820137024,0.9830800294876099,0,2026-08-11 15:00:00+00:00
1786464000000,0.9831299781799316,0.983210027217865,0.981689989566803,0.9826300144195557,0,2026-08-11 16:00:00+00:00
1786467600000,0.9826300144195557,0.9828299880027771,0.9813200235366821,0.9827100038528442,0,2026-08-11 17:00:00+00:00
1786471200000,0.9826899766921997,0.9827100038528442,0.980970025062561,0.982450008392334,0,2026-08-11 18:00:00+00:00
1786474800000,0.9824600219726562,0.9831900000572205,0.9815000295639038,0.9831500053405762,0,2026-08-11 19:00:00+00:00
1786478400000,0.9831399917602539,0.9833700060844421,0.9821500182151794,0.9828500151634216,0,2026-08-11 20:00:00+00:00
1786482000000,0.9821000099182129,0.9833400249481201,0.981660008430481,0.9824299812316895,0,2026-08-11 21:00:00+00:00
1786485600000,0.9825800061225891,0.983299970626831,0.9820799827575684,0.9831500053405762,0,2026-08-11 22:00:00+00:00
1786489200000,0.9831500053405762,0.9835000038146973,0.9822199940681458,0.983240008354187,0,2026-08-11 23:00:00+00:00
1786492800000,0.983240008354187,0.9838399887084961,0.9823899865150452,0.983519971370697,0,2026-08-12 00:00:00+00:00
1786496400000,0.9835299849510193,0.9836999773979187,0.9819999933242798,0.9831100106239319,0,2026-08-12 01:00:00+00:00
1786500000000,0.9831100106239319,0.9831500053405762,0.9818800091743469,0.9829300045967102,0,2026-08-12 02:00:00+00:00
1786503600000,0.9829300045967102,0.9831200242042542,0.9818199872970581,0.9828199744224548,0,2026-08-12 03:00:00+00:00
1786507200000,0.9828199744224548,0.9829800128936768,0.9817900061607361,0.9828799962997437,0,2026-08-12 04:00:00+00:00
1786510800000,0.9828900098800659,0.983430027961731,0.9819200038909912,0.9833599925041199,0,2026-08-12 05:00:00+00:00
1786514400000,0.9833999872207642,0.9835600256919861,0.9820500016212463,0.9833400249481201,0,2026-08-12 06:00:00+00:00
1786518000000,0.9833099842071533,0.983780026435852,0.9821299910545349,0.983020007610321,0,2026-08-12 07:00:00+00:00
1786521600000,0.9830300211906433,0.983519971370697,0.9821100234985352,0.9834100008010864,0,2026-08-12 08:00:00+00:00
1786525200000,0.9834100008010864,0.9849399924278259,0.9825999736785889,0.98444002866745,0,2026-08-12 09:00:00+00:00
1786528800000,0.9844499826431274,0.9848899841308594,0.9832900166511536,0.9843400120735168,0,2026-08-12 10:00:00+00:00
1786532400000,0.98430997133255,0.9850500226020813,0.9834499955177307,0.9846199750900269,0,2026-08-12 11:00:00+00:00
1786536000000,0.9846199750900269,0.9862800240516663,0.9826300144195557,0.9859600067138672,0,2026-08-12 12:00:00+00:00
1786539600000,0.9859499931335449,0.9864199757575989,0.9843000173568726,0.9856899976730347,0,2026-08-12 13:00:00+00:00
1786543200000,0.9857100248336792,0.985759973526001,0.983430027961731,0.9846500158309937,0,2026-08-12 14:00:00+00:00
1786546800000,0.9846500158309937,0.9848899841308594,0.9830700159072876,0.98403000831604,0,2026-08-12 15:00:00+00:00
1786550400000,0.9840199947357178,0.9847000241279602,0.9831399917602539,0.9846400022506714,0,2026-08-12 16:00:00+00:00
1786554000000,0.9846500158309937,0.9852399826049805,0.983680009841919,0.9846600294113159,0,2026-08-12 17:00:00+00:00
1786557600000,0.9846299886703491,0.9848499894142151,0.9836099743843079,0.9847300052642822,0,2026-08-12 18:00:00+00:00
1786561200000,0.9847400188446045,0.9848399758338928,0.9834399819374084,0.9846199750900269,0,2026-08-12 19:00:00+00:00
1786564800000,0.9846100211143494,0.9846600294113159,0.9833199977874756,0.98403000831604,0,2026-08-12 20:00:00+00:00
1786568400000,0.9838799834251404,0.9841099977493286,0.9830099940299988,0.9837300181388855,0,2026-08-12 21:00:00+00:00
1786572000000,0.9837499856948853,0.984499990940094,0.9833400249481201,0.9843800067901611,0,2026-08-12 22:00:00+00:00
1786575600000,0.9843599796295166,0.9846400022506714,0.9834499955177307,0.9845899939537048,0,2026-08-12 23:00:00+00:00
1786579200000,0.9845499992370605,0.9849100112915039,0.9833199977874756,0.9841600060462952,0,2026-08-13 00:00:00+00:00
1786582800000,0.9841499924659729,0.9843599796295166,0.983020007610321,0.9838700294494629,0,2026-08-13 01:00:00+00:00
1786586400000,0.9838700294494629,0.9839500188827515,0.9825400114059448,0.9835000038146973,0,2026-08-13 02:00:00+00:00
1786590000000,0.983519971370697,0.9836199879646301,0.9821199774742126,0.9829400181770325,0,2026-08-13 03:00:00+00:00
1786593600000,0.9829099774360657,0.9830600023269653,0.9817600250244141,0.9829000234603882,0,2026-08-13 04:00:00+00:00
1786597200000,0.9829000234603882,0.983299970626831,0.981689989566803,0.98294997215271,0,2026-08-13 05:00:00+00:00
1786600800000,0.98294997215271,0.9835900068283081,0.9821599721908569,0.9834100008010864,0,2026-08-13 06:00:00+00:00
1786604400000,0.9833999872207642,0.9836699962615967,0.98225998878479,0.9833099842071533,0,2026-08-13 07:00:00+00:00
1786608000000,0.9832900166511536,0.9834700226783752,0.9821199774742126,0.9833099842071533,0,2026-08-13 08:00:00+00:00
1786611600000,0.9833099842071533,0.983739972114563,0.9822700023651123,0.9835900068283081,0,2026-08-13 09:00:00+00:00
1786615200000,0.9836099743843079,0.9836400151252747,0.9824100136756897,0.9832900166511536,0,2026-08-13 10:00:00+00:00
1786618800000,0.9832900166511536,0.9834399819374084,0.98225998878479,0.9833999872207642,0,2026-08-13 11:00:00+00:00
1786622400000,0.9833899736404419,0.9841200113296509,0.9820600152015686,0.9840899705886841,0,2026-08-13 12:00:00+00:00
1786626000000,0.9840800166130066,0.9846100211143494,0.9827899932861328,0.984499990940094,0,2026-08-13 13:00:00+00:00
1786629600000,0.984470009803772,0.9852100014686584,0.9836199879646301,0.9849100112915039,0,2026-08-13 14:00:00+00:00
1786633200000,0.9849100112915039,0.9849900007247925,0.9826499819755554,0.9834100008010864,0,2026-08-13 15:00:00+00:00
1786636800000,0.9833999872207642,0.9835699796676636,0.9821500182151794,0.9833400249481201,0,2026-08-13 16:00:00+00:00
1786640400000,0.9833300113677979,0.983519971370697,0.9823399782180786,0.9832599759101868,0,2026-08-13 17:00:00+00:00
1786644000000,0.9832500219345093,0.9835600256919861,0.9824299812316895,0.9833300113677979,0,2026-08-13 18:00:00+00:00
1786647600000,0.9833199977874756,0.983519971370697,0.9823499917984009,0.9831799864768982,0,2026-08-13 19:00:00+00:00
1786651200000,0.9831900000572205,0.9835100173950195,0.9822999835014343,0.9830700159072876,0,2026-08-13 20:00:00+00:00
1786654800000,0.983020007610321,0.9833300113677979,0.9818999767303467,0.9826300144195557,0,2026-08-13 21:00:00+00:00
1786658400000,0.9828900098800659,0.9837200045585632,0.9823399782180786,0.983680009841919,0,2026-08-13 22:00:00+00:00
1786662000000,0.9836000204086304,0.9838200211524963,0.982450008392334,0.9837200045585632,0,2026-08-13 23:00:00+00:00
1786665600000,0.983680009841919,0.9838399887084961,0.9819599986076355,0.9829699993133545,0,2026-08-14 00:00:00+00:00
1786669200000,0.9829800128936768,0.983430027961731,0.9818599820137024,0.9829000234603882,0,2026-08-14 01:00:00+00:00
1786672800000,0.9829000234603882,0.9831299781799316,0.9816100001335144,0.982509970664978,0,2026-08-14 02:00:00+00:00
1786676400000,0.9825000166893005,0.9830600023269653,0.981440007686615,0.9828799962997437,0,2026-08-14 03:00:00+00:00
1786680000000,0.9828699827194214,0.9831399917602539,0.9819700121879578,0.9829300045967102,0,2026-08-14 04:00:00+00:00
1786683600000,0.9829300045967102,0.9832000136375427,0.9818500280380249,0.9832000136375427,0,2026-08-14 05:00:00+00:00
1786687200000,0.9831900000572205,0.9832599759101868,0.9816100001335144,0.9826599955558777,0,2026-08-14 06:00:00+00:00
1786690800000,0.9826700091362,0.9826700091362,0.9810400009155273,0.9822099804878235,0,2026-08-14 07:00:00+00:00
1786694400000,0.9822099804878235,0.9827399849891663,0.9811499714851379,0.9824600219726562,0,2026-08-14 08:00:00+00:00
1786698000000,0.9824600219726562,0.9827200174331665,0.9814599752426147,0.9826099872589111,0,2026-08-14 09:00:00+00:00
1786701600000,0.9825999736785889,0.9828600287437439,0.9815199971199036,0.9826200008392334,0,2026-08-14 10:00:00+00:00
1786705200000,0.9826200008392334,0.983210027217865,0.981440007686615,0.9829400181770325,0,2026-08-14 11:00:00+00:00
1786708800000,0.9829400181770325,0.9832199811935425,0.981410026550293,0.9828100204467773,0,2026-08-14 12:00:00+00:00
1786712400000,0.9828100204467773,0.9836000204086304,0.9815599918365479,0.9833199977874756,0,2026-08-14 13:00:00+00:00
1786716000000,0.9833499789237976,0.984220027923584,0.9822400212287903,0.9841399788856506,0,2026-08-14 14:00:00+00:00
1786719600000,0.9841200113296509,0.9844200015068054,0.9825299978256226,0.9835699796676636,0,2026-08-14 15:00:00+00:00
1786723200000,0.983519971370697,0.9836900234222412,0.9818199872970581,0.9825999736785889,0,2026-08-14 16:00:00+00:00
1786726800000,0.9825900197029114,0.9827499985694885,0.9815000295639038,0.9825900197029114,0,2026-08-14 17:00:00+00:00
1786730400000,0.9825900197029114,0.9826800227165222,0.9814199805259705,0.9826400279998779,0,2026-08-14 18:00:00+00:00
1786734000000,0.9826499819755554,0.982990026473999,0.9816499948501587,0.9829400181770325,0,2026-08-14 19:00:00+00:00
1786737600000,0.9829400181770325,0.9829800128936768,0.9814900159835815,0.9823600053787231,0,2026-08-14 20:00:00+00:00
1786741200000,0.981939971446991,0.981939971446991,0.981939971446991,0.981939971446991,0,2026-08-14 21:00:00+00:00
1786921200000,0.9830600023269653,0.9832599759101868,0.9818800091743469,0.9827399849891663,0,2026-08-16 23:00:00+00:00
1786924800000,0.9827600121498108,0.9836500287055969,0.9820700287818909,0.9833800196647644,0,2026-08-17 00:00:00+00:00
1786928400000,0.9833899736404419,0.9841600060462952,0.9822499752044678,0.983959972858429,0,2026-08-17 01:00:00+00:00
1786932000000,0.9839699864387512,0.9840400218963623,0.9825000166893005,0.9834700226783752,0,2026-08-17 02:00:00+00:00
1786935600000,0.983489990234375,0.9845100045204163,0.9825299978256226,0.9843599796295166,0,2026-08-17 03:00:00+00:00
1786939200000,0.9843999743461609,0.9850299954414368,0.9832900166511536,0.984470009803772,0,2026-08-17 04:00:00+00:00
1786942800000,0.984499990940094,0.9862599968910217,0.9835299849510193,0.9859499931335449,0,2026-08-17 05:00:00+00:00
1786946400000,0.9859300255775452,0.9871399998664856,0.9848600029945374,0.9869099855422974,0,2026-08-17 06:00:00+00:00
1786950000000,0.9869099855422974,0.9872400164604187,0.9856299757957458,0.9865900278091431,0,2026-08-17 07:00:00+00:00
1786953600000,0.9866200089454651,0.9869300127029419,0.9851199984550476,0.9865999817848206,0,2026-08-17 08:00:00+00:00
1786957200000,0.9866099953651428,0.9874699711799622,0.9857400059700012,0.9873499870300293,0,2026-08-17 09:00:00+00:00
1786960800000,0.987339973449707,0.9878900051116943,0.9863200187683105,0.9874399900436401,0,2026-08-17 10:00:00+00:00
1786964400000,0.9874299764633179,0.9878699779510498,0.9865800142288208,0.9875699877738953,0,2026-08-17 11:00:00+00:00
1786968000000,0.9876000285148621,0.9876199960708618,0.9849399924278259,0.9864000082015991,0,2026-08-17 12:00:00+00:00
1786971600000,0.9864000082015991,0.986519992351532,0.9841099977493286,0.9855999946594238,0,2026-08-17 13:00:00+00:00
1786975200000,0.9855800271034241,0.9864199757575989,0.984470009803772,0.9861800074577332,0,2026-08-17 14:00:00+00:00
1786978800000,0.9861800074577332,0.986519992351532,0.9849399924278259,0.986270010471344,0,2026-08-17 15:00:00+00:00
1786982400000,0.986270010471344,0.9867299795150757,0.9852799773216248,0.9862800240516663,0,2026-08-17 16:00:00+00:00
1786986000000,0.9862800240516663,0.9865000247955322,0.9845100045204163,0.9853600263595581,0,2026-08-17 17:00:00+00:00
1786989600000,0.9853699803352356,0.9854699969291687,0.9842600226402283,0.9854000210762024,0,2026-08-17 18:00:00+00:00
1786993200000,0.9853900074958801,0.9857000112533569,0.9844499826431274,0.9855700135231018,0,2026-08-17 19:00:00+00:00
1786996800000,0.9855700135231018,0.985729992389679,0.9845799803733826,0.9854000210762024,0,2026-08-17 20:00:00+00:00
1787000400000,0.985230028629303,0.9867799878120422,0.984499990940094,0.9855200052261353,0,2026-08-17 21:00:00+00:00
1787004000000,0.9853799939155579,0.9857199788093567,0.984499990940094,0.9855700135231018,0,2026-08-17 22:00:00+00:00
1787007600000,0.9856299757957458,0.9859399795532227,0.9846400022506714,0.9858700037002563,0,2026-08-17 23:00:00+00:00
1787011200000,0.9858700037002563,0.986299991607666,0.9847800135612488,0.9859700202941895,0,2026-08-18 00:00:00+00:00
1787014800000,0.9859899878501892,0.9866499900817871,0.9848200082778931,0.9857400059700012,0,2026-08-18 01:00:00+00:00
1787018400000,0.985729992389679,0.9860299825668335,0.9845799803733826,0.9859700202941895,0,2026-08-18 02:00:00+00:00
1787022000000,0.9859399795532227,0.986050009727478,0.984279990196228,0.9852499961853027,0,2026-08-18 03:00:00+00:00
1787025600000,0.9852499961853027,0.9855200052261353,0.9841399788856506,0.9851599931716919,0,2026-08-18 04:00:00+00:00
1787029200000,0.9851300120353699,0.985230028629303,0.9836599826812744,0.9851400256156921,0,2026-08-18 05:00:00+00:00
1787032800000,0.9851400256156921,0.9851700067520142,0.9833099842071533,0.9849200248718262,0,2026-08-18 06:00:00+00:00
1787036400000,0.9849299788475037,0.9851499795913696,0.9836900234222412,0.98471999168396,0,2026-08-18 07:00:00+00:00
1787040000000,0.98471999168396,0.9851999878883362,0.9835600256919861,0.9850199818611145,0,2026-08-18 08:00:00+00:00
1787043600000,0.985010027885437,0.9858499765396118,0.9838399887084961,0.9857199788093567,0,2026-08-18 09:00:00+00:00
1787047200000,0.985729992389679,0.9859600067138672,0.9845899939537048,0.9857900142669678,0,2026-08-18 10:00:00+00:00
1787050800000,0.9857900142669678,0.98649001121521,0.9847699999809265,0.9864400029182434,0,2026-08-18 11:00:00+00:00
1787054400000,0.9864799976348877,0.9868500232696533,0.9853000044822693,0.9865300059318542,0,2026-08-18 12:00:00+00:00
1787058000000,0.9865099787712097,0.9874600172042847,0.9853799939155579,0.9866399765014648,0,2026-08-18 13:00:00+00:00
1787061600000,0.9870200157165527,0.9871699810028076,0.984529972076416,0.9856799840927124,0,2026-08-18 14:00:00+00:00
1787065200000,0.9856899976730347,0.9860399961471558,0.984529972076416,0.9855999946594238,0,2026-08-18 15:00:00+00:00
1787068800000,0.9855899810791016,0.9858800172805786,0.9843500256538391,0.9855499863624573,0,2026-08-18 16:00:00+00:00
1787072400000,0.985539972782135,0.9855700135231018,0.9841099977493286,0.985230028629303,0,2026-08-18 17:00:00+00:00
1787076000000,0.9852200150489807,0.9854000210762024,0.9840599894523621,0.985069990158081,0,2026-08-18 18:00:00+00:00
1787079600000,0.9850800037384033,0.9851800203323364,0.9835699796676636,0.984529972076416,0,2026-08-18 19:00:00+00:00
1787083200000,0.984529972076416,0.9848099946975708,0.9833999872207642,0.9848099946975708,0,2026-08-18 20:00:00+00:00
1787086800000,0.9848700165748596,0.9849100112915039,0.9829400181770325,0.9839500188827515,0,2026-08-18 21:00:00+00:00
1787090400000,0.9839299917221069,0.9846799969673157,0.9833199977874756,0.9843999743461609,0,2026-08-18 22:00:00+00:00
1787094000000,0.9843900203704834,0.9845100045204163,0.9831799864768982,0.9841300249099731,0,2026-08-18 23:00:00+00:00
1787097600000,0.9841499924659729,0.9845100045204163,0.9824900031089783,0.9833899736404419,0,2026-08-19 00:00:00+00:00
1787101200000,0.9833800196647644,0.9840599894523621,0.98225998878479,0.9833700060844421,0,2026-08-19 01:00:00+00:00
1787104800000,0.9833700060844421,0.9835500121116638,0.9812099933624268,0.9823300242424011,0,2026-08-19 02:00:00+00:00
1787108400000,0.9823099970817566,0.9823300242424011,0.9808599948883057,0.9818400144577026,0,2026-08-19 03:00:00+00:00
1787112000000,0.9818500280380249,0.9818999767303467,0.9801099896430969,0.9816799759864807,0,2026-08-19 04:00:00+00:00
1787115600000,0.9816799759864807,0.9818199872970581,0.9800699949264526,0.9811300039291382,0,2026-08-19 05:00:00+00:00
1787119200000,0.9811300039291382,0.9820500016212463,0.9798799753189087,0.9817399978637695,0,2026-08-19 06:00:00+00:00
1787122800000,0.9817299842834473,0.9819599986076355,0.9799900054931641,0.9809899926185608,0,2026-08-19 07:00:00+00:00
1787126400000,0.9809799790382385,0.9826599955558777,0.9800999760627747,0.9820899963378906,0,2026-08-19 08:00:00+00:00
1787130000000,0.9821199774742126,0.9826099872589111,0.9809399843215942,0.9819599986076355,0,2026-08-19 09:00:00+00:00
1787133600000,0.9819599986076355,0.982010006904602,0.9804499745368958,0.981410026550293,0,2026-08-19 10:00:00+00:00
1787137200000,0.9814299941062927,0.981689989566803,0.9801899790763855,0.9813699722290039,0,2026-08-19 11:00:00+00:00
1787140800000,0.9813399910926819,0.9842399954795837,0.9804499745368958,0.9839000105857849,0,2026-08-19 12:00:00+00:00
1787144400000,0.9838899970054626,0.9856100082397461,0.9831399917602539,0.9838399887084961,0,2026-08-19 13:00:00+00:00
1787148000000,0.9838399887084961,0.9843299984931946,0.9823700189590454,0.983489990234375,0,2026-08-19 14:00:00+00:00
1787151600000,0.983489990234375,0.9847300052642822,0.9827499985694885,0.9842699766159058,0,2026-08-19 15:00:00+00:00
1787155200000,0.9842699766159058,0.9845100045204163,0.9828500151634216,0.9837599992752075,0,2026-08-19 16:00:00+00:00
1787158800000,0.9837700128555298,0.9840599894523621,0.9823499917984009,0.983240008354187,0,2026-08-19 17:00:00+00:00
1787162400000,0.9831600189208984,0.9837300181388855,0.9818699955940247,0.983519971370697,0,2026-08-19 18:00:00+00:00
1787166000000,0.9835299849510193,0.9843000173568726,0.9825599789619446,0.9838299751281738,0,2026-08-19 19:00:00+00:00
1787169600000,0.9838299751281738,0.983959972858429,0.9827499985694885,0.9835900068283081,0,2026-08-19 20:00:00+00:00
1787173200000,0.9826599955558777,0.9835699796676636,0.981220006942749,0.9830800294876099,0,2026-08-19 21:00:00+00:00
1787176800000,0.9829300045967102,0.9839500188827515,0.982479989528656,0.9836999773979187,0,2026-08-19 22:00:00+00:00
1787180400000,0.9835799932479858,0.9840199947357178,0.9825199842453003,0.9835299849510193,0,2026-08-19 23:00:00+00:00
1787184000000,0.9835399985313416,0.9836699962615967,0.9817299842834473,0.9826200008392334,0,2026-08-20 00:00:00+00:00
1787187600000,0.9826300144195557,0.9833499789237976,0.9802200198173523,0.9818300008773804,0,2026-08-20 01:00:00+00:00
1787191200000,0.9818599820137024,0.982479989528656,0.9807800054550171,0.9821299910545349,0,2026-08-20 02:00:00+00:00
1787194800000,0.9821299910545349,0.982509970664978,0.9810500144958496,0.9822400212287903,0,2026-08-20 03:00:00+00:00
1787198400000,0.9822400212287903,0.9825299978256226,0.9808400273323059,0.9817500114440918,0,2026-08-20 04:00:00+00:00
1787202000000,0.981719970703125,0.982010006904602,0.9806100130081177,0.9814800024032593,0,2026-08-20 05:00:00+00:00
1787205600000,0.981440007686615,0.9821299910545349,0.9807299971580505,0.9820600152015686,0,2026-08-20 06:00:00+00:00
1787209200000,0.9820600152015686,0.9821299910545349,0.9805799722671509,0.9815000295639038,0,2026-08-20 07:00:00+00:00
1787212800000,0.9815000295639038,0.9816700220108032,0.9800599813461304,0.9808400273323059,0,2026-08-20 08:00:00+00:00
1787216400000,0.9808400273323059,0.9815000295639038,0.9799500107765198,0.9809799790382385,0,2026-08-20 09:00:00+00:00
1787220000000,0.9810299873352051,0.9812999963760376,0.9795699715614319,0.9805999994277954,0,2026-08-20 10:00:00+00:00
1787223600000,0.9805999994277954,0.9806600213050842,0.9779099822044373,0.9786700010299683,0,2026-08-20 11:00:00+00:00
1787227200000,0.9786700010299683,0.9807999730110168,0.9774799942970276,0.980400025844574,0,2026-08-20 12:00:00+00:00
1787230800000,0.9803900122642517,0.9811499714851379,0.9793300032615662,0.9806900024414062,0,2026-08-20 13:00:00+00:00
1787234400000,0.9806600213050842,0.9818400144577026,0.9797300100326538,0.9812600016593933,0,2026-08-20 14:00:00+00:00
1787238000000,0.9812099933624268,0.9822400212287903,0.9799299836158752,0.9810199737548828,0,2026-08-20 15:00:00+00:00
1787241600000,0.9810199737548828,0.9811199903488159,0.9798300266265869,0.9807699918746948,0,2026-08-20 16:00:00+00:00
1787245200000,0.9807699918746948,0.9808700084686279,0.9794899821281433,0.9804800152778625,0,2026-08-20 17:00:00+00:00
1787248800000,0.9804999828338623,0.9805399775505066,0.9790899753570557,0.9804400205612183,0,2026-08-20 18:00:00+00:00
1787252400000,0.9804099798202515,0.9810000061988831,0.979610025882721,0.980970025062561,0,2026-08-20 19:00:00+00:00
1787256000000,0.9809799790382385,0.9810100197792053,0.9796500205993652,0.980650007724762,0,2026-08-20 20:00:00+00:00
1787259600000,0.9804400205612183,0.9807500243186951,0.9788600206375122,0.979960024356842,0,2026-08-20 21:00:00+00:00
1787263200000,0.979960024356842,0.9808599948883057,0.9794800281524658,0.9797999858856201,0,2026-08-20 22:00:00+00:00
1787266800000,0.9806699752807617,0.9811199903488159,0.9796800017356873,0.9810100197792053,0,2026-08-20 23:00:00+00:00
1787270400000,0.9810500144958496,0.9816100001335144,0.9802299737930298,0.9810699820518494,0,2026-08-21 00:00:00+00:00
1787274000000,0.9810699820518494,0.9825299978256226,0.9802299737930298,0.9823799729347229,0,2026-08-21 01:00:00+00:00
1787277600000,0.9823799729347229,0.9831900000572205,0.9815099835395813,0.9825800061225891,0,2026-08-21 02:00:00+00:00
1787281200000,0.9825800061225891,0.9830399751663208,0.9816200137138367,0.9829000234603882,0,2026-08-21 03:00:00+00:00
1787284800000,0.9829000234603882,0.9829800128936768,0.9816100001335144,0.9828900098800659,0,2026-08-21 04:00:00+00:00
1787288400000,0.9829099774360657,0.9832000136375427,0.9816799759864807,0.9830399751663208,0,2026-08-21 05:00:00+00:00
1787292000000,0.9830399751663208,0.9836699962615967,0.9819899797439575,0.9831299781799316,0,2026-08-21 06:00:00+00:00
1787295600000,0.9831200242042542,0.9839800000190735,0.9824299812316895,0.9837599992752075,0,2026-08-21 07:00:00+00:00
1787299200000,0.9837599992752075,0.9847999811172485,0.9827399849891663,0.9843500256538391,0,2026-08-21 08:00:00+00:00
1787302800000,0.9843400120735168,0.9848899841308594,0.9832199811935425,0.9841899871826172,0,2026-08-21 09:00:00+00:00
1787306400000,0.9841899871826172,0.9844899773597717,0.9826599955558777,0.983739972114563,0,2026-08-21 10:00:00+00:00
1787310000000,0.9837499856948853,0.9846500158309937,0.9828199744224548,0.9840599894523621,0,2026-08-21 11:00:00+00:00
1787313600000,0.9840599894523621,0.984969973564148,0.9833099842071533,0.9848999977111816,0,2026-08-21 12:00:00+00:00
1787317200000,0.9849200248718262,0.986050009727478,0.9833899736404419,0.9858800172805786,0,2026-08-21 13:00:00+00:00
1787320800000,0.9858599901199341,0.986840009689331,0.9847999811172485,0.9865900278091431,0,2026-08-21 14:00:00+00:00
1787324400000,0.9866099953651428,0.9880200028419495,0.9857400059700012,0.9877099990844727,0,2026-08-21 15:00:00+00:00
1787328000000,0.9876700043678284,0.98785001039505,0.9862499833106995,0.9872300028800964,0,2026-08-21 16:00:00+00:00
1787331600000,0.9872300028800964,0.9877399802207947,0.9862200021743774,0.9876999855041504,0,2026-08-21 17:00:00+00:00
1787335200000,0.9876800179481506,0.9879500269889832,0.9867200255393982,0.9877499938011169,0,2026-08-21 18:00:00+00:00
1787338800000,0.9877499938011169,0.9878399968147278,0.9863899946212769,0.9875400066375732,0,2026-08-21 19:00:00+00:00
1787342400000,0.9875400066375732,0.9875800013542175,0.9857800006866455,0.9870700240135193,0,2026-08-21 20:00:00+00:00
1787346000000,0.986329972743988,0.986329972743988,0.9862599968910217,0.9862599968910217,0,2026-08-21 21:00:00+00:00
1787526000000,0.9888100028038025,0.9892299771308899,0.9876899719238281,0.9890599846839905,0,2026-08-23 23:00:00+00:00
1787529600000,0.9890599846839905,0.9893900156021118,0.987529993057251,0.9892899990081787,0,2026-08-24 00:00:00+00:00
1787533200000,0.9892899990081787,0.9897699952125549,0.9876300096511841,0.9885900020599365,0,2026-08-24 01:00:00+00:00
1787536800000,0.9885900020599365,0.9889600276947021,0.9872999787330627,0.988290011882782,0,2026-08-24 02:00:00+00:00
1787540400000,0.9882799983024597,0.9883300065994263,0.9870100021362305,0.9879800081253052,0,2026-08-24 03:00:00+00:00
1787544000000,0.9879099726676941,0.9886800050735474,0.9869999885559082,0.9886299967765808,0,2026-08-24 04:00:00+00:00
1787547600000,0.9886000156402588,0.9891800284385681,0.9876899719238281,0.9890599846839905,0,2026-08-24 05:00:00+00:00
1787551200000,0.989109992980957,0.9908699989318848,0.988319993019104,0.9906600117683411,0,2026-08-24 06:00:00+00:00
1787554800000,0.9906600117683411,0.9914199709892273,0.9896799921989441,0.9912199974060059,0,2026-08-24 07:00:00+00:00
1787558400000,0.9912099838256836,0.9914699792861938,0.9897099733352661,0.991100013256073,0,2026-08-24 08:00:00+00:00
1787562000000,0.991100013256073,0.9912300109863281,0.9898300170898438,0.9908400177955627,0,2026-08-24 09:00:00+00:00
1787565600000,0.9908400177955627,0.9910799860954285,0.9897800087928772,0.9908499717712402,0,2026-08-24 10:00:00+00:00
1787569200000,0.9908499717712402,0.9921000003814697,0.9899200201034546,0.9919300079345703,0,2026-08-24 11:00:00+00:00
1787572800000,0.9919300079345703,0.9919400215148926,0.9899500012397766,0.9908300042152405,0,2026-08-24 12:00:00+00:00
1787576400000,0.9908199906349182,0.991100013256073,0.9893900156021118,0.9905400276184082,0,2026-08-24 13:00:00+00:00
1787580000000,0.9905400276184082,0.9907600283622742,0.9889500141143799,0.9899299740791321,0,2026-08-24 14:00:00+00:00
1787583600000,0.9899500012397766,0.9899899959564209,0.9884600043296814,0.9896199703216553,0,2026-08-24 15:00:00+00:00
1787587200000,0.9896199703216553,0.9901000261306763,0.9887099862098694,0.9899799823760986,0,2026-08-24 16:00:00+00:00
1787590800000,0.9899700284004211,0.9902899861335754,0.9887599945068359,0.9897099733352661,0,2026-08-24 17:00:00+00:00
1787594400000,0.9897300004959106,0.9903600215911865,0.9887800216674805,0.9898499846458435,0,2026-08-24 18:00:00+00:00
1787598000000,0.9898599982261658,0.9898999929428101,0.9886800050735474,0.9895899891853333,0,2026-08-24 19:00:00+00:00
1787601600000,0.9896000027656555,0.9899899959564209,0.9886500239372253,0.9896399974822998,0,2026-08-24 20:00:00+00:00
1787605200000,0.9896399974822998,0.9896399974822998,0.9880499839782715,0.9894400238990784,0,2026-08-24 21:00:00+00:00
1787608800000,0.9894300103187561,0.9899899959564209,0.9885900020599365,0.9896399974822998,0,2026-08-24 22:00:00+00:00
1787612400000,0.9896799921989441,0.9902300238609314,0.988610029220581,0.9901400208473206,0,2026-08-24 23:00:00+00:00
1787616000000,0.9901300072669983,0.9910399913787842,0.9893699884414673,0.9909999966621399,0,2026-08-25 00:00:00+00:00
1787619600000,0.9909999966621399,0.9911800026893616,0.9897500276565552,0.9907199740409851,0,2026-08-25 01:00:00+00:00
1787623200000,0.9907199740409851,0.991159975528717,0.989799976348877,0.9906700253486633,0,2026-08-25 02:00:00+00:00
1787626800000,0.9906600117683411,0.9912199974060059,0.9897000193595886,0.9905700087547302,0,2026-08-25 03:00:00+00:00
1787630400000,0.99058997631073,0.9907500147819519,0.9893199801445007,0.9907400012016296,0,2026-08-25 04:00:00+00:00
1787634000000,0.9907299876213074,0.9912999868392944,0.9898099899291992,0.9907199740409851,0,2026-08-25 05:00:00+00:00
1787637600000,0.9907199740409851,0.991159975528717,0.9892399907112122,0.9905200004577637,0,2026-08-25 06:00:00+00:00
1787641200000,0.9905300140380859,0.9907199740409851,0.9891999959945679,0.9900599718093872,0,2026-08-25 07:00:00+00:00
1787644800000,0.9900400042533875,0.9908999800682068,0.9886599779129028,0.9907500147819519,0,2026-08-25 08:00:00+00:00
1787648400000,0.9907600283622742,0.9915000200271606,0.9896900057792664,0.9911100268363953,0,2026-08-25 09:00:00+00:00
1787652000000,0.9911199808120728,0.991349995136261,0.9899200201034546,0.9912300109863281,0,2026-08-25 10:00:00+00:00
1787655600000,0.9912300109863281,0.9916300177574158,0.9897900223731995,0.9914699792861938,0,2026-08-25 11:00:00+00:00
1787659200000,0.9914600253105164,0.991599977016449,0.9900199770927429,0.990909993648529,0,2026-08-25 12:00:00+00:00
1787662800000,0.990909993648529,0.9914799928665161,0.9893800020217896,0.990119993686676,0,2026-08-25 13:00:00+00:00
1787666400000,0.9897500276565552,0.9905099868774414,0.9889400005340576,0.9899600148200989,0,2026-08-25 14:00:00+00:00
1787670000000,0.9899899959564209,0.9907799959182739,0.9891499876976013,0.990369975566864,0,2026-08-25 15:00:00+00:00
1787673600000,0.9903900027275085,0.9904500246047974,0.989080011844635,0.990090012550354,0,2026-08-25 16:00:00+00:00
1787677200000,0.9901000261306763,0.9901700019836426,0.9889299869537354,0.9900799989700317,0,2026-08-25 17:00:00+00:00
1787680800000,0.9901000261306763,0.9901700019836426,0.9889000058174133,0.9900299906730652,0,2026-08-25 18:00:00+00:00
1787684400000,0.9900299906730652,0.9909200072288513,0.9890000224113464,0.9908400177955627,0,2026-08-25 19:00:00+00:00
1787688000000,0.9908300042152405,0.9919499754905701,0.9899100065231323,0.9907600283622742,0,2026-08-25 20:00:00+00:00
1787691600000,0.9907900094985962,0.9910100102424622,0.989549994468689,0.9907600283622742,0,2026-08-25 21:00:00+00:00
1787695200000,0.9908199906349182,0.9913399815559387,0.9900199770927429,0.991129994392395,0,2026-08-25 22:00:00+00:00
1787698800000,0.9911500215530396,0.9915099740028381,0.9902300238609314,0.9912599921226501,0,2026-08-25 23:00:00+00:00
1787702400000,0.9912099838256836,0.9919499754905701,0.9902999997138977,0.9914199709892273,0,2026-08-26 00:00:00+00:00
1787706000000,0.9913899898529053,0.99413001537323,0.9905300140380859,0.9934800267219543,0,2026-08-26 01:00:00+00:00
1787709600000,0.9935100078582764,0.9951099753379822,0.9924299716949463,0.9945300221443176,0,2026-08-26 02:00:00+00:00
1787713200000,0.9945099949836731,0.9957799911499023,0.9935899972915649,0.9953100085258484,0,2026-08-26 03:00:00+00:00
1787716800000,0.9953100085258484,0.9954400062561035,0.9938700199127197,0.9950100183486938,0,2026-08-26 04:00:00+00:00
1787720400000,0.9950199723243713,0.9957600235939026,0.9940999746322632,0.9955400228500366,0,2026-08-26 05:00:00+00:00
1787724000000,0.9955400228500366,0.9958099722862244,0.993690013885498,0.9950600266456604,0,2026-08-26 06:00:00+00:00
1787727600000,0.9950500130653381,0.9954599738121033,0.9938099980354309,0.9953100085258484,0,2026-08-26 07:00:00+00:00
1787731200000,0.9953100085258484,0.9958000183105469,0.9943000078201294,0.9956600069999695,0,2026-08-26 08:00:00+00:00
1787734800000,0.9956499934196472,0.9960799813270569,0.9945200085639954,0.9957500100135803,0,2026-08-26 09:00:00+00:00
1787738400000,0.9957500100135803,0.9960200190544128,0.9947699904441833,0.9957299828529358,0,2026-08-26 10:00:00+00:00
1787742000000,0.9957399964332581,0.99617999792099,0.994700014591217,0.9958699941635132,0,2026-08-26 11:00:00+00:00
1787745600000,0.9958699941635132,0.9961199760437012,0.9943299889564514,0.9954900145530701,0,2026-08-26 12:00:00+00:00
1787749200000,0.9954900145530701,0.9958999752998352,0.9942700266838074,0.995140016078949,0,2026-08-26 13:00:00+00:00
1787752800000,0.9951500296592712,0.9958599805831909,0.993939995765686,0.9952800273895264,0,2026-08-26 14:00:00+00:00
1787756400000,0.9952800273895264,0.9955400228500366,0.9937300086021423,0.9946399927139282,0,2026-08-26 15:00:00+00:00
1787760000000,0.9946200251579285,0.9949600100517273,0.9935600161552429,0.9947800040245056,0,2026-08-26 16:00:00+00:00
1787763600000,0.9947800040245056,0.9952200055122375,0.9937599897384644,0.9951599836349487,0,2026-08-26 17:00:00+00:00
1787767200000,0.9951599836349487,0.9953100085258484,0.9939900040626526,0.995199978351593,0,2026-08-26 18:00:00+00:00
1787770800000,0.995199978351593,0.9954500198364258,0.994159996509552,0.9953799843788147,0,2026-08-26 19:00:00+00:00
1787774400000,0.9953799843788147,0.9956300258636475,0.9942799806594849,0.9944499731063843,0,2026-08-26 20:00:00+00:00
1787778000000,0.9944999814033508,0.9956300258636475,0.9929900169372559,0.9954500198364258,0,2026-08-26 21:00:00+00:00
1787781600000,0.9956300258636475,0.9961699843406677,0.994700014591217,0.9960399866104126,0,2026-08-26 22:00:00+00:00
1787785200000,0.9961100220680237,0.9967100024223328,0.9951300024986267,0.9962499737739563,0,2026-08-26 23:00:00+00:00
1787788800000,0.9962400197982788,0.9964399933815002,0.9949100017547607,0.9960399866104126,0,2026-08-27 00:00:00+00:00
1787792400000,0.9960700273513794,0.9969499707221985,0.995419979095459,0.9969000220298767,0,2026-08-27 01:00:00+00:00
1787796000000,0.9968900084495544,0.997189998626709,0.9958800077438354,0.9969300031661987,0,2026-08-27 02:00:00+00:00
1787799600000,0.9969599843025208,0.9972100257873535,0.9959099888801575,0.9970700144767761,0,2026-08-27 03:00:00+00:00
1787803200000,0.9970700144767761,0.9974499940872192,0.9959800243377686,0.9972900152206421,0,2026-08-27 04:00:00+00:00
1787806800000,0.9973199963569641,0.9973599910736084,0.9959800243377686,0.9970899820327759,0,2026-08-27 05:00:00+00:00
1787810400000,0.9970700144767761,0.9976999759674072,0.9960600137710571,0.9975500106811523,0,2026-08-27 06:00:00+00:00
1787814000000,0.9975299835205078,0.9978200197219849,0.9960399866104126,0.9968000054359436,0,2026-08-27 07:00:00+00:00
1787817600000,0.9967799782752991,0.9976199865341187,0.9958299994468689,0.9969199895858765,0,2026-08-27 08:00:00+00:00
1787821200000,0.9969199895858765,0.9969900250434875,0.9953100085258484,0.9961400032043457,0,2026-08-27 09:00:00+00:00
1787824800000,0.9961400032043457,0.9970300197601318,0.9952200055122375,0.996749997138977,0,2026-08-27 10:00:00+00:00
1787828400000,0.9967799782752991,0.9968000054359436,0.9953299760818481,0.9967600107192993,0,2026-08-27 11:00:00+00:00
1787832000000,0.9967600107192993,0.9977099895477295,0.9955599904060364,0.9968699812889099,0,2026-08-27 12:00:00+00:00
1787835600000,0.9969000220298767,0.9972299933433533,0.9955700039863586,0.9967600107192993,0,2026-08-27 13:00:00+00:00
1787839200000,0.996749997138977,0.9971399903297424,0.9955899715423584,0.9966199994087219,0,2026-08-27 14:00:00+00:00
1787842800000,0.9966099858283997,0.9972400069236755,0.9958000183105469,0.9970399737358093,0,2026-08-27 15:00:00+00:00
1787846400000,0.9970600008964539,0.9973000288009644,0.995989978313446,0.997160017490387,0,2026-08-27 16:00:00+00:00
1787850000000,0.9970999956130981,0.9973700046539307,0.9961900115013123,0.9969800114631653,0,2026-08-27 17:00:00+00:00
1787853600000,0.9969800114631653,0.9970700144767761,0.9959200024604797,0.9969800114631653,0,2026-08-27 18:00:00+00:00
1787857200000,0.996969997882843,0.9970999956130981,0.9959099888801575,0.9967600107192993,0,2026-08-27 19:00:00+00:00
1787860800000,0.996749997138977,0.9969900250434875,0.9958800077438354,0.9962300062179565,0,2026-08-27 20:00:00+00:00
1787864400000,0.9961900115013123,0.9969300031661987,0.9948899745941162,0.9965299963951111,0,2026-08-27 21:00:00+00:00
1787868000000,0.9963899850845337,0.9968500137329102,0.9955800175666809,0.9965400099754333,0,2026-08-27 22:00:00+00:00
1787871600000,0.9965199828147888,0.9966599941253662,0.995419979095459,0.9966400265693665,0,2026-08-27 23:00:00+00:00
1787875200000,0.9966199994087219,0.9970099925994873,0.9955400228500366,0.9965599775314331,0,2026-08-28 00:00:00+00:00
1787878800000,0.9965599775314331,0.9973199963569641,0.9956600069999695,0.9970200061798096,0,2026-08-28 01:00:00+00:00
1787882400000,0.9970200061798096,0.997730016708374,0.9961599707603455,0.9975900053977966,0,2026-08-28 02:00:00+00:00
1787886000000,0.9975900053977966,0.9977499842643738,0.9962700009346008,0.9973499774932861,0,2026-08-28 03:00:00+00:00
1787889600000,0.9973499774932861,0.9975900053977966,0.9960899949073792,0.9970800280570984,0,2026-08-28 04:00:00+00:00
1787893200000,0.9970800280570984,0.9972699880599976,0.9955700039863586,0.9965400099754333,0,2026-08-28 05:00:00+00:00
1787896800000,0.9965400099754333,0.9973000288009644,0.9956799745559692,0.9969300031661987,0,2026-08-28 06:00:00+00:00
1787900400000,0.9969300031661987,0.9972100257873535,0.9956600069999695,0.9967600107192993,0,2026-08-28 07:00:00+00:00
1787904000000,0.9967700242996216,0.9969800114631653,0.9954400062561035,0.9965900182723999,0,2026-08-28 08:00:00+00:00
1787907600000,0.9965900182723999,0.9974200129508972,0.9956700205802917,0.997219979763031,0,2026-08-28 09:00:00+00:00
1787911200000,0.9972299933433533,0.9974499940872192,0.9955899715423584,0.9968000054359436,0,2026-08-28 10:00:00+00:00
1787914800000,0.9968000054359436,0.9968799948692322,0.9953500032424927,0.9962900280952454,0,2026-08-28 11:00:00+00:00
1787918400000,0.9962900280952454,0.9975799918174744,0.9955000281333923,0.9975299835205078,0,2026-08-28 12:00:00+00:00
1787922000000,0.9975500106811523,0.997730016708374,0.9958400130271912,0.9966999888420105,0,2026-08-28 13:00:00+00:00
1787925600000,0.9965999722480774,0.9978500008583069,0.9947500228881836,0.9971699714660645,0,2026-08-28 14:00:00+00:00
1787929200000,0.9971699714660645,0.9975100159645081,0.9946100115776062,0.9955199956893921,0,2026-08-28 15:00:00+00:00
1787932800000,0.9955199956893921,0.9958500266075134,0.9941999912261963,0.9953600168228149,0,2026-08-28 16:00:00+00:00
1787936400000,0.9953699707984924,0.9954800009727478,0.9942399859428406,0.9952399730682373,0,2026-08-28 17:00:00+00:00
1787940000000,0.9952499866485596,0.9955599904060364,0.9941999912261963,0.9955099821090698,0,2026-08-28 18:00:00+00:00
1787943600000,0.9955000281333923,0.9959099888801575,0.9944599866867065,0.9957699775695801,0,2026-08-28 19:00:00+00:00
1787947200000,0.9957699775695801,0.9959999918937683,0.9944800138473511,0.9949899911880493,0,2026-08-28 20:00:00+00:00
1787950800000,0.9948400259017944,0.9948400259017944,0.9948400259017944,0.9948400259017944,0,2026-08-28 21:00:00+00:00
1788130800000,0.9955199956893921,0.9956700205802917,0.9941099882125854,0.9950500130653381,0,2026-08-30 23:00:00+00:00
1788134400000,0.9950500130653381,0.995639979839325,0.9939900040626526,0.9955599904060364,0,2026-08-31 00:00:00+00:00
1788138000000,0.9955199956893921,0.9956899881362915,0.9942600131034851,0.9954400062561035,0,2026-08-31 01:00:00+00:00
1788141600000,0.9954299926757812,0.9955700039863586,0.9940599799156189,0.9953399896621704,0,2026-08-31 02:00:00+00:00
1788145200000,0.9953399896621704,0.9959499835968018,0.9944999814033508,0.9954699873924255,0,2026-08-31 03:00:00+00:00
1788148800000,0.9954699873924255,0.9955400228500366,0.9941499829292297,0.9953100085258484,0,2026-08-31 04:00:00+00:00
1788152400000,0.9953100085258484,0.9956499934196472,0.9942299723625183,0.9955999851226807,0,2026-08-31 05:00:00+00:00
1788156000000,0.9955999851226807,0.9957399964332581,0.9939299821853638,0.995199978351593,0,2026-08-31 06:00:00+00:00
1788159600000,0.9951900243759155,0.9953600168228149,0.9938200116157532,0.9947100281715393,0,2026-08-31 07:00:00+00:00
1788163200000,0.9947100281715393,0.9950799942016602,0.9938700199127197,0.9947999715805054,0,2026-08-31 08:00:00+00:00
1788166800000,0.9947999715805054,0.9950199723243713,0.9935399889945984,0.9946799874305725,0,2026-08-31 09:00:00+00:00
1788170400000,0.9946699738502502,0.9947400093078613,0.993149995803833,0.9942899942398071,0,2026-08-31 10:00:00+00:00
1788174000000,0.9942899942398071,0.9948099851608276,0.9932900071144104,0.9943000078201294,0,2026-08-31 11:00:00+00:00
1788177600000,0.9943000078201294,0.9948199987411499,0.9923499822616577,0.9936299920082092,0,2026-08-31 12:00:00+00:00
1788181200000,0.9936400055885315,0.9941800236701965,0.9927399754524231,0.9937800168991089,0,2026-08-31 13:00:00+00:00
1788184800000,0.9937599897384644,0.9940000176429749,0.9922199845314026,0.9932299852371216,0,2026-08-31 14:00:00+00:00
1788188400000,0.9932299852371216,0.9935299754142761,0.9920499920845032,0.9932100176811218,0,2026-08-31 15:00:00+00:00
1788192000000,0.9932000041007996,0.9935299754142761,0.9921799898147583,0.9933599829673767,0,2026-08-31 16:00:00+00:00
1788195600000,0.9933599829673767,0.9934099912643433,0.9917899966239929,0.9928500056266785,0,2026-08-31 17:00:00+00:00
1788199200000,0.9928799867630005,0.9929999709129333,0.9916899800300598,0.9925400018692017,0,2026-08-31 18:00:00+00:00
1788202800000,0.9925500154495239,0.9931600093841553,0.9915500283241272,0.9930700063705444,0,2026-08-31 19:00:00+00:00
1788206400000,0.9930899739265442,0.993149995803833,0.9917399883270264,0.992609977722168,0,2026-08-31 20:00:00+00:00
1788210000000,0.992609977722168,0.9928799867630005,0.9918299913406372,0.992680013179779,0,2026-08-31 21:00:00+00:00
1788213600000,0.9926999807357788,0.9929900169372559,0.9916399717330933,0.9927099943161011,0,2026-08-31 22:00:00+00:00
1788217200000,0.9927200078964233,0.9933099746704102,0.9918799996376038,0.9932500123977661,0,2026-08-31 23:00:00+00:00
1788220800000,0.9932500123977661,0.9941800236701965,0.9922400116920471,0.993369996547699,0,2026-09-01 00:00:00+00:00
1788224400000,0.993369996547699,0.9944000244140625,0.9922599792480469,0.9941400289535522,0,2026-09-01 01:00:00+00:00
1788228000000,0.994159996509552,0.9944400191307068,0.9928600192070007,0.9943199753761292,0,2026-09-01 02:00:00+00:00
1788231600000,0.994350016117096,0.9943600296974182,0.9927300214767456,0.9938099980354309,0,2026-09-01 03:00:00+00:00
1788235200000,0.9937999844551086,0.994159996509552,0.9928200244903564,0.9938099980354309,0,2026-09-01 04:00:00+00:00
1788238800000,0.9938300251960754,0.9942799806594849,0.9929900169372559,0.9939799904823303,0,2026-09-01 05:00:00+00:00
1788242400000,0.9939799904823303,0.9940099716186523,0.9922900199890137,0.9934399724006653,0,2026-09-01 06:00:00+00:00
1788246000000,0.9934399724006653,0.9934499859809875,0.9914699792861938,0.9924399852752686,0,2026-09-01 07:00:00+00:00
1788249600000,0.9924299716949463,0.9927999973297119,0.9897300004959106,0.9908499717712402,0,2026-09-01 08:00:00+00:00
1788253200000,0.9908300042152405,0.9910500049591064,0.9893100261688232,0.9906100034713745,0,2026-09-01 09:00:00+00:00
1788256800000,0.9906100034713745,0.991349995136261,0.9898800253868103,0.9910100102424622,0,2026-09-01 10:00:00+00:00
1788260400000,0.9910100102424622,0.9919599890708923,0.9898999929428101,0.9916800260543823,0,2026-09-01 11:00:00+00:00
1788264000000,0.9916700124740601,0.9930999875068665,0.9906600117683411,0.9930999875068665,0,2026-09-01 12:00:00+00:00
1788267600000,0.9930800199508667,0.9936500191688538,0.9915400147438049,0.9934099912643433,0,2026-09-01 13:00:00+00:00
1788271200000,0.9935100078582764,0.9946399927139282,0.9925400018692017,0.9946200251579285,0,2026-09-01 14:00:00+00:00
1788274800000,0.9945999979972839,0.9954299926757812,0.9935299754142761,0.995199978351593,0,2026-09-01 15:00:00+00:00
1788278400000,0.9952099919319153,0.9952800273895264,0.9928299784660339,0.9941400289535522,0,2026-09-01 16:00:00+00:00
1788282000000,0.9941200017929077,0.9941700100898743,0.9926900267601013,0.9937000274658203,0,2026-09-01 17:00:00+00:00
1788285600000,0.9937000274658203,0.9937300086021423,0.9918699860572815,0.9929400086402893,0,2026-09-01 18:00:00+00:00
1788289200000,0.9929500222206116,0.9930199980735779,0.9916499853134155,0.992609977722168,0,2026-09-01 19:00:00+00:00
1788292800000,0.992609977722168,0.9929800033569336,0.9915500283241272,0.9925299882888794,0,2026-09-01 20:00:00+00:00
1788296400000,0.9921900033950806,0.9932799935340881,0.9914799928665161,0.9928799867630005,0,2026-09-01 21:00:00+00:00
1788300000000,0.9928799867630005,0.993179976940155,0.9915000200271606,0.9929800033569336,0,2026-09-01 22:00:00+00:00
1788303600000,0.9930199980735779,0.9931100010871887,0.9918599724769592,0.9928399920463562,0,2026-09-01 23:00:00+00:00
1788307200000,0.9928699731826782,0.9932699799537659,0.9914000034332275,0.9924600124359131,0,2026-09-02 00:00:00+00:00
1788310800000,0.9924600124359131,0.9939500093460083,0.9916599988937378,0.9936500191688538,0,2026-09-02 01:00:00+00:00
1788314400000,0.9936500191688538,0.9939000010490417,0.9920600056648254,0.9933599829673767,0,2026-09-02 02:00:00+00:00
1788318000000,0.9933599829673767,0.9938399791717529,0.9924100041389465,0.9935799837112427,0,2026-09-02 03:00:00+00:00
1788321600000,0.9935899972915649,0.9936299920082092,0.9919400215148926,0.9929100275039673,0,2026-09-02 04:00:00+00:00
1788325200000,0.9929100275039673,0.9938799738883972,0.991890013217926,0.9937199950218201,0,2026-09-02 05:00:00+00:00
1788328800000,0.9937400221824646,0.99440997838974,0.9927700161933899,0.9938700199127197,0,2026-09-02 06:00:00+00:00
1788332400000,0.9938700199127197,0.9952800273895264,0.9930499792098999,0.9948199987411499,0,2026-09-02 07:00:00+00:00
1788336000000,0.9948199987411499,0.9951000213623047,0.9922099709510803,0.9931899905204773,0,2026-09-02 08:00:00+00:00
1788339600000,0.9932299852371216,0.9935799837112427,0.9917200207710266,0.9927399754524231,0,2026-09-02 09:00:00+00:00
1788343200000,0.9927399754524231,0.9935700297355652,0.9916200041770935,0.9935399889945984,0,2026-09-02 10:00:00+00:00
1788346800000,0.9935299754142761,0.9950600266456604,0.9923999905586243,0.994979977607727,0,2026-09-02 11:00:00+00:00
1788350400000,0.994979977607727,0.9954599738121033,0.9934099912643433,0.9947100281715393,0,2026-09-02 12:00:00+00:00
1788354000000,0.9946900010108948,0.9962700009346008,0.9936699867248535,0.9945999979972839,0,2026-09-02 13:00:00+00:00
1788357600000,0.9945999979972839,0.9948499798774719,0.9918799996376038,0.9928600192070007,0,2026-09-02 14:00:00+00:00
1788361200000,0.9928600192070007,0.9934800267219543,0.9915900230407715,0.992900013923645,0,2026-09-02 15:00:00+00:00
1788364800000,0.992900013923645,0.9932600259780884,0.9914500117301941,0.9924600124359131,0,2026-09-02 16:00:00+00:00
1788368400000,0.9924299716949463,0.9925299882888794,0.991129994392395,0.99235999584198,0,2026-09-02 17:00:00+00:00
1788372000000,0.99235999584198,0.9924200177192688,0.9908699989318848,0.9920499920845032,0,2026-09-02 18:00:00+00:00
1788375600000,0.9920399785041809,0.9922699928283691,0.9910100102424622,0.9922099709510803,0,2026-09-02 19:00:00+00:00
1788379200000,0.9922199845314026,0.9927200078964233,0.9912700057029724,0.9920200109481812,0,2026-09-02 20:00:00+00:00
1788382800000,0.9917299747467041,0.992389976978302,0.9902399778366089,0.9922500252723694,0,2026-09-02 21:00:00+00:00
1788386400000,0.992389976978302,0.9925199747085571,0.9912700057029724,0.9919899702072144,0,2026-09-02 22:00:00+00:00
1788390000000,0.9920799732208252,0.9922000169754028,0.9908300042152405,0.9916399717330933,0,2026-09-02 23:00:00+00:00
1788393600000,0.9916300177574158,0.9916700124740601,0.9903299808502197,0.9914799928665161,0,2026-09-03 00:00:00+00:00
1788397200000,0.9914600253105164,0.9916800260543823,0.9903299808502197,0.9912999868392944,0,2026-09-03 01:00:00+00:00
1788400800000,0.9912999868392944,0.9913600087165833,0.9897000193595886,0.9904599785804749,0,2026-09-03 02:00:00+00:00
1788404400000,0.9904000163078308,0.9914900064468384,0.9895399808883667,0.9914000034332275,0,2026-09-03 03:00:00+00:00
1788408000000,0.9913899898529053,0.9916499853134155,0.9904699921607971,0.9912999868392944,0,2026-09-03 04:00:00+00:00
1788411600000,0.9912899732589722,0.9913600087165833,0.9894099831581116,0.9908300042152405,0,2026-09-03 05:00:00+00:00
1788415200000,0.9908199906349182,0.9909700155258179,0.9893800020217896,0.9906399846076965,0,2026-09-03 06:00:00+00:00
1788418800000,0.9906299710273743,0.9917299747467041,0.989870011806488,0.9912800192832947,0,2026-09-03 07:00:00+00:00
1788422400000,0.9912400245666504,0.9924200177192688,0.99031001329422,0.9913600087165833,0,2026-09-03 08:00:00+00:00
1788426000000,0.991320013999939,0.9925299882888794,0.9907900094985962,0.9918199777603149,0,2026-09-03 09:00:00+00:00
1788429600000,0.9918599724769592,0.9923999905586243,0.9904699921607971,0.9923700094223022,0,2026-09-03 10:00:00+00:00
1788433200000,0.9923700094223022,0.9928699731826782,0.9909800291061401,0.9917899966239929,0,2026-09-03 11:00:00+00:00
1788436800000,0.9917899966239929,0.9937899708747864,0.9908900260925293,0.9934899806976318,0,2026-09-03 12:00:00+00:00
1788440400000,0.9934800267219543,0.9936000108718872,0.9914100170135498,0.9924200177192688,0,2026-09-03 13:00:00+00:00
1788444000000,0.992330014705658,0.9925900101661682,0.9904699921607971,0.9915800094604492,0,2026-09-03 14:00:00+00:00
1788447600000,0.991599977016449,0.9922999739646912,0.9908599853515625,0.9919300079345703,0,2026-09-03 15:00:00+00:00
1788451200000,0.9919400215148926,0.9921200275421143,0.9907299876213074,0.9920200109481812,0,2026-09-03 16:00:00+00:00
1788454800000,0.9920200109481812,0.9931700229644775,0.991129994392395,0.9929800033569336,0,2026-09-03 17:00:00+00:00
1788458400000,0.9929699897766113,0.9935100078582764,0.9923400282859802,0.9934200048446655,0,2026-09-03 18:00:00+00:00
1788462000000,0.9934300184249878,0.9935100078582764,0.9920499920845032,0.992900013923645,0,2026-09-03 19:00:00+00:00
1788465600000,0.992900013923645,0.9931700229644775,0.9916800260543823,0.9928900003433228,0,2026-09-03 20:00:00+00:00
1788469200000,0.9925900101661682,0.9931899905204773,0.9917299747467041,0.9923800230026245,0,2026-09-03 21:00:00+00:00
1788472800000,0.9923800230026245,0.9932000041007996,0.9919099807739258,0.992929995059967,0,2026-09-03 22:00:00+00:00
1788476400000,0.9929699897766113,0.9932199716567993,0.9918599724769592,0.9928399920463562,0,2026-09-03 23:00:00+00:00
1788480000000,0.9928399920463562,0.9936500191688538,0.9918699860572815,0.9935500025749207,0,2026-09-04 00:00:00+00:00
1788483600000,0.9935500025749207,0.9947299957275391,0.9925199747085571,0.9944999814033508,0,2026-09-04 01:00:00+00:00
1788487200000,0.9944700002670288,0.9945300221443176,0.9928600192070007,0.9940699934959412,0,2026-09-04 02:00:00+00:00
1788490800000,0.9940599799156189,0.9942299723625183,0.9928500056266785,0.9941400289535522,0,2026-09-04 03:00:00+00:00
1788494400000,0.9941499829292297,0.9946399927139282,0.9932100176811218,0.9943299889564514,0,2026-09-04 04:00:00+00:00
1788498000000,0.9943199753761292,0.9944900274276733,0.9930400252342224,0.994189977645874,0,2026-09-04 05:00:00+00:00
1788501600000,0.9941999912261963,0.9944499731063843,0.9926499724388123,0.9935799837112427,0,2026-09-04 06:00:00+00:00
1788505200000,0.9935600161552429,0.9940900206565857,0.9925100207328796,0.9939200282096863,0,2026-09-04 07:00:00+00:00
1788508800000,0.993939995765686,0.9942100048065186,0.9927200078964233,0.9937099814414978,0,2026-09-04 08:00:00+00:00
1788512400000,0.9937099814414978,0.9940000176429749,0.99235999584198,0.9938200116157532,0,2026-09-04 09:00:00+00:00
1788516000000,0.9938200116157532,0.9942700266838074,0.9928100109100342,0.9940800070762634,0,2026-09-04 10:00:00+00:00
1788519600000,0.9940900206565857,0.9946799874305725,0.9930599927902222,0.9941999912261963,0,2026-09-04 11:00:00+00:00
1788523200000,0.9941999912261963,0.9977399706840515,0.9895899891853333,0.9974499940872192,0,2026-09-04 12:00:00+00:00
1788526800000,0.9974799752235413,0.9983400106430054,0.9956499934196472,0.9974300265312195,0,2026-09-04 13:00:00+00:00
1788530400000,0.9973999857902527,0.9981399774551392,0.9959999918937683,0.9970600008964539,0,2026-09-04 14:00:00+00:00
1788534000000,0.9970600008964539,0.9978399872779846,0.9961199760437012,0.9972500205039978,0,2026-09-04 15:00:00+00:00
1788537600000,0.9972400069236755,0.9979400038719177,0.9964399933815002,0.9976400136947632,0,2026-09-04 16:00:00+00:00
1788541200000,0.9976199865341187,0.9976900219917297,0.9958199858665466,0.9968400001525879,0,2026-09-04 17:00:00+00:00
1788544800000,0.9968400001525879,0.996999979019165,0.9955499768257141,0.9969099760055542,0,2026-09-04 18:00:00+00:00
1788548400000,0.9969000220298767,0.9969900250434875,0.9956700205802917,0.9968100190162659,0,2026-09-04 19:00:00+00:00
1788552000000,0.9968100190162659,0.9970899820327759,0.9955000281333923,0.9961100220680237,0,2026-09-04 20:00:00+00:00
1788555600000,0.9957900047302246,0.9957900047302246,0.9957900047302246,0.9957900047302246,0,2026-09-04 21:00:00+00:00
1788735600000,0.9967700242996216,0.9970600008964539,0.9958400130271912,0.9969199895858765,0,2026-09-06 23:00:00+00:00
1788739200000,0.9969300031661987,0.9973400235176086,0.9957299828529358,0.9968299865722656,0,2026-09-07 00:00:00+00:00
1788742800000,0.9968299865722656,0.9969599843025208,0.9955199956893921,0.9965599775314331,0,2026-09-07 01:00:00+00:00
1788746400000,0.9965599775314331,0.9965800046920776,0.9952899813652039,0.9963399767875671,0,2026-09-07 02:00:00+00:00
1788750000000,0.9963399767875671,0.9968500137329102,0.9953200221061707,0.9967799782752991,0,2026-09-07 03:00:00+00:00
1788753600000,0.9967700242996216,0.9968500137329102,0.9955300092697144,0.9967799782752991,0,2026-09-07 04:00:00+00:00
1788757200000,0.9967799782752991,0.9972800016403198,0.9957299828529358,0.9970800280570984,0,2026-09-07 05:00:00+00:00
1788760800000,0.9970800280570984,0.99822998046875,0.9960600137710571,0.998009979724884,0,2026-09-07 06:00:00+00:00
1788764400000,0.998009979724884,0.9990699887275696,0.9970899820327759,0.9987999796867371,0,2026-09-07 07:00:00+00:00
1788768000000,0.9987900257110596,0.9989699721336365,0.9968699812889099,0.9979400038719177,0,2026-09-07 08:00:00+00:00
1788771600000,0.9979400038719177,0.9981799721717834,0.9967799782752991,0.9976599812507629,0,2026-09-07 09:00:00+00:00
1788775200000,0.9976599812507629,0.9977899789810181,0.9964600205421448,0.9973800182342529,0,2026-09-07 10:00:00+00:00
1788778800000,0.9973700046539307,0.9974200129508972,0.995930016040802,0.9969300031661987,0,2026-09-07 11:00:00+00:00
1788782400000,0.9969900250434875,0.9972800016403198,0.9955000281333923,0.9965999722480774,0,2026-09-07 12:00:00+00:00
1788786000000,0.9966099858283997,0.9974700212478638,0.9955999851226807,0.9971100091934204,0,2026-09-07 13:00:00+00:00
1788789600000,0.9971500039100647,0.9973499774932861,0.9958099722862244,0.996720016002655,0,2026-09-07 14:00:00+00:00
1788793200000,0.996720016002655,0.9970999956130981,0.9956899881362915,0.9968000054359436,0,2026-09-07 15:00:00+00:00
1788796800000,0.9967899918556213,0.9970999956130981,0.9958699941635132,0.9970300197601318,0,2026-09-07 16:00:00+00:00
1788800400000,0.9970399737358093,0.9970899820327759,0.9960500001907349,0.9969599843025208,0,2026-09-07 17:00:00+00:00
1788804000000,0.9969599843025208,0.9971200227737427,0.9958699941635132,0.9971100091934204,0,2026-09-07 18:00:00+00:00
1788807600000,0.9971100091934204,0.9972000122070312,0.9960799813270569,0.9970800280570984,0,2026-09-07 19:00:00+00:00
1788811200000,0.9970999956130981,0.9971799850463867,0.9959400296211243,0.9969000220298767,0,2026-09-07 20:00:00+00:00
1788814800000,0.996429979801178,0.9973700046539307,0.9954400062561035,0.9966599941253662,0,2026-09-07 21:00:00+00:00
1788818400000,0.9966899752616882,0.9972500205039978,0.9959099888801575,0.996940016746521,0,2026-09-07 22:00:00+00:00
1788822000000,0.9969300031661987,0.9971799850463867,0.9958099722862244,0.9968000054359436,0,2026-09-07 23:00:00+00:00
1788825600000,0.9968199729919434,0.9969599843025208,0.9952899813652039,0.9964500069618225,0,2026-09-08 00:00:00+00:00
1788829200000,0.9965100288391113,0.9965400099754333,0.9947599768638611,0.9958000183105469,0,2026-09-08 01:00:00+00:00
1788832800000,0.9958000183105469,0.995930016040802,0.9942200183868408,0.9954400062561035,0,2026-09-08 02:00:00+00:00
1788836400000,0.9954599738121033,0.9961000084877014,0.99413001537323,0.9959499835968018,0,2026-09-08 03:00:00+00:00
1788840000000,0.9959499835968018,0.9962999820709229,0.9946900010108948,0.9960500001907349,0,2026-09-08 04:00:00+00:00
1788843600000,0.9960100054740906,0.9961199760437012,0.9942799806594849,0.9953600168228149,0,2026-09-08 05:00:00+00:00
1788847200000,0.995389997959137,0.9954699873924255,0.9933599829673767,0.9948199987411499,0,2026-09-08 06:00:00+00:00
1788850800000,0.9948199987411499,0.9952800273895264,0.9936400055885315,0.9949100017547607,0,2026-09-08 07:00:00+00:00
1788854400000,0.9949300289154053,0.9951599836349487,0.9934800267219543,0.9949700236320496,0,2026-09-08 08:00:00+00:00
1788858000000,0.9950100183486938,0.9954800009727478,0.9936299920082092,0.9953799843788147,0,2026-09-08 09:00:00+00:00
1788861600000,0.9954000115394592,0.99617999792099,0.9944499731063843,0.9960500001907349,0,2026-09-08 10:00:00+00:00
1788865200000,0.9960500001907349,0.9961699843406677,0.9944900274276733,0.9956700205802917,0,2026-09-08 11:00:00+00:00
1788868800000,0.9956700205802917,0.9966199994087219,0.9946200251579285,0.9960200190544128,0,2026-09-08 12:00:00+00:00
1788872400000,0.9960299730300903,0.996209979057312,0.9945899844169617,0.995930016040802,0,2026-09-08 13:00:00+00:00
1788876000000,0.9959200024604797,0.9960299730300903,0.9937199950218201,0.995199978351593,0,2026-09-08 14:00:00+00:00
1788879600000,0.9952300190925598,0.9952600002288818,0.9934399724006653,0.9945099949836731,0,2026-09-08 15:00:00+00:00
1788883200000,0.9945200085639954,0.9953500032424927,0.9936000108718872,0.9951900243759155,0,2026-09-08 16:00:00+00:00
1788886800000,0.9951800107955933,0.9955899715423584,0.9943000078201294,0.9954000115394592,0,2026-09-08 17:00:00+00:00
1788890400000,0.995389997959137,0.9956099987030029,0.994159996509552,0.9952499866485596,0,2026-09-08 18:00:00+00:00
1788894000000,0.9952499866485596,0.9952899813652039,0.9936000108718872,0.994629979133606,0,2026-09-08 19:00:00+00:00
1788897600000,0.994629979133606,0.9949899911880493,0.9934399724006653,0.9944999814033508,0,2026-09-08 20:00:00+00:00
1788901200000,0.9944000244140625,0.9952300190925598,0.9937400221824646,0.9949700236320496,0,2026-09-08 21:00:00+00:00
1788904800000,0.9947100281715393,0.9951599836349487,0.9937999844551086,0.9948800206184387,0,2026-09-08 22:00:00+00:00
1788908400000,0.9949300289154053,0.9950600266456604,0.9937099814414978,0.9946900010108948,0,2026-09-08 23:00:00+00:00
1788912000000,0.9946600198745728,0.9955400228500366,0.9939200282096863,0.9952999949455261,0,2026-09-09 00:00:00+00:00
1788915600000,0.9952999949455261,0.9955199956893921,0.9938899874687195,0.9951099753379822,0,2026-09-09 01:00:00+00:00
1788919200000,0.9951000213623047,0.9954100251197815,0.9940299987792969,0.9951599836349487,0,2026-09-09 02:00:00+00:00
1788922800000,0.9950900077819824,0.9953200221061707,0.993910014629364,0.994979977607727,0,2026-09-09 03:00:00+00:00
1788926400000,0.994979977607727,0.9957699775695801,0.993910014629364,0.995710015296936,0,2026-09-09 04:00:00+00:00
1788930000000,0.9957000017166138,0.995959997177124,0.9945999979972839,0.9958199858665466,0,2026-09-09 05:00:00+00:00
1788933600000,0.9958199858665466,0.9964399933815002,0.9948400259017944,0.9957799911499023,0,2026-09-09 06:00:00+00:00
1788937200000,0.9957600235939026,0.9966099858283997,0.994920015335083,0.9960600137710571,0,2026-09-09 07:00:00+00:00
1788940800000,0.9960399866104126,0.9960899949073792,0.9940500259399414,0.9952999949455261,0,2026-09-09 08:00:00+00:00
1788944400000,0.9952999949455261,0.9953399896621704,0.9935500025749207,0.9944300055503845,0,2026-09-09 09:00:00+00:00
1788948000000,0.9944300055503845,0.9946100115776062,0.9930700063705444,0.9942600131034851,0,2026-09-09 10:00:00+00:00
1788951600000,0.9942200183868408,0.9947800040245056,0.9931399822235107,0.9944199919700623,0,2026-09-09 11:00:00+00:00
1788955200000,0.9943900108337402,0.9952800273895264,0.9935299754142761,0.9951599836349487,0,2026-09-09 12:00:00+00:00
1788958800000,0.995169997215271,0.9970700144767761,0.9943900108337402,0.9964699745178223,0,2026-09-09 13:00:00+00:00
1788962400000,0.9964799880981445,0.9974700212478638,0.9955499768257141,0.9974300265312195,0,2026-09-09 14:00:00+00:00
1788966000000,0.9974300265312195,0.9975799918174744,0.9952800273895264,0.996429979801178,0,2026-09-09 15:00:00+00:00
1788969600000,0.996429979801178,0.9968500137329102,0.9952399730682373,0.9967799782752991,0,2026-09-09 16:00:00+00:00
1788973200000,0.996749997138977,0.9970300197601318,0.9956600069999695,0.996749997138977,0,2026-09-09 17:00:00+00:00
1788976800000,0.996749997138977,0.9969800114631653,0.9953699707984924,0.9963099956512451,0,2026-09-09 18:00:00+00:00
1788980400000,0.9963099956512451,0.9965999722480774,0.9952499866485596,0.9965100288391113,0,2026-09-09 19:00:00+00:00
1788984000000,0.9964799880981445,0.9965199828147888,0.9952499866485596,0.995989978313446,0,2026-09-09 20:00:00+00:00
1788987600000,0.9955300092697144,0.9972800016403198,0.9944199919700623,0.994920015335083,0,2026-09-09 21:00:00+00:00
1788991200000,0.9952600002288818,0.9963300228118896,0.9950799942016602,0.9959999918937683,0,2026-09-09 22:00:00+00:00
1788994800000,0.995930016040802,0.9968500137329102,0.9950900077819824,0.9967899918556213,0,2026-09-09 23:00:00+00:00
1788998400000,0.9967799782752991,0.9970300197601318,0.9952399730682373,0.9959700107574463,0,2026-09-10 00:00:00+00:00
1789002000000,0.9959999918937683,0.9963399767875671,0.9946500062942505,0.9963200092315674,0,2026-09-10 01:00:00+00:00
1789005600000,0.9963200092315674,0.9968900084495544,0.995419979095459,0.9968400001525879,0,2026-09-10 02:00:00+00:00
1789009200000,0.9968400001525879,0.9970800280570984,0.9954500198364258,0.9965800046920776,0,2026-09-10 03:00:00+00:00
1789012800000,0.9965599775314331,0.9969099760055542,0.9957200288772583,0.9966700077056885,0,2026-09-10 04:00:00+00:00
1789016400000,0.9966300129890442,0.9967899918556213,0.9954800009727478,0.9964799880981445,0,2026-09-10 05:00:00+00:00
1789020000000,0.9964799880981445,0.9965000152587891,0.995140016078949,0.9960899949073792,0,2026-09-10 06:00:00+00:00
1789023600000,0.9960600137710571,0.9962999820709229,0.9949899911880493,0.9961299896240234,0,2026-09-10 07:00:00+00:00
1789027200000,0.9961199760437012,0.996209979057312,0.9945700168609619,0.9954599738121033,0,2026-09-10 08:00:00+00:00
1789030800000,0.9954800009727478,0.9958099722862244,0.99440997838974,0.9956899881362915,0,2026-09-10 09:00:00+00:00
1789034400000,0.9956899881362915,0.995710015296936,0.9938600063323975,0.9946399927139282,0,2026-09-10 10:00:00+00:00
1789038000000,0.9946399927139282,0.9946699738502502,0.992680013179779,0.9934300184249878,0,2026-09-10 11:00:00+00:00
1789041600000,0.9934300184249878,0.993619978427887,0.989080011844635,0.9904599785804749,0,2026-09-10 12:00:00+00:00
1789045200000,0.9904599785804749,0.9911199808120728,0.9886199831962585,0.9899500012397766,0,2026-09-10 13:00:00+00:00
1789048800000,0.9899500012397766,0.9916200041770935,0.9890000224113464,0.9904400110244751,0,2026-09-10 14:00:00+00:00
1789052400000,0.9904199838638306,0.9908699989318848,0.9889500141143799,0.9897900223731995,0,2026-09-10 15:00:00+00:00
1789056000000,0.9897900223731995,0.990119993686676,0.9884600043296814,0.990090012550354,0,2026-09-10 16:00:00+00:00
1789059600000,0.9900799989700317,0.9905400276184082,0.9890099763870239,0.9902200102806091,0,2026-09-10 17:00:00+00:00
1789063200000,0.9901999831199646,0.9903299808502197,0.9889199733734131,0.9900299906730652,0,2026-09-10 18:00:00+00:00
1789066800000,0.9900400042533875,0.9902300238609314,0.9887300133705139,0.9901999831199646,0,2026-09-10 19:00:00+00:00
1789070400000,0.9901999831199646,0.9903299808502197,0.9890599846839905,0.9897199869155884,0,2026-09-10 20:00:00+00:00
1789074000000,0.9897500276565552,0.9907299876213074,0.9886999726295471,0.9891700148582458,0,2026-09-10 21:00:00+00:00
1789077600000,0.9892699718475342,0.990559995174408,0.9889400005340576,0.9904099702835083,0,2026-09-10 22:00:00+00:00
1789081200000,0.9904900193214417,0.9908400177955627,0.989139974117279,0.990090012550354,0,2026-09-10 23:00:00+00:00
1789084800000,0.990090012550354,0.9913600087165833,0.9892500042915344,0.9912400245666504,0,2026-09-11 00:00:00+00:00
1789088400000,0.9912400245666504,0.9914199709892273,0.9894599914550781,0.9907299876213074,0,2026-09-11 01:00:00+00:00
1789092000000,0.9907100200653076,0.9907400012016296,0.9893400073051453,0.9902899861335754,0,2026-09-11 02:00:00+00:00
1789095600000,0.9902799725532532,0.9904000163078308,0.9890199899673462,0.9902799725532532,0,2026-09-11 03:00:00+00:00
1789099200000,0.9902799725532532,0.9912300109863281,0.9894400238990784,0.9909999966621399,0,2026-09-11 04:00:00+00:00
1789102800000,0.9909800291061401,0.992330014705658,0.9900500178337097,0.9920300245285034,0,2026-09-11 05:00:00+00:00
1789106400000,0.9920499920845032,0.9929199814796448,0.9911699891090393,0.9925000071525574,0,2026-09-11 06:00:00+00:00
1789110000000,0.9925100207328796,0.9929199814796448,0.9909899830818176,0.9922400116920471,0,2026-09-11 07:00:00+00:00
1789113600000,0.9922599792480469,0.9926599860191345,0.9907199740409851,0.992389976978302,0,2026-09-11 08:00:00+00:00
1789117200000,0.9923800230026245,0.992929995059967,0.991320013999939,0.9927700161933899,0,2026-09-11 09:00:00+00:00
1789120800000,0.9927700161933899,0.9936800003051758,0.991919994354248,0.9935500025749207,0,2026-09-11 10:00:00+00:00
1789124400000,0.9935500025749207,0.9944900274276733,0.9926599860191345,0.9940999746322632,0,2026-09-11 11:00:00+00:00
1789128000000,0.9941099882125854,0.9962000250816345,0.9908699989318848,0.9959999918937683,0,2026-09-11 12:00:00+00:00
1789131600000,0.9960100054740906,0.9963399767875671,0.9937599897384644,0.995639979839325,0,2026-09-11 13:00:00+00:00
1789135200000,0.9956600069999695,0.9957600235939026,0.9939600229263306,0.9950600266456604,0,2026-09-11 14:00:00+00:00
1789138800000,0.9950600266456604,0.9953699707984924,0.9936299920082092,0.9945399761199951,0,2026-09-11 15:00:00+00:00
1789142400000,0.9945399761199951,0.9951300024986267,0.9936599731445312,0.9947199821472168,0,2026-09-11 16:00:00+00:00
1789146000000,0.9947100281715393,0.9947999715805054,0.9934599995613098,0.9946500062942505,0,2026-09-11 17:00:00+00:00
1789149600000,0.9946799874305725,0.9947500228881836,0.9931899905204773,0.9944199919700623,0,2026-09-11 18:00:00+00:00
1789153200000,0.9944300055503845,0.9948099851608276,0.9934599995613098,0.994379997253418,0,2026-09-11 19:00:00+00:00
1789156800000,0.9943699836730957,0.9947500228881836,0.9930199980735779,0.9942200183868408,0,2026-09-11 20:00:00+00:00
1789160400000,0.9935899972915649,0.9935899972915649,0.9935899972915649,0.9935899972915649,0,2026-09-11 21:00:00+00:00
1789340400000,0.9930400252342224,0.9933300018310547,0.9907900094985962,0.9916899800300598,0,2026-09-13 23:00:00+00:00
1789344000000,0.9916899800300598,0.9917299747467041,0.9898499846458435,0.991100013256073,0,2026-09-14 00:00:00+00:00
1789347600000,0.9910899996757507,0.9916099905967712,0.9895899891853333,0.9915300011634827,0,2026-09-14 01:00:00+00:00
1789351200000,0.9915099740028381,0.9925500154495239,0.9905200004577637,0.9920099973678589,0,2026-09-14 02:00:00+00:00
1789354800000,0.9920200109481812,0.9922500252723694,0.9905800223350525,0.9915599822998047,0,2026-09-14 03:00:00+00:00
1789358400000,0.9915599822998047,0.9921799898147583,0.9906700253486633,0.9920200109481812,0,2026-09-14 04:00:00+00:00
1789362000000,0.9920300245285034,0.9921000003814697,0.990339994430542,0.9916099905967712,0,2026-09-14 05:00:00+00:00
1789365600000,0.991599977016449,0.9916599988937378,0.9894499778747559,0.9905300140380859,0,2026-09-14 06:00:00+00:00
1789369200000,0.9905099868774414,0.9911100268363953,0.9895300269126892,0.9905099868774414,0,2026-09-14 07:00:00+00:00
1789372800000,0.9904999732971191,0.9907400012016296,0.9892200231552124,0.9907100200653076,0,2026-09-14 08:00:00+00:00
1789376400000,0.9906700253486633,0.9908400177955627,0.9890400171279907,0.990090012550354,0,2026-09-14 09:00:00+00:00
1789380000000,0.990090012550354,0.9908999800682068,0.9892200231552124,0.9905099868774414,0,2026-09-14 10:00:00+00:00
1789383600000,0.9905099868774414,0.9906499981880188,0.9890499711036682,0.9899600148200989,0,2026-09-14 11:00:00+00:00
1789387200000,0.9899700284004211,0.9914699792861938,0.9886699914932251,0.9898999929428101,0,2026-09-14 12:00:00+00:00
1789390800000,0.9898800253868103,0.9906600117683411,0.9886699914932251,0.9903600215911865,0,2026-09-14 13:00:00+00:00
1789394400000,0.990369975566864,0.9920399785041809,0.9892899990081787,0.9920099973678589,0,2026-09-14 14:00:00+00:00
1789398000000,0.9919700026512146,0.9937300086021423,0.990809977054596,0.9932299852371216,0,2026-09-14 15:00:00+00:00
1789401600000,0.9932299852371216,0.9937700033187866,0.9920099973678589,0.9935299754142761,0,2026-09-14 16:00:00+00:00
1789405200000,0.9935100078582764,0.9935600161552429,0.9919599890708923,0.9928799867630005,0,2026-09-14 17:00:00+00:00
1789408800000,0.9928799867630005,0.9933900237083435,0.9918000102043152,0.9932199716567993,0,2026-09-14 18:00:00+00:00
1789412400000,0.9932199716567993,0.9932699799537659,0.9914199709892273,0.9925699830055237,0,2026-09-14 19:00:00+00:00
1789416000000,0.9925400018692017,0.9926300048828125,0.9914000034332275,0.9923800230026245,0,2026-09-14 20:00:00+00:00
1789419600000,0.9923800230026245,0.9923800230026245,0.9904000163078308,0.9919499754905701,0,2026-09-14 21:00:00+00:00
1789423200000,0.9919999837875366,0.9925299882888794,0.9913700222969055,0.9922599792480469,0,2026-09-14 22:00:00+00:00
1789426800000,0.9913600087165833,0.9923099875450134,0.9910299777984619,0.9920899868011475,0,2026-09-14 23:00:00+00:00
1789430400000,0.9920700192451477,0.9921200275421143,0.9904900193214417,0.9916599988937378,0,2026-09-15 00:00:00+00:00
1789434000000,0.9916399717330933,0.9921299815177917,0.9904199838638306,0.9918799996376038,0,2026-09-15 01:00:00+00:00
1789437600000,0.9918699860572815,0.9921000003814697,0.9904099702835083,0.9919300079345703,0,2026-09-15 02:00:00+00:00
1789441200000,0.9919000267982483,0.9920799732208252,0.9902700185775757,0.9909999966621399,0,2026-09-15 03:00:00+00:00
1789444800000,0.9910200238227844,0.9910500049591064,0.9894899725914001,0.9906899929046631,0,2026-09-15 04:00:00+00:00
1789448400000,0.9906799793243408,0.9909800291061401,0.9892899990081787,0.9905800223350525,0,2026-09-15 05:00:00+00:00
1789452000000,0.9905400276184082,0.9907100200653076,0.9887499809265137,0.9897099733352661,0,2026-09-15 06:00:00+00:00
1789455600000,0.9897000193595886,0.9906799793243408,0.9884499907493591,0.9906299710273743,0,2026-09-15 07:00:00+00:00
1789459200000,0.9906399846076965,0.9910200238227844,0.9885900020599365,0.9908499717712402,0,2026-09-15 08:00:00+00:00
1789462800000,0.990809977054596,0.991379976272583,0.9894800186157227,0.9912099838256836,0,2026-09-15 09:00:00+00:00
1789466400000,0.9912099838256836,0.9918400049209595,0.9898499846458435,0.9917299747467041,0,2026-09-15 10:00:00+00:00
1789470000000,0.9917600154876709,0.9925299882888794,0.9910100102424622,0.9924399852752686,0,2026-09-15 11:00:00+00:00
1789473600000,0.9915300011634827,0.9931899905204773,0.9907699823379517,0.9924899935722351,0,2026-09-15 12:00:00+00:00
1789477200000,0.9925100207328796,0.992929995059967,0.9907699823379517,0.9920799732208252,0,2026-09-15 13:00:00+00:00
1789480800000,0.9920799732208252,0.9922900199890137,0.9905999898910522,0.9917899966239929,0,2026-09-15 14:00:00+00:00
1789484400000,0.9917700290679932,0.9925500154495239,0.9908599853515625,0.9918799996376038,0,2026-09-15 15:00:00+00:00
1789488000000,0.9919000267982483,0.992169976234436,0.9907500147819519,0.9921500086784363,0,2026-09-15 16:00:00+00:00
1789491600000,0.992139995098114,0.9922800064086914,0.9907900094985962,0.9917700290679932,0,2026-09-15 17:00:00+00:00
1789495200000,0.9917700290679932,0.9925900101661682,0.9908900260925293,0.9924100041389465,0,2026-09-15 18:00:00+00:00
1789498800000,0.9923800230026245,0.9926300048828125,0.9914000034332275,0.992389976978302,0,2026-09-15 19:00:00+00:00
1789502400000,0.9914799928665161,0.9927700161933899,0.9914000034332275,0.9920499920845032,0,2026-09-15 20:00:00+00:00
1789506000000,0.9925699830055237,0.9951099753379822,0.990369975566864,0.9918699860572815,0,2026-09-15 21:00:00+00:00
1789509600000,0.9918699860572815,0.9926599860191345,0.9914199709892273,0.9923700094223022,0,2026-09-15 22:00:00+00:00
1789513200000,0.9922900199890137,0.992389976978302,0.9910899996757507,0.992139995098114,0,2026-09-15 23:00:00+00:00
1789516800000,0.9921200275421143,0.9927600026130676,0.9910200238227844,0.9926900267601013,0,2026-09-16 00:00:00+00:00
1789520400000,0.992680013179779,0.993120014667511,0.9911900162696838,0.992110013961792,0,2026-09-16 01:00:00+00:00
1789524000000,0.992110013961792,0.9929800033569336,0.9912499785423279,0.9928100109100342,0,2026-09-16 02:00:00+00:00
1789527600000,0.9927999973297119,0.9929800033569336,0.9914799928665161,0.9925500154495239,0,2026-09-16 03:00:00+00:00
1789531200000,0.9925699830055237,0.9929900169372559,0.9916700124740601,0.9929500222206116,0,2026-09-16 04:00:00+00:00
1789534800000,0.9929500222206116,0.9932500123977661,0.991919994354248,0.992900013923645,0,2026-09-16 05:00:00+00:00
1789538400000,0.9928799867630005,0.9936000108718872,0.9916800260543823,0.9935299754142761,0,2026-09-16 06:00:00+00:00
1789542000000,0.9935299754142761,0.9942899942398071,0.9926499724388123,0.9935600161552429,0,2026-09-16 07:00:00+00:00
1789545600000,0.9935600161552429,0.9935899972915649,0.9917799830436707,0.9930700063705444,0,2026-09-16 08:00:00+00:00
1789549200000,0.9921500086784363,0.9932000041007996,0.9917299747467041,0.9929999709129333,0,2026-09-16 09:00:00+00:00
1789552800000,0.9929999709129333,0.9935600161552429,0.9919499754905701,0.9931700229644775,0,2026-09-16 10:00:00+00:00
1789556400000,0.9932299852371216,0.9943000078201294,0.992110013961792,0.9940699934959412,0,2026-09-16 11:00:00+00:00
1789560000000,0.9940599799156189,0.9942899942398071,0.992680013179779,0.9937300086021423,0,2026-09-16 12:00:00+00:00
1789563600000,0.9937199950218201,0.9941200017929077,0.9921600222587585,0.9933099746704102,0,2026-09-16 13:00:00+00:00
1789567200000,0.9933199882507324,0.9942899942398071,0.992110013961792,0.9936800003051758,0,2026-09-16 14:00:00+00:00
1789570800000,0.9936400055885315,0.9942499995231628,0.9926000237464905,0.9937099814414978,0,2026-09-16 15:00:00+00:00
1789574400000,0.9937099814414978,0.9942799806594849,0.9925900101661682,0.9939200282096863,0,2026-09-16 16:00:00+00:00
1789578000000,0.9938899874687195,0.9943400025367737,0.9927999973297119,0.9940099716186523,0,2026-09-16 17:00:00+00:00
1789581600000,0.9939900040626526,0.9946100115776062,0.9908699989318848,0.9919300079345703,0,2026-09-16 18:00:00+00:00
1789585200000,0.9919499754905701,0.992609977722168,0.9892399907112122,0.9918100237846375,0,2026-09-16 19:00:00+00:00
1789588800000,0.9918000102043152,0.9918799996376038,0.9901000261306763,0.9909600019454956,0,2026-09-16 20:00:00+00:00
1789592400000,0.9912499785423279,0.9939200282096863,0.9901099801063538,0.9910100102424622,0,2026-09-16 21:00:00+00:00
1789596000000,0.9910100102424622,0.9914900064468384,0.9900000095367432,0.9911500215530396,0,2026-09-16 22:00:00+00:00
1789599600000,0.9911100268363953,0.9919599890708923,0.9904000163078308,0.9913600087165833,0,2026-09-16 23:00:00+00:00
1789603200000,0.9913100004196167,0.9924700260162354,0.9904999732971191,0.9908199906349182,0,2026-09-17 00:00:00+00:00
1789606800000,0.9916399717330933,0.9929199814796448,0.9908699989318848,0.9924799799919128,0,2026-09-17 01:00:00+00:00
1789610400000,0.9924899935722351,0.9935100078582764,0.9917799830436707,0.9932299852371216,0,2026-09-17 02:00:00+00:00
1789614000000,0.9932199716567993,0.9940000176429749,0.9922400116920471,0.9939000010490417,0,2026-09-17 03:00:00+00:00
1789617600000,0.9938799738883972,0.9944199919700623,0.993120014667511,0.9934099912643433,0,2026-09-17 04:00:00+00:00
1789621200000,0.9942499995231628,0.9948300123214722,0.9934399724006653,0.9941499829292297,0,2026-09-17 05:00:00+00:00
1789624800000,0.9941499829292297,0.995959997177124,0.993369996547699,0.9949100017547607,0,2026-09-17 06:00:00+00:00
1789628400000,0.9949399828910828,0.9952999949455261,0.9937999844551086,0.9951900243759155,0,2026-09-17 07:00:00+00:00
1789632000000,0.995199978351593,0.9952099919319153,0.993619978427887,0.9940699934959412,0,2026-09-17 08:00:00+00:00
1789635600000,0.9948499798774719,0.9952499866485596,0.9939699769020081,0.9948400259017944,0,2026-09-17 09:00:00+00:00
1789639200000,0.9947900176048279,0.9950699806213379,0.9935899972915649,0.9947500228881836,0,2026-09-17 10:00:00+00:00
1789642800000,0.9947599768638611,0.9953799843788147,0.9936100244522095,0.9952300190925598,0,2026-09-17 11:00:00+00:00
1789646400000,0.9952300190925598,0.996209979057312,0.9943699836730957,0.9954400062561035,0,2026-09-17 12:00:00+00:00
1789650000000,0.9954299926757812,0.9957600235939026,0.9937099814414978,0.9945700168609619,0,2026-09-17 13:00:00+00:00
1789653600000,0.9941800236701965,0.9951800107955933,0.993690013885498,0.9945200085639954,0,2026-09-17 14:00:00+00:00
1789657200000,0.9945099949836731,0.9951900243759155,0.993619978427887,0.9950900077819824,0,2026-09-17 15:00:00+00:00
1789660800000,0.9951000213623047,0.9952800273895264,0.9935700297355652,0.9945799708366394,0,2026-09-17 16:00:00+00:00
1789664400000,0.9945799708366394,0.9949100017547607,0.9937099814414978,0.994700014591217,0,2026-09-17 17:00:00+00:00
1789668000000,0.9947100281715393,0.9947699904441833,0.9935799837112427,0.9945999979972839,0,2026-09-17 18:00:00+00:00
1789671600000,0.9945899844169617,0.9947800040245056,0.993619978427887,0.9944400191307068,0,2026-09-17 19:00:00+00:00
1789675200000,0.9944499731063843,0.9947100281715393,0.9934800267219543,0.9944199919700623,0,2026-09-17 20:00:00+00:00
1789678800000,0.994379997253418,0.9953699707984924,0.9935799837112427,0.994379997253418,0,2026-09-17 21:00:00+00:00
1789682400000,0.9937700033187866,0.9947800040245056,0.9934999942779541,0.9945099949836731,0,2026-09-17 22:00:00+00:00
1789686000000,0.9944400191307068,0.9955400228500366,0.993369996547699,0.9953399896621704,0,2026-09-17 23:00:00+00:00
1789689600000,0.9953399896621704,0.9957299828529358,0.9941700100898743,0.9955999851226807,0,2026-09-18 00:00:00+00:00
1789693200000,0.9955700039863586,0.995639979839325,0.9939299821853638,0.9954500198364258,0,2026-09-18 01:00:00+00:00
1789696800000,0.9954500198364258,0.9958099722862244,0.9944000244140625,0.9955400228500366,0,2026-09-18 02:00:00+00:00
1789700400000,0.9955400228500366,0.9973899722099304,0.9946500062942505,0.9972299933433533,0,2026-09-18 03:00:00+00:00
1789704000000,0.9972100257873535,0.9973800182342529,0.9956300258636475,0.9967399835586548,0,2026-09-18 04:00:00+00:00
1789707600000,0.996720016002655,0.9967899918556213,0.9954599738121033,0.9966099858283997,0,2026-09-18 05:00:00+00:00
1789711200000,0.9966099858283997,0.9976999759674072,0.9958800077438354,0.9975699782371521,0,2026-09-18 06:00:00+00:00
1789714800000,0.9975699782371521,0.9976699948310852,0.996209979057312,0.9971799850463867,0,2026-09-18 07:00:00+00:00
1789718400000,0.9972000122070312,0.9979199767112732,0.996209979057312,0.9976199865341187,0,2026-09-18 08:00:00+00:00
1789722000000,0.9976199865341187,0.9978700280189514,0.9963300228118896,0.997219979763031,0,2026-09-18 09:00:00+00:00
1789725600000,0.9972400069236755,0.9980300068855286,0.9963700175285339,0.9979699850082397,0,2026-09-18 10:00:00+00:00
1789729200000,0.9980000257492065,0.9983100295066833,0.9967300295829773,0.9978399872779846,0,2026-09-18 11:00:00+00:00
1789732800000,0.9978200197219849,0.9981200098991394,0.9952600002288818,0.9965299963951111,0,2026-09-18 12:00:00+00:00
1789736400000,0.9965599775314331,0.9967300295829773,0.9948300123214722,0.9959099888801575,0,2026-09-18 13:00:00+00:00
1789740000000,0.9950100183486938,0.9965199828147888,0.9947400093078613,0.9956200122833252,0,2026-09-18 14:00:00+00:00
1789743600000,0.9956300258636475,0.9960100054740906,0.9947800040245056,0.995989978313446,0,2026-09-18 15:00:00+00:00
1789747200000,0.995959997177124,0.997189998626709,0.9949399828910828,0.9970099925994873,0,2026-09-18 16:00:00+00:00
1789750800000,0.996999979019165,0.9973000288009644,0.995989978313446,0.9969000220298767,0,2026-09-18 17:00:00+00:00
1789754400000,0.9969000220298767,0.9973000288009644,0.9960100054740906,0.9970099925994873,0,2026-09-18 18:00:00+00:00
1789758000000,0.996999979019165,0.9970200061798096,0.9957900047302246,0.9969499707221985,0,2026-09-18 19:00:00+00:00
1789761600000,0.996969997882843,0.9970099925994873,0.9949100017547607,0.9953299760818481,0,2026-09-18 20:00:00+00:00
1789765200000,0.9949100017547607,0.9949100017547607,0.9949100017547607,0.9949100017547607,0,2026-09-18 21:00:00+00:00
