time,open,high,low,close,volume,datetime
1759737600000,3868.050048828125,3868.699951171875,3867.39990234375,3868.02001953125,0,2025-10-06 08:00:00+00:00
1759752000000,3868.02001953125,3868.02001953125,3839.31005859375,3843.219970703125,0,2025-10-06 12:00:00+00:00
1759766400000,3843.56005859375,3868.10009765625,3842.489990234375,3854.969970703125,0,2025-10-06 16:00:00+00:00
1759780800000,3857.27001953125,3861.469970703125,3856.969970703125,3861.469970703125,0,2025-10-06 20:00:00+00:00
1759795200000,3861.469970703125,3861.469970703125,3861.469970703125,3861.469970703125,0,2025-10-07 00:00:00+00:00
1759809600000,3867.39990234375,3867.39990234375,3867.39990234375,3867.39990234375,0,2025-10-07 04:00:00+00:00
1759824000000,3867.39990234375,3867.39990234375,3855.469970703125,3855.469970703125,0,2025-10-07 08:00:00+00:00
1759838400000,3854.89990234375,3877.580078125,3851.14990234375,3869.25,0,2025-10-07 12:00:00+00:00
1759852800000,3869.8701171875,3876.31005859375,3860.449951171875,3875.469970703125,0,2025-10-07 16:00:00+00:00
1759867200000,3878.469970703125,3879.4599609375,3873.02001953125,3879.4599609375,0,2025-10-07 20:00:00+00:00
1759881600000,3879.4599609375,3879.4599609375,3873.02001953125,3879.4599609375,0,2025-10-08 00:00:00+00:00
1759896000000,3879.4599609375,3879.5,3873.02001953125,3879.5,0,2025-10-08 04:00:00+00:00
1759910400000,3879.5,3880.89990234375,3873.02001953125,3873.669921875,0,2025-10-08 08:00:00+00:00
1759924800000,3873.669921875,3892.0400390625,3850.25,3887.7099609375,0,2025-10-08 12:00:00+00:00
1759939200000,3887.699951171875,3895.969970703125,3879.39990234375,3892.570068359375,0,2025-10-08 16:00:00+00:00
1759953600000,3892.469970703125,3894.0,3885.47998046875,3888.469970703125,0,2025-10-08 20:00:00+00:00
1759968000000,3888.469970703125,3888.469970703125,3888.469970703125,3888.469970703125,0,2025-10-09 00:00:00+00:00
1759982400000,3894.39990234375,3894.39990234375,3887.5,3887.5,0,2025-10-09 04:00:00+00:00
1759996800000,3887.5,3894.0,3887.469970703125,3889.85009765625,0,2025-10-09 08:00:00+00:00
1760011200000,3889.85009765625,3909.0,3880.85009765625,3891.75,0,2025-10-09 12:00:00+00:00
1760025600000,3890.60009765625,3893.60009765625,3881.679931640625,3884.3798828125,0,2025-10-09 16:00:00+00:00
1760040000000,3883.75,3891.219970703125,3882.469970703125,3884.3798828125,0,2025-10-09 20:00:00+00:00
1760054400000,3891.219970703125,3891.219970703125,3891.219970703125,3891.219970703125,0,2025-10-10 00:00:00+00:00
1760068800000,3884.3798828125,3891.25,3884.3798828125,3891.25,0,2025-10-10 04:00:00+00:00
1760083200000,3891.25,3891.25,3883.75,3883.75,0,2025-10-10 08:00:00+00:00
1760097600000,3883.75,3930.85009765625,3877.8798828125,3919.18994140625,0,2025-10-10 12:00:00+00:00
1760112000000,3919.110107421875,3938.31005859375,3912.820068359375,3919.669921875,0,2025-10-10 16:00:00+00:00
1760126400000,3919.669921875,3923.4599609375,3919.669921875,3923.4599609375,0,2025-10-10 20:00:00+00:00
1760313600000,3923.4599609375,3923.4599609375,3923.4599609375,3923.4599609375,0,2025-10-13 00:00:00+00:00
1760328000000,3920.75,3923.5,3920.75,3923.5,0,2025-10-13 04:00:00+00:00
1760342400000,3923.5,3924.89990234375,3920.75,3921.5,0,2025-10-13 08:00:00+00:00
1760356800000,3920.8798828125,3921.5,3920.8798828125,3921.5,0,2025-10-13 12:00:00+00:00
1760371200000,3921.5,3921.5,3921.5,3921.5,0,2025-10-13 16:00:00+00:00
1760385600000,3921.5,3921.5,3921.5,3921.5,0,2025-10-13 20:00:00+00:00
1760400000000,3921.5,3921.5,3921.5,3921.5,0,2025-10-14 00:00:00+00:00
1760414400000,3921.5,3921.530029296875,3921.5,3921.530029296875,0,2025-10-14 04:00:00+00:00
1760428800000,3921.530029296875,3922.429931640625,3921.5,3921.5,0,2025-10-14 08:00:00+00:00
1760443200000,3921.5,3947.1298828125,3917.419921875,3925.719970703125,0,2025-10-14 12:00:00+00:00
1760457600000,3926.070068359375,3935.35009765625,3919.969970703125,3923.419921875,0,2025-10-14 16:00:00+00:00
1760472000000,3922.469970703125,3923.35009765625,3922.469970703125,3922.469970703125,0,2025-10-14 20:00:00+00:00
1760486400000,3923.35009765625,3923.35009765625,3922.469970703125,3922.469970703125,0,2025-10-15 00:00:00+00:00
1760500800000,3923.35009765625,3923.35009765625,3922.5,3922.5,0,2025-10-15 04:00:00+00:00
1760515200000,3922.5,3923.89990234375,3922.14990234375,3922.14990234375,0,2025-10-15 08:00:00+00:00
1760529600000,3922.14990234375,3922.2900390625,3895.010009765625,3900.89990234375,0,2025-10-15 12:00:00+00:00
1760544000000,3901.35009765625,3903.89990234375,3887.25,3893.2099609375,0,2025-10-15 16:00:00+00:00
1760558400000,3891.469970703125,3893.570068359375,3889.969970703125,3892.85009765625,0,2025-10-15 20:00:00+00:00
1760572800000,3892.85009765625,3894.719970703125,3888.8701171875,3888.8701171875,0,2025-10-16 00:00:00+00:00
1760587200000,3893.570068359375,3893.570068359375,3892.0,3892.0,0,2025-10-16 04:00:00+00:00
1760601600000,3892.0,3893.570068359375,3891.969970703125,3892.570068359375,0,2025-10-16 08:00:00+00:00
1760616000000,3893.070068359375,3905.449951171875,3869.97998046875,3880.85009765625,0,2025-10-16 12:00:00+00:00
1760630400000,3880.72998046875,3886.199951171875,3835.469970703125,3835.969970703125,0,2025-10-16 16:00:00+00:00
1760644800000,3838.469970703125,3847.0,3838.469970703125,3838.469970703125,0,2025-10-16 20:00:00+00:00
1760659200000,3841.0,3841.0,3838.469970703125,3838.469970703125,0,2025-10-17 00:00:00+00:00
1760673600000,3841.0,3841.0,3838.5,3838.5,0,2025-10-17 04:00:00+00:00
1760688000000,3838.5,3842.56005859375,3838.469970703125,3842.56005859375,0,2025-10-17 08:00:00+00:00
1760702400000,3841.0,3842.56005859375,3760.0,3827.659912109375,0,2025-10-17 12:00:00+00:00
1760716800000,3827.419921875,3837.469970703125,3812.330078125,3829.2900390625,0,2025-10-17 16:00:00+00:00
1760731200000,3829.2900390625,3829.2900390625,3829.2900390625,3829.2900390625,0,2025-10-17 20:00:00+00:00
1760904000000,3829.2900390625,3829.2900390625,3829.2900390625,3829.2900390625,0,2025-10-19 20:00:00+00:00
1760918400000,3829.2900390625,3829.2900390625,3829.2900390625,3829.2900390625,0,2025-10-20 00:00:00+00:00
1760932800000,3829.320068359375,3829.320068359375,3829.2900390625,3829.2900390625,0,2025-10-20 04:00:00+00:00
1760947200000,3829.320068359375,3829.320068359375,3829.25,3829.2900390625,0,2025-10-20 08:00:00+00:00
1760961600000,3880.550048828125,3891.5,3829.2900390625,3882.800048828125,0,2025-10-20 12:00:00+00:00
1760976000000,3883.050048828125,3890.110107421875,3875.75,3884.4599609375,0,2025-10-20 16:00:00+00:00
1760990400000,3883.18994140625,3888.969970703125,3874.469970703125,3874.469970703125,0,2025-10-20 20:00:00+00:00
1761004800000,3874.469970703125,3874.469970703125,3874.469970703125,3874.469970703125,0,2025-10-21 00:00:00+00:00
1761019200000,3881.6298828125,3881.6298828125,3874.5,3874.5,0,2025-10-21 04:00:00+00:00
1761033600000,3874.5,3882.3798828125,3874.5,3881.6298828125,0,2025-10-21 08:00:00+00:00
1761048000000,3874.469970703125,3889.60009765625,3845.919921875,3886.169921875,0,2025-10-21 12:00:00+00:00
1761062400000,3889.909912109375,3905.0400390625,3880.830078125,3887.469970703125,0,2025-10-21 16:00:00+00:00
1761076800000,3887.469970703125,3887.469970703125,3887.469970703125,3887.469970703125,0,2025-10-21 20:00:00+00:00
1761091200000,3887.469970703125,3887.469970703125,3887.469970703125,3887.469970703125,0,2025-10-22 00:00:00+00:00
1761105600000,3887.469970703125,3889.5,3887.469970703125,3889.5,0,2025-10-22 04:00:00+00:00
1761120000000,3889.5,3889.5,3887.469970703125,3887.469970703125,0,2025-10-22 08:00:00+00:00
1761134400000,3886.469970703125,3909.330078125,3870.25,3899.110107421875,0,2025-10-22 12:00:00+00:00
1761148800000,3899.75,3919.22998046875,3897.260009765625,3902.469970703125,0,2025-10-22 16:00:00+00:00
1761163200000,3902.469970703125,3907.3798828125,3899.469970703125,3907.27001953125,0,2025-10-22 20:00:00+00:00
1761177600000,3907.27001953125,3907.27001953125,3907.27001953125,3907.27001953125,0,2025-10-23 00:00:00+00:00
1761192000000,3907.3798828125,3907.39990234375,3907.3798828125,3907.39990234375,0,2025-10-23 04:00:00+00:00
1761206400000,3907.39990234375,3908.1298828125,3905.830078125,3905.830078125,0,2025-10-23 08:00:00+00:00
1761220800000,3899.3798828125,3987.25,3875.2099609375,3888.47998046875,0,2025-10-23 12:00:00+00:00
1761235200000,3886.68994140625,3893.949951171875,3868.85009765625,3882.10009765625,0,2025-10-23 16:00:00+00:00
1761249600000,3880.39990234375,3880.39990234375,3878.469970703125,3878.469970703125,0,2025-10-23 20:00:00+00:00
1761264000000,3877.77001953125,3877.77001953125,3877.77001953125,3877.77001953125,0,2025-10-24 00:00:00+00:00
1761278400000,3880.39990234375,3883.0,3880.39990234375,3883.0,0,2025-10-24 04:00:00+00:00
1761292800000,3883.0,3883.0,3880.39990234375,3882.10009765625,0,2025-10-24 08:00:00+00:00
1761307200000,3881.10009765625,3882.969970703125,3849.070068359375,3853.47998046875,0,2025-10-24 12:00:00+00:00
1761321600000,3853.72998046875,3872.469970703125,3848.0400390625,3872.469970703125,0,2025-10-24 16:00:00+00:00
1761336000000,3867.469970703125,3876.669921875,3867.469970703125,3872.469970703125,0,2025-10-24 20:00:00+00:00
1761523200000,3872.469970703125,3872.469970703125,3872.469970703125,3872.469970703125,0,2025-10-27 00:00:00+00:00
1761537600000,3872.5,3872.5,3872.5,3872.5,0,2025-10-27 04:00:00+00:00
1761552000000,3872.5,3872.5,3848.0400390625,3848.0400390625,0,2025-10-27 08:00:00+00:00
1761566400000,3848.0400390625,3857.419921875,3826.070068359375,3843.85009765625,0,2025-10-27 12:00:00+00:00
1761580800000,3843.14990234375,3847.199951171875,3836.469970703125,3846.3701171875,0,2025-10-27 16:00:00+00:00
1761595200000,3846.469970703125,3846.469970703125,3842.77001953125,3842.77001953125,0,2025-10-27 20:00:00+00:00
1761609600000,3842.77001953125,3842.77001953125,3842.719970703125,3842.719970703125,0,2025-10-28 00:00:00+00:00
1761624000000,3845.550048828125,3845.550048828125,3843.0,3843.0,0,2025-10-28 04:00:00+00:00
1761638400000,3843.0,3845.550048828125,3843.0,3845.550048828125,0,2025-10-28 08:00:00+00:00
1761652800000,3846.050048828125,3888.050048828125,3836.77001953125,3878.639892578125,0,2025-10-28 12:00:00+00:00
1761667200000,3880.050048828125,3895.22998046875,3873.35009765625,3893.860107421875,0,2025-10-28 16:00:00+00:00
1761681600000,3893.860107421875,3896.659912109375,3889.469970703125,3896.659912109375,0,2025-10-28 20:00:00+00:00
1761696000000,3896.659912109375,3896.659912109375,3896.659912109375,3896.659912109375,0,2025-10-29 00:00:00+00:00
1761710400000,3893.719970703125,3895.429931640625,3893.719970703125,3895.429931640625,0,2025-10-29 04:00:00+00:00
1761724800000,3895.429931640625,3895.429931640625,3893.719970703125,3893.8701171875,0,2025-10-29 08:00:00+00:00
1761739200000,3894.219970703125,3912.0,3869.97998046875,3870.469970703125,0,2025-10-29 12:00:00+00:00
1761753600000,3870.52001953125,3878.469970703125,3862.719970703125,3877.570068359375,0,2025-10-29 16:00:00+00:00
1761768000000,3877.570068359375,3877.570068359375,3870.070068359375,3875.469970703125,0,2025-10-29 20:00:00+00:00
1761782400000,3875.469970703125,3875.469970703125,3875.469970703125,3875.469970703125,0,2025-10-30 00:00:00+00:00
1761796800000,3872.85009765625,3877.0,3872.85009765625,3877.0,0,2025-10-30 04:00:00+00:00
1761811200000,3877.0,3877.0,3870.070068359375,3872.85009765625,0,2025-10-30 08:00:00+00:00
1761825600000,3871.85009765625,3897.969970703125,3867.93994140625,3870.3701171875,0,2025-10-30 12:00:00+00:00
1761840000000,3870.97998046875,3879.969970703125,3844.0,3861.469970703125,0,2025-10-30 16:00:00+00:00
1761854400000,3861.469970703125,3861.469970703125,3852.469970703125,3852.469970703125,0,2025-10-30 20:00:00+00:00
1761868800000,3852.469970703125,3858.3701171875,3852.469970703125,3855.969970703125,0,2025-10-31 00:00:00+00:00
1761883200000,3860.14990234375,3860.14990234375,3856.0,3856.0,0,2025-10-31 04:00:00+00:00
1761897600000,3856.0,3860.14990234375,3855.969970703125,3858.3701171875,0,2025-10-31 08:00:00+00:00
1761912000000,3860.64990234375,3867.1201171875,3839.030029296875,3859.72998046875,0,2025-10-31 12:00:00+00:00
1761926400000,3856.64990234375,3870.389892578125,3849.969970703125,3857.469970703125,0,2025-10-31 16:00:00+00:00
1761940800000,3851.199951171875,3857.590087890625,3851.199951171875,3857.590087890625,0,2025-10-31 20:00:00+00:00
1762128000000,3857.590087890625,3857.590087890625,3851.199951171875,3851.199951171875,0,2025-11-03 00:00:00+00:00
1762142400000,3851.199951171875,3856.0,3851.199951171875,3856.0,0,2025-11-03 04:00:00+00:00
1762156800000,3856.0,3856.0,3851.199951171875,3851.199951171875,0,2025-11-03 08:00:00+00:00
1762171200000,3852.35009765625,3855.969970703125,3849.550048828125,3853.969970703125,0,2025-11-03 12:00:00+00:00
1762185600000,3853.969970703125,3858.64990234375,3853.969970703125,3855.0,0,2025-11-03 16:00:00+00:00
1762200000000,3852.35009765625,3855.969970703125,3852.35009765625,3852.35009765625,0,2025-11-03 20:00:00+00:00
1762214400000,3852.35009765625,3855.969970703125,3852.35009765625,3855.969970703125,0,2025-11-04 00:00:00+00:00
1762228800000,3854.639892578125,3854.639892578125,3854.639892578125,3854.639892578125,0,2025-11-04 04:00:00+00:00
1762243200000,3854.639892578125,3854.639892578125,3851.949951171875,3852.35009765625,0,2025-11-04 08:00:00+00:00
1762257600000,3854.610107421875,3884.81005859375,3854.610107421875,3861.330078125,0,2025-11-04 12:00:00+00:00
1762272000000,3864.050048828125,3871.72998046875,3850.75,3855.969970703125,0,2025-11-04 16:00:00+00:00
1762286400000,3856.0,3868.169921875,3853.840087890625,3864.469970703125,0,2025-11-04 20:00:00+00:00
1762300800000,3855.739990234375,3864.469970703125,3853.840087890625,3853.840087890625,0,2025-11-05 00:00:00+00:00
1762315200000,3853.840087890625,3856.830078125,3853.840087890625,3856.830078125,0,2025-11-05 04:00:00+00:00
1762329600000,3856.830078125,3856.830078125,3853.840087890625,3853.840087890625,0,2025-11-05 08:00:00+00:00
1762344000000,3853.139892578125,3864.0,3831.10009765625,3844.469970703125,0,2025-11-05 12:00:00+00:00
1762358400000,3844.969970703125,3845.8701171875,3823.949951171875,3832.949951171875,0,2025-11-05 16:00:00+00:00
1762372800000,3830.469970703125,3832.949951171875,3830.469970703125,3830.469970703125,0,2025-11-05 20:00:00+00:00
1762387200000,3830.469970703125,3831.969970703125,3830.469970703125,3831.969970703125,0,2025-11-06 00:00:00+00:00
1762401600000,3832.949951171875,3832.949951171875,3832.0,3832.0,0,2025-11-06 04:00:00+00:00
1762416000000,3832.0,3832.550048828125,3832.0,3832.550048828125,0,2025-11-06 08:00:00+00:00
1762430400000,3832.949951171875,3832.949951171875,3795.25,3804.719970703125,0,2025-11-06 12:00:00+00:00
1762444800000,3804.719970703125,3807.5,3779.75,3785.469970703125,0,2025-11-06 16:00:00+00:00
1762459200000,3782.469970703125,3787.3701171875,3781.719970703125,3783.0,0,2025-11-06 20:00:00+00:00
1762473600000,3784.89990234375,3784.89990234375,3782.1201171875,3782.1201171875,0,2025-11-07 00:00:00+00:00
1762488000000,3784.89990234375,3784.89990234375,3782.14990234375,3782.14990234375,0,2025-11-07 04:00:00+00:00
1762502400000,3782.14990234375,3784.5,3782.14990234375,3783.0,0,2025-11-07 08:00:00+00:00
1762516800000,3799.0,3799.0,3762.0,3786.280029296875,0,2025-11-07 12:00:00+00:00
1762531200000,3785.0,3791.3798828125,3770.219970703125,3781.89990234375,0,2025-11-07 16:00:00+00:00
1762545600000,3781.719970703125,3790.469970703125,3777.5,3777.5,0,2025-11-07 20:00:00+00:00
1762732800000,3777.5,3787.469970703125,3777.5,3787.469970703125,0,2025-11-10 00:00:00+00:00
1762747200000,3777.5,3777.5,3777.5,3777.5,0,2025-11-10 04:00:00+00:00
1762761600000,3777.5,3779.929931640625,3777.469970703125,3779.929931640625,0,2025-11-10 08:00:00+00:00
1762776000000,3779.929931640625,3779.929931640625,3747.81005859375,3757.080078125,0,2025-11-10 12:00:00+00:00
1762790400000,3757.429931640625,3763.050048828125,3749.800048828125,3751.219970703125,0,2025-11-10 16:00:00+00:00
1762804800000,3751.219970703125,3752.639892578125,3749.989990234375,3749.989990234375,0,2025-11-10 20:00:00+00:00
1762819200000,3751.969970703125,3751.969970703125,3748.820068359375,3748.820068359375,0,2025-11-11 00:00:00+00:00
1762833600000,3752.639892578125,3752.639892578125,3747.969970703125,3748.0,0,2025-11-11 04:00:00+00:00
1762848000000,3748.0,3752.239990234375,3747.89990234375,3749.989990234375,0,2025-11-11 08:00:00+00:00
1762862400000,3750.610107421875,3752.97998046875,3722.820068359375,3728.860107421875,0,2025-11-11 12:00:00+00:00
1762876800000,3729.449951171875,3740.169921875,3727.669921875,3733.300048828125,0,2025-11-11 16:00:00+00:00
1762891200000,3733.300048828125,3734.969970703125,3731.719970703125,3731.719970703125,0,2025-11-11 20:00:00+00:00
1762905600000,3733.14990234375,3733.14990234375,3731.719970703125,3732.0,0,2025-11-12 00:00:00+00:00
1762920000000,3731.719970703125,3733.14990234375,3731.469970703125,3732.68994140625,0,2025-11-12 04:00:00+00:00
1762934400000,3732.719970703125,3733.14990234375,3732.0,3732.0,0,2025-11-12 08:00:00+00:00
1762948800000,3733.14990234375,3733.85009765625,3710.89990234375,3716.550048828125,0,2025-11-12 12:00:00+00:00
1762963200000,3716.719970703125,3716.760009765625,3700.0,3704.469970703125,0,2025-11-12 16:00:00+00:00
1762977600000,3707.969970703125,3707.969970703125,3703.02001953125,3703.02001953125,0,2025-11-12 20:00:00+00:00
1762992000000,3704.699951171875,3704.919921875,3703.02001953125,3703.02001953125,0,2025-11-13 00:00:00+00:00
1763006400000,3704.919921875,3704.919921875,3703.02001953125,3704.5,0,2025-11-13 04:00:00+00:00
1763020800000,3704.5,3704.919921875,3703.02001953125,3703.02001953125,0,2025-11-13 08:00:00+00:00
1763035200000,3704.919921875,3740.0,3679.0,3735.0400390625,0,2025-11-13 12:00:00+00:00
1763049600000,3735.389892578125,3751.969970703125,3722.409912109375,3742.14990234375,0,2025-11-13 16:00:00+00:00
1763064000000,3745.469970703125,3753.969970703125,3742.14990234375,3742.14990234375,0,2025-11-13 20:00:00+00:00
1763078400000,3744.050048828125,3744.050048828125,3742.14990234375,3742.14990234375,0,2025-11-14 00:00:00+00:00
1763092800000,3748.820068359375,3748.820068359375,3741.949951171875,3741.949951171875,0,2025-11-14 04:00:00+00:00
1763107200000,3741.97998046875,3744.050048828125,3741.97998046875,3742.14990234375,0,2025-11-14 08:00:00+00:00
1763121600000,3742.14990234375,3791.0,3741.0,3751.27001953125,0,2025-11-14 12:00:00+00:00
1763136000000,3753.800048828125,3760.830078125,3747.1201171875,3755.469970703125,0,2025-11-14 16:00:00+00:00
1763150400000,3754.469970703125,3757.469970703125,3752.8798828125,3755.5,0,2025-11-14 20:00:00+00:00
1763337600000,3755.469970703125,3755.469970703125,3752.8798828125,3752.8798828125,0,2025-11-17 00:00:00+00:00
1763352000000,3755.469970703125,3755.469970703125,3751.1298828125,3751.1298828125,0,2025-11-17 04:00:00+00:00
1763366400000,3751.1298828125,3754.030029296875,3751.10009765625,3752.8798828125,0,2025-11-17 08:00:00+00:00
1763380800000,3752.8798828125,3752.8798828125,3750.10009765625,3750.10009765625,0,2025-11-17 12:00:00+00:00
1763395200000,3750.10009765625,3754.030029296875,3750.10009765625,3754.030029296875,0,2025-11-17 16:00:00+00:00
1763409600000,3752.800048828125,3752.800048828125,3752.800048828125,3752.800048828125,0,2025-11-17 20:00:00+00:00
1763424000000,3752.800048828125,3754.969970703125,3752.800048828125,3754.969970703125,0,2025-11-18 00:00:00+00:00
1763438400000,3754.969970703125,3755.0,3750.909912109375,3750.909912109375,0,2025-11-18 04:00:00+00:00
1763452800000,3750.93994140625,3753.6298828125,3750.93994140625,3753.6298828125,0,2025-11-18 08:00:00+00:00
1763467200000,3750.909912109375,3770.820068359375,3726.669921875,3729.43994140625,0,2025-11-18 12:00:00+00:00
1763481600000,3731.610107421875,3743.89990234375,3714.18994140625,3717.969970703125,0,2025-11-18 16:00:00+00:00
1763496000000,3715.89990234375,3721.169921875,3715.89990234375,3719.929931640625,0,2025-11-18 20:00:00+00:00
1763510400000,3721.070068359375,3721.070068359375,3717.27001953125,3717.27001953125,0,2025-11-19 00:00:00+00:00
1763524800000,3717.27001953125,3719.929931640625,3717.27001953125,3717.300048828125,0,2025-11-19 04:00:00+00:00
1763539200000,3717.300048828125,3720.679931640625,3717.300048828125,3719.929931640625,0,2025-11-19 08:00:00+00:00
1763553600000,3719.919921875,3728.949951171875,3698.8798828125,3722.5,0,2025-11-19 12:00:00+00:00
1763568000000,3724.6298828125,3725.77001953125,3706.3701171875,3711.389892578125,0,2025-11-19 16:00:00+00:00
1763582400000,3707.469970703125,3716.469970703125,3707.469970703125,3716.469970703125,0,2025-11-19 20:00:00+00:00
1763596800000,3716.469970703125,3717.4599609375,3716.469970703125,3717.4599609375,0,2025-11-20 00:00:00+00:00
1763611200000,3717.4599609375,3717.4599609375,3706.969970703125,3709.010009765625,0,2025-11-20 04:00:00+00:00
1763625600000,3709.0400390625,3711.389892578125,3709.0400390625,3711.389892578125,0,2025-11-20 08:00:00+00:00
1763640000000,3711.7900390625,3744.1201171875,3709.010009765625,3738.9599609375,0,2025-11-20 12:00:00+00:00
1763654400000,3741.070068359375,3762.570068359375,3733.6298828125,3760.199951171875,0,2025-11-20 16:00:00+00:00
1763668800000,3761.719970703125,3761.719970703125,3755.469970703125,3760.199951171875,0,2025-11-20 20:00:00+00:00
1763683200000,3761.719970703125,3761.719970703125,3759.260009765625,3760.199951171875,0,2025-11-21 00:00:00+00:00
1763697600000,3761.719970703125,3761.719970703125,3759.2900390625,3759.2900390625,0,2025-11-21 04:00:00+00:00
1763712000000,3759.2900390625,3759.2900390625,3759.2900390625,3759.2900390625,0,2025-11-21 08:00:00+00:00
1763726400000,3759.2900390625,3821.64990234375,3742.3798828125,3812.969970703125,0,2025-11-21 12:00:00+00:00
1763740800000,3815.22998046875,3822.139892578125,3801.43994140625,3802.75,0,2025-11-21 16:00:00+00:00
1763755200000,3803.89990234375,3804.89990234375,3798.469970703125,3799.969970703125,0,2025-11-21 20:00:00+00:00
1763942400000,3803.89990234375,3803.89990234375,3799.969970703125,3802.75,0,2025-11-24 00:00:00+00:00
1763956800000,3799.969970703125,3805.0,3799.969970703125,3805.0,0,2025-11-24 04:00:00+00:00
1763971200000,3805.0,3805.0,3802.3701171875,3802.75,0,2025-11-24 08:00:00+00:00
1763985600000,3802.75,3805.840087890625,3781.739990234375,3801.3798828125,0,2025-11-24 12:00:00+00:00
1764000000000,3801.419921875,3820.699951171875,3800.1298828125,3800.469970703125,0,2025-11-24 16:00:00+00:00
1764014400000,3802.469970703125,3802.469970703125,3783.469970703125,3787.570068359375,0,2025-11-24 20:00:00+00:00
1764028800000,3787.570068359375,3787.570068359375,3787.469970703125,3787.469970703125,0,2025-11-25 00:00:00+00:00
1764043200000,3787.469970703125,3800.530029296875,3787.469970703125,3795.0,0,2025-11-25 04:00:00+00:00
1764057600000,3795.0,3800.1298828125,3794.89990234375,3800.1298828125,0,2025-11-25 08:00:00+00:00
1764072000000,3784.949951171875,3816.6298828125,3771.050048828125,3815.75,0,2025-11-25 12:00:00+00:00
1764086400000,3814.050048828125,3824.0,3717.0,3808.27001953125,0,2025-11-25 16:00:00+00:00
1764100800000,3807.469970703125,3811.93994140625,3799.469970703125,3811.5400390625,0,2025-11-25 20:00:00+00:00
1764115200000,3811.93994140625,3811.93994140625,3808.27001953125,3808.27001953125,0,2025-11-26 00:00:00+00:00
1764129600000,3811.5400390625,3811.5400390625,3808.300048828125,3808.300048828125,0,2025-11-26 04:00:00+00:00
1764144000000,3808.300048828125,3811.93994140625,3808.300048828125,3811.93994140625,0,2025-11-26 08:00:00+00:00
1764158400000,3811.93994140625,3814.5400390625,3749.6298828125,3752.3798828125,0,2025-11-26 12:00:00+00:00
1764172800000,3751.8798828125,3751.8798828125,3723.469970703125,3727.469970703125,0,2025-11-26 16:00:00+00:00
1764187200000,3727.469970703125,3728.4599609375,3723.77001953125,3726.219970703125,0,2025-11-26 20:00:00+00:00
1764201600000,3727.340087890625,3727.340087890625,3726.18994140625,3726.219970703125,0,2025-11-27 00:00:00+00:00
1764216000000,3727.340087890625,3727.340087890625,3726.080078125,3726.080078125,0,2025-11-27 04:00:00+00:00
1764230400000,3726.080078125,3727.340087890625,3726.080078125,3726.18994140625,0,2025-11-27 08:00:00+00:00
1764244800000,3727.340087890625,3743.89990234375,3720.610107421875,3725.719970703125,0,2025-11-27 12:00:00+00:00
1764259200000,3727.340087890625,3747.4599609375,3720.969970703125,3741.989990234375,0,2025-11-27 16:00:00+00:00
1764273600000,3741.320068359375,3742.8798828125,3726.18994140625,3726.18994140625,0,2025-11-27 20:00:00+00:00
1764288000000,3727.340087890625,3742.8798828125,3726.18994140625,3726.18994140625,0,2025-11-28 00:00:00+00:00
1764302400000,3727.340087890625,3742.739990234375,3726.18994140625,3742.739990234375,0,2025-11-28 04:00:00+00:00
1764316800000,3742.739990234375,3742.739990234375,3726.18994140625,3726.18994140625,0,2025-11-28 08:00:00+00:00
1764331200000,3742.7099609375,3755.68994140625,3723.050048828125,3735.909912109375,0,2025-11-28 12:00:00+00:00
1764345600000,3736.449951171875,3757.75,3733.4599609375,3748.469970703125,0,2025-11-28 16:00:00+00:00
1764360000000,3746.969970703125,3751.60009765625,3744.719970703125,3744.75,0,2025-11-28 20:00:00+00:00
1764547200000,3754.25,3754.25,3744.719970703125,3744.719970703125,0,2025-12-01 00:00:00+00:00
1764561600000,3744.719970703125,3751.60009765625,3744.719970703125,3744.75,0,2025-12-01 04:00:00+00:00
1764576000000,3744.75,3753.85009765625,3744.75,3751.60009765625,0,2025-12-01 08:00:00+00:00
1764590400000,3744.719970703125,3787.77001953125,3744.719970703125,3783.010009765625,0,2025-12-01 12:00:00+00:00
1764604800000,3783.510009765625,3814.89990234375,3774.800048828125,3809.719970703125,0,2025-12-01 16:00:00+00:00
1764619200000,3809.719970703125,3814.89990234375,3807.219970703125,3810.0,0,2025-12-01 20:00:00+00:00
1764633600000,3814.89990234375,3814.89990234375,3807.219970703125,3807.219970703125,0,2025-12-02 00:00:00+00:00
1764648000000,3807.219970703125,3814.89990234375,3806.800048828125,3806.800048828125,0,2025-12-02 04:00:00+00:00
1764662400000,3806.800048828125,3814.5,3806.800048828125,3810.0,0,2025-12-02 08:00:00+00:00
1764676800000,3806.77001953125,3834.0,3802.25,3818.919921875,0,2025-12-02 12:00:00+00:00
1764691200000,3821.110107421875,3821.7900390625,3805.969970703125,3814.3701171875,0,2025-12-02 16:00:00+00:00
1764705600000,3820.469970703125,3820.469970703125,3808.0,3814.3701171875,0,2025-12-02 20:00:00+00:00
1764720000000,3814.3701171875,3817.469970703125,3814.3701171875,3814.969970703125,0,2025-12-03 00:00:00+00:00
1764734400000,3814.969970703125,3815.0,3808.0,3815.0,0,2025-12-03 04:00:00+00:00
1764748800000,3815.0,3815.0,3808.0,3808.0,0,2025-12-03 08:00:00+00:00
1764763200000,3808.8798828125,3808.8798828125,3759.3701171875,3767.2900390625,0,2025-12-03 12:00:00+00:00
1764777600000,3767.5,3789.739990234375,3757.260009765625,3760.080078125,0,2025-12-03 16:00:00+00:00
1764792000000,3757.469970703125,3762.469970703125,3757.469970703125,3762.469970703125,0,2025-12-03 20:00:00+00:00
1764820800000,3762.469970703125,3762.469970703125,3758.800048828125,3758.800048828125,0,2025-12-04 04:00:00+00:00
1764835200000,3758.800048828125,3760.080078125,3758.800048828125,3760.080078125,0,2025-12-04 08:00:00+00:00
1764849600000,3760.090087890625,3820.760009765625,3722.18994140625,3752.75,0,2025-12-04 12:00:00+00:00
1764864000000,3752.739990234375,3797.5,3751.02001953125,3794.0,0,2025-12-04 16:00:00+00:00
1764878400000,3793.969970703125,3817.469970703125,3793.969970703125,3794.02001953125,0,2025-12-04 20:00:00+00:00
1764892800000,3794.02001953125,3794.02001953125,3794.02001953125,3794.02001953125,0,2025-12-05 00:00:00+00:00
1764907200000,3794.02001953125,3796.510009765625,3794.02001953125,3796.510009765625,0,2025-12-05 04:00:00+00:00
1764921600000,3796.510009765625,3797.39990234375,3795.89990234375,3795.89990234375,0,2025-12-05 08:00:00+00:00
1764936000000,3796.47998046875,3833.260009765625,3794.02001953125,3821.85009765625,0,2025-12-05 12:00:00+00:00
1764950400000,3822.3798828125,3846.889892578125,3820.77001953125,3838.929931640625,0,2025-12-05 16:00:00+00:00
1764964800000,3840.469970703125,3840.469970703125,3828.469970703125,3830.60009765625,0,2025-12-05 20:00:00+00:00
1765152000000,3832.409912109375,3832.409912109375,3830.570068359375,3832.409912109375,0,2025-12-08 00:00:00+00:00
1765166400000,3832.409912109375,3837.610107421875,3832.3798828125,3837.610107421875,0,2025-12-08 04:00:00+00:00
1765180800000,3837.610107421875,3837.610107421875,3832.360107421875,3832.3798828125,0,2025-12-08 08:00:00+00:00
1765195200000,3832.3798828125,3837.610107421875,3822.469970703125,3822.469970703125,0,2025-12-08 12:00:00+00:00
1765209600000,3822.449951171875,3822.449951171875,3814.590087890625,3821.22998046875,0,2025-12-08 16:00:00+00:00
1765224000000,3824.320068359375,3835.510009765625,3820.969970703125,3835.510009765625,0,2025-12-08 20:00:00+00:00
1765238400000,3837.580078125,3837.580078125,3837.580078125,3837.580078125,0,2025-12-09 00:00:00+00:00
1765252800000,3835.510009765625,3835.510009765625,3821.0,3821.0,0,2025-12-09 04:00:00+00:00
1765267200000,3821.0,3839.260009765625,3820.89990234375,3835.510009765625,0,2025-12-09 08:00:00+00:00
1765281600000,3820.969970703125,3865.06005859375,3820.969970703125,3859.590087890625,0,2025-12-09 12:00:00+00:00
1765296000000,3859.43994140625,3960.0,3843.919921875,3858.0,0,2025-12-09 16:00:00+00:00
1765310400000,3859.469970703125,3860.969970703125,3854.800048828125,3854.800048828125,0,2025-12-09 20:00:00+00:00
1765324800000,3854.800048828125,3854.800048828125,3854.800048828125,3854.800048828125,0,2025-12-10 00:00:00+00:00
1765339200000,3858.0,3858.0,3854.889892578125,3854.889892578125,0,2025-12-10 04:00:00+00:00
1765353600000,3854.889892578125,3862.5,3854.889892578125,3858.0,0,2025-12-10 08:00:00+00:00
1765368000000,3858.0,3875.0,3843.5,3847.639892578125,0,2025-12-10 12:00:00+00:00
1765382400000,3847.2900390625,3850.0400390625,3829.7900390625,3834.469970703125,0,2025-12-10 16:00:00+00:00
1765396800000,3834.469970703125,3837.64990234375,3830.77001953125,3834.75,0,2025-12-10 20:00:00+00:00
1765411200000,3834.75,3834.75,3834.75,3834.75,0,2025-12-11 00:00:00+00:00
1765425600000,3834.75,3842.840087890625,3834.75,3842.840087890625,0,2025-12-11 04:00:00+00:00
1765440000000,3842.840087890625,3843.0,3837.64990234375,3837.64990234375,0,2025-12-11 08:00:00+00:00
1765454400000,3838.89990234375,3841.780029296875,3792.75,3804.93994140625,0,2025-12-11 12:00:00+00:00
1765468800000,3804.919921875,3812.840087890625,3791.719970703125,3791.719970703125,0,2025-12-11 16:00:00+00:00
1765483200000,3791.719970703125,3802.43994140625,3791.719970703125,3797.68994140625,0,2025-12-11 20:00:00+00:00
1765497600000,3797.68994140625,3797.68994140625,3797.68994140625,3797.68994140625,0,2025-12-12 00:00:00+00:00
1765540800000,3804.27001953125,3806.760009765625,3761.89990234375,3801.280029296875,0,2025-12-12 12:00:00+00:00
1765555200000,3801.260009765625,3806.580078125,3788.030029296875,3797.469970703125,0,2025-12-12 16:00:00+00:00
1765569600000,3797.469970703125,3803.469970703125,3793.469970703125,3803.469970703125,0,2025-12-12 20:00:00+00:00
1765756800000,3803.469970703125,3803.469970703125,3803.469970703125,3803.469970703125,0,2025-12-15 00:00:00+00:00
1765785600000,3803.469970703125,3803.469970703125,3797.68994140625,3797.68994140625,0,2025-12-15 08:00:00+00:00
1765800000000,3794.75,3820.22998046875,3781.60009765625,3813.659912109375,0,2025-12-15 12:00:00+00:00
1765814400000,3812.949951171875,3828.14990234375,3805.81005859375,3819.610107421875,0,2025-12-15 16:00:00+00:00
1765828800000,3819.64990234375,3828.14990234375,3819.330078125,3828.14990234375,0,2025-12-15 20:00:00+00:00
1765843200000,3819.330078125,3828.14990234375,3818.5400390625,3818.5400390625,0,2025-12-16 00:00:00+00:00
1765857600000,3828.14990234375,3828.14990234375,3817.0,3817.0,0,2025-12-16 04:00:00+00:00
1765872000000,3817.0,3828.14990234375,3816.89990234375,3828.14990234375,0,2025-12-16 08:00:00+00:00
1765886400000,3816.969970703125,3858.35009765625,3813.820068359375,3848.219970703125,0,2025-12-16 12:00:00+00:00
1765900800000,3851.14990234375,3853.31005859375,3817.0,3839.469970703125,0,2025-12-16 16:00:00+00:00
1765915200000,3837.969970703125,3842.39990234375,3834.469970703125,3841.25,0,2025-12-16 20:00:00+00:00
1765929600000,3837.919921875,3842.39990234375,3837.919921875,3837.919921875,0,2025-12-17 00:00:00+00:00
1765944000000,3842.39990234375,3842.39990234375,3841.25,3841.97998046875,0,2025-12-17 04:00:00+00:00
1765958400000,3841.97998046875,3842.39990234375,3841.25,3841.25,0,2025-12-17 08:00:00+00:00
1765972800000,3841.949951171875,3874.1298828125,3835.6201171875,3868.0,0,2025-12-17 12:00:00+00:00
1765987200000,3871.8798828125,3885.800048828125,3848.10009765625,3859.77001953125,0,2025-12-17 16:00:00+00:00
1766001600000,3862.72998046875,3863.469970703125,3859.469970703125,3861.9599609375,0,2025-12-17 20:00:00+00:00
1766016000000,3859.77001953125,3862.72998046875,3859.77001953125,3859.77001953125,0,2025-12-18 00:00:00+00:00
1766030400000,3859.77001953125,3862.72998046875,3852.85009765625,3852.85009765625,0,2025-12-18 04:00:00+00:00
1766044800000,3852.85009765625,3862.330078125,3852.820068359375,3861.9599609375,0,2025-12-18 08:00:00+00:00
1766059200000,3852.820068359375,3897.39990234375,3845.47998046875,3887.52001953125,0,2025-12-18 12:00:00+00:00
1766073600000,3889.64990234375,3890.60009765625,3854.419921875,3855.070068359375,0,2025-12-18 16:00:00+00:00
1766088000000,3855.070068359375,3857.6201171875,3854.8798828125,3854.8798828125,0,2025-12-18 20:00:00+00:00
1766102400000,3857.6201171875,3857.6201171875,3854.8798828125,3854.8798828125,0,2025-12-19 00:00:00+00:00
1766116800000,3857.6201171875,3857.6201171875,3854.909912109375,3854.909912109375,0,2025-12-19 04:00:00+00:00
1766131200000,3854.909912109375,3857.6201171875,3854.909912109375,3856.469970703125,0,2025-12-19 08:00:00+00:00
1766145600000,3854.8798828125,3885.75,3770.6298828125,3784.7099609375,0,2025-12-19 12:00:00+00:00
1766160000000,3785.449951171875,3827.469970703125,3781.7900390625,3827.469970703125,0,2025-12-19 16:00:00+00:00
1766174400000,3825.050048828125,3832.4599609375,3797.469970703125,3797.469970703125,0,2025-12-19 20:00:00+00:00
1766361600000,3797.469970703125,3797.469970703125,3797.469970703125,3797.469970703125,0,2025-12-22 00:00:00+00:00
1766376000000,3825.050048828125,3825.050048828125,3802.5,3802.5,0,2025-12-22 04:00:00+00:00
1766390400000,3802.5,3824.64990234375,3802.5,3824.64990234375,0,2025-12-22 08:00:00+00:00
1766404800000,3802.469970703125,3818.820068359375,3774.330078125,3786.449951171875,0,2025-12-22 12:00:00+00:00
1766419200000,3791.239990234375,3811.97998046875,3778.320068359375,3780.469970703125,0,2025-12-22 16:00:00+00:00
1766433600000,3786.550048828125,3791.35009765625,3780.469970703125,3791.35009765625,0,2025-12-22 20:00:00+00:00
1766448000000,3791.35009765625,3791.35009765625,3780.469970703125,3780.469970703125,0,2025-12-23 00:00:00+00:00
1766462400000,3781.989990234375,3792.530029296875,3780.469970703125,3792.530029296875,0,2025-12-23 04:00:00+00:00
1766476800000,3792.530029296875,3792.530029296875,3780.469970703125,3780.469970703125,0,2025-12-23 08:00:00+00:00
1766491200000,3781.989990234375,3800.3798828125,3734.669921875,3754.02001953125,0,2025-12-23 12:00:00+00:00
1766505600000,3760.239990234375,3775.340087890625,3738.0,3758.25,0,2025-12-23 16:00:00+00:00
1766520000000,3758.64990234375,3758.64990234375,3751.469970703125,3758.25,0,2025-12-23 20:00:00+00:00
1766534400000,3758.64990234375,3758.64990234375,3756.06005859375,3756.06005859375,0,2025-12-24 00:00:00+00:00
1766548800000,3756.06005859375,3758.64990234375,3756.06005859375,3756.719970703125,0,2025-12-24 04:00:00+00:00
1766563200000,3756.719970703125,3758.64990234375,3755.77001953125,3755.77001953125,0,2025-12-24 08:00:00+00:00
1766577600000,3758.25,3758.64990234375,3688.889892578125,3698.590087890625,0,2025-12-24 12:00:00+00:00
1766592000000,3701.9599609375,3745.0,3689.25,3733.7900390625,0,2025-12-24 16:00:00+00:00
1766606400000,3727.89990234375,3733.179931640625,3720.050048828125,3726.0,0,2025-12-24 20:00:00+00:00
1766620800000,3727.89990234375,3727.89990234375,3726.0,3726.0,0,2025-12-25 00:00:00+00:00
1766635200000,3720.050048828125,3727.89990234375,3720.050048828125,3726.0,0,2025-12-25 04:00:00+00:00
1766649600000,3726.0,3726.0,3726.0,3726.0,0,2025-12-25 08:00:00+00:00
1766664000000,3727.89990234375,3727.89990234375,3726.0,3726.0,0,2025-12-25 12:00:00+00:00
1766678400000,3727.89990234375,3727.89990234375,3726.0,3726.0,0,2025-12-25 16:00:00+00:00
1766692800000,3727.89990234375,3727.89990234375,3726.0,3726.0,0,2025-12-25 20:00:00+00:00
1766707200000,3720.050048828125,3727.89990234375,3720.050048828125,3726.0,0,2025-12-26 00:00:00+00:00
1766721600000,3727.89990234375,3727.89990234375,3722.550048828125,3726.0,0,2025-12-26 04:00:00+00:00
1766736000000,3727.89990234375,3731.320068359375,3718.7099609375,3731.320068359375,0,2025-12-26 08:00:00+00:00
1766750400000,3727.89990234375,3732.75,3699.2099609375,3718.77001953125,0,2025-12-26 12:00:00+00:00
1766764800000,3719.0,3726.25,3685.469970703125,3716.949951171875,0,2025-12-26 16:00:00+00:00
1766779200000,3719.60009765625,3719.60009765625,3684.469970703125,3716.949951171875,0,2025-12-26 20:00:00+00:00
1766966400000,3719.60009765625,3719.60009765625,3693.219970703125,3693.219970703125,0,2025-12-29 00:00:00+00:00
1766980800000,3693.219970703125,3716.949951171875,3693.219970703125,3693.25,0,2025-12-29 04:00:00+00:00
1766995200000,3693.25,3719.60009765625,3693.219970703125,3693.219970703125,0,2025-12-29 08:00:00+00:00
1767009600000,3686.739990234375,3718.25,3673.25,3696.85009765625,0,2025-12-29 12:00:00+00:00
1767024000000,3701.199951171875,3747.469970703125,3696.5,3744.27001953125,0,2025-12-29 16:00:00+00:00
1767038400000,3744.27001953125,3747.14990234375,3742.469970703125,3747.14990234375,0,2025-12-29 20:00:00+00:00
1767052800000,3743.39990234375,3747.14990234375,3743.39990234375,3747.14990234375,0,2025-12-30 00:00:00+00:00
1767067200000,3747.14990234375,3747.14990234375,3743.39990234375,3744.300048828125,0,2025-12-30 04:00:00+00:00
1767081600000,3744.300048828125,3744.300048828125,3743.0,3743.0,0,2025-12-30 08:00:00+00:00
1767096000000,3744.27001953125,3782.8701171875,3703.300048828125,3777.050048828125,0,2025-12-30 12:00:00+00:00
1767110400000,3766.10009765625,3797.469970703125,3752.31005859375,3797.469970703125,0,2025-12-30 16:00:00+00:00
1767124800000,3792.469970703125,3792.469970703125,3765.300048828125,3765.300048828125,0,2025-12-30 20:00:00+00:00
1767139200000,3775.590087890625,3775.590087890625,3765.300048828125,3765.300048828125,0,2025-12-31 00:00:00+00:00
1767153600000,3765.300048828125,3775.590087890625,3765.300048828125,3765.590087890625,0,2025-12-31 04:00:00+00:00
1767168000000,3765.590087890625,3775.590087890625,3765.590087890625,3775.590087890625,0,2025-12-31 08:00:00+00:00
1767182400000,3765.56005859375,3783.989990234375,3765.56005859375,3783.989990234375,0,2025-12-31 12:00:00+00:00
1767196800000,3773.590087890625,3773.590087890625,3773.590087890625,3773.590087890625,0,2025-12-31 16:00:00+00:00
1767211200000,3775.590087890625,3775.590087890625,3773.590087890625,3775.590087890625,0,2025-12-31 20:00:00+00:00
1767225600000,3775.590087890625,3775.590087890625,3775.590087890625,3775.590087890625,0,2026-01-01 00:00:00+00:00
1767240000000,3775.590087890625,3775.590087890625,3775.590087890625,3775.590087890625,0,2026-01-01 04:00:00+00:00
1767283200000,3773.590087890625,3775.590087890625,3773.590087890625,3775.590087890625,0,2026-01-01 16:00:00+00:00
1767297600000,3775.590087890625,3775.590087890625,3773.590087890625,3773.590087890625,0,2026-01-01 20:00:00+00:00
1767312000000,3775.590087890625,3775.590087890625,3773.590087890625,3773.590087890625,0,2026-01-02 00:00:00+00:00
1767326400000,3775.590087890625,3775.590087890625,3765.919921875,3765.919921875,0,2026-01-02 04:00:00+00:00
1767340800000,3765.919921875,3775.18994140625,3765.919921875,3775.18994140625,0,2026-01-02 08:00:00+00:00
1767355200000,3765.889892578125,3818.169921875,3753.469970703125,3782.510009765625,0,2026-01-02 12:00:00+00:00
1767369600000,3782.35009765625,3785.43994140625,3759.199951171875,3772.7099609375,0,2026-01-02 16:00:00+00:00
1767384000000,3772.469970703125,3773.409912109375,3767.469970703125,3772.7099609375,0,2026-01-02 20:00:00+00:00
1767571200000,3772.7099609375,3772.7099609375,3772.7099609375,3772.7099609375,0,2026-01-05 00:00:00+00:00
1767585600000,3772.7099609375,3772.7099609375,3771.489990234375,3771.489990234375,0,2026-01-05 04:00:00+00:00
1767600000000,3771.489990234375,3773.010009765625,3771.489990234375,3773.010009765625,0,2026-01-05 08:00:00+00:00
1767614400000,3771.4599609375,3834.969970703125,3757.93994140625,3762.43994140625,0,2026-01-05 12:00:00+00:00
1767628800000,3761.3701171875,3776.949951171875,3727.5,3733.25,0,2026-01-05 16:00:00+00:00
1767643200000,3733.25,3736.64990234375,3722.969970703125,3722.969970703125,0,2026-01-05 20:00:00+00:00
1767657600000,3722.969970703125,3735.89990234375,3722.969970703125,3731.75,0,2026-01-06 00:00:00+00:00
1767672000000,3722.969970703125,3758.419921875,3722.969970703125,3758.419921875,0,2026-01-06 04:00:00+00:00
1767686400000,3758.419921875,3758.419921875,3731.75,3731.75,0,2026-01-06 08:00:00+00:00
1767700800000,3735.89990234375,3762.64990234375,3696.35009765625,3757.340087890625,0,2026-01-06 12:00:00+00:00
1767715200000,3756.530029296875,3756.64990234375,3706.2900390625,3710.969970703125,0,2026-01-06 16:00:00+00:00
1767729600000,3720.469970703125,3722.469970703125,3710.840087890625,3710.840087890625,0,2026-01-06 20:00:00+00:00
1767744000000,3711.18994140625,3713.949951171875,3711.18994140625,3711.300048828125,0,2026-01-07 00:00:00+00:00
1767758400000,3711.18994140625,3722.5,3711.18994140625,3722.5,0,2026-01-07 04:00:00+00:00
1767772800000,3722.5,3722.5,3711.300048828125,3711.300048828125,0,2026-01-07 08:00:00+00:00
1767787200000,3722.469970703125,3769.6298828125,3705.85009765625,3754.77001953125,0,2026-01-07 12:00:00+00:00
1767801600000,3754.68994140625,3758.5,3729.6201171875,3746.969970703125,0,2026-01-07 16:00:00+00:00
1767816000000,3754.469970703125,3763.969970703125,3738.1298828125,3739.570068359375,0,2026-01-07 20:00:00+00:00
1767830400000,3742.280029296875,3754.469970703125,3738.1298828125,3738.1298828125,0,2026-01-08 00:00:00+00:00
1767844800000,3742.280029296875,3747.0,3738.1298828125,3747.0,0,2026-01-08 04:00:00+00:00
1767859200000,3747.0,3747.0,3738.1298828125,3738.1298828125,0,2026-01-08 08:00:00+00:00
1767873600000,3742.280029296875,3758.090087890625,3722.909912109375,3726.25,0,2026-01-08 12:00:00+00:00
1767888000000,3726.31005859375,3727.72998046875,3703.25,3713.0400390625,0,2026-01-08 16:00:00+00:00
1767902400000,3715.010009765625,3715.010009765625,3706.14990234375,3706.14990234375,0,2026-01-08 20:00:00+00:00
1767916800000,3706.14990234375,3710.89990234375,3706.14990234375,3706.14990234375,0,2026-01-09 00:00:00+00:00
1767931200000,3710.89990234375,3720.7900390625,3707.5,3720.7900390625,0,2026-01-09 04:00:00+00:00
1767945600000,3720.7900390625,3720.7900390625,3706.14990234375,3706.14990234375,0,2026-01-09 08:00:00+00:00
1767960000000,3704.8798828125,3730.260009765625,3694.39990234375,3717.81005859375,0,2026-01-09 12:00:00+00:00
1767974400000,3717.919921875,3722.3798828125,3706.85009765625,3714.47998046875,0,2026-01-09 16:00:00+00:00
1767988800000,3711.830078125,3715.25,3711.830078125,3712.469970703125,0,2026-01-09 20:00:00+00:00
1768176000000,3712.5,3712.5,3712.469970703125,3712.469970703125,0,2026-01-12 00:00:00+00:00
1768190400000,3712.5,3712.5,3711.7099609375,3711.7099609375,0,2026-01-12 04:00:00+00:00
1768204800000,3711.7099609375,3714.47998046875,3711.35009765625,3714.47998046875,0,2026-01-12 08:00:00+00:00
1768219200000,3715.25,3715.25,3706.85009765625,3706.85009765625,0,2026-01-12 12:00:00+00:00
1768233600000,3706.85009765625,3715.25,3706.85009765625,3710.969970703125,0,2026-01-12 16:00:00+00:00
1768248000000,3710.969970703125,3715.25,3710.969970703125,3715.25,0,2026-01-12 20:00:00+00:00
1768262400000,3715.25,3715.25,3710.969970703125,3710.969970703125,0,2026-01-13 00:00:00+00:00
1768276800000,3715.25,3715.25,3710.969970703125,3711.0,0,2026-01-13 04:00:00+00:00
1768291200000,3711.0,3714.85009765625,3710.89990234375,3714.85009765625,0,2026-01-13 08:00:00+00:00
1768305600000,3715.25,3715.25,3652.68994140625,3655.239990234375,0,2026-01-13 12:00:00+00:00
1768320000000,3654.06005859375,3669.2099609375,3622.469970703125,3626.929931640625,0,2026-01-13 16:00:00+00:00
1768334400000,3627.699951171875,3649.64990234375,3626.929931640625,3649.64990234375,0,2026-01-13 20:00:00+00:00
1768348800000,3627.699951171875,3649.64990234375,3626.929931640625,3649.64990234375,0,2026-01-14 00:00:00+00:00
1768363200000,3627.699951171875,3645.659912109375,3626.929931640625,3645.659912109375,0,2026-01-14 04:00:00+00:00
1768377600000,3645.659912109375,3645.659912109375,3626.929931640625,3626.929931640625,0,2026-01-14 08:00:00+00:00
1768392000000,3627.699951171875,3668.300048828125,3578.1298828125,3657.60009765625,0,2026-01-14 12:00:00+00:00
1768406400000,3657.610107421875,3681.919921875,3654.2099609375,3677.469970703125,0,2026-01-14 16:00:00+00:00
1768420800000,3676.469970703125,3684.3701171875,3667.469970703125,3678.699951171875,0,2026-01-14 20:00:00+00:00
1768435200000,3678.699951171875,3678.699951171875,3674.239990234375,3674.239990234375,0,2026-01-15 00:00:00+00:00
1768449600000,3681.469970703125,3681.469970703125,3669.0,3669.0,0,2026-01-15 04:00:00+00:00
1768464000000,3669.0,3681.070068359375,3668.89990234375,3678.699951171875,0,2026-01-15 08:00:00+00:00
1768478400000,3681.469970703125,3741.5,3663.489990234375,3688.1201171875,0,2026-01-15 12:00:00+00:00
1768492800000,3688.14990234375,3698.639892578125,3667.0,3687.580078125,0,2026-01-15 16:00:00+00:00
1768507200000,3689.469970703125,3689.469970703125,3682.47998046875,3682.47998046875,0,2026-01-15 20:00:00+00:00
1768521600000,3682.47998046875,3687.389892578125,3682.47998046875,3682.47998046875,0,2026-01-16 00:00:00+00:00
1768536000000,3687.389892578125,3687.389892578125,3683.010009765625,3683.010009765625,0,2026-01-16 04:00:00+00:00
1768550400000,3683.010009765625,3686.989990234375,3683.010009765625,3684.739990234375,0,2026-01-16 08:00:00+00:00
1768564800000,3682.97998046875,3711.72998046875,3643.25,3696.800048828125,0,2026-01-16 12:00:00+00:00
1768579200000,3695.35009765625,3701.22998046875,3683.080078125,3688.75,0,2026-01-16 16:00:00+00:00
1768593600000,3689.469970703125,3692.7900390625,3688.75,3688.75,0,2026-01-16 20:00:00+00:00
1768780800000,3692.7900390625,3692.7900390625,3688.75,3692.7900390625,0,2026-01-19 00:00:00+00:00
1768795200000,3689.969970703125,3692.820068359375,3688.75,3692.7900390625,0,2026-01-19 04:00:00+00:00
1768809600000,3692.820068359375,3692.820068359375,3689.5,3689.5,0,2026-01-19 08:00:00+00:00
1768824000000,3689.89990234375,3692.7900390625,3659.89990234375,3683.389892578125,0,2026-01-19 12:00:00+00:00
1768838400000,3683.929931640625,3683.929931640625,3644.909912109375,3647.06005859375,0,2026-01-19 16:00:00+00:00
1768852800000,3651.969970703125,3652.570068359375,3651.820068359375,3652.570068359375,0,2026-01-19 20:00:00+00:00
1768867200000,3652.570068359375,3652.570068359375,3652.570068359375,3652.570068359375,0,2026-01-20 00:00:00+00:00
1768881600000,3656.5,3656.5,3656.5,3656.5,0,2026-01-20 04:00:00+00:00
1768896000000,3656.5,3656.5,3654.1298828125,3654.1298828125,0,2026-01-20 08:00:00+00:00
1768910400000,3656.469970703125,3703.77001953125,3651.60009765625,3673.550048828125,0,2026-01-20 12:00:00+00:00
1768924800000,3679.969970703125,3683.2099609375,3663.0400390625,3671.0,0,2026-01-20 16:00:00+00:00
1768939200000,3670.969970703125,3680.10009765625,3668.5,3676.300048828125,0,2026-01-20 20:00:00+00:00
1768953600000,3676.300048828125,3676.300048828125,3675.969970703125,3675.969970703125,0,2026-01-21 00:00:00+00:00
1768968000000,3668.5,3671.0,3668.5,3671.0,0,2026-01-21 04:00:00+00:00
1768982400000,3671.0,3671.0,3668.5,3668.5,0,2026-01-21 08:00:00+00:00
1768996800000,3668.5,3702.0,3645.0,3671.719970703125,0,2026-01-21 12:00:00+00:00
1769011200000,3671.85009765625,3676.0,3653.860107421875,3674.0,0,2026-01-21 16:00:00+00:00
1769025600000,3672.85009765625,3674.8701171875,3663.570068359375,3672.449951171875,0,2026-01-21 20:00:00+00:00
1769040000000,3672.85009765625,3672.85009765625,3671.239990234375,3671.239990234375,0,2026-01-22 00:00:00+00:00
1769054400000,3672.85009765625,3674.0,3672.449951171875,3674.0,0,2026-01-22 04:00:00+00:00
1769068800000,3674.0,3674.0,3672.449951171875,3672.85009765625,0,2026-01-22 08:00:00+00:00
1769083200000,3672.449951171875,3676.5,3622.5,3624.18994140625,0,2026-01-22 12:00:00+00:00
1769097600000,3623.919921875,3641.64990234375,3587.610107421875,3596.469970703125,0,2026-01-22 16:00:00+00:00
1769112000000,3596.469970703125,3600.219970703125,3592.469970703125,3599.469970703125,0,2026-01-22 20:00:00+00:00
1769126400000,3609.679931640625,3609.679931640625,3609.679931640625,3609.679931640625,0,2026-01-23 00:00:00+00:00
1769140800000,3609.679931640625,3609.679931640625,3599.0,3599.0,0,2026-01-23 04:00:00+00:00
1769155200000,3599.0,3601.0,3598.89990234375,3599.469970703125,0,2026-01-23 08:00:00+00:00
1769169600000,3599.469970703125,3648.199951171875,3574.0,3625.510009765625,0,2026-01-23 12:00:00+00:00
1769184000000,3627.97998046875,3665.0,3624.860107421875,3638.1298828125,0,2026-01-23 16:00:00+00:00
1769198400000,3643.800048828125,3643.800048828125,3635.64990234375,3636.52001953125,0,2026-01-23 20:00:00+00:00
1769385600000,3636.52001953125,3636.52001953125,3636.52001953125,3636.52001953125,0,2026-01-26 00:00:00+00:00
1769400000000,3636.469970703125,3643.25,3636.469970703125,3640.72998046875,0,2026-01-26 04:00:00+00:00
1769414400000,3640.72998046875,3645.5,3640.72998046875,3643.25,0,2026-01-26 08:00:00+00:00
1769428800000,3640.699951171875,3681.429931640625,3637.169921875,3671.1298828125,0,2026-01-26 12:00:00+00:00
1769443200000,3671.02001953125,3687.469970703125,3655.800048828125,3687.469970703125,0,2026-01-26 16:00:00+00:00
1769457600000,3687.469970703125,3692.469970703125,3672.659912109375,3672.659912109375,0,2026-01-26 20:00:00+00:00
1769472000000,3681.89990234375,3681.89990234375,3673.0,3673.0,0,2026-01-27 00:00:00+00:00
1769486400000,3681.1298828125,3689.0,3681.1298828125,3689.0,0,2026-01-27 04:00:00+00:00
1769500800000,3689.0,3689.0,3681.1298828125,3681.89990234375,0,2026-01-27 08:00:00+00:00
1769515200000,3681.89990234375,3703.25,3644.64990234375,3670.7099609375,0,2026-01-27 12:00:00+00:00
1769529600000,3668.60009765625,3696.070068359375,3624.5,3650.219970703125,0,2026-01-27 16:00:00+00:00
1769544000000,3650.219970703125,3650.219970703125,3619.469970703125,3632.449951171875,0,2026-01-27 20:00:00+00:00
1769558400000,3648.989990234375,3648.989990234375,3632.449951171875,3632.449951171875,0,2026-01-28 00:00:00+00:00
1769572800000,3634.35009765625,3649.340087890625,3632.449951171875,3649.340087890625,0,2026-01-28 04:00:00+00:00
1769587200000,3649.340087890625,3649.340087890625,3632.449951171875,3632.449951171875,0,2026-01-28 08:00:00+00:00
1769601600000,3634.35009765625,3671.1201171875,3611.5,3667.760009765625,0,2026-01-28 12:00:00+00:00
1769616000000,3669.89990234375,3680.75,3653.77001953125,3677.469970703125,0,2026-01-28 16:00:00+00:00
1769630400000,3677.469970703125,3682.27001953125,3669.590087890625,3669.590087890625,0,2026-01-28 20:00:00+00:00
1769644800000,3669.590087890625,3672.449951171875,3669.590087890625,3669.800048828125,0,2026-01-29 00:00:00+00:00
1769659200000,3672.449951171875,3672.449951171875,3667.260009765625,3667.260009765625,0,2026-01-29 04:00:00+00:00
1769673600000,3667.260009765625,3672.050048828125,3667.260009765625,3669.800048828125,0,2026-01-29 08:00:00+00:00
1769688000000,3667.22998046875,3709.75,3639.570068359375,3664.409912109375,0,2026-01-29 12:00:00+00:00
1769702400000,3664.0,3664.47998046875,3636.469970703125,3651.969970703125,0,2026-01-29 16:00:00+00:00
1769716800000,3651.969970703125,3651.969970703125,3626.469970703125,3638.679931640625,0,2026-01-29 20:00:00+00:00
1769731200000,3651.590087890625,3651.590087890625,3638.679931640625,3651.590087890625,0,2026-01-30 00:00:00+00:00
1769745600000,3638.679931640625,3652.0,3638.679931640625,3652.0,0,2026-01-30 04:00:00+00:00
1769760000000,3652.0,3652.0,3636.669921875,3636.669921875,0,2026-01-30 08:00:00+00:00
1769774400000,3636.75,3667.60009765625,3616.75,3656.949951171875,0,2026-01-30 12:00:00+00:00
1770048000000,3630.330078125,3630.330078125,3630.330078125,3630.330078125,0,2026-02-02 16:00:00+00:00
1770062400000,3630.330078125,3630.449951171875,3612.219970703125,3630.010009765625,0,2026-02-02 20:00:00+00:00
1770076800000,3627.699951171875,3628.159912109375,3610.969970703125,3612.2900390625,0,2026-02-03 00:00:00+00:00
1770091200000,3612.2900390625,3628.0,3612.2900390625,3628.0,0,2026-02-03 04:00:00+00:00
1770105600000,3628.0,3628.0,3612.2900390625,3612.2900390625,0,2026-02-03 08:00:00+00:00
1770120000000,3627.969970703125,3636.0400390625,3588.449951171875,3627.5,0,2026-02-03 12:00:00+00:00
1770134400000,3628.419921875,3660.469970703125,3611.760009765625,3657.3701171875,0,2026-02-03 16:00:00+00:00
1770148800000,3657.3701171875,3657.469970703125,3625.570068359375,3625.570068359375,0,2026-02-03 20:00:00+00:00
1770163200000,3629.010009765625,3629.949951171875,3629.010009765625,3629.949951171875,0,2026-02-04 00:00:00+00:00
1770177600000,3629.949951171875,3643.0,3629.949951171875,3643.0,0,2026-02-04 04:00:00+00:00
1770192000000,3643.0,3645.85009765625,3642.89990234375,3645.85009765625,0,2026-02-04 08:00:00+00:00
1770206400000,3642.969970703125,3658.27001953125,3623.52001953125,3643.760009765625,0,2026-02-04 12:00:00+00:00
1770220800000,3645.800048828125,3656.469970703125,3633.610107421875,3648.469970703125,0,2026-02-04 16:00:00+00:00
1770235200000,3644.969970703125,3650.469970703125,3641.389892578125,3641.389892578125,0,2026-02-04 20:00:00+00:00
1770249600000,3641.159912109375,3645.3798828125,3641.0,3645.3798828125,0,2026-02-05 00:00:00+00:00
1770264000000,3648.2900390625,3648.2900390625,3641.0,3641.0,0,2026-02-05 04:00:00+00:00
1770278400000,3641.0,3641.0,3640.89990234375,3640.89990234375,0,2026-02-05 08:00:00+00:00
1770292800000,3640.89990234375,3705.6201171875,3640.89990234375,3695.1298828125,0,2026-02-05 12:00:00+00:00
1770307200000,3692.260009765625,3716.389892578125,3686.860107421875,3689.5,0,2026-02-05 16:00:00+00:00
1770321600000,3687.469970703125,3707.06005859375,3685.469970703125,3699.260009765625,0,2026-02-05 20:00:00+00:00
1770336000000,3699.860107421875,3699.860107421875,3699.860107421875,3699.860107421875,0,2026-02-06 00:00:00+00:00
1770350400000,3705.840087890625,3705.840087890625,3697.0,3697.0,0,2026-02-06 04:00:00+00:00
1770364800000,3697.0,3708.840087890625,3696.89990234375,3706.31005859375,0,2026-02-06 08:00:00+00:00
1770379200000,3705.830078125,3706.31005859375,3650.090087890625,3657.030029296875,0,2026-02-06 12:00:00+00:00
1770393600000,3657.219970703125,3684.050048828125,3653.0400390625,3664.969970703125,0,2026-02-06 16:00:00+00:00
1770408000000,3664.969970703125,3678.2900390625,3656.75,3656.75,0,2026-02-06 20:00:00+00:00
1770595200000,3681.77001953125,3681.77001953125,3681.449951171875,3681.449951171875,0,2026-02-09 00:00:00+00:00
1770609600000,3656.75,3672.6298828125,3656.75,3672.6298828125,0,2026-02-09 04:00:00+00:00
1770624000000,3672.6298828125,3672.6298828125,3656.75,3656.75,0,2026-02-09 08:00:00+00:00
1770638400000,3656.360107421875,3672.60009765625,3630.969970703125,3667.610107421875,0,2026-02-09 12:00:00+00:00
1770652800000,3647.3798828125,3670.929931640625,3644.68994140625,3662.469970703125,0,2026-02-09 16:00:00+00:00
1770667200000,3662.469970703125,3673.179931640625,3661.419921875,3666.469970703125,0,2026-02-09 20:00:00+00:00
1770681600000,3656.139892578125,3672.070068359375,3656.139892578125,3672.070068359375,0,2026-02-10 00:00:00+00:00
1770696000000,3670.56005859375,3670.56005859375,3670.56005859375,3670.56005859375,0,2026-02-10 04:00:00+00:00
1770710400000,3670.56005859375,3670.56005859375,3655.739990234375,3655.739990234375,0,2026-02-10 08:00:00+00:00
1770724800000,3670.530029296875,3671.949951171875,3638.260009765625,3653.679931640625,0,2026-02-10 12:00:00+00:00
1770739200000,3653.590087890625,3669.64990234375,3648.969970703125,3659.60009765625,0,2026-02-10 16:00:00+00:00
1770753600000,3659.60009765625,3667.4599609375,3659.60009765625,3659.75,0,2026-02-10 20:00:00+00:00
1770768000000,3659.75,3660.93994140625,3659.75,3660.93994140625,0,2026-02-11 00:00:00+00:00
1770782400000,3666.949951171875,3666.949951171875,3666.949951171875,3666.949951171875,0,2026-02-11 04:00:00+00:00
1770796800000,3666.949951171875,3668.14990234375,3662.3701171875,3666.64990234375,0,2026-02-11 08:00:00+00:00
1770811200000,3662.3701171875,3677.179931640625,3640.969970703125,3668.919921875,0,2026-02-11 12:00:00+00:00
1770825600000,3669.169921875,3680.800048828125,3652.469970703125,3654.469970703125,0,2026-02-11 16:00:00+00:00
1770840000000,3652.469970703125,3666.18994140625,3652.469970703125,3659.260009765625,0,2026-02-11 20:00:00+00:00
1770854400000,3659.260009765625,3665.969970703125,3659.02001953125,3663.949951171875,0,2026-02-12 00:00:00+00:00
1770868800000,3664.52001953125,3664.52001953125,3664.52001953125,3664.52001953125,0,2026-02-12 04:00:00+00:00
1770883200000,3664.52001953125,3664.52001953125,3664.52001953125,3664.52001953125,0,2026-02-12 08:00:00+00:00
1770897600000,3664.52001953125,3676.449951171875,3645.81005859375,3658.510009765625,0,2026-02-12 12:00:00+00:00
1770912000000,3656.610107421875,3681.10009765625,3656.469970703125,3664.64990234375,0,2026-02-12 16:00:00+00:00
1770926400000,3664.6298828125,3665.469970703125,3660.239990234375,3662.3798828125,0,2026-02-12 20:00:00+00:00
1770940800000,3660.090087890625,3663.159912109375,3659.969970703125,3659.969970703125,0,2026-02-13 00:00:00+00:00
1770955200000,3660.2099609375,3660.2099609375,3660.2099609375,3660.2099609375,0,2026-02-13 04:00:00+00:00
1770969600000,3660.2099609375,3662.77001953125,3660.2099609375,3662.77001953125,0,2026-02-13 08:00:00+00:00
1770984000000,3660.179931640625,3671.199951171875,3632.570068359375,3652.969970703125,0,2026-02-13 12:00:00+00:00
1770998400000,3652.989990234375,3661.760009765625,3639.909912109375,3658.68994140625,0,2026-02-13 16:00:00+00:00
1771012800000,3659.77001953125,3659.77001953125,3647.570068359375,3659.179931640625,0,2026-02-13 20:00:00+00:00
1771200000000,3659.18994140625,3659.18994140625,3659.06005859375,3659.06005859375,0,2026-02-16 00:00:00+00:00
1771214400000,3659.0400390625,3660.27001953125,3651.43994140625,3660.239990234375,0,2026-02-16 04:00:00+00:00
1771228800000,3660.27001953125,3660.27001953125,3651.43994140625,3651.43994140625,0,2026-02-16 08:00:00+00:00
1771243200000,3660.239990234375,3660.239990234375,3642.47998046875,3654.56005859375,0,2026-02-16 12:00:00+00:00
1771257600000,3657.52001953125,3666.469970703125,3650.699951171875,3664.469970703125,0,2026-02-16 16:00:00+00:00
1771272000000,3663.719970703125,3663.719970703125,3659.469970703125,3663.469970703125,0,2026-02-16 20:00:00+00:00
1771286400000,3663.469970703125,3663.469970703125,3657.2900390625,3661.780029296875,0,2026-02-17 00:00:00+00:00
1771300800000,3661.1298828125,3661.919921875,3661.1298828125,3661.919921875,0,2026-02-17 04:00:00+00:00
1771315200000,3661.919921875,3665.6298828125,3661.1298828125,3661.1298828125,0,2026-02-17 08:00:00+00:00
1771329600000,3661.889892578125,3672.02001953125,3654.72998046875,3663.719970703125,0,2026-02-17 12:00:00+00:00
1771344000000,3665.75,3666.449951171875,3643.469970703125,3658.27001953125,0,2026-02-17 16:00:00+00:00
1771358400000,3648.0400390625,3661.2900390625,3646.75,3661.2900390625,0,2026-02-17 20:00:00+00:00
1771372800000,3661.2900390625,3661.2900390625,3644.969970703125,3644.969970703125,0,2026-02-18 00:00:00+00:00
1771387200000,3648.909912109375,3648.909912109375,3647.3701171875,3647.3701171875,0,2026-02-18 04:00:00+00:00
1771401600000,3647.3701171875,3649.280029296875,3647.3701171875,3648.909912109375,0,2026-02-18 08:00:00+00:00
1771416000000,3647.340087890625,3677.22998046875,3632.340087890625,3663.0,0,2026-02-18 12:00:00+00:00
1771430400000,3660.469970703125,3687.469970703125,3659.760009765625,3687.469970703125,0,2026-02-18 16:00:00+00:00
1771444800000,3680.8798828125,3680.8798828125,3665.610107421875,3666.7900390625,0,2026-02-18 20:00:00+00:00
1771459200000,3666.7900390625,3675.0400390625,3666.7900390625,3675.0400390625,0,2026-02-19 00:00:00+00:00
1771473600000,3675.550048828125,3675.550048828125,3675.550048828125,3675.550048828125,0,2026-02-19 04:00:00+00:00
1771488000000,3675.550048828125,3681.469970703125,3675.5,3678.93994140625,0,2026-02-19 08:00:00+00:00
1771502400000,3677.0,3702.85009765625,3673.8798828125,3694.0400390625,0,2026-02-19 12:00:00+00:00
1771516800000,3692.320068359375,3700.3798828125,3679.530029296875,3693.090087890625,0,2026-02-19 16:00:00+00:00
1771531200000,3693.070068359375,3695.6201171875,3685.81005859375,3690.489990234375,0,2026-02-19 20:00:00+00:00
1771545600000,3690.489990234375,3696.02001953125,3689.239990234375,3692.659912109375,0,2026-02-20 00:00:00+00:00
1771560000000,3695.6201171875,3695.6201171875,3692.77001953125,3692.77001953125,0,2026-02-20 04:00:00+00:00
1771574400000,3692.77001953125,3695.6201171875,3692.77001953125,3695.6201171875,0,2026-02-20 08:00:00+00:00
1771588800000,3692.739990234375,3703.93994140625,3664.260009765625,3685.22998046875,0,2026-02-20 12:00:00+00:00
1771603200000,3680.449951171875,3710.469970703125,3679.25,3704.760009765625,0,2026-02-20 16:00:00+00:00
1771617600000,3704.760009765625,3704.760009765625,3699.47998046875,3702.0,0,2026-02-20 20:00:00+00:00
1771804800000,3700.64990234375,3700.64990234375,3694.1298828125,3694.1298828125,0,2026-02-23 00:00:00+00:00
1771819200000,3702.0,3702.0,3691.719970703125,3691.719970703125,0,2026-02-23 04:00:00+00:00
1771833600000,3691.719970703125,3703.5,3691.719970703125,3702.0,0,2026-02-23 08:00:00+00:00
1771848000000,3706.5,3724.0,3678.5,3680.75,0,2026-02-23 12:00:00+00:00
1771862400000,3682.8798828125,3691.760009765625,3679.14990234375,3686.469970703125,0,2026-02-23 16:00:00+00:00
1771876800000,3688.969970703125,3693.969970703125,3679.679931640625,3686.320068359375,0,2026-02-23 20:00:00+00:00
1771891200000,3686.320068359375,3686.330078125,3686.320068359375,3686.330078125,0,2026-02-24 00:00:00+00:00
1771905600000,3685.889892578125,3685.889892578125,3685.889892578125,3685.889892578125,0,2026-02-24 04:00:00+00:00
1771920000000,3685.889892578125,3685.889892578125,3679.679931640625,3679.679931640625,0,2026-02-24 08:00:00+00:00
1771934400000,3680.530029296875,3713.25,3680.530029296875,3700.469970703125,0,2026-02-24 12:00:00+00:00
1771948800000,3703.10009765625,3714.0,3691.469970703125,3705.469970703125,0,2026-02-24 16:00:00+00:00
1771963200000,3705.469970703125,3705.469970703125,3698.570068359375,3701.8701171875,0,2026-02-24 20:00:00+00:00
1771977600000,3701.8701171875,3702.18994140625,3701.669921875,3702.18994140625,0,2026-02-25 00:00:00+00:00
1771992000000,3702.39990234375,3702.39990234375,3701.6201171875,3701.6201171875,0,2026-02-25 04:00:00+00:00
1772006400000,3701.6201171875,3702.39990234375,3701.6201171875,3702.39990234375,0,2026-02-25 08:00:00+00:00
1772020800000,3701.590087890625,3713.419921875,3662.75,3700.25,0,2026-02-25 12:00:00+00:00
1772035200000,3699.97998046875,3705.590087890625,3677.469970703125,3677.469970703125,0,2026-02-25 16:00:00+00:00
1772049600000,3676.469970703125,3694.5,3676.469970703125,3689.97998046875,0,2026-02-25 20:00:00+00:00
1772064000000,3689.97998046875,3693.81005859375,3689.97998046875,3693.81005859375,0,2026-02-26 00:00:00+00:00
1772078400000,3694.56005859375,3697.449951171875,3683.93994140625,3696.340087890625,0,2026-02-26 04:00:00+00:00
1772092800000,3697.449951171875,3697.449951171875,3683.93994140625,3683.93994140625,0,2026-02-26 08:00:00+00:00
1772107200000,3697.419921875,3749.39990234375,3683.35009765625,3747.22998046875,0,2026-02-26 12:00:00+00:00
1772121600000,3747.68994140625,3797.0,3735.760009765625,3760.469970703125,0,2026-02-26 16:00:00+00:00
1772136000000,3760.469970703125,3761.219970703125,3750.820068359375,3750.820068359375,0,2026-02-26 20:00:00+00:00
1772150400000,3749.7099609375,3751.800048828125,3749.7099609375,3751.800048828125,0,2026-02-27 00:00:00+00:00
1772164800000,3751.340087890625,3757.0,3750.830078125,3750.830078125,0,2026-02-27 04:00:00+00:00
1772179200000,3750.830078125,3758.5,3750.830078125,3757.0,0,2026-02-27 08:00:00+00:00
1772193600000,3750.800048828125,3778.5,3743.18994140625,3751.510009765625,0,2026-02-27 12:00:00+00:00
1772208000000,3751.75,3768.469970703125,3746.760009765625,3763.469970703125,0,2026-02-27 16:00:00+00:00
1772222400000,3765.469970703125,3765.469970703125,3748.469970703125,3748.469970703125,0,2026-02-27 20:00:00+00:00
1772409600000,3759.89990234375,3765.39990234375,3748.949951171875,3749.72998046875,0,2026-03-02 00:00:00+00:00
1772424000000,3749.72998046875,3766.5,3748.469970703125,3766.5,0,2026-03-02 04:00:00+00:00
1772438400000,3766.5,3766.5,3747.610107421875,3747.889892578125,0,2026-03-02 08:00:00+00:00
1772452800000,3796.25,3796.25,3747.610107421875,3758.590087890625,0,2026-03-02 12:00:00+00:00
1772467200000,3760.050048828125,3768.800048828125,3744.860107421875,3747.469970703125,0,2026-03-02 16:00:00+00:00
1772481600000,3747.469970703125,3761.64990234375,3739.719970703125,3757.969970703125,0,2026-03-02 20:00:00+00:00
1772496000000,3757.969970703125,3763.449951171875,3756.35009765625,3756.35009765625,0,2026-03-03 00:00:00+00:00
1772510400000,3755.489990234375,3755.489990234375,3755.489990234375,3755.489990234375,0,2026-03-03 04:00:00+00:00
1772524800000,3755.489990234375,3755.489990234375,3746.25,3746.25,0,2026-03-03 08:00:00+00:00
1772539200000,3746.25,3824.050048828125,3739.9599609375,3804.5,0,2026-03-03 12:00:00+00:00
1772553600000,3806.550048828125,3807.47998046875,3780.2099609375,3788.070068359375,0,2026-03-03 16:00:00+00:00
1772568000000,3787.85009765625,3807.469970703125,3785.1201171875,3791.8798828125,0,2026-03-03 20:00:00+00:00
1772582400000,3786.169921875,3799.110107421875,3784.969970703125,3786.89990234375,0,2026-03-04 00:00:00+00:00
1772596800000,3799.75,3799.75,3790.02001953125,3790.02001953125,0,2026-03-04 04:00:00+00:00
1772611200000,3790.02001953125,3801.25,3789.989990234375,3789.989990234375,0,2026-03-04 08:00:00+00:00
1772625600000,3797.22998046875,3801.77001953125,3733.919921875,3744.89990234375,0,2026-03-04 12:00:00+00:00
1772640000000,3743.14990234375,3756.590087890625,3728.070068359375,3749.719970703125,0,2026-03-04 16:00:00+00:00
1772654400000,3749.719970703125,3749.719970703125,3743.969970703125,3743.969970703125,0,2026-03-04 20:00:00+00:00
1772668800000,3743.969970703125,3743.969970703125,3743.969970703125,3743.969970703125,0,2026-03-05 00:00:00+00:00
1772683200000,3743.969970703125,3745.239990234375,3743.5,3743.5,0,2026-03-05 04:00:00+00:00
1772697600000,3743.5,3743.5,3743.5,3743.5,0,2026-03-05 08:00:00+00:00
1772712000000,3743.5,3768.5,3727.7900390625,3760.89990234375,0,2026-03-05 12:00:00+00:00
1772726400000,3762.8701171875,3786.699951171875,3758.7099609375,3768.85009765625,0,2026-03-05 16:00:00+00:00
1772740800000,3768.989990234375,3777.469970703125,3764.469970703125,3770.419921875,0,2026-03-05 20:00:00+00:00
1772755200000,3768.77001953125,3772.590087890625,3768.679931640625,3771.510009765625,0,2026-03-06 00:00:00+00:00
1772769600000,3769.800048828125,3772.659912109375,3769.800048828125,3771.010009765625,0,2026-03-06 04:00:00+00:00
1772784000000,3771.010009765625,3772.719970703125,3769.800048828125,3772.719970703125,0,2026-03-06 08:00:00+00:00
1772798400000,3772.719970703125,3827.60009765625,3769.6201171875,3793.169921875,0,2026-03-06 12:00:00+00:00
1772812800000,3793.669921875,3796.989990234375,3771.0,3772.169921875,0,2026-03-06 16:00:00+00:00
1772827200000,3780.64990234375,3781.010009765625,3768.969970703125,3772.909912109375,0,2026-03-06 20:00:00+00:00
1773014400000,3772.929931640625,3773.300048828125,3771.8701171875,3771.8701171875,0,2026-03-09 00:00:00+00:00
1773028800000,3771.300048828125,3771.89990234375,3771.300048828125,3771.89990234375,0,2026-03-09 04:00:00+00:00
1773043200000,3771.89990234375,3773.550048828125,3771.300048828125,3771.610107421875,0,2026-03-09 08:00:00+00:00
1773057600000,3771.429931640625,3790.260009765625,3726.300048828125,3736.64990234375,0,2026-03-09 12:00:00+00:00
1773072000000,3739.530029296875,3764.25,3730.919921875,3742.469970703125,0,2026-03-09 16:00:00+00:00
1773086400000,3742.469970703125,3764.159912109375,3740.550048828125,3749.330078125,0,2026-03-09 20:00:00+00:00
1773100800000,3749.719970703125,3750.72998046875,3739.969970703125,3750.080078125,0,2026-03-10 00:00:00+00:00
1773115200000,3749.139892578125,3764.159912109375,3749.110107421875,3750.75,0,2026-03-10 04:00:00+00:00
1773129600000,3750.75,3764.159912109375,3750.68994140625,3750.68994140625,0,2026-03-10 08:00:00+00:00
1773144000000,3738.5,3764.159912109375,3698.4599609375,3705.949951171875,0,2026-03-10 12:00:00+00:00
1773158400000,3703.360107421875,3711.75,3690.25,3700.469970703125,0,2026-03-10 16:00:00+00:00
1773172800000,3700.469970703125,3708.75,3694.820068359375,3707.47998046875,0,2026-03-10 20:00:00+00:00
1773187200000,3707.81005859375,3708.60009765625,3700.18994140625,3708.60009765625,0,2026-03-11 00:00:00+00:00
1773201600000,3708.080078125,3708.080078125,3708.080078125,3708.080078125,0,2026-03-11 04:00:00+00:00
1773216000000,3708.080078125,3708.080078125,3695.969970703125,3695.969970703125,0,2026-03-11 08:00:00+00:00
1773230400000,3708.639892578125,3710.27001953125,3668.77001953125,3676.050048828125,0,2026-03-11 12:00:00+00:00
1773244800000,3676.10009765625,3705.18994140625,3669.77001953125,3705.18994140625,0,2026-03-11 16:00:00+00:00
1773259200000,3700.739990234375,3705.469970703125,3690.469970703125,3700.72998046875,0,2026-03-11 20:00:00+00:00
1773273600000,3700.739990234375,3700.739990234375,3698.6201171875,3698.929931640625,0,2026-03-12 00:00:00+00:00
1773288000000,3698.97998046875,3698.97998046875,3698.97998046875,3698.97998046875,0,2026-03-12 04:00:00+00:00
1773302400000,3698.97998046875,3700.64990234375,3698.889892578125,3699.929931640625,0,2026-03-12 08:00:00+00:00
1773316800000,3700.39990234375,3767.75,3670.719970703125,3685.0,0,2026-03-12 12:00:00+00:00
1773331200000,3685.5,3695.5,3674.969970703125,3676.469970703125,0,2026-03-12 16:00:00+00:00
1773345600000,3677.469970703125,3683.449951171875,3677.469970703125,3679.469970703125,0,2026-03-12 20:00:00+00:00
1773360000000,3679.469970703125,3679.469970703125,3679.469970703125,3679.469970703125,0,2026-03-13 00:00:00+00:00
1773374400000,3677.5,3677.5,3677.5,3677.5,0,2026-03-13 04:00:00+00:00
1773388800000,3677.5,3683.050048828125,3677.5,3683.050048828125,0,2026-03-13 08:00:00+00:00
1773403200000,3677.5,3713.409912109375,3651.6201171875,3705.280029296875,0,2026-03-13 12:00:00+00:00
1773417600000,3708.679931640625,3712.8798828125,3692.6298828125,3700.260009765625,0,2026-03-13 16:00:00+00:00
1773432000000,3699.8798828125,3700.610107421875,3693.050048828125,3697.429931640625,0,2026-03-13 20:00:00+00:00
1773619200000,3694.35009765625,3695.56005859375,3694.35009765625,3695.56005859375,0,2026-03-16 00:00:00+00:00
1773633600000,3695.6298828125,3698.610107421875,3693.050048828125,3698.610107421875,0,2026-03-16 04:00:00+00:00
1773648000000,3698.610107421875,3698.610107421875,3693.050048828125,3694.27001953125,0,2026-03-16 08:00:00+00:00
1773662400000,3694.27001953125,3700.6298828125,3658.679931640625,3692.6201171875,0,2026-03-16 12:00:00+00:00
1773676800000,3697.0,3703.780029296875,3687.669921875,3696.469970703125,0,2026-03-16 16:00:00+00:00
1773691200000,3694.5,3695.780029296875,3687.469970703125,3694.6201171875,0,2026-03-16 20:00:00+00:00
1773705600000,3693.949951171875,3695.510009765625,3693.949951171875,3694.429931640625,0,2026-03-17 00:00:00+00:00
1773720000000,3695.489990234375,3695.489990234375,3695.489990234375,3695.489990234375,0,2026-03-17 04:00:00+00:00
1773734400000,3695.489990234375,3697.280029296875,3694.5,3694.5,0,2026-03-17 08:00:00+00:00
1773748800000,3694.5,3703.3701171875,3674.8701171875,3689.169921875,0,2026-03-17 12:00:00+00:00
1773763200000,3691.949951171875,3697.669921875,3682.9599609375,3690.469970703125,0,2026-03-17 16:00:00+00:00
1773777600000,3693.5400390625,3693.5400390625,3691.219970703125,3692.72998046875,0,2026-03-17 20:00:00+00:00
1773792000000,3691.639892578125,3691.639892578125,3690.2900390625,3690.2900390625,0,2026-03-18 00:00:00+00:00
1773806400000,3691.31005859375,3691.31005859375,3690.1298828125,3690.1298828125,0,2026-03-18 04:00:00+00:00
1773820800000,3690.1298828125,3692.06005859375,3689.280029296875,3689.8798828125,0,2026-03-18 08:00:00+00:00
1773835200000,3691.31005859375,3710.860107421875,3689.280029296875,3703.590087890625,0,2026-03-18 12:00:00+00:00
1773849600000,3703.3701171875,3706.360107421875,3689.469970703125,3693.02001953125,0,2026-03-18 16:00:00+00:00
1773864000000,3692.949951171875,3702.469970703125,3688.820068359375,3691.510009765625,0,2026-03-18 20:00:00+00:00
1773878400000,3691.449951171875,3698.18994140625,3691.449951171875,3693.25,0,2026-03-19 00:00:00+00:00
1773892800000,3693.18994140625,3699.409912109375,3693.18994140625,3699.409912109375,0,2026-03-19 04:00:00+00:00
1773907200000,3699.409912109375,3699.409912109375,3689.610107421875,3695.320068359375,0,2026-03-19 08:00:00+00:00
1773921600000,3698.68994140625,3715.159912109375,3680.0400390625,3685.43994140625,0,2026-03-19 12:00:00+00:00
1773936000000,3687.760009765625,3697.85009765625,3670.47998046875,3683.97998046875,0,2026-03-19 16:00:00+00:00
1773950400000,3683.7900390625,3690.580078125,3661.969970703125,3684.25,0,2026-03-19 20:00:00+00:00
1773964800000,3683.820068359375,3687.050048828125,3683.820068359375,3684.360107421875,0,2026-03-20 00:00:00+00:00
1773979200000,3684.2099609375,3686.239990234375,3684.2099609375,3686.239990234375,0,2026-03-20 04:00:00+00:00
1773993600000,3686.239990234375,3686.360107421875,3673.75,3685.1298828125,0,2026-03-20 08:00:00+00:00
1774008000000,3685.1298828125,3710.909912109375,3676.6298828125,3704.179931640625,0,2026-03-20 12:00:00+00:00
1774022400000,3704.239990234375,3716.25,3691.550048828125,3694.7900390625,0,2026-03-20 16:00:00+00:00
1774036800000,3715.909912109375,3715.909912109375,3694.489990234375,3715.909912109375,0,2026-03-20 20:00:00+00:00
1774224000000,3694.360107421875,3694.360107421875,3694.360107421875,3694.360107421875,0,2026-03-23 00:00:00+00:00
1774238400000,3715.909912109375,3715.909912109375,3694.10009765625,3694.10009765625,0,2026-03-23 04:00:00+00:00
1774252800000,3694.10009765625,3716.659912109375,3694.070068359375,3715.110107421875,0,2026-03-23 08:00:00+00:00
1774267200000,3708.4599609375,3708.969970703125,3703.06005859375,3707.47998046875,0,2026-03-23 12:00:00+00:00
1774281600000,3707.719970703125,3707.85009765625,3705.340087890625,3707.27001953125,0,2026-03-23 16:00:00+00:00
1774296000000,3707.260009765625,3709.219970703125,3702.030029296875,3707.679931640625,0,2026-03-23 20:00:00+00:00
1774310400000,3707.679931640625,3709.239990234375,3706.969970703125,3709.22998046875,0,2026-03-24 00:00:00+00:00
1774324800000,3709.239990234375,3709.27001953125,3709.239990234375,3709.27001953125,0,2026-03-24 04:00:00+00:00
1774339200000,3709.27001953125,3709.27001953125,3698.5,3698.5,0,2026-03-24 08:00:00+00:00
1774353600000,3708.7900390625,3715.52001953125,3690.800048828125,3696.68994140625,0,2026-03-24 12:00:00+00:00
1774368000000,3698.090087890625,3707.330078125,3676.8798828125,3701.510009765625,0,2026-03-24 16:00:00+00:00
1774382400000,3706.699951171875,3708.050048828125,3676.8798828125,3700.300048828125,0,2026-03-24 20:00:00+00:00
1774396800000,3700.300048828125,3703.969970703125,3700.300048828125,3701.570068359375,0,2026-03-25 00:00:00+00:00
1774411200000,3701.570068359375,3701.570068359375,3676.8798828125,3701.22998046875,0,2026-03-25 04:00:00+00:00
1774425600000,3701.22998046875,3701.22998046875,3676.8798828125,3676.8798828125,0,2026-03-25 08:00:00+00:00
1774440000000,3701.199951171875,3729.0,3673.0,3683.699951171875,0,2026-03-25 12:00:00+00:00
1774454400000,3683.7099609375,3702.860107421875,3676.699951171875,3697.889892578125,0,2026-03-25 16:00:00+00:00
1774468800000,3678.0,3697.909912109375,3678.0,3692.260009765625,0,2026-03-25 20:00:00+00:00
1774483200000,3692.6201171875,3701.969970703125,3692.6201171875,3695.239990234375,0,2026-03-26 00:00:00+00:00
1774497600000,3695.239990234375,3695.239990234375,3678.0,3694.81005859375,0,2026-03-26 04:00:00+00:00
1774512000000,3694.81005859375,3694.81005859375,3678.0,3678.0,0,2026-03-26 08:00:00+00:00
1774526400000,3691.64990234375,3701.969970703125,3658.3701171875,3670.39990234375,0,2026-03-26 12:00:00+00:00
1774540800000,3670.89990234375,3688.330078125,3667.60009765625,3682.090087890625,0,2026-03-26 16:00:00+00:00
1774555200000,3681.739990234375,3682.3701171875,3671.969970703125,3678.22998046875,0,2026-03-26 20:00:00+00:00
1774569600000,3678.22998046875,3680.590087890625,3678.02001953125,3679.10009765625,0,2026-03-27 00:00:00+00:00
1774584000000,3678.93994140625,3678.93994140625,3678.93994140625,3678.93994140625,0,2026-03-27 04:00:00+00:00
1774598400000,3678.93994140625,3679.10009765625,3673.0,3678.909912109375,0,2026-03-27 08:00:00+00:00
1774612800000,3679.1201171875,3689.0,3651.0,3668.5,0,2026-03-27 12:00:00+00:00
1774627200000,3668.39990234375,3682.969970703125,3657.219970703125,3671.389892578125,0,2026-03-27 16:00:00+00:00
1774641600000,3664.469970703125,3671.75,3663.6298828125,3663.6298828125,0,2026-03-27 20:00:00+00:00
1774828800000,3671.52001953125,3671.52001953125,3671.409912109375,3671.409912109375,0,2026-03-30 00:00:00+00:00
1774843200000,3671.47998046875,3671.47998046875,3663.6298828125,3668.889892578125,0,2026-03-30 04:00:00+00:00
1774857600000,3669.3701171875,3669.840087890625,3661.669921875,3661.669921875,0,2026-03-30 08:00:00+00:00
1774872000000,3657.580078125,3676.820068359375,3657.580078125,3669.0,0,2026-03-30 12:00:00+00:00
1774886400000,3669.030029296875,3671.969970703125,3664.449951171875,3665.469970703125,0,2026-03-30 16:00:00+00:00
1774900800000,3671.56005859375,3671.8701171875,3652.820068359375,3658.320068359375,0,2026-03-30 20:00:00+00:00
1774915200000,3658.39990234375,3666.989990234375,3658.39990234375,3666.969970703125,0,2026-03-31 00:00:00+00:00
1774929600000,3666.659912109375,3667.0,3666.449951171875,3666.60009765625,0,2026-03-31 04:00:00+00:00
1774944000000,3666.97998046875,3669.3798828125,3666.47998046875,3666.800048828125,0,2026-03-31 08:00:00+00:00
1774958400000,3666.1298828125,3668.6298828125,3641.0,3655.14990234375,0,2026-03-31 12:00:00+00:00
1774972800000,3657.60009765625,3676.469970703125,3646.10009765625,3664.969970703125,0,2026-03-31 16:00:00+00:00
1774987200000,3664.969970703125,3672.929931640625,3660.02001953125,3666.06005859375,0,2026-03-31 20:00:00+00:00
1775001600000,3665.570068359375,3666.449951171875,3665.570068359375,3666.320068359375,0,2026-04-01 00:00:00+00:00
1775016000000,3672.929931640625,3672.929931640625,3665.60009765625,3665.60009765625,0,2026-04-01 04:00:00+00:00
1775030400000,3665.60009765625,3676.679931640625,3665.52001953125,3665.570068359375,0,2026-04-01 08:00:00+00:00
1775044800000,3666.050048828125,3697.2099609375,3659.639892578125,3660.409912109375,0,2026-04-01 12:00:00+00:00
1775059200000,3659.25,3666.43994140625,3644.89990234375,3661.760009765625,0,2026-04-01 16:00:00+00:00
1775073600000,3661.8701171875,3666.14990234375,3646.969970703125,3666.080078125,0,2026-04-01 20:00:00+00:00
1775088000000,3666.080078125,3666.080078125,3655.830078125,3666.080078125,0,2026-04-02 00:00:00+00:00
1775102400000,3666.070068359375,3666.97998046875,3664.949951171875,3664.949951171875,0,2026-04-02 04:00:00+00:00
1775116800000,3665.070068359375,3665.070068359375,3646.969970703125,3646.969970703125,0,2026-04-02 08:00:00+00:00
1775131200000,3664.949951171875,3665.050048828125,3654.969970703125,3655.0,0,2026-04-02 12:00:00+00:00
1775145600000,3656.89990234375,3665.1298828125,3652.929931640625,3653.06005859375,0,2026-04-02 16:00:00+00:00
1775174400000,3664.110107421875,3665.159912109375,3653.699951171875,3665.159912109375,0,2026-04-03 00:00:00+00:00
1775188800000,3665.22998046875,3665.22998046875,3665.22998046875,3665.22998046875,0,2026-04-03 04:00:00+00:00
1775203200000,3665.22998046875,3665.22998046875,3648.469970703125,3665.139892578125,0,2026-04-03 08:00:00+00:00
1775217600000,3665.139892578125,3665.139892578125,3662.320068359375,3664.139892578125,0,2026-04-03 12:00:00+00:00
1775232000000,3664.139892578125,3665.8701171875,3663.969970703125,3665.8701171875,0,2026-04-03 16:00:00+00:00
1775246400000,3665.8701171875,3665.8701171875,3665.8701171875,3665.8701171875,0,2026-04-03 20:00:00+00:00
1775419200000,3665.139892578125,3665.139892578125,3665.139892578125,3665.139892578125,0,2026-04-05 20:00:00+00:00
1775433600000,3665.139892578125,3665.31005859375,3664.31005859375,3665.31005859375,0,2026-04-06 00:00:00+00:00
1775448000000,3665.31005859375,3665.31005859375,3665.31005859375,3665.31005859375,0,2026-04-06 04:00:00+00:00
1775462400000,3665.31005859375,3665.820068359375,3665.280029296875,3665.820068359375,0,2026-04-06 08:00:00+00:00
1775476800000,3665.219970703125,3669.39990234375,3638.260009765625,3666.2099609375,0,2026-04-06 12:00:00+00:00
1775491200000,3666.89990234375,3684.0,3666.280029296875,3679.469970703125,0,2026-04-06 16:00:00+00:00
1775505600000,3681.419921875,3681.469970703125,3671.4599609375,3671.4599609375,0,2026-04-06 20:00:00+00:00
1775520000000,3671.4599609375,3674.199951171875,3669.489990234375,3669.489990234375,0,2026-04-07 00:00:00+00:00
1775534400000,3673.739990234375,3673.739990234375,3673.739990234375,3673.739990234375,0,2026-04-07 04:00:00+00:00
1775548800000,3673.739990234375,3682.110107421875,3669.580078125,3671.830078125,0,2026-04-07 08:00:00+00:00
1775563200000,3671.830078125,3687.06005859375,3666.6298828125,3675.199951171875,0,2026-04-07 12:00:00+00:00
1775577600000,3677.39990234375,3679.969970703125,3670.659912109375,3670.969970703125,0,2026-04-07 16:00:00+00:00
1775592000000,3673.590087890625,3677.090087890625,3664.469970703125,3677.050048828125,0,2026-04-07 20:00:00+00:00
1775606400000,3675.639892578125,3677.1298828125,3674.909912109375,3676.6298828125,0,2026-04-08 00:00:00+00:00
1775620800000,3677.1298828125,3677.179931640625,3674.8798828125,3677.1298828125,0,2026-04-08 04:00:00+00:00
1775635200000,3676.64990234375,3677.320068359375,3674.6201171875,3677.320068359375,0,2026-04-08 08:00:00+00:00
1775649600000,3675.360107421875,3677.419921875,3628.550048828125,3637.219970703125,0,2026-04-08 12:00:00+00:00
1775664000000,3637.27001953125,3645.590087890625,3631.969970703125,3636.97998046875,0,2026-04-08 16:00:00+00:00
1775678400000,3642.8701171875,3662.469970703125,3634.2099609375,3634.530029296875,0,2026-04-08 20:00:00+00:00
1775692800000,3635.2099609375,3643.280029296875,3631.969970703125,3642.969970703125,0,2026-04-09 00:00:00+00:00
1775707200000,3642.969970703125,3643.169921875,3638.02001953125,3642.989990234375,0,2026-04-09 04:00:00+00:00
1775721600000,3642.989990234375,3643.139892578125,3638.389892578125,3643.139892578125,0,2026-04-09 08:00:00+00:00
1775736000000,3643.139892578125,3669.219970703125,3631.64990234375,3644.0,0,2026-04-09 12:00:00+00:00
1775750400000,3643.030029296875,3654.10009765625,3635.0,3650.469970703125,0,2026-04-09 16:00:00+00:00
1775764800000,3649.469970703125,3649.469970703125,3641.5,3646.409912109375,0,2026-04-09 20:00:00+00:00
1775779200000,3646.409912109375,3646.419921875,3644.969970703125,3646.419921875,0,2026-04-10 00:00:00+00:00
1775793600000,3645.3701171875,3646.510009765625,3641.5,3646.510009765625,0,2026-04-10 04:00:00+00:00
1775808000000,3646.510009765625,3646.510009765625,3639.77001953125,3646.360107421875,0,2026-04-10 08:00:00+00:00
1775822400000,3646.31005859375,3646.31005859375,3621.1298828125,3633.52001953125,0,2026-04-10 12:00:00+00:00
1775836800000,3634.02001953125,3641.9599609375,3626.719970703125,3631.469970703125,0,2026-04-10 16:00:00+00:00
1775851200000,3631.719970703125,3640.2099609375,3631.719970703125,3640.2099609375,0,2026-04-10 20:00:00+00:00
1776024000000,3636.2099609375,3636.2099609375,3636.2099609375,3636.2099609375,0,2026-04-12 20:00:00+00:00
1776038400000,3636.2099609375,3637.389892578125,3636.2099609375,3637.389892578125,0,2026-04-13 00:00:00+00:00
1776052800000,3637.389892578125,3637.389892578125,3637.389892578125,3637.389892578125,0,2026-04-13 04:00:00+00:00
1776067200000,3637.389892578125,3637.389892578125,3633.429931640625,3637.25,0,2026-04-13 08:00:00+00:00
1776081600000,3637.25,3642.93994140625,3599.0,3602.60009765625,0,2026-04-13 12:00:00+00:00
1776096000000,3603.610107421875,3604.300048828125,3583.02001953125,3585.469970703125,0,2026-04-13 16:00:00+00:00
1776110400000,3596.25,3602.050048828125,3583.85009765625,3602.050048828125,0,2026-04-13 20:00:00+00:00
1776124800000,3591.389892578125,3600.419921875,3590.25,3592.969970703125,0,2026-04-14 00:00:00+00:00
1776139200000,3583.85009765625,3600.580078125,3583.85009765625,3591.610107421875,0,2026-04-14 04:00:00+00:00
1776153600000,3591.919921875,3591.919921875,3583.02001953125,3583.02001953125,0,2026-04-14 08:00:00+00:00
1776168000000,3599.85009765625,3600.25,3548.25,3572.75,0,2026-04-14 12:00:00+00:00
1776182400000,3572.300048828125,3592.489990234375,3556.85009765625,3578.530029296875,0,2026-04-14 16:00:00+00:00
1776196800000,3578.72998046875,3589.22998046875,3578.35009765625,3580.449951171875,0,2026-04-14 20:00:00+00:00
1776211200000,3589.969970703125,3589.969970703125,3582.139892578125,3582.139892578125,0,2026-04-15 00:00:00+00:00
1776225600000,3580.909912109375,3581.360107421875,3579.760009765625,3581.360107421875,0,2026-04-15 04:00:00+00:00
1776240000000,3581.360107421875,3581.360107421875,3578.580078125,3578.580078125,0,2026-04-15 08:00:00+00:00
1776254400000,3578.580078125,3613.5,3567.39990234375,3612.550048828125,0,2026-04-15 12:00:00+00:00
1776268800000,3612.52001953125,3615.760009765625,3599.85009765625,3607.5,0,2026-04-15 16:00:00+00:00
1776283200000,3606.949951171875,3627.469970703125,3602.340087890625,3607.68994140625,0,2026-04-15 20:00:00+00:00
1776297600000,3605.31005859375,3612.969970703125,3604.469970703125,3609.389892578125,0,2026-04-16 00:00:00+00:00
1776312000000,3608.14990234375,3610.110107421875,3608.14990234375,3610.110107421875,0,2026-04-16 04:00:00+00:00
1776326400000,3610.110107421875,3610.110107421875,3608.14990234375,3608.14990234375,0,2026-04-16 08:00:00+00:00
1776340800000,3609.389892578125,3622.52001953125,3599.5,3611.1298828125,0,2026-04-16 12:00:00+00:00
1776355200000,3618.18994140625,3621.429931640625,3598.199951171875,3607.47998046875,0,2026-04-16 16:00:00+00:00
1776369600000,3603.469970703125,3610.429931640625,3596.469970703125,3606.969970703125,0,2026-04-16 20:00:00+00:00
1776384000000,3606.969970703125,3608.669921875,3606.969970703125,3607.969970703125,0,2026-04-17 00:00:00+00:00
1776398400000,3607.969970703125,3610.639892578125,3602.429931640625,3610.639892578125,0,2026-04-17 04:00:00+00:00
1776412800000,3610.639892578125,3610.639892578125,3602.429931640625,3602.429931640625,0,2026-04-17 08:00:00+00:00
1776427200000,3607.969970703125,3611.2900390625,3571.39990234375,3589.02001953125,0,2026-04-17 12:00:00+00:00
1776441600000,3589.27001953125,3607.969970703125,3578.300048828125,3581.25,0,2026-04-17 16:00:00+00:00
1776456000000,3601.969970703125,3601.969970703125,3581.25,3601.969970703125,0,2026-04-17 20:00:00+00:00
1776628800000,3602.75,3602.800048828125,3602.75,3602.800048828125,0,2026-04-19 20:00:00+00:00
1776643200000,3602.75,3603.419921875,3602.719970703125,3603.419921875,0,2026-04-20 00:00:00+00:00
1776657600000,3603.419921875,3603.419921875,3596.340087890625,3603.389892578125,0,2026-04-20 04:00:00+00:00
1776672000000,3596.340087890625,3596.340087890625,3581.25,3581.25,0,2026-04-20 08:00:00+00:00
1776686400000,3603.389892578125,3603.389892578125,3570.5,3572.8701171875,0,2026-04-20 12:00:00+00:00
1776700800000,3575.81005859375,3579.72998046875,3559.60009765625,3567.219970703125,0,2026-04-20 16:00:00+00:00
1776715200000,3574.969970703125,3577.0,3567.6298828125,3572.5,0,2026-04-20 20:00:00+00:00
1776729600000,3572.5,3574.969970703125,3569.409912109375,3571.610107421875,0,2026-04-21 00:00:00+00:00
1776744000000,3569.409912109375,3571.14990234375,3569.409912109375,3571.14990234375,0,2026-04-21 04:00:00+00:00
1776758400000,3571.14990234375,3571.610107421875,3569.409912109375,3571.610107421875,0,2026-04-21 08:00:00+00:00
1776772800000,3571.610107421875,3580.239990234375,3555.830078125,3575.419921875,0,2026-04-21 12:00:00+00:00
1776787200000,3574.81005859375,3586.159912109375,3572.320068359375,3584.4599609375,0,2026-04-21 16:00:00+00:00
1776801600000,3584.4599609375,3584.469970703125,3570.919921875,3572.6201171875,0,2026-04-21 20:00:00+00:00
1776816000000,3572.6201171875,3581.969970703125,3572.6201171875,3574.280029296875,0,2026-04-22 00:00:00+00:00
1776830400000,3576.14990234375,3576.14990234375,3576.14990234375,3576.14990234375,0,2026-04-22 04:00:00+00:00
1776844800000,3576.14990234375,3576.75,3574.280029296875,3576.75,0,2026-04-22 08:00:00+00:00
1776859200000,3576.1201171875,3586.699951171875,3563.2900390625,3566.860107421875,0,2026-04-22 12:00:00+00:00
1776873600000,3567.469970703125,3571.60009765625,3554.5400390625,3566.97998046875,0,2026-04-22 16:00:00+00:00
1776888000000,3555.469970703125,3565.1201171875,3555.469970703125,3565.1201171875,0,2026-04-22 20:00:00+00:00
1776902400000,3565.1201171875,3565.389892578125,3559.56005859375,3559.56005859375,0,2026-04-23 00:00:00+00:00
1776916800000,3558.199951171875,3558.7900390625,3558.199951171875,3558.7900390625,0,2026-04-23 04:00:00+00:00
1776931200000,3558.7900390625,3559.699951171875,3558.199951171875,3558.199951171875,0,2026-04-23 08:00:00+00:00
1776945600000,3568.260009765625,3568.260009765625,3548.179931640625,3560.85009765625,0,2026-04-23 12:00:00+00:00
1776960000000,3564.570068359375,3566.3798828125,3549.5,3558.219970703125,0,2026-04-23 16:00:00+00:00
1776974400000,3558.969970703125,3560.780029296875,3556.449951171875,3560.530029296875,0,2026-04-23 20:00:00+00:00
1776988800000,3560.530029296875,3560.969970703125,3559.35009765625,3559.35009765625,0,2026-04-24 00:00:00+00:00
1777003200000,3556.449951171875,3560.06005859375,3556.449951171875,3560.030029296875,0,2026-04-24 04:00:00+00:00
1777017600000,3559.360107421875,3559.360107421875,3556.449951171875,3556.449951171875,0,2026-04-24 08:00:00+00:00
1777032000000,3558.449951171875,3561.0,3530.659912109375,3546.010009765625,0,2026-04-24 12:00:00+00:00
1777046400000,3556.389892578125,3558.64990234375,3545.969970703125,3554.5400390625,0,2026-04-24 16:00:00+00:00
1777060800000,3554.719970703125,3554.77001953125,3553.969970703125,3553.969970703125,0,2026-04-24 20:00:00+00:00
1777248000000,3552.449951171875,3552.449951171875,3551.949951171875,3551.949951171875,0,2026-04-27 00:00:00+00:00
1777262400000,3554.77001953125,3554.77001953125,3552.419921875,3552.419921875,0,2026-04-27 04:00:00+00:00
1777276800000,3552.419921875,3554.780029296875,3552.419921875,3554.780029296875,0,2026-04-27 08:00:00+00:00
1777291200000,3554.77001953125,3594.659912109375,3547.5,3589.8701171875,0,2026-04-27 12:00:00+00:00
1777305600000,3589.89990234375,3642.4599609375,3560.330078125,3629.6298828125,0,2026-04-27 16:00:00+00:00
1777320000000,3633.469970703125,3636.469970703125,3624.469970703125,3632.469970703125,0,2026-04-27 20:00:00+00:00
1777334400000,3632.469970703125,3632.469970703125,3630.7099609375,3630.7099609375,0,2026-04-28 00:00:00+00:00
1777348800000,3636.469970703125,3636.469970703125,3630.699951171875,3630.699951171875,0,2026-04-28 04:00:00+00:00
1777363200000,3630.699951171875,3637.0,3630.669921875,3634.360107421875,0,2026-04-28 08:00:00+00:00
1777377600000,3634.669921875,3655.60009765625,3607.320068359375,3633.7900390625,0,2026-04-28 12:00:00+00:00
1777392000000,3633.669921875,3633.669921875,3594.72998046875,3600.300048828125,0,2026-04-28 16:00:00+00:00
1777406400000,3600.31005859375,3603.469970703125,3597.469970703125,3597.719970703125,0,2026-04-28 20:00:00+00:00
1777420800000,3601.469970703125,3611.739990234375,3600.840087890625,3611.739990234375,0,2026-04-29 00:00:00+00:00
1777435200000,3599.449951171875,3611.179931640625,3599.449951171875,3611.179931640625,0,2026-04-29 04:00:00+00:00
1777449600000,3611.179931640625,3611.179931640625,3599.449951171875,3599.7900390625,0,2026-04-29 08:00:00+00:00
1777464000000,3601.35009765625,3638.300048828125,3597.679931640625,3617.25,0,2026-04-29 12:00:00+00:00
1777478400000,3615.6298828125,3626.469970703125,3608.719970703125,3623.389892578125,0,2026-04-29 16:00:00+00:00
1777492800000,3623.389892578125,3627.469970703125,3619.0,3621.9599609375,0,2026-04-29 20:00:00+00:00
1777507200000,3621.9599609375,3621.9599609375,3617.969970703125,3617.969970703125,0,2026-04-30 00:00:00+00:00
1777521600000,3619.6298828125,3619.6298828125,3618.929931640625,3618.929931640625,0,2026-04-30 04:00:00+00:00
1777536000000,3618.929931640625,3621.1298828125,3618.89990234375,3619.570068359375,0,2026-04-30 08:00:00+00:00
1777550400000,3619.070068359375,3695.6298828125,3613.699951171875,3640.10009765625,0,2026-04-30 12:00:00+00:00
1777564800000,3640.090087890625,3681.969970703125,3631.25,3674.419921875,0,2026-04-30 16:00:00+00:00
1777579200000,3664.580078125,3664.580078125,3653.969970703125,3653.969970703125,0,2026-04-30 20:00:00+00:00
1777593600000,3653.969970703125,3655.469970703125,3653.969970703125,3654.639892578125,0,2026-05-01 00:00:00+00:00
1777608000000,3654.199951171875,3654.199951171875,3654.199951171875,3654.199951171875,0,2026-05-01 04:00:00+00:00
1777622400000,3654.199951171875,3673.5,3654.199951171875,3654.639892578125,0,2026-05-01 08:00:00+00:00
1777636800000,3654.639892578125,3654.639892578125,3654.639892578125,3654.639892578125,0,2026-05-01 12:00:00+00:00
1777651200000,3654.0,3654.639892578125,3654.0,3654.639892578125,0,2026-05-01 16:00:00+00:00
1777852800000,3654.0,3654.0,3654.0,3654.0,0,2026-05-04 00:00:00+00:00
1777867200000,3653.969970703125,3653.969970703125,3653.969970703125,3653.969970703125,0,2026-05-04 04:00:00+00:00
1777881600000,3653.969970703125,3673.5,3653.969970703125,3673.5,0,2026-05-04 08:00:00+00:00
1777896000000,3654.0,3720.199951171875,3647.81005859375,3719.300048828125,0,2026-05-04 12:00:00+00:00
1777910400000,3719.389892578125,3728.27001953125,3704.669921875,3716.800048828125,0,2026-05-04 16:00:00+00:00
1777924800000,3716.949951171875,3726.5,3716.949951171875,3722.469970703125,0,2026-05-04 20:00:00+00:00
1777939200000,3722.469970703125,3723.030029296875,3709.969970703125,3710.489990234375,0,2026-05-05 00:00:00+00:00
1777953600000,3710.489990234375,3726.5,3710.489990234375,3719.780029296875,0,2026-05-05 04:00:00+00:00
1777968000000,3719.780029296875,3726.8701171875,3719.780029296875,3726.5,0,2026-05-05 08:00:00+00:00
1777982400000,3710.489990234375,3736.360107421875,3698.699951171875,3726.64990234375,0,2026-05-05 12:00:00+00:00
1777996800000,3726.699951171875,3727.14990234375,3695.469970703125,3695.469970703125,0,2026-05-05 16:00:00+00:00
1778011200000,3695.469970703125,3700.469970703125,3695.469970703125,3697.469970703125,0,2026-05-05 20:00:00+00:00
1778025600000,3697.469970703125,3697.469970703125,3697.469970703125,3697.469970703125,0,2026-05-06 00:00:00+00:00
1778040000000,3697.77001953125,3697.77001953125,3697.77001953125,3697.77001953125,0,2026-05-06 04:00:00+00:00
1778054400000,3697.77001953125,3701.639892578125,3697.739990234375,3699.9599609375,0,2026-05-06 08:00:00+00:00
1778068800000,3700.239990234375,3705.679931640625,3674.89990234375,3705.179931640625,0,2026-05-06 12:00:00+00:00
1778083200000,3710.179931640625,3774.159912109375,3693.469970703125,3703.469970703125,0,2026-05-06 16:00:00+00:00
1778097600000,3706.06005859375,3710.429931640625,3702.469970703125,3706.3701171875,0,2026-05-06 20:00:00+00:00
1778112000000,3706.3701171875,3706.3701171875,3706.3701171875,3706.3701171875,0,2026-05-07 00:00:00+00:00
1778126400000,3706.39990234375,3706.39990234375,3706.39990234375,3706.39990234375,0,2026-05-07 04:00:00+00:00
1778140800000,3706.39990234375,3707.14990234375,3704.89990234375,3705.85009765625,0,2026-05-07 08:00:00+00:00
1778155200000,3728.75,3730.489990234375,3692.93994140625,3723.510009765625,0,2026-05-07 12:00:00+00:00
1778169600000,3727.35009765625,3749.429931640625,3717.570068359375,3732.419921875,0,2026-05-07 16:00:00+00:00
1778184000000,3729.469970703125,3733.8798828125,3719.840087890625,3729.06005859375,0,2026-05-07 20:00:00+00:00
1778198400000,3729.06005859375,3730.949951171875,3719.969970703125,3719.969970703125,0,2026-05-08 00:00:00+00:00
1778212800000,3728.0,3728.0,3728.0,3728.0,0,2026-05-08 04:00:00+00:00
1778227200000,3728.0,3734.25,3719.969970703125,3733.8798828125,0,2026-05-08 08:00:00+00:00
1778241600000,3727.969970703125,3771.449951171875,3717.639892578125,3740.35009765625,0,2026-05-08 12:00:00+00:00
1778256000000,3739.6298828125,3744.570068359375,3725.25,3730.969970703125,0,2026-05-08 16:00:00+00:00
1778270400000,3729.469970703125,3737.8798828125,3729.469970703125,3737.8798828125,0,2026-05-08 20:00:00+00:00
1778457600000,3737.81005859375,3737.81005859375,3737.800048828125,3737.800048828125,0,2026-05-11 00:00:00+00:00
1778472000000,3737.760009765625,3737.760009765625,3732.89990234375,3733.489990234375,0,2026-05-11 04:00:00+00:00
1778486400000,3733.489990234375,3734.39990234375,3731.030029296875,3732.89990234375,0,2026-05-11 08:00:00+00:00
1778500800000,3733.72998046875,3777.97998046875,3729.0,3776.800048828125,0,2026-05-11 12:00:00+00:00
1778515200000,3775.81005859375,3777.22998046875,3744.18994140625,3767.419921875,0,2026-05-11 16:00:00+00:00
1778529600000,3767.419921875,3767.419921875,3750.0,3758.469970703125,0,2026-05-11 20:00:00+00:00
1778544000000,3758.469970703125,3758.469970703125,3749.929931640625,3751.969970703125,0,2026-05-12 00:00:00+00:00
1778558400000,3750.489990234375,3750.489990234375,3750.489990234375,3750.489990234375,0,2026-05-12 04:00:00+00:00
1778572800000,3750.489990234375,3752.25,3749.949951171875,3751.39990234375,0,2026-05-12 08:00:00+00:00
1778587200000,3751.6298828125,3783.47998046875,3751.6298828125,3777.389892578125,0,2026-05-12 12:00:00+00:00
1778601600000,3777.27001953125,3780.9599609375,3763.2900390625,3763.469970703125,0,2026-05-12 16:00:00+00:00
1778616000000,3763.469970703125,3773.27001953125,3762.669921875,3772.590087890625,0,2026-05-12 20:00:00+00:00
1778630400000,3772.590087890625,3780.969970703125,3772.590087890625,3780.969970703125,0,2026-05-13 00:00:00+00:00
1778644800000,3780.969970703125,3780.969970703125,3773.330078125,3773.330078125,0,2026-05-13 04:00:00+00:00
1778659200000,3773.330078125,3774.0,3772.090087890625,3772.090087890625,0,2026-05-13 08:00:00+00:00
1778673600000,3774.050048828125,3805.510009765625,3747.0,3799.139892578125,0,2026-05-13 12:00:00+00:00
1778688000000,3799.6298828125,3800.8798828125,3772.35009765625,3780.110107421875,0,2026-05-13 16:00:00+00:00
1778702400000,3780.110107421875,3780.110107421875,3774.239990234375,3777.969970703125,0,2026-05-13 20:00:00+00:00
1778716800000,3777.969970703125,3782.639892578125,3777.969970703125,3782.639892578125,0,2026-05-14 00:00:00+00:00
1778731200000,3777.909912109375,3777.909912109375,3777.909912109375,3777.909912109375,0,2026-05-14 04:00:00+00:00
1778745600000,3777.909912109375,3777.909912109375,3774.239990234375,3777.8798828125,0,2026-05-14 08:00:00+00:00
1778760000000,3785.949951171875,3806.330078125,3763.010009765625,3764.739990234375,0,2026-05-14 12:00:00+00:00
1778774400000,3765.3798828125,3788.219970703125,3761.909912109375,3777.77001953125,0,2026-05-14 16:00:00+00:00
1778788800000,3777.77001953125,3779.39990234375,3772.469970703125,3772.469970703125,0,2026-05-14 20:00:00+00:00
1778803200000,3772.7900390625,3772.7900390625,3772.7900390625,3772.7900390625,0,2026-05-15 00:00:00+00:00
1778817600000,3779.39990234375,3779.39990234375,3772.889892578125,3772.889892578125,0,2026-05-15 04:00:00+00:00
1778832000000,3772.889892578125,3780.85009765625,3772.889892578125,3779.39990234375,0,2026-05-15 08:00:00+00:00
1778846400000,3772.7900390625,3813.949951171875,3772.7900390625,3788.820068359375,0,2026-05-15 12:00:00+00:00
1778860800000,3799.64990234375,3809.60009765625,3788.93994140625,3795.469970703125,0,2026-05-15 16:00:00+00:00
1778875200000,3795.909912109375,3796.77001953125,3791.139892578125,3791.47998046875,0,2026-05-15 20:00:00+00:00
1779048000000,3797.320068359375,3797.320068359375,3797.320068359375,3797.320068359375,0,2026-05-17 20:00:00+00:00
1779062400000,3797.320068359375,3797.320068359375,3797.2900390625,3797.2900390625,0,2026-05-18 00:00:00+00:00
1779076800000,3797.280029296875,3797.280029296875,3797.280029296875,3797.280029296875,0,2026-05-18 04:00:00+00:00
1779091200000,3797.280029296875,3798.639892578125,3796.75,3796.75,0,2026-05-18 08:00:00+00:00
1779105600000,3796.77001953125,3797.419921875,3795.4599609375,3796.969970703125,0,2026-05-18 12:00:00+00:00
1779120000000,3795.56005859375,3797.639892578125,3794.3798828125,3797.550048828125,0,2026-05-18 16:00:00+00:00
1779134400000,3797.550048828125,3797.550048828125,3797.550048828125,3797.550048828125,0,2026-05-18 20:00:00+00:00
1779148800000,3797.550048828125,3797.719970703125,3797.550048828125,3797.719970703125,0,2026-05-19 00:00:00+00:00
1779163200000,3797.77001953125,3797.77001953125,3797.77001953125,3797.77001953125,0,2026-05-19 04:00:00+00:00
1779177600000,3797.77001953125,3798.639892578125,3796.75,3796.75,0,2026-05-19 08:00:00+00:00
1779192000000,3797.56005859375,3817.179931640625,3789.14990234375,3794.7900390625,0,2026-05-19 12:00:00+00:00
1779206400000,3796.1201171875,3797.3701171875,3766.800048828125,3794.050048828125,0,2026-05-19 16:00:00+00:00
1779220800000,3794.06005859375,3794.06005859375,3772.75,3793.5,0,2026-05-19 20:00:00+00:00
1779235200000,3793.5,3793.5,3791.010009765625,3791.010009765625,0,2026-05-20 00:00:00+00:00
1779249600000,3772.75,3791.7900390625,3772.75,3791.7900390625,0,2026-05-20 04:00:00+00:00
1779264000000,3791.7900390625,3791.7900390625,3772.75,3791.760009765625,0,2026-05-20 08:00:00+00:00
1779278400000,3772.75,3791.760009765625,3704.719970703125,3718.280029296875,0,2026-05-20 12:00:00+00:00
1779292800000,3718.030029296875,3725.75,3698.52001953125,3714.719970703125,0,2026-05-20 16:00:00+00:00
1779307200000,3714.719970703125,3715.469970703125,3712.64990234375,3715.469970703125,0,2026-05-20 20:00:00+00:00
1779321600000,3715.469970703125,3724.68994140625,3715.469970703125,3718.760009765625,0,2026-05-21 00:00:00+00:00
1779336000000,3714.75,3717.570068359375,3714.75,3717.570068359375,0,2026-05-21 04:00:00+00:00
1779350400000,3717.570068359375,3717.570068359375,3712.64990234375,3712.64990234375,0,2026-05-21 08:00:00+00:00
1779364800000,3712.64990234375,3727.1201171875,3684.010009765625,3691.580078125,0,2026-05-21 12:00:00+00:00
1779379200000,3690.360107421875,3705.39990234375,3677.260009765625,3681.969970703125,0,2026-05-21 16:00:00+00:00
1779393600000,3682.1298828125,3685.409912109375,3679.419921875,3685.409912109375,0,2026-05-21 20:00:00+00:00
1779408000000,3685.409912109375,3685.409912109375,3680.969970703125,3681.739990234375,0,2026-05-22 00:00:00+00:00
1779422400000,3680.5,3681.610107421875,3680.5,3681.610107421875,0,2026-05-22 04:00:00+00:00
1779436800000,3681.610107421875,3682.75,3680.5,3680.5,0,2026-05-22 08:00:00+00:00
1779451200000,3681.739990234375,3691.429931640625,3651.159912109375,3665.800048828125,0,2026-05-22 12:00:00+00:00
1779465600000,3665.77001953125,3685.659912109375,3654.800048828125,3681.89990234375,0,2026-05-22 16:00:00+00:00
1779480000000,3681.64990234375,3683.360107421875,3655.159912109375,3655.159912109375,0,2026-05-22 20:00:00+00:00
1779652800000,3683.52001953125,3683.52001953125,3683.52001953125,3683.52001953125,0,2026-05-24 20:00:00+00:00
1779667200000,3683.52001953125,3683.530029296875,3683.360107421875,3683.530029296875,0,2026-05-25 00:00:00+00:00
1779681600000,3683.530029296875,3683.530029296875,3683.530029296875,3683.530029296875,0,2026-05-25 04:00:00+00:00
1779696000000,3683.530029296875,3683.530029296875,3655.159912109375,3655.159912109375,0,2026-05-25 08:00:00+00:00
1779710400000,3642.489990234375,3683.5,3627.39990234375,3639.469970703125,0,2026-05-25 12:00:00+00:00
1779724800000,3639.469970703125,3644.969970703125,3632.75,3635.3701171875,0,2026-05-25 16:00:00+00:00
1779739200000,3635.3701171875,3635.47998046875,3631.8701171875,3631.8701171875,0,2026-05-25 20:00:00+00:00
1779753600000,3631.8701171875,3631.8701171875,3631.800048828125,3631.800048828125,0,2026-05-26 00:00:00+00:00
1779768000000,3631.77001953125,3631.77001953125,3631.77001953125,3631.77001953125,0,2026-05-26 04:00:00+00:00
1779782400000,3631.77001953125,3635.97998046875,3631.739990234375,3635.949951171875,0,2026-05-26 08:00:00+00:00
1779796800000,3633.419921875,3660.35009765625,3609.919921875,3655.169921875,0,2026-05-26 12:00:00+00:00
1779811200000,3658.919921875,3684.0,3649.969970703125,3666.949951171875,0,2026-05-26 16:00:00+00:00
1779825600000,3666.77001953125,3669.169921875,3661.469970703125,3661.469970703125,0,2026-05-26 20:00:00+00:00
1779840000000,3658.110107421875,3658.110107421875,3658.110107421875,3658.110107421875,0,2026-05-27 00:00:00+00:00
1779854400000,3667.68994140625,3667.68994140625,3663.35009765625,3663.35009765625,0,2026-05-27 04:00:00+00:00
1779868800000,3663.35009765625,3667.68994140625,3663.320068359375,3665.159912109375,0,2026-05-27 08:00:00+00:00
1779883200000,3667.68994140625,3673.47998046875,3616.18994140625,3622.1201171875,0,2026-05-27 12:00:00+00:00
1779897600000,3623.550048828125,3632.469970703125,3612.659912109375,3623.469970703125,0,2026-05-27 16:00:00+00:00
1779912000000,3623.489990234375,3633.3701171875,3622.969970703125,3625.989990234375,0,2026-05-27 20:00:00+00:00
1779926400000,3625.2900390625,3625.2900390625,3619.969970703125,3619.969970703125,0,2026-05-28 00:00:00+00:00
1779940800000,3624.030029296875,3629.14990234375,3624.030029296875,3629.14990234375,0,2026-05-28 04:00:00+00:00
1779955200000,3629.14990234375,3629.14990234375,3624.030029296875,3624.030029296875,0,2026-05-28 08:00:00+00:00
1779969600000,3639.800048828125,3651.14990234375,3617.389892578125,3643.85009765625,0,2026-05-28 12:00:00+00:00
1779984000000,3645.530029296875,3655.860107421875,3632.469970703125,3634.56005859375,0,2026-05-28 16:00:00+00:00
1779998400000,3634.919921875,3639.469970703125,3633.469970703125,3637.8798828125,0,2026-05-28 20:00:00+00:00
1780012800000,3637.8798828125,3644.969970703125,3637.8798828125,3638.830078125,0,2026-05-29 00:00:00+00:00
1780027200000,3638.030029296875,3640.93994140625,3638.030029296875,3640.93994140625,0,2026-05-29 04:00:00+00:00
1780041600000,3640.93994140625,3641.3798828125,3637.0400390625,3637.0400390625,0,2026-05-29 08:00:00+00:00
1780056000000,3641.10009765625,3699.389892578125,3635.699951171875,3683.860107421875,0,2026-05-29 12:00:00+00:00
1780070400000,3684.760009765625,3711.739990234375,3648.010009765625,3677.719970703125,0,2026-05-29 16:00:00+00:00
1780084800000,3677.719970703125,3683.10009765625,3661.469970703125,3665.719970703125,0,2026-05-29 20:00:00+00:00
1780272000000,3678.360107421875,3681.1298828125,3678.360107421875,3681.1298828125,0,2026-06-01 00:00:00+00:00
1780286400000,3679.97998046875,3679.97998046875,3679.97998046875,3679.97998046875,0,2026-06-01 04:00:00+00:00
1780300800000,3679.97998046875,3686.5,3679.97998046875,3686.5,0,2026-06-01 08:00:00+00:00
1780315200000,3565.14990234375,3681.1298828125,3547.97998046875,3558.35009765625,0,2026-06-01 12:00:00+00:00
1780329600000,3556.1298828125,3562.679931640625,3552.5,3558.27001953125,0,2026-06-01 16:00:00+00:00
1780344000000,3558.27001953125,3558.7099609375,3547.969970703125,3557.639892578125,0,2026-06-01 20:00:00+00:00
1780358400000,3559.199951171875,3559.969970703125,3559.169921875,3559.969970703125,0,2026-06-02 00:00:00+00:00
1780372800000,3558.719970703125,3558.719970703125,3553.0,3558.530029296875,0,2026-06-02 04:00:00+00:00
1780387200000,3558.530029296875,3558.530029296875,3551.919921875,3551.919921875,0,2026-06-02 08:00:00+00:00
1780401600000,3524.75,3566.81005859375,3524.75,3562.75,0,2026-06-02 12:00:00+00:00
1780416000000,3565.85009765625,3581.75,3557.81005859375,3574.0,0,2026-06-02 16:00:00+00:00
1780430400000,3575.409912109375,3577.300048828125,3567.469970703125,3571.090087890625,0,2026-06-02 20:00:00+00:00
1780444800000,3571.090087890625,3575.050048828125,3571.090087890625,3575.050048828125,0,2026-06-03 00:00:00+00:00
1780459200000,3577.300048828125,3577.300048828125,3565.510009765625,3571.300048828125,0,2026-06-03 04:00:00+00:00
1780473600000,3571.300048828125,3577.300048828125,3571.27001953125,3574.969970703125,0,2026-06-03 08:00:00+00:00
1780488000000,3574.969970703125,3594.219970703125,3548.18994140625,3564.179931640625,0,2026-06-03 12:00:00+00:00
1780502400000,3564.159912109375,3573.169921875,3561.06005859375,3565.219970703125,0,2026-06-03 16:00:00+00:00
1780516800000,3572.3701171875,3572.469970703125,3562.830078125,3564.8798828125,0,2026-06-03 20:00:00+00:00
1780531200000,3564.8798828125,3572.469970703125,3564.8798828125,3568.360107421875,0,2026-06-04 00:00:00+00:00
1780545600000,3562.830078125,3567.47998046875,3562.830078125,3565.469970703125,0,2026-06-04 04:00:00+00:00
1780560000000,3565.469970703125,3565.469970703125,3563.199951171875,3565.35009765625,0,2026-06-04 08:00:00+00:00
1780574400000,3562.830078125,3571.8701171875,3547.72998046875,3564.409912109375,0,2026-06-04 12:00:00+00:00
1780588800000,3563.25,3567.6201171875,3553.75,3564.0,0,2026-06-04 16:00:00+00:00
1780603200000,3564.570068359375,3565.419921875,3558.300048828125,3558.300048828125,0,2026-06-04 20:00:00+00:00
1780617600000,3558.300048828125,3563.830078125,3558.300048828125,3563.830078125,0,2026-06-05 00:00:00+00:00
1780632000000,3559.919921875,3563.35009765625,3558.760009765625,3558.760009765625,0,2026-06-05 04:00:00+00:00
1780646400000,3558.760009765625,3558.760009765625,3558.449951171875,3558.449951171875,0,2026-06-05 08:00:00+00:00
1780660800000,3565.85009765625,3599.429931640625,3558.72998046875,3592.7900390625,0,2026-06-05 12:00:00+00:00
1780675200000,3592.580078125,3611.02001953125,3586.949951171875,3594.590087890625,0,2026-06-05 16:00:00+00:00
1780689600000,3593.85009765625,3596.659912109375,3591.8798828125,3594.409912109375,0,2026-06-05 20:00:00+00:00
1780876800000,3593.489990234375,3594.47998046875,3592.85009765625,3592.85009765625,0,2026-06-08 00:00:00+00:00
1780891200000,3592.85009765625,3592.8798828125,3592.85009765625,3592.8798828125,0,2026-06-08 04:00:00+00:00
1780905600000,3592.8798828125,3592.8798828125,3587.969970703125,3588.550048828125,0,2026-06-08 08:00:00+00:00
1780920000000,3588.550048828125,3593.6298828125,3586.18994140625,3589.070068359375,0,2026-06-08 12:00:00+00:00
1780934400000,3589.070068359375,3589.68994140625,3587.22998046875,3589.10009765625,0,2026-06-08 16:00:00+00:00
1780948800000,3589.10009765625,3589.699951171875,3589.10009765625,3589.110107421875,0,2026-06-08 20:00:00+00:00
1780963200000,3589.239990234375,3590.0,3588.969970703125,3589.179931640625,0,2026-06-09 00:00:00+00:00
1780977600000,3589.18994140625,3589.18994140625,3589.18994140625,3589.18994140625,0,2026-06-09 04:00:00+00:00
1780992000000,3589.18994140625,3606.5,3588.10009765625,3588.10009765625,0,2026-06-09 08:00:00+00:00
1781006400000,3586.260009765625,3594.60009765625,3570.43994140625,3582.06005859375,0,2026-06-09 12:00:00+00:00
1781020800000,3582.8798828125,3586.580078125,3562.570068359375,3566.929931640625,0,2026-06-09 16:00:00+00:00
1781035200000,3566.5400390625,3570.590087890625,3561.469970703125,3566.3701171875,0,2026-06-09 20:00:00+00:00
1781049600000,3566.3701171875,3566.3701171875,3566.3701171875,3566.3701171875,0,2026-06-10 00:00:00+00:00
1781064000000,3565.489990234375,3575.409912109375,3565.489990234375,3568.9599609375,0,2026-06-10 04:00:00+00:00
1781078400000,3568.330078125,3568.330078125,3565.489990234375,3565.489990234375,0,2026-06-10 08:00:00+00:00
1781092800000,3566.39990234375,3588.3798828125,3561.7900390625,3571.590087890625,0,2026-06-10 12:00:00+00:00
1781107200000,3570.56005859375,3573.969970703125,3545.409912109375,3550.469970703125,0,2026-06-10 16:00:00+00:00
1781121600000,3550.469970703125,3552.219970703125,3545.81005859375,3546.469970703125,0,2026-06-10 20:00:00+00:00
1781136000000,3548.0400390625,3548.0400390625,3546.469970703125,3546.469970703125,0,2026-06-11 00:00:00+00:00
1781150400000,3546.4599609375,3561.330078125,3546.429931640625,3546.429931640625,0,2026-06-11 04:00:00+00:00
1781164800000,3561.330078125,3561.330078125,3547.27001953125,3547.969970703125,0,2026-06-11 08:00:00+00:00
1781179200000,3547.969970703125,3561.300048828125,3500.860107421875,3508.030029296875,0,2026-06-11 12:00:00+00:00
1781193600000,3507.669921875,3584.0,3482.469970703125,3489.570068359375,0,2026-06-11 16:00:00+00:00
1781208000000,3489.47998046875,3490.010009765625,3470.760009765625,3483.260009765625,0,2026-06-11 20:00:00+00:00
1781222400000,3484.31005859375,3484.31005859375,3484.31005859375,3484.31005859375,0,2026-06-12 00:00:00+00:00
1781236800000,3490.010009765625,3490.010009765625,3485.389892578125,3485.389892578125,0,2026-06-12 04:00:00+00:00
1781251200000,3485.389892578125,3490.760009765625,3485.389892578125,3490.010009765625,0,2026-06-12 08:00:00+00:00
1781265600000,3493.260009765625,3508.89990234375,3448.419921875,3462.449951171875,0,2026-06-12 12:00:00+00:00
1781280000000,3462.39990234375,3492.8798828125,3454.449951171875,3489.93994140625,0,2026-06-12 16:00:00+00:00
1781294400000,3489.93994140625,3489.93994140625,3454.449951171875,3489.93994140625,0,2026-06-12 20:00:00+00:00
1781467200000,3490.080078125,3490.080078125,3490.080078125,3490.080078125,0,2026-06-14 20:00:00+00:00
1781481600000,3490.080078125,3490.14990234375,3490.080078125,3490.14990234375,0,2026-06-15 00:00:00+00:00
1781496000000,3454.449951171875,3490.169921875,3454.449951171875,3490.169921875,0,2026-06-15 04:00:00+00:00
1781510400000,3490.169921875,3490.169921875,3454.449951171875,3454.449951171875,0,2026-06-15 08:00:00+00:00
1781524800000,3452.75,3490.14990234375,3437.75,3490.14990234375,0,2026-06-15 12:00:00+00:00
1781539200000,3490.14990234375,3490.14990234375,3490.14990234375,3490.14990234375,0,2026-06-15 16:00:00+00:00
1781553600000,3490.139892578125,3490.139892578125,3489.3701171875,3489.3701171875,0,2026-06-15 20:00:00+00:00
1781568000000,3489.3701171875,3489.3701171875,3489.030029296875,3489.030029296875,0,2026-06-16 00:00:00+00:00
1781582400000,3490.0,3490.0,3490.0,3490.0,0,2026-06-16 04:00:00+00:00
1781596800000,3490.0,3490.0,3428.5,3428.5,0,2026-06-16 08:00:00+00:00
1781611200000,3489.969970703125,3489.969970703125,3409.75,3421.6201171875,0,2026-06-16 12:00:00+00:00
1781625600000,3421.669921875,3513.0,3412.39990234375,3427.469970703125,0,2026-06-16 16:00:00+00:00
1781640000000,3427.469970703125,3434.429931640625,3416.969970703125,3427.43994140625,0,2026-06-16 20:00:00+00:00
1781654400000,3426.10009765625,3426.10009765625,3426.10009765625,3426.10009765625,0,2026-06-17 00:00:00+00:00
1781668800000,3425.14990234375,3427.6201171875,3425.1201171875,3426.72998046875,0,2026-06-17 04:00:00+00:00
1781683200000,3425.820068359375,3426.72998046875,3416.7099609375,3418.0,0,2026-06-17 08:00:00+00:00
1781697600000,3425.0,3450.35009765625,3416.7099609375,3447.3798828125,0,2026-06-17 12:00:00+00:00
1781712000000,3447.010009765625,3458.639892578125,3435.06005859375,3454.360107421875,0,2026-06-17 16:00:00+00:00
1781726400000,3456.239990234375,3462.469970703125,3444.35009765625,3457.469970703125,0,2026-06-17 20:00:00+00:00
1781740800000,3457.469970703125,3457.469970703125,3452.419921875,3452.419921875,0,2026-06-18 00:00:00+00:00
1781755200000,3451.43994140625,3451.43994140625,3451.43994140625,3451.43994140625,0,2026-06-18 04:00:00+00:00
1781769600000,3451.43994140625,3451.43994140625,3444.35009765625,3444.35009765625,0,2026-06-18 08:00:00+00:00
1781784000000,3451.409912109375,3528.5,3440.25,3444.10009765625,0,2026-06-18 12:00:00+00:00
1781798400000,3437.090087890625,3446.3798828125,3432.14990234375,3432.469970703125,0,2026-06-18 16:00:00+00:00
1781812800000,3432.469970703125,3437.469970703125,3431.699951171875,3437.469970703125,0,2026-06-18 20:00:00+00:00
1781827200000,3437.469970703125,3437.469970703125,3436.969970703125,3436.969970703125,0,2026-06-19 00:00:00+00:00
1781841600000,3438.610107421875,3438.610107421875,3432.0,3432.0,0,2026-06-19 04:00:00+00:00
1781856000000,3432.0,3438.97998046875,3431.969970703125,3436.669921875,0,2026-06-19 08:00:00+00:00
1781870400000,3436.669921875,3443.969970703125,3422.469970703125,3435.4599609375,0,2026-06-19 12:00:00+00:00
1781884800000,3435.449951171875,3464.469970703125,3433.85009765625,3453.52001953125,0,2026-06-19 16:00:00+00:00
1781899200000,3458.469970703125,3458.469970703125,3436.080078125,3437.47998046875,0,2026-06-19 20:00:00+00:00
1782086400000,3443.6298828125,3443.6298828125,3443.580078125,3443.580078125,0,2026-06-22 00:00:00+00:00
1782100800000,3443.580078125,3450.9599609375,3443.580078125,3450.9599609375,0,2026-06-22 04:00:00+00:00
1782115200000,3450.9599609375,3450.9599609375,3436.080078125,3436.080078125,0,2026-06-22 08:00:00+00:00
1782129600000,3438.610107421875,3455.280029296875,3389.47998046875,3415.139892578125,0,2026-06-22 12:00:00+00:00
1782144000000,3415.2099609375,3433.469970703125,3394.669921875,3427.469970703125,0,2026-06-22 16:00:00+00:00
1782158400000,3427.409912109375,3436.9599609375,3427.409912109375,3431.330078125,0,2026-06-22 20:00:00+00:00
1782172800000,3431.330078125,3431.330078125,3418.2099609375,3421.489990234375,0,2026-06-23 00:00:00+00:00
1782187200000,3431.969970703125,3431.969970703125,3421.469970703125,3421.469970703125,0,2026-06-23 04:00:00+00:00
1782201600000,3421.469970703125,3430.699951171875,3421.43994140625,3429.760009765625,0,2026-06-23 08:00:00+00:00
1782216000000,3429.580078125,3466.199951171875,3415.219970703125,3427.330078125,0,2026-06-23 12:00:00+00:00
1782230400000,3427.25,3427.8798828125,3405.419921875,3412.090087890625,0,2026-06-23 16:00:00+00:00
1782244800000,3415.090087890625,3423.469970703125,3413.489990234375,3414.260009765625,0,2026-06-23 20:00:00+00:00
1782259200000,3414.260009765625,3419.0400390625,3414.260009765625,3416.969970703125,0,2026-06-24 00:00:00+00:00
1782273600000,3413.489990234375,3419.280029296875,3413.489990234375,3419.280029296875,0,2026-06-24 04:00:00+00:00
1782288000000,3419.280029296875,3419.280029296875,3413.159912109375,3413.489990234375,0,2026-06-24 08:00:00+00:00
1782302400000,3420.64990234375,3447.449951171875,3413.159912109375,3418.0400390625,0,2026-06-24 12:00:00+00:00
1782316800000,3417.989990234375,3429.010009765625,3414.18994140625,3426.469970703125,0,2026-06-24 16:00:00+00:00
1782331200000,3426.6298828125,3447.469970703125,3424.969970703125,3435.0400390625,0,2026-06-24 20:00:00+00:00
1782345600000,3434.239990234375,3434.239990234375,3434.239990234375,3434.239990234375,0,2026-06-25 00:00:00+00:00
1782360000000,3433.409912109375,3433.409912109375,3429.219970703125,3430.050048828125,0,2026-06-25 04:00:00+00:00
1782374400000,3429.219970703125,3429.219970703125,3424.159912109375,3426.590087890625,0,2026-06-25 08:00:00+00:00
1782388800000,3426.580078125,3452.0400390625,3417.7900390625,3419.719970703125,0,2026-06-25 12:00:00+00:00
1782403200000,3419.7099609375,3433.85009765625,3416.10009765625,3431.139892578125,0,2026-06-25 16:00:00+00:00
1782417600000,3431.510009765625,3434.60009765625,3430.9599609375,3433.93994140625,0,2026-06-25 20:00:00+00:00
1782432000000,3433.93994140625,3433.93994140625,3430.969970703125,3431.909912109375,0,2026-06-26 00:00:00+00:00
1782446400000,3431.93994140625,3431.93994140625,3431.93994140625,3431.93994140625,0,2026-06-26 04:00:00+00:00
1782460800000,3431.93994140625,3435.179931640625,3431.909912109375,3432.090087890625,0,2026-06-26 08:00:00+00:00
1782475200000,3432.080078125,3450.070068359375,3420.830078125,3444.68994140625,0,2026-06-26 12:00:00+00:00
1782489600000,3437.97998046875,3456.85009765625,3434.47998046875,3440.27001953125,0,2026-06-26 16:00:00+00:00
1782504000000,3436.0,3450.93994140625,3434.969970703125,3437.3701171875,0,2026-06-26 20:00:00+00:00
1782676800000,3437.139892578125,3437.139892578125,3437.139892578125,3437.139892578125,0,2026-06-28 20:00:00+00:00
1782691200000,3437.2900390625,3442.330078125,3437.2900390625,3437.5400390625,0,2026-06-29 00:00:00+00:00
1782705600000,3450.93994140625,3450.93994140625,3442.169921875,3442.169921875,0,2026-06-29 04:00:00+00:00
1782720000000,3442.169921875,3451.68994140625,3442.139892578125,3442.68994140625,0,2026-06-29 08:00:00+00:00
1782734400000,3442.070068359375,3450.5,3440.360107421875,3450.5,0,2026-06-29 12:00:00+00:00
1782748800000,3443.89990234375,3444.639892578125,3442.969970703125,3442.969970703125,0,2026-06-29 16:00:00+00:00
1782763200000,3443.110107421875,3444.64990234375,3442.6298828125,3442.6298828125,0,2026-06-29 20:00:00+00:00
1782792000000,3442.64990234375,3442.64990234375,3442.6201171875,3442.6201171875,0,2026-06-30 04:00:00+00:00
1782806400000,3442.6201171875,3450.5,3442.6201171875,3450.5,0,2026-06-30 08:00:00+00:00
1782820800000,3452.449951171875,3461.080078125,3424.550048828125,3436.5,0,2026-06-30 12:00:00+00:00
1782835200000,3436.25,3437.0,3397.669921875,3397.669921875,0,2026-06-30 16:00:00+00:00
1782849600000,3397.669921875,3414.1298828125,3392.469970703125,3392.469970703125,0,2026-06-30 20:00:00+00:00
1782864000000,3392.469970703125,3392.469970703125,3392.469970703125,3392.469970703125,0,2026-07-01 00:00:00+00:00
1782878400000,3414.1298828125,3414.1298828125,3392.5,3392.5,0,2026-07-01 04:00:00+00:00
1782892800000,3392.5,3415.6298828125,3392.5,3414.1298828125,0,2026-07-01 08:00:00+00:00
1782907200000,3392.469970703125,3428.9599609375,3390.360107421875,3390.610107421875,0,2026-07-01 12:00:00+00:00
1782921600000,3390.6298828125,3404.22998046875,3365.469970703125,3365.469970703125,0,2026-07-01 16:00:00+00:00
1782936000000,3365.469970703125,3370.0,3359.169921875,3367.580078125,0,2026-07-01 20:00:00+00:00
1782950400000,3367.580078125,3367.580078125,3367.580078125,3367.580078125,0,2026-07-02 00:00:00+00:00
1782964800000,3370.0,3370.0,3367.610107421875,3367.610107421875,0,2026-07-02 04:00:00+00:00
1782979200000,3367.610107421875,3371.5,3367.580078125,3370.0,0,2026-07-02 08:00:00+00:00
1782993600000,3367.580078125,3382.0400390625,3328.10009765625,3358.260009765625,0,2026-07-02 12:00:00+00:00
1783008000000,3358.31005859375,3369.35009765625,3347.010009765625,3352.669921875,0,2026-07-02 16:00:00+00:00
1783022400000,3352.669921875,3361.449951171875,3350.469970703125,3358.580078125,0,2026-07-02 20:00:00+00:00
1783036800000,3358.530029296875,3362.969970703125,3354.389892578125,3356.360107421875,0,2026-07-03 00:00:00+00:00
1783051200000,3360.47998046875,3360.47998046875,3359.1298828125,3359.1298828125,0,2026-07-03 04:00:00+00:00
1783065600000,3359.1298828125,3361.22998046875,3359.10009765625,3360.47998046875,0,2026-07-03 08:00:00+00:00
1783080000000,3368.75,3368.75,3322.889892578125,3334.72998046875,0,2026-07-03 12:00:00+00:00
1783094400000,3352.820068359375,3352.820068359375,3318.699951171875,3332.469970703125,0,2026-07-03 16:00:00+00:00
1783108800000,3332.469970703125,3332.469970703125,3332.469970703125,3332.469970703125,0,2026-07-03 20:00:00+00:00
1783281600000,3332.469970703125,3332.469970703125,3332.260009765625,3332.260009765625,0,2026-07-05 20:00:00+00:00
1783296000000,3335.080078125,3335.080078125,3335.080078125,3335.080078125,0,2026-07-06 00:00:00+00:00
1783310400000,3332.260009765625,3334.840087890625,3332.260009765625,3334.840087890625,0,2026-07-06 04:00:00+00:00
1783324800000,3334.840087890625,3334.840087890625,3330.199951171875,3332.0,0,2026-07-06 08:00:00+00:00
1783339200000,3332.010009765625,3356.360107421875,3323.510009765625,3350.0,0,2026-07-06 12:00:00+00:00
1783353600000,3350.5,3358.889892578125,3339.7900390625,3342.969970703125,0,2026-07-06 16:00:00+00:00
1783368000000,3342.969970703125,3348.93994140625,3341.969970703125,3348.93994140625,0,2026-07-06 20:00:00+00:00
1783382400000,3348.93994140625,3348.93994140625,3341.969970703125,3341.969970703125,0,2026-07-07 00:00:00+00:00
1783396800000,3348.590087890625,3349.1201171875,3348.050048828125,3349.1201171875,0,2026-07-07 04:00:00+00:00
1783411200000,3349.1201171875,3349.1201171875,3346.469970703125,3346.469970703125,0,2026-07-07 08:00:00+00:00
1783425600000,3346.469970703125,3370.330078125,3324.18994140625,3332.570068359375,0,2026-07-07 12:00:00+00:00
1783440000000,3335.820068359375,3335.830078125,3228.0,3328.469970703125,0,2026-07-07 16:00:00+00:00
1783454400000,3328.469970703125,3330.469970703125,3323.0,3323.530029296875,0,2026-07-07 20:00:00+00:00
1783468800000,3323.530029296875,3331.4599609375,3323.530029296875,3331.4599609375,0,2026-07-08 00:00:00+00:00
1783483200000,3326.969970703125,3336.68994140625,3323.0,3331.81005859375,0,2026-07-08 04:00:00+00:00
1783497600000,3336.68994140625,3336.68994140625,3320.469970703125,3323.0,0,2026-07-08 08:00:00+00:00
1783512000000,3323.0,3402.75,3314.0,3337.85009765625,0,2026-07-08 12:00:00+00:00
1783526400000,3339.010009765625,3340.68994140625,3323.89990234375,3334.449951171875,0,2026-07-08 16:00:00+00:00
1783540800000,3337.469970703125,3339.719970703125,3334.909912109375,3335.969970703125,0,2026-07-08 20:00:00+00:00
1783555200000,3335.969970703125,3335.969970703125,3334.5400390625,3334.7900390625,0,2026-07-09 00:00:00+00:00
1783569600000,3334.820068359375,3335.949951171875,3334.7900390625,3334.7900390625,0,2026-07-09 04:00:00+00:00
1783584000000,3335.949951171875,3337.760009765625,3335.60009765625,3335.60009765625,0,2026-07-09 08:00:00+00:00
1783598400000,3335.60009765625,3338.22998046875,3290.889892578125,3294.18994140625,0,2026-07-09 12:00:00+00:00
1783612800000,3294.60009765625,3330.22998046875,3283.489990234375,3287.469970703125,0,2026-07-09 16:00:00+00:00
1783627200000,3287.469970703125,3289.050048828125,3282.469970703125,3282.469970703125,0,2026-07-09 20:00:00+00:00
1783641600000,3282.469970703125,3282.469970703125,3282.469970703125,3282.469970703125,0,2026-07-10 00:00:00+00:00
1783656000000,3282.469970703125,3301.8701171875,3282.469970703125,3301.8701171875,0,2026-07-10 04:00:00+00:00
1783670400000,3301.8701171875,3302.010009765625,3286.800048828125,3300.570068359375,0,2026-07-10 08:00:00+00:00
1783684800000,3285.800048828125,3300.570068359375,3227.85009765625,3245.330078125,0,2026-07-10 12:00:00+00:00
1783699200000,3244.949951171875,3250.469970703125,3235.22998046875,3247.469970703125,0,2026-07-10 16:00:00+00:00
1783713600000,3247.469970703125,3247.469970703125,3239.679931640625,3247.469970703125,0,2026-07-10 20:00:00+00:00
1783886400000,3246.050048828125,3246.22998046875,3246.02001953125,3246.02001953125,0,2026-07-12 20:00:00+00:00
1783900800000,3246.22998046875,3246.22998046875,3241.760009765625,3241.760009765625,0,2026-07-13 00:00:00+00:00
1783915200000,3241.760009765625,3241.760009765625,3237.179931640625,3237.179931640625,0,2026-07-13 04:00:00+00:00
1783929600000,3237.179931640625,3237.179931640625,3237.14990234375,3237.14990234375,0,2026-07-13 08:00:00+00:00
1783944000000,3237.179931640625,3239.6298828125,3237.14990234375,3237.14990234375,0,2026-07-13 12:00:00+00:00
1783958400000,3237.14990234375,3244.68994140625,3236.969970703125,3242.3798828125,0,2026-07-13 16:00:00+00:00
1783972800000,3235.969970703125,3245.429931640625,3235.090087890625,3235.969970703125,0,2026-07-13 20:00:00+00:00
1783987200000,3234.7900390625,3234.7900390625,3234.7900390625,3234.7900390625,0,2026-07-14 00:00:00+00:00
1784001600000,3234.820068359375,3246.669921875,3234.7900390625,3234.7900390625,0,2026-07-14 04:00:00+00:00
1784016000000,3246.669921875,3246.669921875,3244.56005859375,3244.56005859375,0,2026-07-14 08:00:00+00:00
1784030400000,3244.530029296875,3259.800048828125,3222.530029296875,3250.820068359375,0,2026-07-14 12:00:00+00:00
1784044800000,3250.760009765625,3258.10009765625,3246.25,3246.969970703125,0,2026-07-14 16:00:00+00:00
1784059200000,3246.31005859375,3257.469970703125,3246.31005859375,3257.469970703125,0,2026-07-14 20:00:00+00:00
1784073600000,3248.919921875,3248.919921875,3248.919921875,3248.919921875,0,2026-07-15 00:00:00+00:00
1784088000000,3246.75,3248.320068359375,3246.75,3248.2900390625,0,2026-07-15 04:00:00+00:00
1784102400000,3248.2900390625,3249.0,3246.75,3246.75,0,2026-07-15 08:00:00+00:00
1784116800000,3248.2900390625,3256.719970703125,3216.110107421875,3216.110107421875,0,2026-07-15 12:00:00+00:00
1784131200000,3216.10009765625,3224.0,3209.409912109375,3216.0400390625,0,2026-07-15 16:00:00+00:00
1784145600000,3217.5,3222.469970703125,3215.969970703125,3222.469970703125,0,2026-07-15 20:00:00+00:00
1784160000000,3222.469970703125,3222.469970703125,3217.5,3219.969970703125,0,2026-07-16 00:00:00+00:00
1784174400000,3218.179931640625,3218.179931640625,3218.179931640625,3218.179931640625,0,2026-07-16 04:00:00+00:00
1784188800000,3218.179931640625,3219.969970703125,3216.0400390625,3216.0400390625,0,2026-07-16 08:00:00+00:00
1784203200000,3216.0400390625,3236.0,3200.320068359375,3225.080078125,0,2026-07-16 12:00:00+00:00
1784217600000,3224.580078125,3231.8701171875,3214.409912109375,3231.719970703125,0,2026-07-16 16:00:00+00:00
1784232000000,3231.669921875,3231.719970703125,3223.780029296875,3223.780029296875,0,2026-07-16 20:00:00+00:00
1784246400000,3223.780029296875,3223.780029296875,3223.780029296875,3223.780029296875,0,2026-07-17 00:00:00+00:00
1784260800000,3227.780029296875,3227.780029296875,3227.780029296875,3227.780029296875,0,2026-07-17 04:00:00+00:00
1784275200000,3227.780029296875,3227.780029296875,3227.300048828125,3227.300048828125,0,2026-07-17 08:00:00+00:00
1784289600000,3245.5,3278.909912109375,3223.780029296875,3272.590087890625,0,2026-07-17 12:00:00+00:00
1784304000000,3273.64990234375,3278.22998046875,3250.22998046875,3257.469970703125,0,2026-07-17 16:00:00+00:00
1784318400000,3257.3701171875,3257.469970703125,3251.1298828125,3257.469970703125,0,2026-07-17 20:00:00+00:00
1784491200000,3257.5,3257.5,3255.52001953125,3257.469970703125,0,2026-07-19 20:00:00+00:00
1784505600000,3255.52001953125,3257.469970703125,3255.52001953125,3257.469970703125,0,2026-07-20 00:00:00+00:00
1784520000000,3255.52001953125,3255.52001953125,3254.530029296875,3254.570068359375,0,2026-07-20 04:00:00+00:00
1784534400000,3254.530029296875,3254.530029296875,3243.64990234375,3251.1298828125,0,2026-07-20 08:00:00+00:00
1784548800000,3243.6201171875,3253.080078125,3243.6201171875,3253.080078125,0,2026-07-20 12:00:00+00:00
1784563200000,3253.080078125,3253.080078125,3253.080078125,3253.080078125,0,2026-07-20 16:00:00+00:00
1784577600000,3253.080078125,3255.239990234375,3251.139892578125,3255.239990234375,0,2026-07-20 20:00:00+00:00
1784592000000,3254.969970703125,3254.969970703125,3254.969970703125,3254.969970703125,0,2026-07-21 00:00:00+00:00
1784606400000,3251.52001953125,3254.4599609375,3251.52001953125,3254.4599609375,0,2026-07-21 04:00:00+00:00
1784620800000,3254.4599609375,3254.4599609375,3254.4599609375,3254.4599609375,0,2026-07-21 08:00:00+00:00
1784635200000,3254.429931640625,3254.429931640625,3229.68994140625,3240.219970703125,0,2026-07-21 12:00:00+00:00
1784649600000,3239.27001953125,3245.56005859375,3218.0,3223.469970703125,0,2026-07-21 16:00:00+00:00
1784664000000,3223.469970703125,3223.469970703125,3213.469970703125,3213.469970703125,0,2026-07-21 20:00:00+00:00
1784678400000,3213.469970703125,3213.469970703125,3213.469970703125,3213.469970703125,0,2026-07-22 00:00:00+00:00
1784692800000,3217.7099609375,3217.7099609375,3217.7099609375,3217.7099609375,0,2026-07-22 04:00:00+00:00
1784707200000,3217.7099609375,3230.300048828125,3217.7099609375,3219.300048828125,0,2026-07-22 08:00:00+00:00
1784721600000,3219.719970703125,3306.5,3198.159912109375,3206.360107421875,0,2026-07-22 12:00:00+00:00
1784736000000,3202.919921875,3210.56005859375,3200.530029296875,3205.0,0,2026-07-22 16:00:00+00:00
1784750400000,3205.06005859375,3205.429931640625,3197.97998046875,3200.330078125,0,2026-07-22 20:00:00+00:00
1784764800000,3200.330078125,3204.97998046875,3200.330078125,3204.97998046875,0,2026-07-23 00:00:00+00:00
1784779200000,3205.429931640625,3212.300048828125,3205.429931640625,3212.27001953125,0,2026-07-23 04:00:00+00:00
1784793600000,3212.300048828125,3212.300048828125,3203.919921875,3204.409912109375,0,2026-07-23 08:00:00+00:00
1784808000000,3204.409912109375,3332.27001953125,3204.409912109375,3220.090087890625,0,2026-07-23 12:00:00+00:00
1784822400000,3223.35009765625,3228.60009765625,3194.679931640625,3197.47998046875,0,2026-07-23 16:00:00+00:00
1784836800000,3190.47998046875,3200.3798828125,3190.47998046875,3200.3798828125,0,2026-07-23 20:00:00+00:00
1784851200000,3280.0,3280.0,3200.3798828125,3200.3798828125,0,2026-07-24 00:00:00+00:00
1784865600000,3196.949951171875,3200.39990234375,3196.949951171875,3200.39990234375,0,2026-07-24 04:00:00+00:00
1784880000000,3200.39990234375,3200.39990234375,3196.949951171875,3196.949951171875,0,2026-07-24 08:00:00+00:00
1784894400000,3227.800048828125,3227.800048828125,3155.77001953125,3210.56005859375,0,2026-07-24 12:00:00+00:00
1784908800000,3210.10009765625,3222.280029296875,3207.929931640625,3214.6201171875,0,2026-07-24 16:00:00+00:00
1784923200000,3214.6201171875,3217.659912109375,3214.6201171875,3216.780029296875,0,2026-07-24 20:00:00+00:00
1785096000000,3216.800048828125,3216.800048828125,3216.14990234375,3216.780029296875,0,2026-07-26 20:00:00+00:00
1785110400000,3216.14990234375,3216.780029296875,3216.14990234375,3216.14990234375,0,2026-07-27 00:00:00+00:00
1785124800000,3216.14990234375,3216.780029296875,3216.14990234375,3216.14990234375,0,2026-07-27 04:00:00+00:00
1785139200000,3216.14990234375,3217.7900390625,3215.27001953125,3215.27001953125,0,2026-07-27 08:00:00+00:00
1785153600000,3203.89990234375,3218.22998046875,3201.8798828125,3205.050048828125,0,2026-07-27 12:00:00+00:00
1785168000000,3204.389892578125,3209.489990234375,3191.47998046875,3191.47998046875,0,2026-07-27 16:00:00+00:00
1785182400000,3191.47998046875,3192.64990234375,3191.47998046875,3192.64990234375,0,2026-07-27 20:00:00+00:00
1785196800000,3196.47998046875,3196.47998046875,3193.800048828125,3195.97998046875,0,2026-07-28 00:00:00+00:00
1785211200000,3195.97998046875,3205.2900390625,3195.4599609375,3195.4599609375,0,2026-07-28 04:00:00+00:00
1785225600000,3205.2900390625,3205.2900390625,3192.64990234375,3192.64990234375,0,2026-07-28 08:00:00+00:00
1785240000000,3193.35009765625,3216.6298828125,3179.800048828125,3202.179931640625,0,2026-07-28 12:00:00+00:00
1785254400000,3202.179931640625,3215.1201171875,3193.5,3197.47998046875,0,2026-07-28 16:00:00+00:00
1785268800000,3197.47998046875,3207.47998046875,3195.949951171875,3200.800048828125,0,2026-07-28 20:00:00+00:00
1785283200000,3201.669921875,3201.669921875,3201.669921875,3201.669921875,0,2026-07-29 00:00:00+00:00
1785297600000,3195.949951171875,3201.77001953125,3195.949951171875,3201.77001953125,0,2026-07-29 04:00:00+00:00
1785312000000,3201.77001953125,3202.4599609375,3194.090087890625,3194.090087890625,0,2026-07-29 08:00:00+00:00
1785326400000,3193.449951171875,3213.909912109375,3191.070068359375,3203.81005859375,0,2026-07-29 12:00:00+00:00
1785340800000,3203.860107421875,3205.3798828125,3185.47998046875,3185.47998046875,0,2026-07-29 16:00:00+00:00
1785355200000,3185.47998046875,3191.239990234375,3183.47998046875,3190.469970703125,0,2026-07-29 20:00:00+00:00
1785369600000,3190.739990234375,3190.739990234375,3189.97998046875,3189.97998046875,0,2026-07-30 00:00:00+00:00
1785384000000,3189.659912109375,3189.659912109375,3189.659912109375,3189.659912109375,0,2026-07-30 04:00:00+00:00
1785398400000,3189.659912109375,3204.27001953125,3189.639892578125,3191.25,0,2026-07-30 08:00:00+00:00
1785412800000,3193.25,3203.760009765625,3110.10009765625,3121.550048828125,0,2026-07-30 12:00:00+00:00
1785427200000,3136.39990234375,3138.35009765625,3084.0,3111.929931640625,0,2026-07-30 16:00:00+00:00
1785441600000,3108.47998046875,3128.47998046875,3105.25,3115.97998046875,0,2026-07-30 20:00:00+00:00
1785456000000,3109.39990234375,3115.97998046875,3105.25,3115.97998046875,0,2026-07-31 00:00:00+00:00
1785470400000,3115.97998046875,3116.64990234375,3115.97998046875,3116.64990234375,0,2026-07-31 04:00:00+00:00
1785484800000,3116.64990234375,3116.64990234375,3105.25,3105.25,0,2026-07-31 08:00:00+00:00
1785499200000,3121.75,3154.14990234375,3111.949951171875,3142.409912109375,0,2026-07-31 12:00:00+00:00
1785513600000,3143.0400390625,3164.3798828125,3135.47998046875,3151.679931640625,0,2026-07-31 16:00:00+00:00
1785700800000,3151.659912109375,3151.659912109375,3143.97998046875,3148.389892578125,0,2026-08-02 20:00:00+00:00
1785715200000,3148.389892578125,3148.389892578125,3148.389892578125,3148.389892578125,0,2026-08-03 00:00:00+00:00
1785729600000,3148.409912109375,3148.409912109375,3144.52001953125,3147.699951171875,0,2026-08-03 04:00:00+00:00
1785744000000,3147.699951171875,3202.5,3147.679931640625,3151.0,0,2026-08-03 08:00:00+00:00
1785758400000,3151.0,3233.7900390625,3150.419921875,3228.1298828125,0,2026-08-03 12:00:00+00:00
1785772800000,3228.159912109375,3248.949951171875,3226.47998046875,3228.050048828125,0,2026-08-03 16:00:00+00:00
1785787200000,3228.050048828125,3233.02001953125,3225.97998046875,3230.8701171875,0,2026-08-03 20:00:00+00:00
1785801600000,3230.8701171875,3230.97998046875,3229.56005859375,3230.97998046875,0,2026-08-04 00:00:00+00:00
1785816000000,3229.030029296875,3230.820068359375,3229.030029296875,3230.820068359375,0,2026-08-04 04:00:00+00:00
1785830400000,3230.820068359375,3231.280029296875,3228.9599609375,3228.9599609375,0,2026-08-04 08:00:00+00:00
1785844800000,3228.9599609375,3242.030029296875,3199.010009765625,3202.860107421875,0,2026-08-04 12:00:00+00:00
1785859200000,3202.840087890625,3215.5,3188.530029296875,3194.580078125,0,2026-08-04 16:00:00+00:00
1785873600000,3193.72998046875,3200.669921875,3191.800048828125,3193.739990234375,0,2026-08-04 20:00:00+00:00
1785888000000,3200.06005859375,3200.06005859375,3196.97998046875,3196.97998046875,0,2026-08-05 00:00:00+00:00
1785902400000,3194.590087890625,3200.7900390625,3193.7099609375,3193.7099609375,0,2026-08-05 04:00:00+00:00
1785916800000,3193.7099609375,3199.989990234375,3191.800048828125,3191.800048828125,0,2026-08-05 08:00:00+00:00
1785931200000,3193.1298828125,3202.18994140625,3171.139892578125,3174.969970703125,0,2026-08-05 12:00:00+00:00
1785945600000,3177.239990234375,3184.070068359375,3169.280029296875,3172.199951171875,0,2026-08-05 16:00:00+00:00
1785960000000,3175.97998046875,3176.469970703125,3171.489990234375,3176.469970703125,0,2026-08-05 20:00:00+00:00
1785974400000,3176.469970703125,3176.469970703125,3176.469970703125,3176.469970703125,0,2026-08-06 00:00:00+00:00
1785988800000,3174.5400390625,3174.5400390625,3174.010009765625,3174.219970703125,0,2026-08-06 04:00:00+00:00
1786003200000,3174.219970703125,3174.5400390625,3171.489990234375,3171.489990234375,0,2026-08-06 08:00:00+00:00
1786017600000,3171.489990234375,3219.27001953125,3145.72998046875,3153.090087890625,0,2026-08-06 12:00:00+00:00
1786032000000,3151.760009765625,3154.739990234375,3145.3798828125,3146.47998046875,0,2026-08-06 16:00:00+00:00
1786046400000,3146.47998046875,3151.47998046875,3146.47998046875,3151.47998046875,0,2026-08-06 20:00:00+00:00
1786060800000,3151.47998046875,3151.47998046875,3151.47998046875,3151.47998046875,0,2026-08-07 00:00:00+00:00
1786075200000,3151.5,3151.5,3151.5,3151.5,0,2026-08-07 04:00:00+00:00
1786089600000,3151.5,3151.5,3150.75,3151.47998046875,0,2026-08-07 08:00:00+00:00
1786104000000,3159.260009765625,3159.260009765625,3158.43994140625,3158.43994140625,0,2026-08-07 12:00:00+00:00
1786118400000,3158.35009765625,3158.35009765625,3148.280029296875,3148.280029296875,0,2026-08-07 16:00:00+00:00
1786132800000,3152.639892578125,3152.639892578125,3152.639892578125,3152.639892578125,0,2026-08-07 20:00:00+00:00
1786305600000,3155.909912109375,3155.909912109375,3155.909912109375,3155.909912109375,0,2026-08-09 20:00:00+00:00
1786320000000,3155.909912109375,3155.909912109375,3155.909912109375,3155.909912109375,0,2026-08-10 00:00:00+00:00
1786334400000,3155.909912109375,3155.909912109375,3155.510009765625,3155.889892578125,0,2026-08-10 04:00:00+00:00
1786348800000,3155.510009765625,3155.590087890625,3138.5,3148.679931640625,0,2026-08-10 08:00:00+00:00
1786363200000,3148.679931640625,3161.72998046875,3108.429931640625,3113.139892578125,0,2026-08-10 12:00:00+00:00
1786377600000,3114.10009765625,3139.949951171875,3111.219970703125,3136.0,0,2026-08-10 16:00:00+00:00
1786392000000,3135.68994140625,3144.320068359375,3135.06005859375,3141.360107421875,0,2026-08-10 20:00:00+00:00
1786406400000,3134.97998046875,3135.7900390625,3133.97998046875,3133.97998046875,0,2026-08-11 00:00:00+00:00
1786420800000,3133.139892578125,3139.949951171875,3133.139892578125,3137.97998046875,0,2026-08-11 04:00:00+00:00
1786435200000,3137.97998046875,3139.949951171875,3137.97998046875,3138.5,0,2026-08-11 08:00:00+00:00
1786449600000,3137.9599609375,3138.330078125,3104.06005859375,3114.179931640625,0,2026-08-11 12:00:00+00:00
1786464000000,3114.739990234375,3140.139892578125,3113.340087890625,3127.47998046875,0,2026-08-11 16:00:00+00:00
1786478400000,3127.47998046875,3129.469970703125,3124.75,3128.419921875,0,2026-08-11 20:00:00+00:00
1786492800000,3128.419921875,3128.419921875,3128.419921875,3128.419921875,0,2026-08-12 00:00:00+00:00
1786507200000,3124.679931640625,3127.590087890625,3124.550048828125,3127.590087890625,0,2026-08-12 04:00:00+00:00
1786521600000,3127.590087890625,3130.219970703125,3124.889892578125,3128.570068359375,0,2026-08-12 08:00:00+00:00
1786536000000,3128.570068359375,3128.570068359375,3105.1298828125,3124.22998046875,0,2026-08-12 12:00:00+00:00
1786550400000,3124.199951171875,3141.050048828125,3120.31005859375,3137.47998046875,0,2026-08-12 16:00:00+00:00
1786564800000,3138.550048828125,3140.47998046875,3135.949951171875,3137.47998046875,0,2026-08-12 20:00:00+00:00
1786579200000,3137.47998046875,3139.97998046875,3137.47998046875,3138.550048828125,0,2026-08-13 00:00:00+00:00
1786593600000,3139.090087890625,3139.090087890625,3131.300048828125,3131.300048828125,0,2026-08-13 04:00:00+00:00
1786608000000,3137.97998046875,3138.199951171875,3135.949951171875,3135.949951171875,0,2026-08-13 08:00:00+00:00
1786622400000,3135.949951171875,3136.340087890625,3118.780029296875,3121.389892578125,0,2026-08-13 12:00:00+00:00
1786636800000,3123.60009765625,3127.169921875,3113.39990234375,3117.72998046875,0,2026-08-13 16:00:00+00:00
1786651200000,3117.72998046875,3125.919921875,3115.4599609375,3116.18994140625,0,2026-08-13 20:00:00+00:00
1786665600000,3116.0400390625,3116.97998046875,3116.0400390625,3116.97998046875,0,2026-08-14 00:00:00+00:00
1786680000000,3115.679931640625,3126.989990234375,3115.679931640625,3115.719970703125,0,2026-08-14 04:00:00+00:00
1786694400000,3115.719970703125,3126.699951171875,3115.050048828125,3115.050048828125,0,2026-08-14 08:00:00+00:00
1786708800000,3126.699951171875,3126.699951171875,3105.77001953125,3121.7900390625,0,2026-08-14 12:00:00+00:00
1786723200000,3121.739990234375,3147.35009765625,3121.739990234375,3134.3701171875,0,2026-08-14 16:00:00+00:00
1786737600000,3134.47998046875,3141.47998046875,3133.52001953125,3133.52001953125,0,2026-08-14 20:00:00+00:00
1786924800000,3131.300048828125,3131.300048828125,3131.300048828125,3131.300048828125,0,2026-08-17 00:00:00+00:00
1786939200000,3133.52001953125,3133.52001953125,3131.31005859375,3131.31005859375,0,2026-08-17 04:00:00+00:00
1786953600000,3131.31005859375,3134.3798828125,3131.31005859375,3134.3798828125,0,2026-08-17 08:00:00+00:00
1786968000000,3131.2900390625,3131.6201171875,3131.2900390625,3131.6201171875,0,2026-08-17 12:00:00+00:00
1786982400000,3131.6201171875,3133.0,3131.0,3131.780029296875,0,2026-08-17 16:00:00+00:00
1786996800000,3131.800048828125,3131.800048828125,3131.800048828125,3131.800048828125,0,2026-08-17 20:00:00+00:00
1787011200000,3131.800048828125,3131.97998046875,3131.6201171875,3131.97998046875,0,2026-08-18 00:00:00+00:00
1787025600000,3131.93994140625,3131.93994140625,3131.93994140625,3131.93994140625,0,2026-08-18 04:00:00+00:00
1787040000000,3131.93994140625,3133.1201171875,3131.6201171875,3131.8701171875,0,2026-08-18 08:00:00+00:00
1787054400000,3132.3798828125,3135.47998046875,3090.320068359375,3093.830078125,0,2026-08-18 12:00:00+00:00
1787068800000,3094.72998046875,3096.3798828125,3080.139892578125,3096.3798828125,0,2026-08-18 16:00:00+00:00
1787083200000,3096.3798828125,3098.47998046875,3091.89990234375,3098.47998046875,0,2026-08-18 20:00:00+00:00
1787097600000,3098.47998046875,3098.47998046875,3085.97998046875,3093.25,0,2026-08-19 00:00:00+00:00
1787112000000,3092.159912109375,3092.159912109375,3092.159912109375,3092.159912109375,0,2026-08-19 04:00:00+00:00
1787126400000,3092.159912109375,3093.5,3092.159912109375,3093.5,0,2026-08-19 08:00:00+00:00
1787140800000,3082.0,3093.25,3049.4599609375,3055.739990234375,0,2026-08-19 12:00:00+00:00
1787155200000,3053.639892578125,3057.4599609375,3030.409912109375,3049.760009765625,0,2026-08-19 16:00:00+00:00
1787169600000,3049.320068359375,3050.97998046875,3035.800048828125,3048.35009765625,0,2026-08-19 20:00:00+00:00
1787184000000,3048.35009765625,3050.97998046875,3048.35009765625,3050.97998046875,0,2026-08-20 00:00:00+00:00
1787198400000,3035.800048828125,3049.820068359375,3035.800048828125,3049.820068359375,0,2026-08-20 04:00:00+00:00
1787212800000,3049.820068359375,3049.820068359375,3035.800048828125,3048.47998046875,0,2026-08-20 08:00:00+00:00
1787227200000,3048.47998046875,3066.64990234375,3031.699951171875,3054.68994140625,0,2026-08-20 12:00:00+00:00
1787241600000,3054.070068359375,3076.360107421875,3054.070068359375,3067.47998046875,0,2026-08-20 16:00:00+00:00
1787256000000,3067.47998046875,3070.47998046875,3061.159912109375,3064.14990234375,0,2026-08-20 20:00:00+00:00
1787270400000,3064.300048828125,3064.300048828125,3063.97998046875,3063.97998046875,0,2026-08-21 00:00:00+00:00
1787284800000,3064.449951171875,3064.449951171875,3063.77001953125,3063.77001953125,0,2026-08-21 04:00:00+00:00
1787299200000,3064.0400390625,3070.800048828125,3064.02001953125,3069.679931640625,0,2026-08-21 08:00:00+00:00
1787313600000,3068.47998046875,3068.47998046875,3033.699951171875,3042.77001953125,0,2026-08-21 12:00:00+00:00
1787328000000,3041.5,3057.52001953125,3032.47998046875,3036.429931640625,0,2026-08-21 16:00:00+00:00
1787342400000,3036.860107421875,3038.199951171875,3034.22998046875,3037.1201171875,0,2026-08-21 20:00:00+00:00
1787515200000,3042.81005859375,3044.47998046875,3042.75,3044.47998046875,0,2026-08-23 20:00:00+00:00
1787529600000,3044.47998046875,3044.47998046875,3044.47998046875,3044.47998046875,0,2026-08-24 00:00:00+00:00
1787544000000,3038.199951171875,3043.489990234375,3038.199951171875,3042.7099609375,0,2026-08-24 04:00:00+00:00
1787558400000,3043.489990234375,3043.489990234375,3035.679931640625,3038.5400390625,0,2026-08-24 08:00:00+00:00
1787572800000,3037.47998046875,3064.969970703125,3021.97998046875,3064.56005859375,0,2026-08-24 12:00:00+00:00
1787587200000,3062.840087890625,3069.719970703125,3047.989990234375,3055.72998046875,0,2026-08-24 16:00:00+00:00
1787601600000,3055.72998046875,3056.929931640625,3047.0400390625,3056.35009765625,0,2026-08-24 20:00:00+00:00
1787616000000,3049.8798828125,3055.110107421875,3049.8798828125,3055.110107421875,0,2026-08-25 00:00:00+00:00
1787630400000,3056.300048828125,3056.300048828125,3050.110107421875,3050.110107421875,0,2026-08-25 04:00:00+00:00
1787644800000,3050.110107421875,3057.85009765625,3049.570068359375,3057.85009765625,0,2026-08-25 08:00:00+00:00
1787659200000,3057.85009765625,3090.199951171875,3042.02001953125,3089.699951171875,0,2026-08-25 12:00:00+00:00
1787673600000,3089.60009765625,3096.949951171875,3082.68994140625,3090.47998046875,0,2026-08-25 16:00:00+00:00
1787688000000,3086.47998046875,3088.64990234375,3082.679931640625,3083.93994140625,0,2026-08-25 20:00:00+00:00
1787702400000,3083.93994140625,3083.93994140625,3083.93994140625,3083.93994140625,0,2026-08-26 00:00:00+00:00
1787716800000,3088.64990234375,3088.64990234375,3083.93994140625,3088.280029296875,0,2026-08-26 04:00:00+00:00
1787731200000,3088.280029296875,3089.860107421875,3083.820068359375,3089.860107421875,0,2026-08-26 08:00:00+00:00
1787745600000,3089.860107421875,3125.830078125,3089.860107421875,3114.550048828125,0,2026-08-26 12:00:00+00:00
1787760000000,3114.719970703125,3135.909912109375,3114.719970703125,3117.47998046875,0,2026-08-26 16:00:00+00:00
1787774400000,3117.47998046875,3129.27001953125,3117.47998046875,3122.6298828125,0,2026-08-26 20:00:00+00:00
1787788800000,3121.610107421875,3121.610107421875,3115.97998046875,3115.97998046875,0,2026-08-27 00:00:00+00:00
1787803200000,3127.2900390625,3127.2900390625,3121.56005859375,3121.56005859375,0,2026-08-27 04:00:00+00:00
1787817600000,3121.929931640625,3129.27001953125,3121.909912109375,3128.360107421875,0,2026-08-27 08:00:00+00:00
1787832000000,3128.260009765625,3158.570068359375,3106.169921875,3143.760009765625,0,2026-08-27 12:00:00+00:00
1787846400000,3143.949951171875,3161.179931640625,3131.429931640625,3154.97998046875,0,2026-08-27 16:00:00+00:00
1787860800000,3154.97998046875,3154.97998046875,3139.97998046875,3150.60009765625,0,2026-08-27 20:00:00+00:00
1787875200000,3149.89990234375,3150.830078125,3149.89990234375,3150.469970703125,0,2026-08-28 00:00:00+00:00
1787889600000,3148.010009765625,3148.010009765625,3148.010009765625,3148.010009765625,0,2026-08-28 04:00:00+00:00
1787904000000,3148.010009765625,3155.389892578125,3147.989990234375,3154.43994140625,0,2026-08-28 08:00:00+00:00
1787918400000,3149.0,3211.739990234375,3148.780029296875,3207.449951171875,0,2026-08-28 12:00:00+00:00
1787932800000,3207.199951171875,3222.75,3195.97998046875,3201.97998046875,0,2026-08-28 16:00:00+00:00
1787947200000,3201.97998046875,3202.47998046875,3199.510009765625,3202.47998046875,0,2026-08-28 20:00:00+00:00
1788120000000,3200.0,3201.68994140625,3199.77001953125,3199.77001953125,0,2026-08-30 20:00:00+00:00
1788134400000,3201.68994140625,3201.68994140625,3199.77001953125,3199.77001953125,0,2026-08-31 00:00:00+00:00
1788148800000,3201.68994140625,3201.68994140625,3199.97998046875,3199.97998046875,0,2026-08-31 04:00:00+00:00
1788163200000,3199.97998046875,3202.659912109375,3199.9599609375,3202.659912109375,0,2026-08-31 08:00:00+00:00
1788177600000,3202.659912109375,3222.969970703125,3172.89990234375,3212.969970703125,0,2026-08-31 12:00:00+00:00
1788192000000,3209.8798828125,3231.1201171875,3205.320068359375,3214.679931640625,0,2026-08-31 16:00:00+00:00
1788206400000,3214.679931640625,3223.22998046875,3204.47998046875,3219.179931640625,0,2026-08-31 20:00:00+00:00
1788220800000,3219.179931640625,3219.179931640625,3212.0,3219.179931640625,0,2026-09-01 00:00:00+00:00
1788235200000,3217.5,3217.5,3212.02001953125,3212.02001953125,0,2026-09-01 04:00:00+00:00
1788249600000,3212.02001953125,3223.22998046875,3210.2900390625,3223.22998046875,0,2026-09-01 08:00:00+00:00
1788264000000,3223.22998046875,3225.3701171875,3160.0,3174.260009765625,0,2026-09-01 12:00:00+00:00
1788278400000,3173.139892578125,3175.550048828125,3149.699951171875,3159.72998046875,0,2026-09-01 16:00:00+00:00
1788292800000,3159.360107421875,3161.110107421875,3155.47998046875,3155.47998046875,0,2026-09-01 20:00:00+00:00
1788307200000,3155.47998046875,3166.68994140625,3155.47998046875,3161.97998046875,0,2026-09-02 00:00:00+00:00
1788321600000,3173.43994140625,3173.43994140625,3173.43994140625,3173.43994140625,0,2026-09-02 04:00:00+00:00
1788336000000,3173.43994140625,3173.43994140625,3160.14990234375,3160.14990234375,0,2026-09-02 08:00:00+00:00
1788350400000,3173.419921875,3173.419921875,3122.97998046875,3137.199951171875,0,2026-09-02 12:00:00+00:00
1788364800000,3137.469970703125,3161.389892578125,3135.760009765625,3154.489990234375,0,2026-09-02 16:00:00+00:00
1788379200000,3154.489990234375,3160.72998046875,3149.219970703125,3149.219970703125,0,2026-09-02 20:00:00+00:00
1788393600000,3149.219970703125,3153.989990234375,3147.929931640625,3153.989990234375,0,2026-09-03 00:00:00+00:00
1788408000000,3148.419921875,3153.989990234375,3148.419921875,3153.989990234375,0,2026-09-03 04:00:00+00:00
1788422400000,3148.419921875,3159.0400390625,3148.409912109375,3159.0400390625,0,2026-09-03 08:00:00+00:00
1788436800000,3159.0400390625,3159.0400390625,3126.3798828125,3143.6298828125,0,2026-09-03 12:00:00+00:00
1788451200000,3143.679931640625,3145.489990234375,3129.39990234375,3139.489990234375,0,2026-09-03 16:00:00+00:00
1788465600000,3139.489990234375,3143.2900390625,3131.989990234375,3143.2900390625,0,2026-09-03 20:00:00+00:00
1788480000000,3143.2900390625,3143.679931640625,3142.989990234375,3142.989990234375,0,2026-09-04 00:00:00+00:00
1788494400000,3141.030029296875,3143.669921875,3138.3798828125,3143.669921875,0,2026-09-04 04:00:00+00:00
1788508800000,3143.669921875,3143.97998046875,3138.3798828125,3141.1201171875,0,2026-09-04 08:00:00+00:00
1788523200000,3138.3798828125,3148.419921875,3111.679931640625,3116.360107421875,0,2026-09-04 12:00:00+00:00
1788537600000,3115.340087890625,3135.969970703125,3109.2099609375,3124.989990234375,0,2026-09-04 16:00:00+00:00
1788552000000,3125.489990234375,3125.489990234375,3124.489990234375,3124.489990234375,0,2026-09-04 20:00:00+00:00
1788724800000,3129.889892578125,3129.889892578125,3128.580078125,3129.8798828125,0,2026-09-06 20:00:00+00:00
1788739200000,3128.580078125,3129.8798828125,3128.580078125,3128.580078125,0,2026-09-07 00:00:00+00:00
1788753600000,3128.580078125,3128.580078125,3128.580078125,3128.580078125,0,2026-09-07 04:00:00+00:00
1788768000000,3128.580078125,3129.60009765625,3128.570068359375,3129.60009765625,0,2026-09-07 08:00:00+00:00
1788782400000,3128.570068359375,3137.489990234375,3111.489990234375,3114.489990234375,0,2026-09-07 12:00:00+00:00
1788796800000,3114.489990234375,3127.820068359375,3114.489990234375,3118.0400390625,0,2026-09-07 16:00:00+00:00
1788811200000,3117.489990234375,3121.18994140625,3115.489990234375,3121.18994140625,0,2026-09-07 20:00:00+00:00
1788825600000,3121.18994140625,3121.18994140625,3121.18994140625,3121.18994140625,0,2026-09-08 00:00:00+00:00
1788840000000,3126.06005859375,3126.06005859375,3126.06005859375,3126.06005859375,0,2026-09-08 04:00:00+00:00
1788854400000,3126.06005859375,3131.300048828125,3126.050048828125,3131.300048828125,0,2026-09-08 08:00:00+00:00
1788868800000,3131.2900390625,3132.330078125,3106.25,3115.510009765625,0,2026-09-08 12:00:00+00:00
1788883200000,3115.550048828125,3121.550048828125,3101.419921875,3107.43994140625,0,2026-09-08 16:00:00+00:00
1788897600000,3107.43994140625,3109.989990234375,3104.5400390625,3104.68994140625,0,2026-09-08 20:00:00+00:00
1788912000000,3104.68994140625,3112.889892578125,3104.68994140625,3112.889892578125,0,2026-09-09 00:00:00+00:00
1788926400000,3112.889892578125,3112.889892578125,3108.0,3108.0,0,2026-09-09 04:00:00+00:00
1788940800000,3108.0,3115.659912109375,3107.989990234375,3115.64990234375,0,2026-09-09 08:00:00+00:00
1788955200000,3115.64990234375,3130.75,3091.5,3099.5,0,2026-09-09 12:00:00+00:00
1788969600000,3099.550048828125,3108.77001953125,3095.4599609375,3104.75,0,2026-09-09 16:00:00+00:00
1788984000000,3097.5,3099.68994140625,3093.489990234375,3099.47998046875,0,2026-09-09 20:00:00+00:00
1788998400000,3099.47998046875,3104.989990234375,3099.06005859375,3104.989990234375,0,2026-09-10 00:00:00+00:00
1789012800000,3100.080078125,3100.080078125,3100.080078125,3100.080078125,0,2026-09-10 04:00:00+00:00
1789027200000,3100.080078125,3102.35009765625,3096.830078125,3099.68994140625,0,2026-09-10 08:00:00+00:00
1789041600000,3099.25,3124.27001953125,3075.85009765625,3084.050048828125,0,2026-09-10 12:00:00+00:00
1789056000000,3083.0,3100.989990234375,3081.489990234375,3081.489990234375,0,2026-09-10 16:00:00+00:00
1789070400000,3087.510009765625,3087.64990234375,3081.489990234375,3087.64990234375,0,2026-09-10 20:00:00+00:00
1789084800000,3087.64990234375,3098.580078125,3087.64990234375,3096.989990234375,0,2026-09-11 00:00:00+00:00
1789099200000,3087.510009765625,3099.52001953125,3087.510009765625,3099.52001953125,0,2026-09-11 04:00:00+00:00
1789113600000,3099.52001953125,3099.52001953125,3087.510009765625,3092.52001953125,0,2026-09-11 08:00:00+00:00
1789128000000,3098.090087890625,3098.090087890625,3064.050048828125,3073.56005859375,0,2026-09-11 12:00:00+00:00
1789142400000,3073.0,3085.179931640625,3067.14990234375,3081.489990234375,0,2026-09-11 16:00:00+00:00
1789156800000,3081.489990234375,3084.489990234375,3077.489990234375,3082.739990234375,0,2026-09-11 20:00:00+00:00
1789329600000,3079.22998046875,3079.22998046875,3075.719970703125,3075.719970703125,0,2026-09-13 20:00:00+00:00
1789344000000,3079.06005859375,3079.06005859375,3075.719970703125,3075.719970703125,0,2026-09-14 00:00:00+00:00
1789358400000,3079.06005859375,3079.06005859375,3079.06005859375,3079.06005859375,0,2026-09-14 04:00:00+00:00
1789372800000,3079.06005859375,3083.860107421875,3076.1201171875,3083.22998046875,0,2026-09-14 08:00:00+00:00
1789387200000,3076.1201171875,3120.2099609375,3076.110107421875,3105.77001953125,0,2026-09-14 12:00:00+00:00
1789401600000,3105.8701171875,3110.469970703125,3099.429931640625,3106.580078125,0,2026-09-14 16:00:00+00:00
1789416000000,3103.489990234375,3107.169921875,3098.68994140625,3107.169921875,0,2026-09-14 20:00:00+00:00
1789430400000,3107.169921875,3107.97998046875,3105.989990234375,3105.989990234375,0,2026-09-15 00:00:00+00:00
1789444800000,3107.85009765625,3107.85009765625,3107.429931640625,3107.429931640625,0,2026-09-15 04:00:00+00:00
1789459200000,3107.429931640625,3107.429931640625,3100.300048828125,3107.419921875,0,2026-09-15 08:00:00+00:00
1789473600000,3102.219970703125,3105.989990234375,3088.5,3100.06005859375,0,2026-09-15 12:00:00+00:00
1789488000000,3097.860107421875,3116.610107421875,3095.0400390625,3108.550048828125,0,2026-09-15 16:00:00+00:00
1789502400000,3111.489990234375,3111.800048828125,3105.260009765625,3106.889892578125,0,2026-09-15 20:00:00+00:00
1789516800000,3106.889892578125,3106.889892578125,3099.989990234375,3099.989990234375,0,2026-09-16 00:00:00+00:00
1789531200000,3111.800048828125,3111.800048828125,3104.3701171875,3105.7900390625,0,2026-09-16 04:00:00+00:00
1789545600000,3105.7900390625,3113.25,3105.7900390625,3112.5,0,2026-09-16 08:00:00+00:00
1789560000000,3105.780029296875,3150.300048828125,3104.860107421875,3140.050048828125,0,2026-09-16 12:00:00+00:00
1789574400000,3136.719970703125,3143.93994140625,3122.300048828125,3139.489990234375,0,2026-09-16 16:00:00+00:00
1789588800000,3139.489990234375,3139.489990234375,3119.010009765625,3120.429931640625,0,2026-09-16 20:00:00+00:00
1789603200000,3122.969970703125,3134.989990234375,3122.969970703125,3134.989990234375,0,2026-09-17 00:00:00+00:00
1789617600000,3122.909912109375,3124.330078125,3122.909912109375,3124.330078125,0,2026-09-17 04:00:00+00:00
1789632000000,3124.330078125,3124.330078125,3122.909912109375,3123.22998046875,0,2026-09-17 08:00:00+00:00
1789646400000,3125.889892578125,3159.2900390625,3118.6298828125,3146.419921875,0,2026-09-17 12:00:00+00:00
1789660800000,3146.35009765625,3171.840087890625,3143.679931640625,3162.489990234375,0,2026-09-17 16:00:00+00:00
1789675200000,3159.489990234375,3162.280029296875,3154.360107421875,3154.360107421875,0,2026-09-17 20:00:00+00:00
1789689600000,3153.840087890625,3164.989990234375,3153.840087890625,3164.989990234375,0,2026-09-18 00:00:00+00:00
1789704000000,3164.989990234375,3164.989990234375,3154.489990234375,3154.81005859375,0,2026-09-18 04:00:00+00:00
1789718400000,3154.489990234375,3162.280029296875,3154.47998046875,3162.18994140625,0,2026-09-18 08:00:00+00:00
1789732800000,3162.280029296875,3207.4599609375,3153.639892578125,3191.06005859375,0,2026-09-18 12:00:00+00:00
1789747200000,3193.81005859375,3194.0400390625,3168.6201171875,3177.489990234375,0,2026-09-18 16:00:00+00:00
1789761600000,3177.489990234375,3183.489990234375,3174.780029296875,3180.989990234375,0,2026-09-18 20:00:00+00:00
