time,open,high,low,close,volume,datetime
1784757600000,1.141291856765747,1.141291856765747,1.1409013271331787,1.1410315036773682,0,2026-07-22 22:00:00+00:00
1784761200000,1.1411616802215576,1.1415525674819946,1.1411616802215576,1.141422152519226,0,2026-07-22 23:00:00+00:00
1784764800000,1.1415525674819946,1.1420739889144897,1.141422152519226,1.1420739889144897,0,2026-07-23 00:00:00+00:00
1784768400000,1.1420739889144897,1.1423349380493164,1.1419435739517212,1.1419435739517212,0,2026-07-23 01:00:00+00:00
1784772000000,1.1419435739517212,1.1431183815002441,1.1419435739517212,1.1431183815002441,0,2026-07-23 02:00:00+00:00
1784775600000,1.1432491540908813,1.143379807472229,1.1427265405654907,1.1432491540908813,0,2026-07-23 03:00:00+00:00
1784779200000,1.1431183815002441,1.1439030170440674,1.1431183815002441,1.1436413526535034,0,2026-07-23 04:00:00+00:00
1784782800000,1.1436413526535034,1.1437721252441406,1.1432491540908813,1.143379807472229,0,2026-07-23 05:00:00+00:00
1784786400000,1.143379807472229,1.1436413526535034,1.1427265405654907,1.1428571939468384,0,2026-07-23 06:00:00+00:00
1784790000000,1.1427265405654907,1.142987847328186,1.1424654722213745,1.1427265405654907,0,2026-07-23 07:00:00+00:00
1784793600000,1.1428571939468384,1.1428571939468384,1.1411616802215576,1.141422152519226,0,2026-07-23 08:00:00+00:00
1784797200000,1.141291856765747,1.1418131589889526,1.141291856765747,1.1415525674819946,0,2026-07-23 09:00:00+00:00
1784800800000,1.1416828632354736,1.1416828632354736,1.1407711505889893,1.1407711505889893,0,2026-07-23 10:00:00+00:00
1784804400000,1.1406410932540894,1.1409013271331787,1.1388224363327026,1.1398608684539795,0,2026-07-23 11:00:00+00:00
1784808000000,1.1397310495376587,1.1397310495376587,1.138044834136963,1.1388224363327026,0,2026-07-23 12:00:00+00:00
1784811600000,1.1389521360397339,1.1389521360397339,1.137268304824829,1.1377859115600586,0,2026-07-23 13:00:00+00:00
1784815200000,1.1377859115600586,1.1377859115600586,1.1367511749267578,1.1373976469039917,0,2026-07-23 14:00:00+00:00
1784818800000,1.1373976469039917,1.1377859115600586,1.1370097398757935,1.1375269889831543,0,2026-07-23 15:00:00+00:00
1784822400000,1.1376564502716064,1.1383039951324463,1.1376564502716064,1.1383039951324463,0,2026-07-23 16:00:00+00:00
1784826000000,1.1383039951324463,1.1384334564208984,1.1375269889831543,1.1375269889831543,0,2026-07-23 17:00:00+00:00
1784829600000,1.1375269889831543,1.1379153728485107,1.1373976469039917,1.1377859115600586,0,2026-07-23 18:00:00+00:00
1784833200000,1.1381744146347046,1.1381744146347046,1.1377859115600586,1.138044834136963,0,2026-07-23 19:00:00+00:00
1784836800000,1.1381744146347046,1.1383039951324463,1.138044834136963,1.138044834136963,0,2026-07-23 20:00:00+00:00
1784840400000,1.1375269889831543,1.1384334564208984,1.1371389627456665,1.1381744146347046,0,2026-07-23 21:00:00+00:00
1784844000000,1.1379153728485107,1.1383039951324463,1.1379153728485107,1.1383039951324463,0,2026-07-23 22:00:00+00:00
1784847600000,1.1383039951324463,1.1383039951324463,1.1379153728485107,1.138044834136963,0,2026-07-23 23:00:00+00:00
1784851200000,1.1379153728485107,1.1386927366256714,1.1379153728485107,1.1386927366256714,0,2026-07-24 00:00:00+00:00
1784854800000,1.1388224363327026,1.1390818357467651,1.1385631561279297,1.1386927366256714,0,2026-07-24 01:00:00+00:00
1784858400000,1.1388224363327026,1.1390818357467651,1.1385631561279297,1.1385631561279297,0,2026-07-24 02:00:00+00:00
1784862000000,1.1384334564208984,1.1385631561279297,1.1381744146347046,1.1385631561279297,0,2026-07-24 03:00:00+00:00
1784865600000,1.1385631561279297,1.1386927366256714,1.138044834136963,1.1381744146347046,0,2026-07-24 04:00:00+00:00
1784869200000,1.1383039951324463,1.1386927366256714,1.138044834136963,1.138044834136963,0,2026-07-24 05:00:00+00:00
1784872800000,1.1381744146347046,1.1389521360397339,1.138044834136963,1.1389521360397339,0,2026-07-24 06:00:00+00:00
1784876400000,1.1390818357467651,1.140380859375,1.1389521360397339,1.1393414735794067,0,2026-07-24 07:00:00+00:00
1784880000000,1.1393414735794067,1.1393414735794067,1.1384334564208984,1.1386927366256714,0,2026-07-24 08:00:00+00:00
1784883600000,1.1385631561279297,1.1390818357467651,1.1385631561279297,1.1390818357467651,0,2026-07-24 09:00:00+00:00
1784887200000,1.139211654663086,1.1396011114120483,1.1385631561279297,1.1386927366256714,0,2026-07-24 10:00:00+00:00
1784890800000,1.1385631561279297,1.1390818357467651,1.1375269889831543,1.1377859115600586,0,2026-07-24 11:00:00+00:00
1784894400000,1.1379153728485107,1.1381744146347046,1.1371389627456665,1.137268304824829,0,2026-07-24 12:00:00+00:00
1784898000000,1.1373976469039917,1.1379153728485107,1.1368803977966309,1.1379153728485107,0,2026-07-24 13:00:00+00:00
1784901600000,1.138044834136963,1.1383039951324463,1.1373976469039917,1.1383039951324463,0,2026-07-24 14:00:00+00:00
1784905200000,1.138044834136963,1.1393414735794067,1.138044834136963,1.1386927366256714,0,2026-07-24 15:00:00+00:00
1784908800000,1.1386927366256714,1.1389521360397339,1.1381744146347046,1.1381744146347046,0,2026-07-24 16:00:00+00:00
1784912400000,1.138044834136963,1.138044834136963,1.1371389627456665,1.137268304824829,0,2026-07-24 17:00:00+00:00
1784916000000,1.137268304824829,1.1373976469039917,1.1370097398757935,1.137268304824829,0,2026-07-24 18:00:00+00:00
1784919600000,1.1373976469039917,1.1375269889831543,1.1371389627456665,1.1373976469039917,0,2026-07-24 19:00:00+00:00
1784923200000,1.1373976469039917,1.1376564502716064,1.1370097398757935,1.1373976469039917,0,2026-07-24 20:00:00+00:00
1784926800000,1.1375269889831543,1.1375269889831543,1.1375269889831543,1.1375269889831543,0,2026-07-24 21:00:00+00:00
1785106800000,1.1393414735794067,1.1398608684539795,1.139211654663086,1.1398608684539795,0,2026-07-26 23:00:00+00:00
1785110400000,1.1399909257888794,1.1415525674819946,1.1399909257888794,1.1405109167099,0,2026-07-27 00:00:00+00:00
1785114000000,1.1406410932540894,1.1416828632354736,1.1406410932540894,1.1416828632354736,0,2026-07-27 01:00:00+00:00
1785117600000,1.1416828632354736,1.1416828632354736,1.1409013271331787,1.1409013271331787,0,2026-07-27 02:00:00+00:00
1785121200000,1.1410315036773682,1.1410315036773682,1.1405109167099,1.1406410932540894,0,2026-07-27 03:00:00+00:00
1785124800000,1.1406410932540894,1.1409013271331787,1.1405109167099,1.1407711505889893,0,2026-07-27 04:00:00+00:00
1785128400000,1.1405109167099,1.1410315036773682,1.1405109167099,1.1409013271331787,0,2026-07-27 05:00:00+00:00
1785132000000,1.1410315036773682,1.1420739889144897,1.1410315036773682,1.141291856765747,0,2026-07-27 06:00:00+00:00
1785135600000,1.1411616802215576,1.141291856765747,1.1402509212493896,1.1402509212493896,0,2026-07-27 07:00:00+00:00
1785139200000,1.1401208639144897,1.1406410932540894,1.1398608684539795,1.1406410932540894,0,2026-07-27 08:00:00+00:00
1785142800000,1.1405109167099,1.1406410932540894,1.1398608684539795,1.1399909257888794,0,2026-07-27 09:00:00+00:00
1785146400000,1.1398608684539795,1.1405109167099,1.1397310495376587,1.1397310495376587,0,2026-07-27 10:00:00+00:00
1785150000000,1.1398608684539795,1.1398608684539795,1.1388224363327026,1.1389521360397339,0,2026-07-27 11:00:00+00:00
1785153600000,1.1390818357467651,1.1393414735794067,1.138044834136963,1.1388224363327026,0,2026-07-27 12:00:00+00:00
1785157200000,1.1385631561279297,1.1389521360397339,1.1376564502716064,1.1376564502716064,0,2026-07-27 13:00:00+00:00
1785160800000,1.1373976469039917,1.1379153728485107,1.137268304824829,1.1373976469039917,0,2026-07-27 14:00:00+00:00
1785164400000,1.1375269889831543,1.138044834136963,1.137268304824829,1.1379153728485107,0,2026-07-27 15:00:00+00:00
1785168000000,1.1377859115600586,1.1388224363327026,1.1377859115600586,1.1383039951324463,0,2026-07-27 16:00:00+00:00
1785171600000,1.1381744146347046,1.1383039951324463,1.1371389627456665,1.1376564502716064,0,2026-07-27 17:00:00+00:00
1785175200000,1.1375269889831543,1.1376564502716064,1.1371389627456665,1.1371389627456665,0,2026-07-27 18:00:00+00:00
1785178800000,1.137268304824829,1.1376564502716064,1.1370097398757935,1.1373976469039917,0,2026-07-27 19:00:00+00:00
1785182400000,1.137268304824829,1.1375269889831543,1.1370097398757935,1.1371389627456665,0,2026-07-27 20:00:00+00:00
1785186000000,1.1364928483963013,1.1384334564208984,1.1364928483963013,1.1375269889831543,0,2026-07-27 21:00:00+00:00
1785189600000,1.137268304824829,1.1375269889831543,1.137268304824829,1.137268304824829,0,2026-07-27 22:00:00+00:00
1785193200000,1.137268304824829,1.1373976469039917,1.1371389627456665,1.137268304824829,0,2026-07-27 23:00:00+00:00
1785196800000,1.1371389627456665,1.1377859115600586,1.1370097398757935,1.1377859115600586,0,2026-07-28 00:00:00+00:00
1785200400000,1.1377859115600586,1.138044834136963,1.1373976469039917,1.1376564502716064,0,2026-07-28 01:00:00+00:00
1785204000000,1.1376564502716064,1.1381744146347046,1.1375269889831543,1.138044834136963,0,2026-07-28 02:00:00+00:00
1785207600000,1.138044834136963,1.1383039951324463,1.1376564502716064,1.1377859115600586,0,2026-07-28 03:00:00+00:00
1785211200000,1.1376564502716064,1.1376564502716064,1.1371389627456665,1.137268304824829,0,2026-07-28 04:00:00+00:00
1785214800000,1.1371389627456665,1.1371389627456665,1.1364928483963013,1.1370097398757935,0,2026-07-28 05:00:00+00:00
1785218400000,1.1370097398757935,1.1375269889831543,1.1368803977966309,1.1371389627456665,0,2026-07-28 06:00:00+00:00
1785222000000,1.1371389627456665,1.1376564502716064,1.1367511749267578,1.1368803977966309,0,2026-07-28 07:00:00+00:00
1785225600000,1.1368803977966309,1.1375269889831543,1.1368803977966309,1.1375269889831543,0,2026-07-28 08:00:00+00:00
1785229200000,1.1376564502716064,1.1376564502716064,1.1359764337539673,1.1359764337539673,0,2026-07-28 09:00:00+00:00
1785232800000,1.1359764337539673,1.1366219520568848,1.1357183456420898,1.1363636255264282,0,2026-07-28 10:00:00+00:00
1785236400000,1.1364928483963013,1.1371389627456665,1.1361054182052612,1.1370097398757935,0,2026-07-28 11:00:00+00:00
1785240000000,1.1368803977966309,1.1371389627456665,1.1364928483963013,1.1370097398757935,0,2026-07-28 12:00:00+00:00
1785243600000,1.1368803977966309,1.1376564502716064,1.1368803977966309,1.1373976469039917,0,2026-07-28 13:00:00+00:00
1785247200000,1.1375269889831543,1.1389521360397339,1.1375269889831543,1.1389521360397339,0,2026-07-28 14:00:00+00:00
1785250800000,1.1389521360397339,1.1405109167099,1.1388224363327026,1.140380859375,0,2026-07-28 15:00:00+00:00
1785254400000,1.140380859375,1.1407711505889893,1.1399909257888794,1.1399909257888794,0,2026-07-28 16:00:00+00:00
1785258000000,1.1398608684539795,1.1399909257888794,1.139211654663086,1.1393414735794067,0,2026-07-28 17:00:00+00:00
1785261600000,1.139211654663086,1.1394712924957275,1.1389521360397339,1.1389521360397339,0,2026-07-28 18:00:00+00:00
1785265200000,1.1389521360397339,1.1394712924957275,1.1389521360397339,1.1390818357467651,0,2026-07-28 19:00:00+00:00
1785268800000,1.1390818357467651,1.139211654663086,1.1388224363327026,1.1389521360397339,0,2026-07-28 20:00:00+00:00
1785272400000,1.1385631561279297,1.1398608684539795,1.1383039951324463,1.1394712924957275,0,2026-07-28 21:00:00+00:00
1785276000000,1.139211654663086,1.1394712924957275,1.1388224363327026,1.1388224363327026,0,2026-07-28 22:00:00+00:00
1785279600000,1.1388224363327026,1.1389521360397339,1.1385631561279297,1.1389521360397339,0,2026-07-28 23:00:00+00:00
1785283200000,1.1388224363327026,1.1393414735794067,1.1385631561279297,1.1393414735794067,0,2026-07-29 00:00:00+00:00
1785286800000,1.1394712924957275,1.1396011114120483,1.1389521360397339,1.1394712924957275,0,2026-07-29 01:00:00+00:00
1785290400000,1.1394712924957275,1.1398608684539795,1.1393414735794067,1.1397310495376587,0,2026-07-29 02:00:00+00:00
1785294000000,1.1397310495376587,1.140380859375,1.1397310495376587,1.1399909257888794,0,2026-07-29 03:00:00+00:00
1785297600000,1.1399909257888794,1.1406410932540894,1.1399909257888794,1.1405109167099,0,2026-07-29 04:00:00+00:00
1785301200000,1.1405109167099,1.1406410932540894,1.1401208639144897,1.1401208639144897,0,2026-07-29 05:00:00+00:00
1785304800000,1.1402509212493896,1.140380859375,1.1393414735794067,1.1394712924957275,0,2026-07-29 06:00:00+00:00
1785308400000,1.1394712924957275,1.140380859375,1.1394712924957275,1.1401208639144897,0,2026-07-29 07:00:00+00:00
1785312000000,1.1401208639144897,1.140380859375,1.1396011114120483,1.1399909257888794,0,2026-07-29 08:00:00+00:00
1785315600000,1.1398608684539795,1.1399909257888794,1.1396011114120483,1.1396011114120483,0,2026-07-29 09:00:00+00:00
1785319200000,1.1394712924957275,1.1396011114120483,1.1386927366256714,1.1388224363327026,0,2026-07-29 10:00:00+00:00
1785322800000,1.1389521360397339,1.139211654663086,1.1384334564208984,1.1384334564208984,0,2026-07-29 11:00:00+00:00
1785326400000,1.1385631561279297,1.1385631561279297,1.1379153728485107,1.138044834136963,0,2026-07-29 12:00:00+00:00
1785330000000,1.1383039951324463,1.1394712924957275,1.138044834136963,1.1393414735794067,0,2026-07-29 13:00:00+00:00
1785333600000,1.1396011114120483,1.1399909257888794,1.1384334564208984,1.1384334564208984,0,2026-07-29 14:00:00+00:00
1785337200000,1.1384334564208984,1.1388224363327026,1.1381744146347046,1.1385631561279297,0,2026-07-29 15:00:00+00:00
1785340800000,1.1385631561279297,1.1388224363327026,1.138044834136963,1.1388224363327026,0,2026-07-29 16:00:00+00:00
1785344400000,1.1388224363327026,1.1402509212493896,1.1388224363327026,1.1399909257888794,0,2026-07-29 17:00:00+00:00
1785348000000,1.1418131589889526,1.1454753875732422,1.1411616802215576,1.1453442573547363,0,2026-07-29 18:00:00+00:00
1785351600000,1.1456066370010376,1.1469204425811768,1.144688606262207,1.145213007926941,0,2026-07-29 19:00:00+00:00
1785355200000,1.145081877708435,1.147315263748169,1.145081877708435,1.1470520496368408,0,2026-07-29 20:00:00+00:00
1785358800000,1.1475785970687866,1.1492931842803955,1.1453442573547363,1.1465259790420532,0,2026-07-29 21:00:00+00:00
1785362400000,1.1469204425811768,1.147446870803833,1.1469204425811768,1.147446870803833,0,2026-07-29 22:00:00+00:00
1785366000000,1.1475785970687866,1.1478420495986938,1.1467890739440918,1.1470520496368408,0,2026-07-29 23:00:00+00:00
1785369600000,1.1470520496368408,1.1471836566925049,1.1460003852844238,1.1461317539215088,0,2026-07-30 00:00:00+00:00
1785373200000,1.1461317539215088,1.1463946104049683,1.1456066370010376,1.1456066370010376,0,2026-07-30 01:00:00+00:00
1785376800000,1.1458691358566284,1.1458691358566284,1.1454753875732422,1.1456066370010376,0,2026-07-30 02:00:00+00:00
1785380400000,1.1456066370010376,1.145737886428833,1.145213007926941,1.1453442573547363,0,2026-07-30 03:00:00+00:00
1785384000000,1.145213007926941,1.145737886428833,1.145213007926941,1.1453442573547363,0,2026-07-30 04:00:00+00:00
1785387600000,1.1453442573547363,1.1460003852844238,1.145213007926941,1.1453442573547363,0,2026-07-30 05:00:00+00:00
1785391200000,1.1454753875732422,1.1454753875732422,1.144688606262207,1.145081877708435,0,2026-07-30 06:00:00+00:00
1785394800000,1.145081877708435,1.1454753875732422,1.1439030170440674,1.144164800643921,0,2026-07-30 07:00:00+00:00
1785398400000,1.144426703453064,1.145737886428833,1.1442956924438477,1.145213007926941,0,2026-07-30 08:00:00+00:00
1785402000000,1.1453442573547363,1.1470520496368408,1.1453442573547363,1.1467890739440918,0,2026-07-30 09:00:00+00:00
1785405600000,1.1467890739440918,1.1486331224441528,1.1465259790420532,1.1477103233337402,0,2026-07-30 10:00:00+00:00
1785409200000,1.1478420495986938,1.1479737758636475,1.1469204425811768,1.1478420495986938,0,2026-07-30 11:00:00+00:00
1785412800000,1.1479737758636475,1.1486331224441528,1.147446870803833,1.1477103233337402,0,2026-07-30 12:00:00+00:00
1785416400000,1.1477103233337402,1.1526048183441162,1.147315263748169,1.1526048183441162,0,2026-07-30 13:00:00+00:00
1785420000000,1.1526048183441162,1.1538017988204956,1.1507480144500732,1.1507480144500732,0,2026-07-30 14:00:00+00:00
1785423600000,1.150483250617981,1.1527377367019653,1.15035080909729,1.1524720191955566,0,2026-07-30 15:00:00+00:00
1785427200000,1.1527377367019653,1.15340256690979,1.1527377367019653,1.1531364917755127,0,2026-07-30 16:00:00+00:00
1785430800000,1.1532695293426514,1.1532695293426514,1.1519410610198975,1.1531364917755127,0,2026-07-30 17:00:00+00:00
1785434400000,1.1535356044769287,1.1538017988204956,1.1531364917755127,1.1538017988204956,0,2026-07-30 18:00:00+00:00
1785438000000,1.1539349555969238,1.1539349555969238,1.1531364917755127,1.1535356044769287,0,2026-07-30 19:00:00+00:00
1785441600000,1.15340256690979,1.1535356044769287,1.1530035734176636,1.1531364917755127,0,2026-07-30 20:00:00+00:00
1785445200000,1.1531364917755127,1.1532695293426514,1.1527377367019653,1.1528706550598145,0,2026-07-30 21:00:00+00:00
1785448800000,1.1530035734176636,1.15340256690979,1.1528706550598145,1.1531364917755127,0,2026-07-30 22:00:00+00:00
1785452400000,1.1532695293426514,1.15340256690979,1.1526048183441162,1.1526048183441162,0,2026-07-30 23:00:00+00:00
1785456000000,1.1527377367019653,1.1530035734176636,1.1519410610198975,1.1522064208984375,0,2026-07-31 00:00:00+00:00
1785459600000,1.1522064208984375,1.152339220046997,1.151410460472107,1.151410460472107,0,2026-07-31 01:00:00+00:00
1785463200000,1.151410460472107,1.1519410610198975,1.151410460472107,1.151543140411377,0,2026-07-31 02:00:00+00:00
1785466800000,1.151543140411377,1.1516757011413574,1.151012897491455,1.1516757011413574,0,2026-07-31 03:00:00+00:00
1785470400000,1.1516757011413574,1.1516757011413574,1.1508804559707642,1.151145339012146,0,2026-07-31 04:00:00+00:00
1785474000000,1.151145339012146,1.1512778997421265,1.1508804559707642,1.151012897491455,0,2026-07-31 05:00:00+00:00
1785477600000,1.1508804559707642,1.1524720191955566,1.1508804559707642,1.1520737409591675,0,2026-07-31 06:00:00+00:00
1785481200000,1.1520737409591675,1.1527377367019653,1.151543140411377,1.1516757011413574,0,2026-07-31 07:00:00+00:00
1785484800000,1.1518083810806274,1.1528706550598145,1.1508804559707642,1.1528706550598145,0,2026-07-31 08:00:00+00:00
1785488400000,1.1527377367019653,1.1527377367019653,1.1507480144500732,1.1508804559707642,0,2026-07-31 09:00:00+00:00
1785492000000,1.1507480144500732,1.151145339012146,1.150483250617981,1.150483250617981,0,2026-07-31 10:00:00+00:00
1785495600000,1.150483250617981,1.150483250617981,1.1488970518112183,1.1488970518112183,0,2026-07-31 11:00:00+00:00
1785499200000,1.1487650871276855,1.1494252681732178,1.1486331224441528,1.1492931842803955,0,2026-07-31 12:00:00+00:00
1785502800000,1.1491611003875732,1.1506155729293823,1.1461317539215088,1.1470520496368408,0,2026-07-31 13:00:00+00:00
1785506400000,1.1470520496368408,1.1508804559707642,1.1466574668884277,1.1508804559707642,0,2026-07-31 14:00:00+00:00
1785510000000,1.151012897491455,1.1522064208984375,1.1500862836837769,1.1522064208984375,0,2026-07-31 15:00:00+00:00
1785513600000,1.1520737409591675,1.1522064208984375,1.1516757011413574,1.1520737409591675,0,2026-07-31 16:00:00+00:00
1785517200000,1.1522064208984375,1.154068112373352,1.1520737409591675,1.1538017988204956,0,2026-07-31 17:00:00+00:00
1785520800000,1.1536686420440674,1.1538017988204956,1.1528706550598145,1.15340256690979,0,2026-07-31 18:00:00+00:00
1785524400000,1.1535356044769287,1.1539349555969238,1.1530035734176636,1.15340256690979,0,2026-07-31 19:00:00+00:00
1785528000000,1.15340256690979,1.155001163482666,1.1528706550598145,1.1532695293426514,0,2026-07-31 20:00:00+00:00
1785531600000,1.1527377367019653,1.1527377367019653,1.1527377367019653,1.1527377367019653,0,2026-07-31 21:00:00+00:00
1785711600000,1.1552680730819702,1.1552680730819702,1.1546010971069336,1.1547343730926514,0,2026-08-02 23:00:00+00:00
1785715200000,1.154334545135498,1.1558021306991577,1.1539349555969238,1.1546010971069336,0,2026-08-03 00:00:00+00:00
1785718800000,1.154334545135498,1.1547343730926514,1.15340256690979,1.1535356044769287,0,2026-08-03 01:00:00+00:00
1785722400000,1.1535356044769287,1.1538017988204956,1.1532695293426514,1.15340256690979,0,2026-08-03 02:00:00+00:00
1785726000000,1.15340256690979,1.15340256690979,1.1530035734176636,1.15340256690979,0,2026-08-03 03:00:00+00:00
1785729600000,1.15340256690979,1.1539349555969238,1.1532695293426514,1.1538017988204956,0,2026-08-03 04:00:00+00:00
1785733200000,1.1538017988204956,1.154068112373352,1.1535356044769287,1.154068112373352,0,2026-08-03 05:00:00+00:00
1785736800000,1.1542012691497803,1.1542012691497803,1.1527377367019653,1.1530035734176636,0,2026-08-03 06:00:00+00:00
1785740400000,1.1531364917755127,1.1535356044769287,1.1524720191955566,1.1530035734176636,0,2026-08-03 07:00:00+00:00
1785744000000,1.1527377367019653,1.1530035734176636,1.1524720191955566,1.1526048183441162,0,2026-08-03 08:00:00+00:00
1785747600000,1.1527377367019653,1.1532695293426514,1.152339220046997,1.1526048183441162,0,2026-08-03 09:00:00+00:00
1785751200000,1.1524720191955566,1.1527377367019653,1.1520737409591675,1.1526048183441162,0,2026-08-03 10:00:00+00:00
1785754800000,1.1527377367019653,1.1535356044769287,1.1524720191955566,1.1535356044769287,0,2026-08-03 11:00:00+00:00
1785758400000,1.1536686420440674,1.1538017988204956,1.1526048183441162,1.1531364917755127,0,2026-08-03 12:00:00+00:00
1785762000000,1.1532695293426514,1.1538017988204956,1.1526048183441162,1.1530035734176636,0,2026-08-03 13:00:00+00:00
1785765600000,1.1526048183441162,1.1530035734176636,1.151410460472107,1.1518083810806274,0,2026-08-03 14:00:00+00:00
1785769200000,1.151543140411377,1.151543140411377,1.1506155729293823,1.1512778997421265,0,2026-08-03 15:00:00+00:00
1785772800000,1.1512778997421265,1.151410460472107,1.1508804559707642,1.151012897491455,0,2026-08-03 16:00:00+00:00
1785776400000,1.1508804559707642,1.1508804559707642,1.150483250617981,1.150483250617981,0,2026-08-03 17:00:00+00:00
1785780000000,1.150483250617981,1.1518083810806274,1.150483250617981,1.1516757011413574,0,2026-08-03 18:00:00+00:00
1785783600000,1.1516757011413574,1.1518083810806274,1.1512778997421265,1.151410460472107,0,2026-08-03 19:00:00+00:00
1785787200000,1.151410460472107,1.151410460472107,1.151012897491455,1.151145339012146,0,2026-08-03 20:00:00+00:00
1785790800000,1.1516757011413574,1.1518083810806274,1.151012897491455,1.151410460472107,0,2026-08-03 21:00:00+00:00
1785794400000,1.151543140411377,1.151543140411377,1.151012897491455,1.151145339012146,0,2026-08-03 22:00:00+00:00
1785798000000,1.1512778997421265,1.151410460472107,1.151012897491455,1.151012897491455,0,2026-08-03 23:00:00+00:00
1785801600000,1.151145339012146,1.1518083810806274,1.1508804559707642,1.1508804559707642,0,2026-08-04 00:00:00+00:00
1785805200000,1.1507480144500732,1.1518083810806274,1.1506155729293823,1.151543140411377,0,2026-08-04 01:00:00+00:00
1785808800000,1.1516757011413574,1.1516757011413574,1.151145339012146,1.151145339012146,0,2026-08-04 02:00:00+00:00
1785812400000,1.151410460472107,1.151543140411377,1.151145339012146,1.151145339012146,0,2026-08-04 03:00:00+00:00
1785816000000,1.1512778997421265,1.151410460472107,1.151012897491455,1.1512778997421265,0,2026-08-04 04:00:00+00:00
1785819600000,1.1512778997421265,1.151410460472107,1.1507480144500732,1.151012897491455,0,2026-08-04 05:00:00+00:00
1785823200000,1.151012897491455,1.1512778997421265,1.1507480144500732,1.151012897491455,0,2026-08-04 06:00:00+00:00
1785826800000,1.151145339012146,1.1519410610198975,1.151145339012146,1.151410460472107,0,2026-08-04 07:00:00+00:00
1785830400000,1.151543140411377,1.1516757011413574,1.151012897491455,1.151145339012146,0,2026-08-04 08:00:00+00:00
1785834000000,1.151145339012146,1.151410460472107,1.1507480144500732,1.151145339012146,0,2026-08-04 09:00:00+00:00
1785837600000,1.151145339012146,1.1522064208984375,1.151145339012146,1.1516757011413574,0,2026-08-04 10:00:00+00:00
1785841200000,1.1516757011413574,1.1526048183441162,1.151543140411377,1.1519410610198975,0,2026-08-04 11:00:00+00:00
1785844800000,1.1520737409591675,1.1526048183441162,1.1516757011413574,1.1518083810806274,0,2026-08-04 12:00:00+00:00
1785848400000,1.1518083810806274,1.1528706550598145,1.151410460472107,1.1527377367019653,0,2026-08-04 13:00:00+00:00
1785852000000,1.1527377367019653,1.15340256690979,1.152339220046997,1.1526048183441162,0,2026-08-04 14:00:00+00:00
1785855600000,1.1527377367019653,1.1530035734176636,1.1518083810806274,1.1528706550598145,0,2026-08-04 15:00:00+00:00
1785859200000,1.1528706550598145,1.1528706550598145,1.1520737409591675,1.1522064208984375,0,2026-08-04 16:00:00+00:00
1785862800000,1.152339220046997,1.1528706550598145,1.152339220046997,1.1527377367019653,0,2026-08-04 17:00:00+00:00
1785866400000,1.1527377367019653,1.1536686420440674,1.1526048183441162,1.1535356044769287,0,2026-08-04 18:00:00+00:00
1785870000000,1.1535356044769287,1.1536686420440674,1.1532695293426514,1.15340256690979,0,2026-08-04 19:00:00+00:00
1785873600000,1.15340256690979,1.1536686420440674,1.15340256690979,1.1535356044769287,0,2026-08-04 20:00:00+00:00
1785877200000,1.1531364917755127,1.15340256690979,1.1530035734176636,1.1532695293426514,0,2026-08-04 21:00:00+00:00
1785880800000,1.15340256690979,1.1535356044769287,1.15340256690979,1.1535356044769287,0,2026-08-04 22:00:00+00:00
1785884400000,1.1535356044769287,1.1536686420440674,1.1532695293426514,1.1535356044769287,0,2026-08-04 23:00:00+00:00
1785888000000,1.1535356044769287,1.1538017988204956,1.15340256690979,1.15340256690979,0,2026-08-05 00:00:00+00:00
1785891600000,1.1532695293426514,1.1535356044769287,1.1530035734176636,1.1530035734176636,0,2026-08-05 01:00:00+00:00
1785895200000,1.1531364917755127,1.154334545135498,1.1531364917755127,1.1538017988204956,0,2026-08-05 02:00:00+00:00
1785898800000,1.1538017988204956,1.1544678211212158,1.1538017988204956,1.154068112373352,0,2026-08-05 03:00:00+00:00
1785902400000,1.154068112373352,1.154334545135498,1.1538017988204956,1.1539349555969238,0,2026-08-05 04:00:00+00:00
1785906000000,1.1538017988204956,1.154068112373352,1.1535356044769287,1.1539349555969238,0,2026-08-05 05:00:00+00:00
1785909600000,1.1538017988204956,1.1548677682876587,1.1535356044769287,1.1548677682876587,0,2026-08-05 06:00:00+00:00
1785913200000,1.1548677682876587,1.1548677682876587,1.1538017988204956,1.1542012691497803,0,2026-08-05 07:00:00+00:00
1785916800000,1.154334545135498,1.1547343730926514,1.1535356044769287,1.1539349555969238,0,2026-08-05 08:00:00+00:00
1785920400000,1.154068112373352,1.1546010971069336,1.1536686420440674,1.154334545135498,0,2026-08-05 09:00:00+00:00
1785924000000,1.154334545135498,1.1544678211212158,1.1538017988204956,1.154334545135498,0,2026-08-05 10:00:00+00:00
1785927600000,1.1544678211212158,1.1558021306991577,1.1544678211212158,1.1555349826812744,0,2026-08-05 11:00:00+00:00
1785931200000,1.1556684970855713,1.1559356451034546,1.1548677682876587,1.1548677682876587,0,2026-08-05 12:00:00+00:00
1785934800000,1.1547343730926514,1.1556684970855713,1.1544678211212158,1.1547343730926514,0,2026-08-05 13:00:00+00:00
1785938400000,1.1551345586776733,1.1559356451034546,1.1548677682876587,1.1556684970855713,0,2026-08-05 14:00:00+00:00
1785942000000,1.1558021306991577,1.1559356451034546,1.1546010971069336,1.155001163482666,0,2026-08-05 15:00:00+00:00
1785945600000,1.1551345586776733,1.1551345586776733,1.1547343730926514,1.1548677682876587,0,2026-08-05 16:00:00+00:00
1785949200000,1.155001163482666,1.1560693979263306,1.1547343730926514,1.1559356451034546,0,2026-08-05 17:00:00+00:00
1785952800000,1.1559356451034546,1.156203031539917,1.1558021306991577,1.1558021306991577,0,2026-08-05 18:00:00+00:00
1785956400000,1.1558021306991577,1.1558021306991577,1.1551345586776733,1.155401587486267,0,2026-08-05 19:00:00+00:00
1785960000000,1.1556684970855713,1.1556684970855713,1.1552680730819702,1.1556684970855713,0,2026-08-05 20:00:00+00:00
1785963600000,1.156336784362793,1.156336784362793,1.155401587486267,1.1555349826812744,0,2026-08-05 21:00:00+00:00
1785967200000,1.1556684970855713,1.1559356451034546,1.1555349826812744,1.1558021306991577,0,2026-08-05 22:00:00+00:00
1785970800000,1.1558021306991577,1.156203031539917,1.1558021306991577,1.1560693979263306,0,2026-08-05 23:00:00+00:00
1785974400000,1.1559356451034546,1.156203031539917,1.1558021306991577,1.1559356451034546,0,2026-08-06 00:00:00+00:00
1785978000000,1.1559356451034546,1.1560693979263306,1.1556684970855713,1.1558021306991577,0,2026-08-06 01:00:00+00:00
1785981600000,1.1559356451034546,1.1560693979263306,1.1556684970855713,1.1556684970855713,0,2026-08-06 02:00:00+00:00
1785985200000,1.1556684970855713,1.1556684970855713,1.155001163482666,1.1552680730819702,0,2026-08-06 03:00:00+00:00
1785988800000,1.1551345586776733,1.1552680730819702,1.155001163482666,1.1552680730819702,0,2026-08-06 04:00:00+00:00
1785992400000,1.1552680730819702,1.155401587486267,1.1548677682876587,1.1552680730819702,0,2026-08-06 05:00:00+00:00
1785996000000,1.1555349826812744,1.1555349826812744,1.1547343730926514,1.1548677682876587,0,2026-08-06 06:00:00+00:00
1785999600000,1.1548677682876587,1.155001163482666,1.1544678211212158,1.1547343730926514,0,2026-08-06 07:00:00+00:00
1786003200000,1.1547343730926514,1.1548677682876587,1.154334545135498,1.1546010971069336,0,2026-08-06 08:00:00+00:00
1786006800000,1.1546010971069336,1.1547343730926514,1.154068112373352,1.1542012691497803,0,2026-08-06 09:00:00+00:00
1786010400000,1.1542012691497803,1.1546010971069336,1.1539349555969238,1.1544678211212158,0,2026-08-06 10:00:00+00:00
1786014000000,1.1546010971069336,1.155001163482666,1.1542012691497803,1.1548677682876587,0,2026-08-06 11:00:00+00:00
1786017600000,1.1547343730926514,1.1548677682876587,1.154068112373352,1.1542012691497803,0,2026-08-06 12:00:00+00:00
1786021200000,1.154334545135498,1.1547343730926514,1.1539349555969238,1.1547343730926514,0,2026-08-06 13:00:00+00:00
1786024800000,1.1547343730926514,1.1547343730926514,1.15340256690979,1.1538017988204956,0,2026-08-06 14:00:00+00:00
1786028400000,1.1538017988204956,1.1538017988204956,1.1522064208984375,1.1524720191955566,0,2026-08-06 15:00:00+00:00
1786032000000,1.152339220046997,1.1526048183441162,1.1519410610198975,1.152339220046997,0,2026-08-06 16:00:00+00:00
1786035600000,1.1524720191955566,1.1526048183441162,1.1520737409591675,1.1526048183441162,0,2026-08-06 17:00:00+00:00
1786039200000,1.1526048183441162,1.1527377367019653,1.1524720191955566,1.1527377367019653,0,2026-08-06 18:00:00+00:00
1786042800000,1.1527377367019653,1.1528706550598145,1.1522064208984375,1.1526048183441162,0,2026-08-06 19:00:00+00:00
1786046400000,1.1526048183441162,1.1527377367019653,1.1522064208984375,1.1527377367019653,0,2026-08-06 20:00:00+00:00
1786050000000,1.1530035734176636,1.1530035734176636,1.1522064208984375,1.1524720191955566,0,2026-08-06 21:00:00+00:00
1786053600000,1.1526048183441162,1.1526048183441162,1.1524720191955566,1.1524720191955566,0,2026-08-06 22:00:00+00:00
1786057200000,1.1526048183441162,1.1527377367019653,1.1526048183441162,1.1527377367019653,0,2026-08-06 23:00:00+00:00
1786060800000,1.1526048183441162,1.1527377367019653,1.1522064208984375,1.1522064208984375,0,2026-08-07 00:00:00+00:00
1786064400000,1.152339220046997,1.1528706550598145,1.1522064208984375,1.1524720191955566,0,2026-08-07 01:00:00+00:00
1786068000000,1.1526048183441162,1.1527377367019653,1.1524720191955566,1.1524720191955566,0,2026-08-07 02:00:00+00:00
1786071600000,1.1524720191955566,1.1526048183441162,1.152339220046997,1.1526048183441162,0,2026-08-07 03:00:00+00:00
1786075200000,1.1526048183441162,1.1527377367019653,1.1524720191955566,1.1527377367019653,0,2026-08-07 04:00:00+00:00
1786078800000,1.1527377367019653,1.1528706550598145,1.1524720191955566,1.1526048183441162,0,2026-08-07 05:00:00+00:00
1786082400000,1.1527377367019653,1.1528706550598145,1.1524720191955566,1.1526048183441162,0,2026-08-07 06:00:00+00:00
1786086000000,1.1524720191955566,1.1527377367019653,1.1522064208984375,1.1526048183441162,0,2026-08-07 07:00:00+00:00
1786089600000,1.1526048183441162,1.1528706550598145,1.1522064208984375,1.1526048183441162,0,2026-08-07 08:00:00+00:00
1786093200000,1.1527377367019653,1.15340256690979,1.1527377367019653,1.1531364917755127,0,2026-08-07 09:00:00+00:00
1786096800000,1.1532695293426514,1.1532695293426514,1.1528706550598145,1.1530035734176636,0,2026-08-07 10:00:00+00:00
1786100400000,1.1531364917755127,1.1536686420440674,1.1530035734176636,1.1536686420440674,0,2026-08-07 11:00:00+00:00
1786104000000,1.1538017988204956,1.1582117080688477,1.1532695293426514,1.1576753854751587,0,2026-08-07 12:00:00+00:00
1786107600000,1.1576753854751587,1.1578094959259033,1.1560693979263306,1.1560693979263306,0,2026-08-07 13:00:00+00:00
1786111200000,1.1560693979263306,1.156738042831421,1.155401587486267,1.1556684970855713,0,2026-08-07 14:00:00+00:00
1786114800000,1.1558021306991577,1.156738042831421,1.155401587486267,1.156203031539917,0,2026-08-07 15:00:00+00:00
1786118400000,1.156203031539917,1.1570056676864624,1.156203031539917,1.156203031539917,0,2026-08-07 16:00:00+00:00
1786122000000,1.156203031539917,1.1566041707992554,1.156203031539917,1.1564704179763794,0,2026-08-07 17:00:00+00:00
1786125600000,1.156336784362793,1.1570056676864624,1.156203031539917,1.156738042831421,0,2026-08-07 18:00:00+00:00
1786129200000,1.1568717956542969,1.157273530960083,1.1564704179763794,1.1564704179763794,0,2026-08-07 19:00:00+00:00
1786132800000,1.1564704179763794,1.1564704179763794,1.1559356451034546,1.1560693979263306,0,2026-08-07 20:00:00+00:00
1786136400000,1.156203031539917,1.156203031539917,1.156203031539917,1.156203031539917,0,2026-08-07 21:00:00+00:00
1786316400000,1.1559356451034546,1.156203031539917,1.1558021306991577,1.1559356451034546,0,2026-08-09 23:00:00+00:00
1786320000000,1.1560693979263306,1.156203031539917,1.1558021306991577,1.1560693979263306,0,2026-08-10 00:00:00+00:00
1786323600000,1.156203031539917,1.156203031539917,1.1555349826812744,1.1556684970855713,0,2026-08-10 01:00:00+00:00
1786327200000,1.1558021306991577,1.1558021306991577,1.1555349826812744,1.1555349826812744,0,2026-08-10 02:00:00+00:00
1786330800000,1.1555349826812744,1.1555349826812744,1.1552680730819702,1.1552680730819702,0,2026-08-10 03:00:00+00:00
1786334400000,1.1552680730819702,1.1555349826812744,1.1551345586776733,1.1555349826812744,0,2026-08-10 04:00:00+00:00
1786338000000,1.1555349826812744,1.1559356451034546,1.155401587486267,1.1558021306991577,0,2026-08-10 05:00:00+00:00
1786341600000,1.1558021306991577,1.1559356451034546,1.1556684970855713,1.1558021306991577,0,2026-08-10 06:00:00+00:00
1786345200000,1.1556684970855713,1.1568717956542969,1.1555349826812744,1.1564704179763794,0,2026-08-10 07:00:00+00:00
1786348800000,1.156336784362793,1.1568717956542969,1.156336784362793,1.1564704179763794,0,2026-08-10 08:00:00+00:00
1786352400000,1.156336784362793,1.156738042831421,1.1560693979263306,1.1560693979263306,0,2026-08-10 09:00:00+00:00
1786356000000,1.1559356451034546,1.1560693979263306,1.1558021306991577,1.1559356451034546,0,2026-08-10 10:00:00+00:00
1786359600000,1.1558021306991577,1.1559356451034546,1.1552680730819702,1.1555349826812744,0,2026-08-10 11:00:00+00:00
1786363200000,1.1555349826812744,1.1558021306991577,1.155001163482666,1.1551345586776733,0,2026-08-10 12:00:00+00:00
1786366800000,1.1551345586776733,1.1556684970855713,1.1547343730926514,1.1548677682876587,0,2026-08-10 13:00:00+00:00
1786370400000,1.1548677682876587,1.1558021306991577,1.1548677682876587,1.155401587486267,0,2026-08-10 14:00:00+00:00
1786374000000,1.1555349826812744,1.1556684970855713,1.155001163482666,1.1555349826812744,0,2026-08-10 15:00:00+00:00
1786377600000,1.1555349826812744,1.1558021306991577,1.1548677682876587,1.1551345586776733,0,2026-08-10 16:00:00+00:00
1786381200000,1.155001163482666,1.1551345586776733,1.1544678211212158,1.1546010971069336,0,2026-08-10 17:00:00+00:00
1786384800000,1.1546010971069336,1.1548677682876587,1.154334545135498,1.1546010971069336,0,2026-08-10 18:00:00+00:00
1786388400000,1.1544678211212158,1.1546010971069336,1.154334545135498,1.1544678211212158,0,2026-08-10 19:00:00+00:00
1786392000000,1.1544678211212158,1.1546010971069336,1.1544678211212158,1.1546010971069336,0,2026-08-10 20:00:00+00:00
1786395600000,1.1546010971069336,1.1548677682876587,1.154334545135498,1.1544678211212158,0,2026-08-10 21:00:00+00:00
1786399200000,1.1547343730926514,1.1547343730926514,1.1544678211212158,1.1547343730926514,0,2026-08-10 22:00:00+00:00
1786402800000,1.1547343730926514,1.155001163482666,1.1546010971069336,1.155001163482666,0,2026-08-10 23:00:00+00:00
1786406400000,1.155001163482666,1.1552680730819702,1.1548677682876587,1.155001163482666,0,2026-08-11 00:00:00+00:00
1786410000000,1.1548677682876587,1.1552680730819702,1.1546010971069336,1.155001163482666,0,2026-08-11 01:00:00+00:00
1786413600000,1.155001163482666,1.155001163482666,1.1542012691497803,1.154334545135498,0,2026-08-11 02:00:00+00:00
1786417200000,1.154334545135498,1.1548677682876587,1.154334545135498,1.1546010971069336,0,2026-08-11 03:00:00+00:00
1786420800000,1.1546010971069336,1.1548677682876587,1.154334545135498,1.1546010971069336,0,2026-08-11 04:00:00+00:00
1786424400000,1.1544678211212158,1.1546010971069336,1.1542012691497803,1.1544678211212158,0,2026-08-11 05:00:00+00:00
1786428000000,1.1544678211212158,1.1546010971069336,1.1536686420440674,1.1539349555969238,0,2026-08-11 06:00:00+00:00
1786431600000,1.154068112373352,1.154334545135498,1.1535356044769287,1.1535356044769287,0,2026-08-11 07:00:00+00:00
1786435200000,1.1535356044769287,1.1542012691497803,1.1535356044769287,1.1539349555969238,0,2026-08-11 08:00:00+00:00
1786438800000,1.1539349555969238,1.154068112373352,1.1536686420440674,1.1539349555969238,0,2026-08-11 09:00:00+00:00
1786442400000,1.1539349555969238,1.1542012691497803,1.1536686420440674,1.1539349555969238,0,2026-08-11 10:00:00+00:00
1786446000000,1.1539349555969238,1.1546010971069336,1.1539349555969238,1.154068112373352,0,2026-08-11 11:00:00+00:00
1786449600000,1.154068112373352,1.1546010971069336,1.1538017988204956,1.1546010971069336,0,2026-08-11 12:00:00+00:00
1786453200000,1.1547343730926514,1.1551345586776733,1.154334545135498,1.1547343730926514,0,2026-08-11 13:00:00+00:00
1786456800000,1.1546010971069336,1.1546010971069336,1.1542012691497803,1.1546010971069336,0,2026-08-11 14:00:00+00:00
1786460400000,1.1546010971069336,1.1547343730926514,1.154068112373352,1.1546010971069336,0,2026-08-11 15:00:00+00:00
1786464000000,1.1546010971069336,1.1546010971069336,1.154334545135498,1.154334545135498,0,2026-08-11 16:00:00+00:00
1786467600000,1.1542012691497803,1.154334545135498,1.1538017988204956,1.154068112373352,0,2026-08-11 17:00:00+00:00
1786471200000,1.154068112373352,1.1546010971069336,1.1539349555969238,1.154334545135498,0,2026-08-11 18:00:00+00:00
1786474800000,1.1544678211212158,1.1547343730926514,1.154334545135498,1.1546010971069336,0,2026-08-11 19:00:00+00:00
1786478400000,1.1546010971069336,1.1547343730926514,1.1542012691497803,1.1546010971069336,0,2026-08-11 20:00:00+00:00
1786482000000,1.1544678211212158,1.1546010971069336,1.1542012691497803,1.1544678211212158,0,2026-08-11 21:00:00+00:00
1786485600000,1.1546010971069336,1.1547343730926514,1.1544678211212158,1.1547343730926514,0,2026-08-11 22:00:00+00:00
1786489200000,1.1547343730926514,1.1547343730926514,1.1544678211212158,1.1546010971069336,0,2026-08-11 23:00:00+00:00
1786492800000,1.1546010971069336,1.1548677682876587,1.154334545135498,1.154334545135498,0,2026-08-12 00:00:00+00:00
1786496400000,1.154334545135498,1.154334545135498,1.154068112373352,1.1542012691497803,0,2026-08-12 01:00:00+00:00
1786500000000,1.1542012691497803,1.154334545135498,1.1539349555969238,1.154068112373352,0,2026-08-12 02:00:00+00:00
1786503600000,1.1542012691497803,1.1542012691497803,1.1538017988204956,1.1538017988204956,0,2026-08-12 03:00:00+00:00
1786507200000,1.1539349555969238,1.1539349555969238,1.1536686420440674,1.1539349555969238,0,2026-08-12 04:00:00+00:00
1786510800000,1.1539349555969238,1.1539349555969238,1.1535356044769287,1.1536686420440674,0,2026-08-12 05:00:00+00:00
1786514400000,1.1538017988204956,1.154068112373352,1.1536686420440674,1.154068112373352,0,2026-08-12 06:00:00+00:00
1786518000000,1.154068112373352,1.1542012691497803,1.1539349555969238,1.154068112373352,0,2026-08-12 07:00:00+00:00
1786521600000,1.154068112373352,1.154334545135498,1.1538017988204956,1.154068112373352,0,2026-08-12 08:00:00+00:00
1786525200000,1.154068112373352,1.1552680730819702,1.1539349555969238,1.1539349555969238,0,2026-08-12 09:00:00+00:00
1786528800000,1.1539349555969238,1.1542012691497803,1.1535356044769287,1.1538017988204956,0,2026-08-12 10:00:00+00:00
1786532400000,1.1538017988204956,1.1548677682876587,1.1538017988204956,1.1547343730926514,0,2026-08-12 11:00:00+00:00
1786536000000,1.1547343730926514,1.156336784362793,1.1536686420440674,1.1560693979263306,0,2026-08-12 12:00:00+00:00
1786539600000,1.156336784362793,1.1564704179763794,1.155001163482666,1.1555349826812744,0,2026-08-12 13:00:00+00:00
1786543200000,1.1555349826812744,1.1556684970855713,1.1542012691497803,1.1544678211212158,0,2026-08-12 14:00:00+00:00
1786546800000,1.1544678211212158,1.1547343730926514,1.1538017988204956,1.154334545135498,0,2026-08-12 15:00:00+00:00
1786550400000,1.1542012691497803,1.154334545135498,1.1528706550598145,1.1531364917755127,0,2026-08-12 16:00:00+00:00
1786554000000,1.1532695293426514,1.15340256690979,1.1524720191955566,1.1524720191955566,0,2026-08-12 17:00:00+00:00
1786557600000,1.1524720191955566,1.1530035734176636,1.152339220046997,1.152339220046997,0,2026-08-12 18:00:00+00:00
1786561200000,1.1524720191955566,1.1528706550598145,1.152339220046997,1.1526048183441162,0,2026-08-12 19:00:00+00:00
1786564800000,1.1526048183441162,1.1528706550598145,1.1524720191955566,1.1528706550598145,0,2026-08-12 20:00:00+00:00
1786568400000,1.1532695293426514,1.1532695293426514,1.1524720191955566,1.1526048183441162,0,2026-08-12 21:00:00+00:00
1786572000000,1.1528706550598145,1.1530035734176636,1.1526048183441162,1.1530035734176636,0,2026-08-12 22:00:00+00:00
1786575600000,1.1530035734176636,1.1531364917755127,1.1530035734176636,1.1531364917755127,0,2026-08-12 23:00:00+00:00
1786579200000,1.1531364917755127,1.15340256690979,1.1530035734176636,1.1531364917755127,0,2026-08-13 00:00:00+00:00
1786582800000,1.1532695293426514,1.15340256690979,1.1527377367019653,1.1527377367019653,0,2026-08-13 01:00:00+00:00
1786586400000,1.1528706550598145,1.1528706550598145,1.152339220046997,1.1526048183441162,0,2026-08-13 02:00:00+00:00
1786590000000,1.1524720191955566,1.1527377367019653,1.152339220046997,1.1526048183441162,0,2026-08-13 03:00:00+00:00
1786593600000,1.1526048183441162,1.1530035734176636,1.152339220046997,1.1530035734176636,0,2026-08-13 04:00:00+00:00
1786597200000,1.1528706550598145,1.1531364917755127,1.1527377367019653,1.1528706550598145,0,2026-08-13 05:00:00+00:00
1786600800000,1.1528706550598145,1.1528706550598145,1.151543140411377,1.1520737409591675,0,2026-08-13 06:00:00+00:00
1786604400000,1.1520737409591675,1.1531364917755127,1.1520737409591675,1.1528706550598145,0,2026-08-13 07:00:00+00:00
1786608000000,1.1528706550598145,1.1531364917755127,1.1526048183441162,1.1527377367019653,0,2026-08-13 08:00:00+00:00
1786611600000,1.1527377367019653,1.1538017988204956,1.1527377367019653,1.1538017988204956,0,2026-08-13 09:00:00+00:00
1786615200000,1.1538017988204956,1.1542012691497803,1.1538017988204956,1.1539349555969238,0,2026-08-13 10:00:00+00:00
1786618800000,1.1539349555969238,1.1542012691497803,1.1536686420440674,1.1536686420440674,0,2026-08-13 11:00:00+00:00
1786622400000,1.1538017988204956,1.1547343730926514,1.1528706550598145,1.1547343730926514,0,2026-08-13 12:00:00+00:00
1786626000000,1.1546010971069336,1.1548677682876587,1.15340256690979,1.1538017988204956,0,2026-08-13 13:00:00+00:00
1786629600000,1.1539349555969238,1.1548677682876587,1.1535356044769287,1.1547343730926514,0,2026-08-13 14:00:00+00:00
1786633200000,1.1547343730926514,1.1548677682876587,1.15340256690979,1.15340256690979,0,2026-08-13 15:00:00+00:00
1786636800000,1.15340256690979,1.1535356044769287,1.1528706550598145,1.1532695293426514,0,2026-08-13 16:00:00+00:00
1786640400000,1.15340256690979,1.1535356044769287,1.1530035734176636,1.1531364917755127,0,2026-08-13 17:00:00+00:00
1786644000000,1.1531364917755127,1.1535356044769287,1.1530035734176636,1.1532695293426514,0,2026-08-13 18:00:00+00:00
1786647600000,1.1532695293426514,1.1535356044769287,1.1531364917755127,1.1531364917755127,0,2026-08-13 19:00:00+00:00
1786651200000,1.15340256690979,1.1535356044769287,1.1530035734176636,1.1532695293426514,0,2026-08-13 20:00:00+00:00
1786654800000,1.1530035734176636,1.1535356044769287,1.1528706550598145,1.1531364917755127,0,2026-08-13 21:00:00+00:00
1786658400000,1.1532695293426514,1.1535356044769287,1.1532695293426514,1.1535356044769287,0,2026-08-13 22:00:00+00:00
1786662000000,1.1535356044769287,1.1538017988204956,1.1535356044769287,1.1536686420440674,0,2026-08-13 23:00:00+00:00
1786665600000,1.1536686420440674,1.1542012691497803,1.1536686420440674,1.1542012691497803,0,2026-08-14 00:00:00+00:00
1786669200000,1.1542012691497803,1.1542012691497803,1.1535356044769287,1.1538017988204956,0,2026-08-14 01:00:00+00:00
1786672800000,1.1538017988204956,1.154068112373352,1.1536686420440674,1.1536686420440674,0,2026-08-14 02:00:00+00:00
1786676400000,1.1538017988204956,1.1542012691497803,1.1536686420440674,1.154068112373352,0,2026-08-14 03:00:00+00:00
1786680000000,1.154068112373352,1.154334545135498,1.154068112373352,1.1542012691497803,0,2026-08-14 04:00:00+00:00
1786683600000,1.1542012691497803,1.1546010971069336,1.1542012691497803,1.1544678211212158,0,2026-08-14 05:00:00+00:00
1786687200000,1.1546010971069336,1.1547343730926514,1.1542012691497803,1.1547343730926514,0,2026-08-14 06:00:00+00:00
1786690800000,1.1547343730926514,1.155401587486267,1.1546010971069336,1.155401587486267,0,2026-08-14 07:00:00+00:00
1786694400000,1.1555349826812744,1.1560693979263306,1.155401587486267,1.1559356451034546,0,2026-08-14 08:00:00+00:00
1786698000000,1.1559356451034546,1.1560693979263306,1.155401587486267,1.1556684970855713,0,2026-08-14 09:00:00+00:00
1786701600000,1.1556684970855713,1.1559356451034546,1.1555349826812744,1.1558021306991577,0,2026-08-14 10:00:00+00:00
1786705200000,1.1559356451034546,1.1574074029922485,1.1559356451034546,1.1568717956542969,0,2026-08-14 11:00:00+00:00
1786708800000,1.1570056676864624,1.158077597618103,1.156738042831421,1.1570056676864624,0,2026-08-14 12:00:00+00:00
1786712400000,1.1570056676864624,1.1587486267089844,1.1566041707992554,1.1582117080688477,0,2026-08-14 13:00:00+00:00
1786716000000,1.1587486267089844,1.1588828563690186,1.1582117080688477,1.1583458185195923,0,2026-08-14 14:00:00+00:00
1786719600000,1.1584800481796265,1.1588828563690186,1.158077597618103,1.1583458185195923,0,2026-08-14 15:00:00+00:00
1786723200000,1.1584800481796265,1.1584800481796265,1.1574074029922485,1.1574074029922485,0,2026-08-14 16:00:00+00:00
1786726800000,1.1574074029922485,1.1574074029922485,1.1566041707992554,1.156738042831421,0,2026-08-14 17:00:00+00:00
1786730400000,1.156738042831421,1.1570056676864624,1.1566041707992554,1.1568717956542969,0,2026-08-14 18:00:00+00:00
1786734000000,1.1570056676864624,1.157273530960083,1.1568717956542969,1.1570056676864624,0,2026-08-14 19:00:00+00:00
1786737600000,1.157139539718628,1.1574074029922485,1.157139539718628,1.157273530960083,0,2026-08-14 20:00:00+00:00
1786741200000,1.157273530960083,1.157273530960083,1.157273530960083,1.157273530960083,0,2026-08-14 21:00:00+00:00
1786921200000,1.1578094959259033,1.1579434871673584,1.1576753854751587,1.1576753854751587,0,2026-08-16 23:00:00+00:00
1786924800000,1.1579434871673584,1.1584800481796265,1.1579434871673584,1.1583458185195923,0,2026-08-17 00:00:00+00:00
1786928400000,1.1583458185195923,1.1587486267089844,1.1582117080688477,1.1586142778396606,0,2026-08-17 01:00:00+00:00
1786932000000,1.1587486267089844,1.1587486267089844,1.1582117080688477,1.1583458185195923,0,2026-08-17 02:00:00+00:00
1786935600000,1.1583458185195923,1.1587486267089844,1.1582117080688477,1.1587486267089844,0,2026-08-17 03:00:00+00:00
1786939200000,1.1586142778396606,1.159151554107666,1.1586142778396606,1.1588828563690186,0,2026-08-17 04:00:00+00:00
1786942800000,1.1588828563690186,1.1592857837677002,1.1586142778396606,1.1590172052383423,0,2026-08-17 05:00:00+00:00
1786946400000,1.159151554107666,1.1599582433700562,1.1587486267089844,1.1599582433700562,0,2026-08-17 06:00:00+00:00
1786950000000,1.1599582433700562,1.1615750789642334,1.1598236560821533,1.1609008312225342,0,2026-08-17 07:00:00+00:00
1786953600000,1.1610356569290161,1.1617100238800049,1.1599582433700562,1.1602274179458618,0,2026-08-17 08:00:00+00:00
1786957200000,1.1603620052337646,1.160496711730957,1.1599582433700562,1.1599582433700562,0,2026-08-17 09:00:00+00:00
1786960800000,1.1598236560821533,1.160092830657959,1.1592857837677002,1.1594202518463135,0,2026-08-17 10:00:00+00:00
1786964400000,1.1594202518463135,1.1598236560821533,1.159151554107666,1.1595547199249268,0,2026-08-17 11:00:00+00:00
1786968000000,1.1595547199249268,1.160092830657959,1.1592857837677002,1.160092830657959,0,2026-08-17 12:00:00+00:00
1786971600000,1.160092830657959,1.1602274179458618,1.159151554107666,1.1598236560821533,0,2026-08-17 13:00:00+00:00
1786975200000,1.15968918800354,1.1602274179458618,1.1590172052383423,1.1590172052383423,0,2026-08-17 14:00:00+00:00
1786978800000,1.1590172052383423,1.1592857837677002,1.1584800481796265,1.1592857837677002,0,2026-08-17 15:00:00+00:00
1786982400000,1.1592857837677002,1.1595547199249268,1.1588828563690186,1.159151554107666,0,2026-08-17 16:00:00+00:00
1786986000000,1.159151554107666,1.1592857837677002,1.158077597618103,1.158077597618103,0,2026-08-17 17:00:00+00:00
1786989600000,1.1579434871673584,1.158077597618103,1.1574074029922485,1.1575413942337036,0,2026-08-17 18:00:00+00:00
1786993200000,1.1576753854751587,1.1583458185195923,1.1575413942337036,1.1582117080688477,0,2026-08-17 19:00:00+00:00
1786996800000,1.1583458185195923,1.1583458185195923,1.158077597618103,1.1583458185195923,0,2026-08-17 20:00:00+00:00
1787000400000,1.1586142778396606,1.1590172052383423,1.1578094959259033,1.158077597618103,0,2026-08-17 21:00:00+00:00
1787004000000,1.1582117080688477,1.1583458185195923,1.158077597618103,1.1582117080688477,0,2026-08-17 22:00:00+00:00
1787007600000,1.1582117080688477,1.1587486267089844,1.1582117080688477,1.1586142778396606,0,2026-08-17 23:00:00+00:00
1787011200000,1.1586142778396606,1.1587486267089844,1.158077597618103,1.1586142778396606,0,2026-08-18 00:00:00+00:00
1787014800000,1.1586142778396606,1.1588828563690186,1.1582117080688477,1.1582117080688477,0,2026-08-18 01:00:00+00:00
1787018400000,1.1582117080688477,1.1583458185195923,1.1579434871673584,1.1583458185195923,0,2026-08-18 02:00:00+00:00
1787022000000,1.1582117080688477,1.1582117080688477,1.1575413942337036,1.1576753854751587,0,2026-08-18 03:00:00+00:00
1787025600000,1.1576753854751587,1.1578094959259033,1.1574074029922485,1.1575413942337036,0,2026-08-18 04:00:00+00:00
1787029200000,1.1574074029922485,1.1578094959259033,1.157273530960083,1.1576753854751587,0,2026-08-18 05:00:00+00:00
1787032800000,1.1575413942337036,1.1575413942337036,1.157139539718628,1.1575413942337036,0,2026-08-18 06:00:00+00:00
1787036400000,1.1576753854751587,1.158077597618103,1.157273530960083,1.1576753854751587,0,2026-08-18 07:00:00+00:00
1787040000000,1.1575413942337036,1.158077597618103,1.157273530960083,1.1579434871673584,0,2026-08-18 08:00:00+00:00
1787043600000,1.1578094959259033,1.1582117080688477,1.1576753854751587,1.1582117080688477,0,2026-08-18 09:00:00+00:00
1787047200000,1.1582117080688477,1.1582117080688477,1.1578094959259033,1.1579434871673584,0,2026-08-18 10:00:00+00:00
1787050800000,1.1579434871673584,1.158077597618103,1.1575413942337036,1.158077597618103,0,2026-08-18 11:00:00+00:00
1787054400000,1.1579434871673584,1.1582117080688477,1.1575413942337036,1.1578094959259033,0,2026-08-18 12:00:00+00:00
1787058000000,1.1579434871673584,1.1587486267089844,1.1576753854751587,1.1583458185195923,0,2026-08-18 13:00:00+00:00
1787061600000,1.1587486267089844,1.159151554107666,1.1584800481796265,1.1584800481796265,0,2026-08-18 14:00:00+00:00
1787065200000,1.1584800481796265,1.1588828563690186,1.158077597618103,1.1582117080688477,0,2026-08-18 15:00:00+00:00
1787068800000,1.1584800481796265,1.1588828563690186,1.1582117080688477,1.1583458185195923,0,2026-08-18 16:00:00+00:00
1787072400000,1.1583458185195923,1.1583458185195923,1.1578094959259033,1.158077597618103,0,2026-08-18 17:00:00+00:00
1787076000000,1.1579434871673584,1.1582117080688477,1.1578094959259033,1.1579434871673584,0,2026-08-18 18:00:00+00:00
1787079600000,1.1579434871673584,1.1583458185195923,1.1578094959259033,1.1578094959259033,0,2026-08-18 19:00:00+00:00
1787083200000,1.1576753854751587,1.1579434871673584,1.1575413942337036,1.1579434871673584,0,2026-08-18 20:00:00+00:00
1787086800000,1.1576753854751587,1.1583458185195923,1.1576753854751587,1.1579434871673584,0,2026-08-18 21:00:00+00:00
1787090400000,1.1579434871673584,1.158077597618103,1.1578094959259033,1.1579434871673584,0,2026-08-18 22:00:00+00:00
1787094000000,1.158077597618103,1.1582117080688477,1.1576753854751587,1.1579434871673584,0,2026-08-18 23:00:00+00:00
1787097600000,1.1579434871673584,1.1584800481796265,1.1576753854751587,1.1578094959259033,0,2026-08-19 00:00:00+00:00
1787101200000,1.1578094959259033,1.158077597618103,1.1574074029922485,1.158077597618103,0,2026-08-19 01:00:00+00:00
1787104800000,1.158077597618103,1.1590172052383423,1.1579434871673584,1.1586142778396606,0,2026-08-19 02:00:00+00:00
1787108400000,1.1586142778396606,1.1588828563690186,1.1584800481796265,1.1584800481796265,0,2026-08-19 03:00:00+00:00
1787112000000,1.1584800481796265,1.1588828563690186,1.1584800481796265,1.1588828563690186,0,2026-08-19 04:00:00+00:00
1787115600000,1.1590172052383423,1.1592857837677002,1.1587486267089844,1.159151554107666,0,2026-08-19 05:00:00+00:00
1787119200000,1.1592857837677002,1.160092830657959,1.1592857837677002,1.1598236560821533,0,2026-08-19 06:00:00+00:00
1787122800000,1.1599582433700562,1.160092830657959,1.1595547199249268,1.1599582433700562,0,2026-08-19 07:00:00+00:00
1787126400000,1.1599582433700562,1.1607661247253418,1.1599582433700562,1.160092830657959,0,2026-08-19 08:00:00+00:00
1787130000000,1.160092830657959,1.1610356569290161,1.1599582433700562,1.1610356569290161,0,2026-08-19 09:00:00+00:00
1787133600000,1.1609008312225342,1.1615750789642334,1.1609008312225342,1.1610356569290161,0,2026-08-19 10:00:00+00:00
1787137200000,1.1610356569290161,1.161170482635498,1.1603620052337646,1.1606314182281494,0,2026-08-19 11:00:00+00:00
1787140800000,1.1607661247253418,1.1645511388778687,1.1606314182281494,1.1640088558197021,0,2026-08-19 12:00:00+00:00
1787144400000,1.1642799377441406,1.16604483127594,1.1642799377441406,1.16604483127594,0,2026-08-19 13:00:00+00:00
1787148000000,1.16604483127594,1.1680878400802612,1.1657729148864746,1.1665889024734497,0,2026-08-19 14:00:00+00:00
1787151600000,1.1667250394821167,1.1671334505081177,1.16604483127594,1.1667250394821167,0,2026-08-19 15:00:00+00:00
1787155200000,1.1668611764907837,1.1675423383712769,1.1668611764907837,1.1672697067260742,0,2026-08-19 16:00:00+00:00
1787158800000,1.1675423383712769,1.1675423383712769,1.1661807298660278,1.1661807298660278,0,2026-08-19 17:00:00+00:00
1787162400000,1.1664528846740723,1.1678149700164795,1.1663167476654053,1.1676785945892334,0,2026-08-19 18:00:00+00:00
1787166000000,1.1678149700164795,1.1682243347167969,1.1674060821533203,1.1680878400802612,0,2026-08-19 19:00:00+00:00
1787169600000,1.1680878400802612,1.1682243347167969,1.1678149700164795,1.1680878400802612,0,2026-08-19 20:00:00+00:00
1787173200000,1.1680878400802612,1.1683608293533325,1.1678149700164795,1.1679514646530151,0,2026-08-19 21:00:00+00:00
1787176800000,1.1683608293533325,1.1686338186264038,1.1679514646530151,1.1680878400802612,0,2026-08-19 22:00:00+00:00
1787180400000,1.1679514646530151,1.1680878400802612,1.1676785945892334,1.1678149700164795,0,2026-08-19 23:00:00+00:00
1787184000000,1.1679514646530151,1.1683608293533325,1.1675423383712769,1.1678149700164795,0,2026-08-20 00:00:00+00:00
1787187600000,1.1678149700164795,1.1684973239898682,1.1674060821533203,1.1679514646530151,0,2026-08-20 01:00:00+00:00
1787191200000,1.1679514646530151,1.1686338186264038,1.1676785945892334,1.1678149700164795,0,2026-08-20 02:00:00+00:00
1787194800000,1.1678149700164795,1.1683608293533325,1.1678149700164795,1.1682243347167969,0,2026-08-20 03:00:00+00:00
1787198400000,1.1683608293533325,1.1683608293533325,1.1676785945892334,1.1676785945892334,0,2026-08-20 04:00:00+00:00
1787202000000,1.1676785945892334,1.1680878400802612,1.1674060821533203,1.1679514646530151,0,2026-08-20 05:00:00+00:00
1787205600000,1.1680878400802612,1.1691803932189941,1.1676785945892334,1.1691803932189941,0,2026-08-20 06:00:00+00:00
1787209200000,1.1690436601638794,1.1695905923843384,1.1682243347167969,1.1695905923843384,0,2026-08-20 07:00:00+00:00
1787212800000,1.1695905923843384,1.1702749729156494,1.1693171262741089,1.1701380014419556,0,2026-08-20 08:00:00+00:00
1787216400000,1.1702749729156494,1.1712344884872437,1.169864296913147,1.1710972785949707,0,2026-08-20 09:00:00+00:00
1787220000000,1.170823097229004,1.1713716983795166,1.169864296913147,1.1700011491775513,0,2026-08-20 10:00:00+00:00
1787223600000,1.1700011491775513,1.1700011491775513,1.1686338186264038,1.168770432472229,0,2026-08-20 11:00:00+00:00
1787227200000,1.1689070463180542,1.1693171262741089,1.1682243347167969,1.1691803932189941,0,2026-08-20 12:00:00+00:00
1787230800000,1.1694538593292236,1.1697274446487427,1.1679514646530151,1.1679514646530151,0,2026-08-20 13:00:00+00:00
1787234400000,1.1680878400802612,1.168770432472229,1.1675423383712769,1.1686338186264038,0,2026-08-20 14:00:00+00:00
1787238000000,1.1684973239898682,1.1695905923843384,1.1676785945892334,1.1682243347167969,0,2026-08-20 15:00:00+00:00
1787241600000,1.1682243347167969,1.1682243347167969,1.1672697067260742,1.1676785945892334,0,2026-08-20 16:00:00+00:00
1787245200000,1.1676785945892334,1.1678149700164795,1.1674060821533203,1.1678149700164795,0,2026-08-20 17:00:00+00:00
1787248800000,1.1678149700164795,1.1679514646530151,1.1674060821533203,1.1679514646530151,0,2026-08-20 18:00:00+00:00
1787252400000,1.1678149700164795,1.1682243347167969,1.1676785945892334,1.1680878400802612,0,2026-08-20 19:00:00+00:00
1787256000000,1.1682243347167969,1.1683608293533325,1.1679514646530151,1.1682243347167969,0,2026-08-20 20:00:00+00:00
1787259600000,1.1680878400802612,1.1683608293533325,1.1679514646530151,1.1680878400802612,0,2026-08-20 21:00:00+00:00
1787263200000,1.1682243347167969,1.168770432472229,1.1682243347167969,1.1686338186264038,0,2026-08-20 22:00:00+00:00
1787266800000,1.168770432472229,1.1691803932189941,1.168770432472229,1.1690436601638794,0,2026-08-20 23:00:00+00:00
1787270400000,1.1690436601638794,1.1693171262741089,1.1686338186264038,1.1686338186264038,0,2026-08-21 00:00:00+00:00
1787274000000,1.168770432472229,1.1695905923843384,1.1686338186264038,1.1694538593292236,0,2026-08-21 01:00:00+00:00
1787277600000,1.1694538593292236,1.1704120635986328,1.1691803932189941,1.1700011491775513,0,2026-08-21 02:00:00+00:00
1787281200000,1.1700011491775513,1.1701380014419556,1.1695905923843384,1.1697274446487427,0,2026-08-21 03:00:00+00:00
1787284800000,1.1695905923843384,1.169864296913147,1.1694538593292236,1.1695905923843384,0,2026-08-21 04:00:00+00:00
1787288400000,1.1695905923843384,1.1702749729156494,1.1693171262741089,1.1701380014419556,0,2026-08-21 05:00:00+00:00
1787292000000,1.1700011491775513,1.1701380014419556,1.1693171262741089,1.1701380014419556,0,2026-08-21 06:00:00+00:00
1787295600000,1.1701380014419556,1.1702749729156494,1.1690436601638794,1.1694538593292236,0,2026-08-21 07:00:00+00:00
1787299200000,1.1695905923843384,1.1709601879119873,1.1693171262741089,1.1709601879119873,0,2026-08-21 08:00:00+00:00
1787302800000,1.170823097229004,1.1715089082717896,1.1704120635986328,1.1704120635986328,0,2026-08-21 09:00:00+00:00
1787306400000,1.1702749729156494,1.1713716983795166,1.1702749729156494,1.170548915863037,0,2026-08-21 10:00:00+00:00
1787310000000,1.170548915863037,1.1712344884872437,1.1700011491775513,1.1704120635986328,0,2026-08-21 11:00:00+00:00
1787313600000,1.170548915863037,1.1706860065460205,1.1689070463180542,1.1694538593292236,0,2026-08-21 12:00:00+00:00
1787317200000,1.1694538593292236,1.1694538593292236,1.1682243347167969,1.1686338186264038,0,2026-08-21 13:00:00+00:00
1787320800000,1.1683608293533325,1.1684973239898682,1.1672697067260742,1.1675423383712769,0,2026-08-21 14:00:00+00:00
1787324400000,1.1676785945892334,1.168770432472229,1.1675423383712769,1.1686338186264038,0,2026-08-21 15:00:00+00:00
1787328000000,1.1686338186264038,1.168770432472229,1.1683608293533325,1.1684973239898682,0,2026-08-21 16:00:00+00:00
1787331600000,1.1684973239898682,1.1686338186264038,1.1680878400802612,1.1683608293533325,0,2026-08-21 17:00:00+00:00
1787335200000,1.1684973239898682,1.1686338186264038,1.1683608293533325,1.1686338186264038,0,2026-08-21 18:00:00+00:00
1787338800000,1.1684973239898682,1.1686338186264038,1.1680878400802612,1.1682243347167969,0,2026-08-21 19:00:00+00:00
1787342400000,1.1682243347167969,1.1682243347167969,1.1678149700164795,1.1678149700164795,0,2026-08-21 20:00:00+00:00
1787346000000,1.1678149700164795,1.1678149700164795,1.1678149700164795,1.1678149700164795,0,2026-08-21 21:00:00+00:00
1787526000000,1.1679514646530151,1.1684973239898682,1.1678149700164795,1.1684973239898682,0,2026-08-23 23:00:00+00:00
1787529600000,1.1686338186264038,1.1690436601638794,1.1686338186264038,1.1689070463180542,0,2026-08-24 00:00:00+00:00
1787533200000,1.1689070463180542,1.1689070463180542,1.1680878400802612,1.1684973239898682,0,2026-08-24 01:00:00+00:00
1787536800000,1.1684973239898682,1.168770432472229,1.1683608293533325,1.1684973239898682,0,2026-08-24 02:00:00+00:00
1787540400000,1.1684973239898682,1.1684973239898682,1.1682243347167969,1.1683608293533325,0,2026-08-24 03:00:00+00:00
1787544000000,1.1683608293533325,1.1684973239898682,1.1679514646530151,1.1684973239898682,0,2026-08-24 04:00:00+00:00
1787547600000,1.1686338186264038,1.1686338186264038,1.1679514646530151,1.1683608293533325,0,2026-08-24 05:00:00+00:00
1787551200000,1.1683608293533325,1.1683608293533325,1.1678149700164795,1.1680878400802612,0,2026-08-24 06:00:00+00:00
1787554800000,1.1683608293533325,1.1683608293533325,1.1668611764907837,1.1671334505081177,0,2026-08-24 07:00:00+00:00
1787558400000,1.1671334505081177,1.1671334505081177,1.1664528846740723,1.1667250394821167,0,2026-08-24 08:00:00+00:00
1787562000000,1.1667250394821167,1.1669973134994507,1.1664528846740723,1.1667250394821167,0,2026-08-24 09:00:00+00:00
1787565600000,1.1668611764907837,1.1669973134994507,1.1665889024734497,1.1667250394821167,0,2026-08-24 10:00:00+00:00
1787569200000,1.1667250394821167,1.1674060821533203,1.1667250394821167,1.1669973134994507,0,2026-08-24 11:00:00+00:00
1787572800000,1.1669973134994507,1.1675423383712769,1.1665889024734497,1.1672697067260742,0,2026-08-24 12:00:00+00:00
1787576400000,1.1674060821533203,1.1678149700164795,1.1667250394821167,1.1668611764907837,0,2026-08-24 13:00:00+00:00
1787580000000,1.1667250394821167,1.1675423383712769,1.1667250394821167,1.1668611764907837,0,2026-08-24 14:00:00+00:00
1787583600000,1.1668611764907837,1.1675423383712769,1.1668611764907837,1.1668611764907837,0,2026-08-24 15:00:00+00:00
1787587200000,1.1667250394821167,1.1672697067260742,1.1667250394821167,1.1668611764907837,0,2026-08-24 16:00:00+00:00
1787590800000,1.1668611764907837,1.1669973134994507,1.1659088134765625,1.1663167476654053,0,2026-08-24 17:00:00+00:00
1787594400000,1.1663167476654053,1.1668611764907837,1.16604483127594,1.1668611764907837,0,2026-08-24 18:00:00+00:00
1787598000000,1.1665889024734497,1.1667250394821167,1.1663167476654053,1.1664528846740723,0,2026-08-24 19:00:00+00:00
1787601600000,1.1664528846740723,1.1667250394821167,1.1664528846740723,1.1667250394821167,0,2026-08-24 20:00:00+00:00
1787605200000,1.1664528846740723,1.1669973134994507,1.1663167476654053,1.1667250394821167,0,2026-08-24 21:00:00+00:00
1787608800000,1.1667250394821167,1.1668611764907837,1.1667250394821167,1.1668611764907837,0,2026-08-24 22:00:00+00:00
1787612400000,1.1668611764907837,1.1671334505081177,1.1667250394821167,1.1671334505081177,0,2026-08-24 23:00:00+00:00
1787616000000,1.1672697067260742,1.1674060821533203,1.1671334505081177,1.1672697067260742,0,2026-08-25 00:00:00+00:00
1787619600000,1.1669973134994507,1.1671334505081177,1.1665889024734497,1.1665889024734497,0,2026-08-25 01:00:00+00:00
1787623200000,1.1665889024734497,1.1667250394821167,1.1663167476654053,1.1663167476654053,0,2026-08-25 02:00:00+00:00
1787626800000,1.1664528846740723,1.1665889024734497,1.1661807298660278,1.1664528846740723,0,2026-08-25 03:00:00+00:00
1787630400000,1.1664528846740723,1.1664528846740723,1.1659088134765625,1.1659088134765625,0,2026-08-25 04:00:00+00:00
1787634000000,1.1659088134765625,1.16604483127594,1.1656370162963867,1.1656370162963867,0,2026-08-25 05:00:00+00:00
1787637600000,1.1656370162963867,1.1661807298660278,1.1655012369155884,1.1656370162963867,0,2026-08-25 06:00:00+00:00
1787641200000,1.1656370162963867,1.1665889024734497,1.1656370162963867,1.1661807298660278,0,2026-08-25 07:00:00+00:00
1787644800000,1.1663167476654053,1.1671334505081177,1.1661807298660278,1.1671334505081177,0,2026-08-25 08:00:00+00:00
1787648400000,1.1671334505081177,1.1676785945892334,1.1669973134994507,1.1672697067260742,0,2026-08-25 09:00:00+00:00
1787652000000,1.1671334505081177,1.1671334505081177,1.1663167476654053,1.1665889024734497,0,2026-08-25 10:00:00+00:00
1787655600000,1.1665889024734497,1.1667250394821167,1.1661807298660278,1.1663167476654053,0,2026-08-25 11:00:00+00:00
1787659200000,1.1664528846740723,1.1669973134994507,1.1664528846740723,1.1669973134994507,0,2026-08-25 12:00:00+00:00
1787662800000,1.1669973134994507,1.1678149700164795,1.1667250394821167,1.1676785945892334,0,2026-08-25 13:00:00+00:00
1787666400000,1.1675423383712769,1.1678149700164795,1.1669973134994507,1.1672697067260742,0,2026-08-25 14:00:00+00:00
1787670000000,1.1672697067260742,1.1678149700164795,1.1671334505081177,1.1676785945892334,0,2026-08-25 15:00:00+00:00
1787673600000,1.1676785945892334,1.1676785945892334,1.1671334505081177,1.1674060821533203,0,2026-08-25 16:00:00+00:00
1787677200000,1.1674060821533203,1.1678149700164795,1.1672697067260742,1.1678149700164795,0,2026-08-25 17:00:00+00:00
1787680800000,1.1676785945892334,1.1678149700164795,1.1675423383712769,1.1676785945892334,0,2026-08-25 18:00:00+00:00
1787684400000,1.1678149700164795,1.1682243347167969,1.1672697067260742,1.1679514646530151,0,2026-08-25 19:00:00+00:00
1787688000000,1.1679514646530151,1.1682243347167969,1.1676785945892334,1.1676785945892334,0,2026-08-25 20:00:00+00:00
1787691600000,1.1689070463180542,1.1690436601638794,1.1674060821533203,1.1676785945892334,0,2026-08-25 21:00:00+00:00
1787695200000,1.1676785945892334,1.1680878400802612,1.1676785945892334,1.1680878400802612,0,2026-08-25 22:00:00+00:00
1787698800000,1.1680878400802612,1.1680878400802612,1.1676785945892334,1.1678149700164795,0,2026-08-25 23:00:00+00:00
1787702400000,1.1678149700164795,1.1679514646530151,1.1675423383712769,1.1676785945892334,0,2026-08-26 00:00:00+00:00
1787706000000,1.1676785945892334,1.1676785945892334,1.1672697067260742,1.1674060821533203,0,2026-08-26 01:00:00+00:00
1787709600000,1.1674060821533203,1.1675423383712769,1.1669973134994507,1.1671334505081177,0,2026-08-26 02:00:00+00:00
1787713200000,1.1671334505081177,1.1671334505081177,1.1667250394821167,1.1667250394821167,0,2026-08-26 03:00:00+00:00
1787716800000,1.1668611764907837,1.1668611764907837,1.1664528846740723,1.1665889024734497,0,2026-08-26 04:00:00+00:00
1787720400000,1.1665889024734497,1.1669973134994507,1.1664528846740723,1.1668611764907837,0,2026-08-26 05:00:00+00:00
1787724000000,1.1668611764907837,1.1669973134994507,1.1664528846740723,1.1669973134994507,0,2026-08-26 06:00:00+00:00
1787727600000,1.1671334505081177,1.1675423383712769,1.1671334505081177,1.1674060821533203,0,2026-08-26 07:00:00+00:00
1787731200000,1.1674060821533203,1.1680878400802612,1.1674060821533203,1.1674060821533203,0,2026-08-26 08:00:00+00:00
1787734800000,1.1674060821533203,1.1674060821533203,1.1667250394821167,1.1669973134994507,0,2026-08-26 09:00:00+00:00
1787738400000,1.1669973134994507,1.1669973134994507,1.1664528846740723,1.1665889024734497,0,2026-08-26 10:00:00+00:00
1787742000000,1.1665889024734497,1.1672697067260742,1.1664528846740723,1.1672697067260742,0,2026-08-26 11:00:00+00:00
1787745600000,1.1672697067260742,1.1678149700164795,1.1661807298660278,1.1661807298660278,0,2026-08-26 12:00:00+00:00
1787749200000,1.1659088134765625,1.1661807298660278,1.1656370162963867,1.1656370162963867,0,2026-08-26 13:00:00+00:00
1787752800000,1.1656370162963867,1.1656370162963867,1.1645511388778687,1.164958119392395,0,2026-08-26 14:00:00+00:00
1787756400000,1.1648223400115967,1.1657729148864746,1.1648223400115967,1.1653653383255005,0,2026-08-26 15:00:00+00:00
1787760000000,1.1655012369155884,1.1657729148864746,1.1652295589447021,1.1653653383255005,0,2026-08-26 16:00:00+00:00
1787763600000,1.1653653383255005,1.1657729148864746,1.1652295589447021,1.1656370162963867,0,2026-08-26 17:00:00+00:00
1787767200000,1.1655012369155884,1.1657729148864746,1.1653653383255005,1.1655012369155884,0,2026-08-26 18:00:00+00:00
1787770800000,1.1655012369155884,1.1656370162963867,1.1653653383255005,1.1656370162963867,0,2026-08-26 19:00:00+00:00
1787774400000,1.1656370162963867,1.1657729148864746,1.1655012369155884,1.1656370162963867,0,2026-08-26 20:00:00+00:00
1787778000000,1.1653653383255005,1.1659088134765625,1.1652295589447021,1.1657729148864746,0,2026-08-26 21:00:00+00:00
1787781600000,1.16604483127594,1.16604483127594,1.1657729148864746,1.1657729148864746,0,2026-08-26 22:00:00+00:00
1787785200000,1.1659088134765625,1.16604483127594,1.1657729148864746,1.1659088134765625,0,2026-08-26 23:00:00+00:00
1787788800000,1.1659088134765625,1.1661807298660278,1.1657729148864746,1.16604483127594,0,2026-08-27 00:00:00+00:00
1787792400000,1.16604483127594,1.1663167476654053,1.16604483127594,1.1661807298660278,0,2026-08-27 01:00:00+00:00
1787796000000,1.1661807298660278,1.1663167476654053,1.1659088134765625,1.1659088134765625,0,2026-08-27 02:00:00+00:00
1787799600000,1.1659088134765625,1.16604483127594,1.1657729148864746,1.1657729148864746,0,2026-08-27 03:00:00+00:00
1787803200000,1.1657729148864746,1.16604483127594,1.1657729148864746,1.1659088134765625,0,2026-08-27 04:00:00+00:00
1787806800000,1.1659088134765625,1.1661807298660278,1.1656370162963867,1.1657729148864746,0,2026-08-27 05:00:00+00:00
1787810400000,1.1657729148864746,1.16604483127594,1.1656370162963867,1.1657729148864746,0,2026-08-27 06:00:00+00:00
1787814000000,1.1657729148864746,1.16604483127594,1.1656370162963867,1.1659088134765625,0,2026-08-27 07:00:00+00:00
1787817600000,1.1659088134765625,1.1661807298660278,1.1652295589447021,1.1652295589447021,0,2026-08-27 08:00:00+00:00
1787821200000,1.1652295589447021,1.1652295589447021,1.1645511388778687,1.1645511388778687,0,2026-08-27 09:00:00+00:00
1787824800000,1.1644154787063599,1.1650937795639038,1.1642799377441406,1.1644154787063599,0,2026-08-27 10:00:00+00:00
1787828400000,1.1644154787063599,1.164686679840088,1.1641442775726318,1.1645511388778687,0,2026-08-27 11:00:00+00:00
1787832000000,1.1645511388778687,1.164958119392395,1.1644154787063599,1.1644154787063599,0,2026-08-27 12:00:00+00:00
1787835600000,1.1644154787063599,1.1663167476654053,1.1644154787063599,1.1657729148864746,0,2026-08-27 13:00:00+00:00
1787839200000,1.1657729148864746,1.16604483127594,1.164958119392395,1.164958119392395,0,2026-08-27 14:00:00+00:00
1787842800000,1.164958119392395,1.1657729148864746,1.164958119392395,1.1656370162963867,0,2026-08-27 15:00:00+00:00
1787846400000,1.1657729148864746,1.1659088134765625,1.1653653383255005,1.1656370162963867,0,2026-08-27 16:00:00+00:00
1787850000000,1.1656370162963867,1.1657729148864746,1.1650937795639038,1.1652295589447021,0,2026-08-27 17:00:00+00:00
1787853600000,1.1652295589447021,1.1653653383255005,1.1650937795639038,1.1652295589447021,0,2026-08-27 18:00:00+00:00
1787857200000,1.1653653383255005,1.1655012369155884,1.1652295589447021,1.1653653383255005,0,2026-08-27 19:00:00+00:00
1787860800000,1.1653653383255005,1.1656370162963867,1.1653653383255005,1.1656370162963867,0,2026-08-27 20:00:00+00:00
1787864400000,1.1656370162963867,1.16604483127594,1.164958119392395,1.1657729148864746,0,2026-08-27 21:00:00+00:00
1787868000000,1.1657729148864746,1.1659088134765625,1.1656370162963867,1.1657729148864746,0,2026-08-27 22:00:00+00:00
1787871600000,1.1657729148864746,1.1657729148864746,1.1656370162963867,1.1657729148864746,0,2026-08-27 23:00:00+00:00
1787875200000,1.1657729148864746,1.1657729148864746,1.1655012369155884,1.1657729148864746,0,2026-08-28 00:00:00+00:00
1787878800000,1.1656370162963867,1.1659088134765625,1.1653653383255005,1.1653653383255005,0,2026-08-28 01:00:00+00:00
1787882400000,1.1653653383255005,1.1655012369155884,1.1650937795639038,1.1655012369155884,0,2026-08-28 02:00:00+00:00
1787886000000,1.1655012369155884,1.1655012369155884,1.164958119392395,1.164958119392395,0,2026-08-28 03:00:00+00:00
1787889600000,1.1650937795639038,1.1650937795639038,1.164958119392395,1.164958119392395,0,2026-08-28 04:00:00+00:00
1787893200000,1.164958119392395,1.164958119392395,1.164686679840088,1.164958119392395,0,2026-08-28 05:00:00+00:00
1787896800000,1.1648223400115967,1.1652295589447021,1.164686679840088,1.1652295589447021,0,2026-08-28 06:00:00+00:00
1787900400000,1.1652295589447021,1.1652295589447021,1.1645511388778687,1.1650937795639038,0,2026-08-28 07:00:00+00:00
1787904000000,1.164958119392395,1.1652295589447021,1.164686679840088,1.1648223400115967,0,2026-08-28 08:00:00+00:00
1787907600000,1.1648223400115967,1.1648223400115967,1.1644154787063599,1.1644154787063599,0,2026-08-28 09:00:00+00:00
1787911200000,1.1644154787063599,1.1653653383255005,1.1642799377441406,1.1653653383255005,0,2026-08-28 10:00:00+00:00
1787914800000,1.1653653383255005,1.1653653383255005,1.1648223400115967,1.1648223400115967,0,2026-08-28 11:00:00+00:00
1787918400000,1.164958119392395,1.1653653383255005,1.1644154787063599,1.1653653383255005,0,2026-08-28 12:00:00+00:00
1787922000000,1.1652295589447021,1.1653653383255005,1.1645511388778687,1.164958119392395,0,2026-08-28 13:00:00+00:00
1787925600000,1.1642799377441406,1.1650937795639038,1.1599582433700562,1.162520408630371,0,2026-08-28 14:00:00+00:00
1787929200000,1.16225004196167,1.16225004196167,1.160092830657959,1.1602274179458618,0,2026-08-28 15:00:00+00:00
1787932800000,1.160092830657959,1.160092830657959,1.1588828563690186,1.1590172052383423,0,2026-08-28 16:00:00+00:00
1787936400000,1.1590172052383423,1.1592857837677002,1.1582117080688477,1.1584800481796265,0,2026-08-28 17:00:00+00:00
1787940000000,1.1584800481796265,1.1587486267089844,1.1582117080688477,1.1583458185195923,0,2026-08-28 18:00:00+00:00
1787943600000,1.1584800481796265,1.159151554107666,1.1584800481796265,1.1590172052383423,0,2026-08-28 19:00:00+00:00
1787947200000,1.1590172052383423,1.1590172052383423,1.1583458185195923,1.1586142778396606,0,2026-08-28 20:00:00+00:00
1787950800000,1.1586142778396606,1.1587486267089844,1.1586142778396606,1.1587486267089844,0,2026-08-28 21:00:00+00:00
1788130800000,1.1588828563690186,1.1592857837677002,1.1587486267089844,1.1592857837677002,0,2026-08-30 23:00:00+00:00
1788134400000,1.1592857837677002,1.15968918800354,1.1590172052383423,1.1595547199249268,0,2026-08-31 00:00:00+00:00
1788138000000,1.1594202518463135,1.1598236560821533,1.1590172052383423,1.1594202518463135,0,2026-08-31 01:00:00+00:00
1788141600000,1.1594202518463135,1.15968918800354,1.159151554107666,1.1595547199249268,0,2026-08-31 02:00:00+00:00
1788145200000,1.1595547199249268,1.15968918800354,1.1592857837677002,1.1595547199249268,0,2026-08-31 03:00:00+00:00
1788148800000,1.1595547199249268,1.1595547199249268,1.1592857837677002,1.1594202518463135,0,2026-08-31 04:00:00+00:00
1788152400000,1.1592857837677002,1.1594202518463135,1.159151554107666,1.1594202518463135,0,2026-08-31 05:00:00+00:00
1788156000000,1.1592857837677002,1.1594202518463135,1.1587486267089844,1.1592857837677002,0,2026-08-31 06:00:00+00:00
1788159600000,1.1592857837677002,1.1606314182281494,1.1588828563690186,1.1606314182281494,0,2026-08-31 07:00:00+00:00
1788163200000,1.1607661247253418,1.1609008312225342,1.15968918800354,1.15968918800354,0,2026-08-31 08:00:00+00:00
1788166800000,1.1599582433700562,1.1603620052337646,1.1599582433700562,1.1602274179458618,0,2026-08-31 09:00:00+00:00
1788170400000,1.1602274179458618,1.160496711730957,1.1599582433700562,1.160092830657959,0,2026-08-31 10:00:00+00:00
1788174000000,1.160092830657959,1.1606314182281494,1.1599582433700562,1.1599582433700562,0,2026-08-31 11:00:00+00:00
1788177600000,1.160092830657959,1.1602274179458618,1.1595547199249268,1.1598236560821533,0,2026-08-31 12:00:00+00:00
1788181200000,1.1598236560821533,1.160496711730957,1.15968918800354,1.1603620052337646,0,2026-08-31 13:00:00+00:00
1788184800000,1.1598236560821533,1.1621150970458984,1.1598236560821533,1.1617100238800049,0,2026-08-31 14:00:00+00:00
1788188400000,1.1618449687957764,1.1623852252960205,1.1615750789642334,1.1619800329208374,0,2026-08-31 15:00:00+00:00
1788192000000,1.1619800329208374,1.1621150970458984,1.1617100238800049,1.1619800329208374,0,2026-08-31 16:00:00+00:00
1788195600000,1.1619800329208374,1.1621150970458984,1.1618449687957764,1.1618449687957764,0,2026-08-31 17:00:00+00:00
1788199200000,1.1618449687957764,1.1621150970458984,1.1618449687957764,1.1618449687957764,0,2026-08-31 18:00:00+00:00
1788202800000,1.1619800329208374,1.1621150970458984,1.1618449687957764,1.1618449687957764,0,2026-08-31 19:00:00+00:00
1788206400000,1.1621150970458984,1.1621150970458984,1.1617100238800049,1.1621150970458984,0,2026-08-31 20:00:00+00:00
1788210000000,1.1621150970458984,1.16225004196167,1.1617100238800049,1.16225004196167,0,2026-08-31 21:00:00+00:00
1788213600000,1.1621150970458984,1.1621150970458984,1.1618449687957764,1.1618449687957764,0,2026-08-31 22:00:00+00:00
1788217200000,1.1618449687957764,1.1621150970458984,1.1615750789642334,1.1621150970458984,0,2026-08-31 23:00:00+00:00
1788220800000,1.1619800329208374,1.1627906560897827,1.1619800329208374,1.1621150970458984,0,2026-09-01 00:00:00+00:00
1788224400000,1.16225004196167,1.16225004196167,1.161170482635498,1.16130530834198,0,2026-09-01 01:00:00+00:00
1788228000000,1.16130530834198,1.16130530834198,1.1610356569290161,1.16130530834198,0,2026-09-01 02:00:00+00:00
1788231600000,1.161170482635498,1.16130530834198,1.1609008312225342,1.1609008312225342,0,2026-09-01 03:00:00+00:00
1788235200000,1.1609008312225342,1.1610356569290161,1.1606314182281494,1.1609008312225342,0,2026-09-01 04:00:00+00:00
1788238800000,1.1609008312225342,1.16130530834198,1.1609008312225342,1.161170482635498,0,2026-09-01 05:00:00+00:00
1788242400000,1.1610356569290161,1.161170482635498,1.1603620052337646,1.1607661247253418,0,2026-09-01 06:00:00+00:00
1788246000000,1.1609008312225342,1.1609008312225342,1.1595547199249268,1.1598236560821533,0,2026-09-01 07:00:00+00:00
1788249600000,1.1598236560821533,1.1598236560821533,1.159151554107666,1.15968918800354,0,2026-09-01 08:00:00+00:00
1788253200000,1.15968918800354,1.1603620052337646,1.15968918800354,1.15968918800354,0,2026-09-01 09:00:00+00:00
1788256800000,1.15968918800354,1.1598236560821533,1.1594202518463135,1.1595547199249268,0,2026-09-01 10:00:00+00:00
1788260400000,1.1594202518463135,1.1599582433700562,1.1594202518463135,1.1595547199249268,0,2026-09-01 11:00:00+00:00
1788264000000,1.1595547199249268,1.15968918800354,1.159151554107666,1.15968918800354,0,2026-09-01 12:00:00+00:00
1788267600000,1.1594202518463135,1.1606314182281494,1.1592857837677002,1.1606314182281494,0,2026-09-01 13:00:00+00:00
1788271200000,1.1603620052337646,1.1610356569290161,1.1599582433700562,1.1599582433700562,0,2026-09-01 14:00:00+00:00
1788274800000,1.1602274179458618,1.1602274179458618,1.1592857837677002,1.1595547199249268,0,2026-09-01 15:00:00+00:00
1788278400000,1.15968918800354,1.15968918800354,1.1588828563690186,1.1588828563690186,0,2026-09-01 16:00:00+00:00
1788282000000,1.1588828563690186,1.1598236560821533,1.1588828563690186,1.159151554107666,0,2026-09-01 17:00:00+00:00
1788285600000,1.159151554107666,1.1594202518463135,1.1588828563690186,1.1594202518463135,0,2026-09-01 18:00:00+00:00
1788289200000,1.1592857837677002,1.1595547199249268,1.159151554107666,1.1592857837677002,0,2026-09-01 19:00:00+00:00
1788292800000,1.159151554107666,1.15968918800354,1.159151554107666,1.1595547199249268,0,2026-09-01 20:00:00+00:00
1788296400000,1.1594202518463135,1.1598236560821533,1.1590172052383423,1.1595547199249268,0,2026-09-01 21:00:00+00:00
1788300000000,1.1595547199249268,1.1599582433700562,1.1595547199249268,1.15968918800354,0,2026-09-01 22:00:00+00:00
1788303600000,1.1595547199249268,1.15968918800354,1.1594202518463135,1.1594202518463135,0,2026-09-01 23:00:00+00:00
1788307200000,1.1594202518463135,1.1595547199249268,1.1587486267089844,1.1587486267089844,0,2026-09-02 00:00:00+00:00
1788310800000,1.1587486267089844,1.1587486267089844,1.158077597618103,1.1582117080688477,0,2026-09-02 01:00:00+00:00
1788314400000,1.158077597618103,1.1586142778396606,1.1579434871673584,1.1584800481796265,0,2026-09-02 02:00:00+00:00
1788318000000,1.1584800481796265,1.1586142778396606,1.1582117080688477,1.1583458185195923,0,2026-09-02 03:00:00+00:00
1788321600000,1.1583458185195923,1.1583458185195923,1.1578094959259033,1.1579434871673584,0,2026-09-02 04:00:00+00:00
1788325200000,1.1579434871673584,1.1584800481796265,1.1576753854751587,1.1583458185195923,0,2026-09-02 05:00:00+00:00
1788328800000,1.1583458185195923,1.1586142778396606,1.157139539718628,1.157139539718628,0,2026-09-02 06:00:00+00:00
1788332400000,1.157273530960083,1.1582117080688477,1.157139539718628,1.1582117080688477,0,2026-09-02 07:00:00+00:00
1788336000000,1.1582117080688477,1.1584800481796265,1.1576753854751587,1.1576753854751587,0,2026-09-02 08:00:00+00:00
1788339600000,1.1575413942337036,1.158077597618103,1.1574074029922485,1.1575413942337036,0,2026-09-02 09:00:00+00:00
1788343200000,1.1575413942337036,1.1575413942337036,1.157139539718628,1.1575413942337036,0,2026-09-02 10:00:00+00:00
1788346800000,1.1575413942337036,1.1582117080688477,1.1574074029922485,1.158077597618103,0,2026-09-02 11:00:00+00:00
1788350400000,1.158077597618103,1.1587486267089844,1.158077597618103,1.1582117080688477,0,2026-09-02 12:00:00+00:00
1788354000000,1.1583458185195923,1.1607661247253418,1.1582117080688477,1.1607661247253418,0,2026-09-02 13:00:00+00:00
1788357600000,1.160496711730957,1.160496711730957,1.1592857837677002,1.1595547199249268,0,2026-09-02 14:00:00+00:00
1788361200000,1.1595547199249268,1.1599582433700562,1.1592857837677002,1.1594202518463135,0,2026-09-02 15:00:00+00:00
1788364800000,1.15968918800354,1.15968918800354,1.159151554107666,1.159151554107666,0,2026-09-02 16:00:00+00:00
1788368400000,1.159151554107666,1.1592857837677002,1.1587486267089844,1.1590172052383423,0,2026-09-02 17:00:00+00:00
1788372000000,1.1590172052383423,1.159151554107666,1.1587486267089844,1.1588828563690186,0,2026-09-02 18:00:00+00:00
1788375600000,1.1588828563690186,1.1590172052383423,1.1586142778396606,1.1590172052383423,0,2026-09-02 19:00:00+00:00
1788379200000,1.159151554107666,1.1592857837677002,1.159151554107666,1.159151554107666,0,2026-09-02 20:00:00+00:00
1788382800000,1.1588828563690186,1.1592857837677002,1.1588828563690186,1.1592857837677002,0,2026-09-02 21:00:00+00:00
1788386400000,1.1592857837677002,1.1592857837677002,1.1588828563690186,1.1590172052383423,0,2026-09-02 22:00:00+00:00
1788390000000,1.1590172052383423,1.1590172052383423,1.1587486267089844,1.1588828563690186,0,2026-09-02 23:00:00+00:00
1788393600000,1.1587486267089844,1.1594202518463135,1.1587486267089844,1.1592857837677002,0,2026-09-03 00:00:00+00:00
1788397200000,1.1592857837677002,1.15968918800354,1.1588828563690186,1.1588828563690186,0,2026-09-03 01:00:00+00:00
1788400800000,1.1590172052383423,1.1598236560821533,1.1588828563690186,1.1594202518463135,0,2026-09-03 02:00:00+00:00
1788404400000,1.1595547199249268,1.160092830657959,1.1594202518463135,1.1599582433700562,0,2026-09-03 03:00:00+00:00
1788408000000,1.160092830657959,1.1603620052337646,1.1598236560821533,1.1598236560821533,0,2026-09-03 04:00:00+00:00
1788411600000,1.1599582433700562,1.1603620052337646,1.15968918800354,1.1603620052337646,0,2026-09-03 05:00:00+00:00
1788415200000,1.1603620052337646,1.161170482635498,1.1599582433700562,1.1607661247253418,0,2026-09-03 06:00:00+00:00
1788418800000,1.1609008312225342,1.1617100238800049,1.160496711730957,1.1607661247253418,0,2026-09-03 07:00:00+00:00
1788422400000,1.1606314182281494,1.161440134048462,1.1603620052337646,1.16130530834198,0,2026-09-03 08:00:00+00:00
1788426000000,1.161440134048462,1.161440134048462,1.160496711730957,1.1609008312225342,0,2026-09-03 09:00:00+00:00
1788429600000,1.1609008312225342,1.1609008312225342,1.160092830657959,1.1607661247253418,0,2026-09-03 10:00:00+00:00
1788433200000,1.1606314182281494,1.1617100238800049,1.160496711730957,1.1615750789642334,0,2026-09-03 11:00:00+00:00
1788436800000,1.161440134048462,1.1633317470550537,1.161170482635498,1.1629259586334229,0,2026-09-03 12:00:00+00:00
1788440400000,1.1629259586334229,1.1631964445114136,1.1621150970458984,1.163061261177063,0,2026-09-03 13:00:00+00:00
1788444000000,1.1626555919647217,1.1629259586334229,1.1617100238800049,1.1621150970458984,0,2026-09-03 14:00:00+00:00
1788447600000,1.16225004196167,1.163061261177063,1.1621150970458984,1.1626555919647217,0,2026-09-03 15:00:00+00:00
1788451200000,1.1626555919647217,1.1644154787063599,1.1626555919647217,1.1641442775726318,0,2026-09-03 16:00:00+00:00
1788454800000,1.1641442775726318,1.1641442775726318,1.163602590560913,1.163602590560913,0,2026-09-03 17:00:00+00:00
1788458400000,1.1637378931045532,1.1640088558197021,1.163602590560913,1.1637378931045532,0,2026-09-03 18:00:00+00:00
1788462000000,1.1637378931045532,1.1637378931045532,1.1629259586334229,1.1633317470550537,0,2026-09-03 19:00:00+00:00
1788465600000,1.1631964445114136,1.1633317470550537,1.1629259586334229,1.1629259586334229,0,2026-09-03 20:00:00+00:00
1788469200000,1.162520408630371,1.1633317470550537,1.162520408630371,1.163061261177063,0,2026-09-03 21:00:00+00:00
1788472800000,1.163061261177063,1.163061261177063,1.1626555919647217,1.1626555919647217,0,2026-09-03 22:00:00+00:00
1788476400000,1.1627906560897827,1.1631964445114136,1.1626555919647217,1.1631964445114136,0,2026-09-03 23:00:00+00:00
1788480000000,1.1631964445114136,1.1634671688079834,1.1629259586334229,1.1631964445114136,0,2026-09-04 00:00:00+00:00
1788483600000,1.1631964445114136,1.1634671688079834,1.163061261177063,1.1633317470550537,0,2026-09-04 01:00:00+00:00
1788487200000,1.1633317470550537,1.163602590560913,1.1629259586334229,1.163061261177063,0,2026-09-04 02:00:00+00:00
1788490800000,1.163061261177063,1.1631964445114136,1.1626555919647217,1.1626555919647217,0,2026-09-04 03:00:00+00:00
1788494400000,1.1626555919647217,1.163061261177063,1.1626555919647217,1.163061261177063,0,2026-09-04 04:00:00+00:00
1788498000000,1.1629259586334229,1.1631964445114136,1.1627906560897827,1.1631964445114136,0,2026-09-04 05:00:00+00:00
1788501600000,1.163061261177063,1.1633317470550537,1.163061261177063,1.163061261177063,0,2026-09-04 06:00:00+00:00
1788505200000,1.1631964445114136,1.1633317470550537,1.162520408630371,1.1626555919647217,0,2026-09-04 07:00:00+00:00
1788508800000,1.1626555919647217,1.1629259586334229,1.16225004196167,1.1627906560897827,0,2026-09-04 08:00:00+00:00
1788512400000,1.1626555919647217,1.1627906560897827,1.1619800329208374,1.1621150970458984,0,2026-09-04 09:00:00+00:00
1788516000000,1.1621150970458984,1.1626555919647217,1.1621150970458984,1.1623852252960205,0,2026-09-04 10:00:00+00:00
1788519600000,1.162520408630371,1.1626555919647217,1.1623852252960205,1.1623852252960205,0,2026-09-04 11:00:00+00:00
1788523200000,1.162520408630371,1.163061261177063,1.159151554107666,1.160496711730957,0,2026-09-04 12:00:00+00:00
1788526800000,1.1602274179458618,1.162520408630371,1.160092830657959,1.161440134048462,0,2026-09-04 13:00:00+00:00
1788530400000,1.16130530834198,1.1623852252960205,1.16130530834198,1.1619800329208374,0,2026-09-04 14:00:00+00:00
1788534000000,1.1618449687957764,1.1626555919647217,1.1617100238800049,1.1621150970458984,0,2026-09-04 15:00:00+00:00
1788537600000,1.16225004196167,1.1627906560897827,1.16225004196167,1.16225004196167,0,2026-09-04 16:00:00+00:00
1788541200000,1.16225004196167,1.16225004196167,1.1615750789642334,1.1615750789642334,0,2026-09-04 17:00:00+00:00
1788544800000,1.1617100238800049,1.1617100238800049,1.16130530834198,1.161440134048462,0,2026-09-04 18:00:00+00:00
1788548400000,1.161440134048462,1.1618449687957764,1.161440134048462,1.1617100238800049,0,2026-09-04 19:00:00+00:00
1788552000000,1.1617100238800049,1.1618449687957764,1.1615750789642334,1.1617100238800049,0,2026-09-04 20:00:00+00:00
1788555600000,1.1621150970458984,1.1621150970458984,1.1621150970458984,1.1621150970458984,0,2026-09-04 21:00:00+00:00
1788735600000,1.1617100238800049,1.1619800329208374,1.1617100238800049,1.1617100238800049,0,2026-09-06 23:00:00+00:00
1788739200000,1.1617100238800049,1.1623852252960205,1.1617100238800049,1.1621150970458984,0,2026-09-07 00:00:00+00:00
1788742800000,1.1621150970458984,1.1621150970458984,1.1617100238800049,1.1617100238800049,0,2026-09-07 01:00:00+00:00
1788746400000,1.1617100238800049,1.1617100238800049,1.161170482635498,1.16130530834198,0,2026-09-07 02:00:00+00:00
1788750000000,1.161170482635498,1.1615750789642334,1.161170482635498,1.161440134048462,0,2026-09-07 03:00:00+00:00
1788753600000,1.161440134048462,1.1615750789642334,1.161170482635498,1.1615750789642334,0,2026-09-07 04:00:00+00:00
1788757200000,1.161440134048462,1.1617100238800049,1.16130530834198,1.1617100238800049,0,2026-09-07 05:00:00+00:00
1788760800000,1.1615750789642334,1.16225004196167,1.161440134048462,1.1618449687957764,0,2026-09-07 06:00:00+00:00
1788764400000,1.1618449687957764,1.1626555919647217,1.161440134048462,1.1626555919647217,0,2026-09-07 07:00:00+00:00
1788768000000,1.1627906560897827,1.163873314857483,1.162520408630371,1.162520408630371,0,2026-09-07 08:00:00+00:00
1788771600000,1.162520408630371,1.1629259586334229,1.1623852252960205,1.1623852252960205,0,2026-09-07 09:00:00+00:00
1788775200000,1.1623852252960205,1.1629259586334229,1.1623852252960205,1.1627906560897827,0,2026-09-07 10:00:00+00:00
1788778800000,1.1627906560897827,1.1629259586334229,1.162520408630371,1.1626555919647217,0,2026-09-07 11:00:00+00:00
1788782400000,1.1627906560897827,1.1631964445114136,1.1623852252960205,1.1629259586334229,0,2026-09-07 12:00:00+00:00
1788786000000,1.1629259586334229,1.1633317470550537,1.1627906560897827,1.1631964445114136,0,2026-09-07 13:00:00+00:00
1788789600000,1.1631964445114136,1.163602590560913,1.163061261177063,1.1634671688079834,0,2026-09-07 14:00:00+00:00
1788793200000,1.1634671688079834,1.1634671688079834,1.163061261177063,1.163061261177063,0,2026-09-07 15:00:00+00:00
1788796800000,1.163061261177063,1.1633317470550537,1.1629259586334229,1.1631964445114136,0,2026-09-07 16:00:00+00:00
1788800400000,1.1631964445114136,1.1631964445114136,1.1627906560897827,1.1629259586334229,0,2026-09-07 17:00:00+00:00
1788804000000,1.1629259586334229,1.1629259586334229,1.1626555919647217,1.1626555919647217,0,2026-09-07 18:00:00+00:00
1788807600000,1.1626555919647217,1.1626555919647217,1.162520408630371,1.162520408630371,0,2026-09-07 19:00:00+00:00
1788811200000,1.162520408630371,1.1626555919647217,1.162520408630371,1.1626555919647217,0,2026-09-07 20:00:00+00:00
1788814800000,1.1629259586334229,1.1629259586334229,1.1623852252960205,1.1626555919647217,0,2026-09-07 21:00:00+00:00
1788818400000,1.1627906560897827,1.1629259586334229,1.1626555919647217,1.1629259586334229,0,2026-09-07 22:00:00+00:00
1788822000000,1.1629259586334229,1.1633317470550537,1.1629259586334229,1.163061261177063,0,2026-09-07 23:00:00+00:00
1788825600000,1.163061261177063,1.1634671688079834,1.1627906560897827,1.1629259586334229,0,2026-09-08 00:00:00+00:00
1788829200000,1.163061261177063,1.163602590560913,1.1629259586334229,1.163602590560913,0,2026-09-08 01:00:00+00:00
1788832800000,1.1637378931045532,1.1637378931045532,1.1627906560897827,1.1627906560897827,0,2026-09-08 02:00:00+00:00
1788836400000,1.1626555919647217,1.163061261177063,1.1626555919647217,1.1627906560897827,0,2026-09-08 03:00:00+00:00
1788840000000,1.1629259586334229,1.1629259586334229,1.1626555919647217,1.1627906560897827,0,2026-09-08 04:00:00+00:00
1788843600000,1.1627906560897827,1.1634671688079834,1.1626555919647217,1.1634671688079834,0,2026-09-08 05:00:00+00:00
1788847200000,1.1634671688079834,1.163873314857483,1.1623852252960205,1.162520408630371,0,2026-09-08 06:00:00+00:00
1788850800000,1.1623852252960205,1.1626555919647217,1.16130530834198,1.1615750789642334,0,2026-09-08 07:00:00+00:00
1788854400000,1.1615750789642334,1.1618449687957764,1.161170482635498,1.16130530834198,0,2026-09-08 08:00:00+00:00
1788858000000,1.16130530834198,1.1619800329208374,1.16130530834198,1.1617100238800049,0,2026-09-08 09:00:00+00:00
1788861600000,1.1617100238800049,1.1618449687957764,1.16130530834198,1.1617100238800049,0,2026-09-08 10:00:00+00:00
1788865200000,1.1615750789642334,1.16225004196167,1.161170482635498,1.1615750789642334,0,2026-09-08 11:00:00+00:00
1788868800000,1.1615750789642334,1.16225004196167,1.161440134048462,1.16225004196167,0,2026-09-08 12:00:00+00:00
1788872400000,1.1623852252960205,1.163061261177063,1.16225004196167,1.162520408630371,0,2026-09-08 13:00:00+00:00
1788876000000,1.1626555919647217,1.1634671688079834,1.16225004196167,1.1633317470550537,0,2026-09-08 14:00:00+00:00
1788879600000,1.1634671688079834,1.163602590560913,1.163061261177063,1.163061261177063,0,2026-09-08 15:00:00+00:00
1788883200000,1.1629259586334229,1.1629259586334229,1.1623852252960205,1.1626555919647217,0,2026-09-08 16:00:00+00:00
1788886800000,1.1627906560897827,1.163061261177063,1.1627906560897827,1.1629259586334229,0,2026-09-08 17:00:00+00:00
1788890400000,1.1629259586334229,1.1634671688079834,1.1626555919647217,1.1629259586334229,0,2026-09-08 18:00:00+00:00
1788894000000,1.1631964445114136,1.1633317470550537,1.1626555919647217,1.1626555919647217,0,2026-09-08 19:00:00+00:00
1788897600000,1.1626555919647217,1.1627906560897827,1.162520408630371,1.1626555919647217,0,2026-09-08 20:00:00+00:00
1788901200000,1.1631964445114136,1.1631964445114136,1.162520408630371,1.163061261177063,0,2026-09-08 21:00:00+00:00
1788904800000,1.1627906560897827,1.163061261177063,1.1627906560897827,1.1629259586334229,0,2026-09-08 22:00:00+00:00
1788908400000,1.1629259586334229,1.1631964445114136,1.1629259586334229,1.163061261177063,0,2026-09-08 23:00:00+00:00
1788912000000,1.1631964445114136,1.1634671688079834,1.1631964445114136,1.1634671688079834,0,2026-09-09 00:00:00+00:00
1788915600000,1.1634671688079834,1.163602590560913,1.163061261177063,1.1634671688079834,0,2026-09-09 01:00:00+00:00
1788919200000,1.1634671688079834,1.1634671688079834,1.1631964445114136,1.1634671688079834,0,2026-09-09 02:00:00+00:00
1788922800000,1.1634671688079834,1.163602590560913,1.1633317470550537,1.1633317470550537,0,2026-09-09 03:00:00+00:00
1788926400000,1.1633317470550537,1.163602590560913,1.1633317470550537,1.163602590560913,0,2026-09-09 04:00:00+00:00
1788930000000,1.163602590560913,1.1640088558197021,1.163602590560913,1.163873314857483,0,2026-09-09 05:00:00+00:00
1788933600000,1.163873314857483,1.1648223400115967,1.163873314857483,1.1642799377441406,0,2026-09-09 06:00:00+00:00
1788937200000,1.1642799377441406,1.1652295589447021,1.1641442775726318,1.1645511388778687,0,2026-09-09 07:00:00+00:00
1788940800000,1.1645511388778687,1.1645511388778687,1.163602590560913,1.163602590560913,0,2026-09-09 08:00:00+00:00
1788944400000,1.163602590560913,1.1637378931045532,1.1626555919647217,1.1626555919647217,0,2026-09-09 09:00:00+00:00
1788948000000,1.1627906560897827,1.163602590560913,1.162520408630371,1.1633317470550537,0,2026-09-09 10:00:00+00:00
1788951600000,1.1633317470550537,1.1650937795639038,1.1633317470550537,1.164958119392395,0,2026-09-09 11:00:00+00:00
1788955200000,1.1650937795639038,1.1656370162963867,1.164686679840088,1.164958119392395,0,2026-09-09 12:00:00+00:00
1788958800000,1.164958119392395,1.1653653383255005,1.1648223400115967,1.164958119392395,0,2026-09-09 13:00:00+00:00
1788962400000,1.1650937795639038,1.1656370162963867,1.1648223400115967,1.1650937795639038,0,2026-09-09 14:00:00+00:00
1788966000000,1.1650937795639038,1.1650937795639038,1.1623852252960205,1.163061261177063,0,2026-09-09 15:00:00+00:00
1788969600000,1.163061261177063,1.1642799377441406,1.163061261177063,1.163873314857483,0,2026-09-09 16:00:00+00:00
1788973200000,1.163873314857483,1.1644154787063599,1.163873314857483,1.1641442775726318,0,2026-09-09 17:00:00+00:00
1788976800000,1.1642799377441406,1.1642799377441406,1.1631964445114136,1.1631964445114136,0,2026-09-09 18:00:00+00:00
1788980400000,1.1633317470550537,1.1634671688079834,1.1629259586334229,1.1634671688079834,0,2026-09-09 19:00:00+00:00
1788984000000,1.1633317470550537,1.163602590560913,1.1631964445114136,1.163602590560913,0,2026-09-09 20:00:00+00:00
1788987600000,1.1626555919647217,1.1641442775726318,1.162520408630371,1.163873314857483,0,2026-09-09 21:00:00+00:00
1788991200000,1.1640088558197021,1.1641442775726318,1.1637378931045532,1.1641442775726318,0,2026-09-09 22:00:00+00:00
1788994800000,1.1641442775726318,1.1641442775726318,1.1637378931045532,1.1637378931045532,0,2026-09-09 23:00:00+00:00
1788998400000,1.163602590560913,1.1637378931045532,1.1633317470550537,1.1634671688079834,0,2026-09-10 00:00:00+00:00
1789002000000,1.163602590560913,1.1642799377441406,1.1634671688079834,1.1642799377441406,0,2026-09-10 01:00:00+00:00
1789005600000,1.1642799377441406,1.1644154787063599,1.1637378931045532,1.1642799377441406,0,2026-09-10 02:00:00+00:00
1789009200000,1.1642799377441406,1.1642799377441406,1.1640088558197021,1.1641442775726318,0,2026-09-10 03:00:00+00:00
1789012800000,1.1641442775726318,1.1642799377441406,1.1640088558197021,1.1640088558197021,0,2026-09-10 04:00:00+00:00
1789016400000,1.1641442775726318,1.1644154787063599,1.1640088558197021,1.1642799377441406,0,2026-09-10 05:00:00+00:00
1789020000000,1.1642799377441406,1.1642799377441406,1.1640088558197021,1.1642799377441406,0,2026-09-10 06:00:00+00:00
1789023600000,1.1642799377441406,1.1644154787063599,1.163873314857483,1.1642799377441406,0,2026-09-10 07:00:00+00:00
1789027200000,1.1642799377441406,1.1642799377441406,1.163873314857483,1.1641442775726318,0,2026-09-10 08:00:00+00:00
1789030800000,1.1641442775726318,1.1642799377441406,1.163602590560913,1.1637378931045532,0,2026-09-10 09:00:00+00:00
1789034400000,1.1637378931045532,1.1641442775726318,1.1627906560897827,1.1631964445114136,0,2026-09-10 10:00:00+00:00
1789038000000,1.163061261177063,1.1631964445114136,1.1619800329208374,1.1619800329208374,0,2026-09-10 11:00:00+00:00
1789041600000,1.1621150970458984,1.1627906560897827,1.15968918800354,1.1607661247253418,0,2026-09-10 12:00:00+00:00
1789045200000,1.1609008312225342,1.1621150970458984,1.1602274179458618,1.1615750789642334,0,2026-09-10 13:00:00+00:00
1789048800000,1.1617100238800049,1.1631964445114136,1.1617100238800049,1.1631964445114136,0,2026-09-10 14:00:00+00:00
1789052400000,1.1631964445114136,1.1634671688079834,1.1627906560897827,1.163061261177063,0,2026-09-10 15:00:00+00:00
1789056000000,1.163061261177063,1.1631964445114136,1.16225004196167,1.16225004196167,0,2026-09-10 16:00:00+00:00
1789059600000,1.16225004196167,1.1626555919647217,1.1619800329208374,1.16225004196167,0,2026-09-10 17:00:00+00:00
1789063200000,1.16225004196167,1.16225004196167,1.1615750789642334,1.1615750789642334,0,2026-09-10 18:00:00+00:00
1789066800000,1.1617100238800049,1.1617100238800049,1.16130530834198,1.161440134048462,0,2026-09-10 19:00:00+00:00
1789070400000,1.16130530834198,1.1615750789642334,1.1609008312225342,1.1615750789642334,0,2026-09-10 20:00:00+00:00
1789074000000,1.1615750789642334,1.1619800329208374,1.1607661247253418,1.16130530834198,0,2026-09-10 21:00:00+00:00
1789077600000,1.1610356569290161,1.161440134048462,1.1610356569290161,1.161440134048462,0,2026-09-10 22:00:00+00:00
1789081200000,1.16130530834198,1.161440134048462,1.161170482635498,1.161440134048462,0,2026-09-10 23:00:00+00:00
1789084800000,1.161440134048462,1.1618449687957764,1.161440134048462,1.1618449687957764,0,2026-09-11 00:00:00+00:00
1789088400000,1.1618449687957764,1.1621150970458984,1.161440134048462,1.1615750789642334,0,2026-09-11 01:00:00+00:00
1789092000000,1.1615750789642334,1.1615750789642334,1.1609008312225342,1.1610356569290161,0,2026-09-11 02:00:00+00:00
1789095600000,1.1610356569290161,1.161170482635498,1.1603620052337646,1.160496711730957,0,2026-09-11 03:00:00+00:00
1789099200000,1.160496711730957,1.161170482635498,1.1603620052337646,1.1607661247253418,0,2026-09-11 04:00:00+00:00
1789102800000,1.1607661247253418,1.1617100238800049,1.1607661247253418,1.16130530834198,0,2026-09-11 05:00:00+00:00
1789106400000,1.16130530834198,1.1617100238800049,1.16130530834198,1.16130530834198,0,2026-09-11 06:00:00+00:00
1789110000000,1.161440134048462,1.161440134048462,1.160496711730957,1.1607661247253418,0,2026-09-11 07:00:00+00:00
1789113600000,1.1609008312225342,1.161170482635498,1.1602274179458618,1.1602274179458618,0,2026-09-11 08:00:00+00:00
1789117200000,1.1603620052337646,1.160496711730957,1.1599582433700562,1.1599582433700562,0,2026-09-11 09:00:00+00:00
1789120800000,1.1599582433700562,1.160092830657959,1.1594202518463135,1.1595547199249268,0,2026-09-11 10:00:00+00:00
1789124400000,1.1595547199249268,1.1598236560821533,1.1594202518463135,1.1594202518463135,0,2026-09-11 11:00:00+00:00
1789128000000,1.1595547199249268,1.1606314182281494,1.1574074029922485,1.160496711730957,0,2026-09-11 12:00:00+00:00
1789131600000,1.1606314182281494,1.1615750789642334,1.1603620052337646,1.1615750789642334,0,2026-09-11 13:00:00+00:00
1789135200000,1.16130530834198,1.1618449687957764,1.1610356569290161,1.1618449687957764,0,2026-09-11 14:00:00+00:00
1789138800000,1.1617100238800049,1.1618449687957764,1.1603620052337646,1.1606314182281494,0,2026-09-11 15:00:00+00:00
1789142400000,1.1606314182281494,1.1610356569290161,1.1602274179458618,1.1603620052337646,0,2026-09-11 16:00:00+00:00
1789146000000,1.1602274179458618,1.1603620052337646,1.1599582433700562,1.160092830657959,0,2026-09-11 17:00:00+00:00
1789149600000,1.160092830657959,1.1602274179458618,1.1595547199249268,1.1599582433700562,0,2026-09-11 18:00:00+00:00
1789153200000,1.1598236560821533,1.160092830657959,1.15968918800354,1.1599582433700562,0,2026-09-11 19:00:00+00:00
1789156800000,1.1599582433700562,1.160092830657959,1.1595547199249268,1.1599582433700562,0,2026-09-11 20:00:00+00:00
1789160400000,1.1602274179458618,1.1602274179458618,1.1602274179458618,1.1602274179458618,0,2026-09-11 21:00:00+00:00
1789340400000,1.1594202518463135,1.15968918800354,1.1592857837677002,1.15968918800354,0,2026-09-13 23:00:00+00:00
1789344000000,1.15968918800354,1.1599582433700562,1.1588828563690186,1.159151554107666,0,2026-09-14 00:00:00+00:00
1789347600000,1.159151554107666,1.1592857837677002,1.1587486267089844,1.1588828563690186,0,2026-09-14 01:00:00+00:00
1789351200000,1.1588828563690186,1.159151554107666,1.1584800481796265,1.1584800481796265,0,2026-09-14 02:00:00+00:00
1789354800000,1.1584800481796265,1.1584800481796265,1.157273530960083,1.1574074029922485,0,2026-09-14 03:00:00+00:00
1789358400000,1.1574074029922485,1.1574074029922485,1.1566041707992554,1.1568717956542969,0,2026-09-14 04:00:00+00:00
1789362000000,1.1568717956542969,1.1574074029922485,1.156738042831421,1.157273530960083,0,2026-09-14 05:00:00+00:00
1789365600000,1.157273530960083,1.157273530960083,1.155401587486267,1.1556684970855713,0,2026-09-14 06:00:00+00:00
1789369200000,1.1556684970855713,1.1560693979263306,1.1547343730926514,1.1548677682876587,0,2026-09-14 07:00:00+00:00
1789372800000,1.1547343730926514,1.1547343730926514,1.1538017988204956,1.1542012691497803,0,2026-09-14 08:00:00+00:00
1789376400000,1.154334545135498,1.1547343730926514,1.1539349555969238,1.1544678211212158,0,2026-09-14 09:00:00+00:00
1789380000000,1.1544678211212158,1.1544678211212158,1.154068112373352,1.154334545135498,0,2026-09-14 10:00:00+00:00
1789383600000,1.154334545135498,1.1552680730819702,1.154334545135498,1.1551345586776733,0,2026-09-14 11:00:00+00:00
1789387200000,1.1551345586776733,1.1555349826812744,1.15340256690979,1.1535356044769287,0,2026-09-14 12:00:00+00:00
1789390800000,1.1535356044769287,1.154068112373352,1.1527377367019653,1.1528706550598145,0,2026-09-14 13:00:00+00:00
1789394400000,1.1528706550598145,1.1546010971069336,1.1527377367019653,1.154068112373352,0,2026-09-14 14:00:00+00:00
1789398000000,1.154068112373352,1.1552680730819702,1.1539349555969238,1.1551345586776733,0,2026-09-14 15:00:00+00:00
1789401600000,1.1552680730819702,1.156738042831421,1.1551345586776733,1.156336784362793,0,2026-09-14 16:00:00+00:00
1789405200000,1.1564704179763794,1.1564704179763794,1.1558021306991577,1.1559356451034546,0,2026-09-14 17:00:00+00:00
1789408800000,1.1559356451034546,1.156203031539917,1.1559356451034546,1.1559356451034546,0,2026-09-14 18:00:00+00:00
1789412400000,1.1560693979263306,1.1560693979263306,1.1551345586776733,1.1551345586776733,0,2026-09-14 19:00:00+00:00
1789416000000,1.155001163482666,1.155401587486267,1.1548677682876587,1.1551345586776733,0,2026-09-14 20:00:00+00:00
1789419600000,1.155001163482666,1.1558021306991577,1.1547343730926514,1.155401587486267,0,2026-09-14 21:00:00+00:00
1789423200000,1.155401587486267,1.1555349826812744,1.1552680730819702,1.1555349826812744,0,2026-09-14 22:00:00+00:00
1789426800000,1.1555349826812744,1.1555349826812744,1.155001163482666,1.1551345586776733,0,2026-09-14 23:00:00+00:00
1789430400000,1.1551345586776733,1.1551345586776733,1.1546010971069336,1.1547343730926514,0,2026-09-15 00:00:00+00:00
1789434000000,1.1546010971069336,1.1547343730926514,1.154068112373352,1.1542012691497803,0,2026-09-15 01:00:00+00:00
1789437600000,1.1542012691497803,1.1544678211212158,1.1539349555969238,1.154334545135498,0,2026-09-15 02:00:00+00:00
1789441200000,1.1544678211212158,1.1544678211212158,1.154068112373352,1.154068112373352,0,2026-09-15 03:00:00+00:00
1789444800000,1.154068112373352,1.1542012691497803,1.1538017988204956,1.154068112373352,0,2026-09-15 04:00:00+00:00
1789448400000,1.154068112373352,1.154068112373352,1.1536686420440674,1.1538017988204956,0,2026-09-15 05:00:00+00:00
1789452000000,1.1538017988204956,1.1538017988204956,1.1530035734176636,1.1538017988204956,0,2026-09-15 06:00:00+00:00
1789455600000,1.1538017988204956,1.154334545135498,1.1536686420440674,1.154334545135498,0,2026-09-15 07:00:00+00:00
1789459200000,1.1544678211212158,1.1544678211212158,1.1536686420440674,1.1536686420440674,0,2026-09-15 08:00:00+00:00
1789462800000,1.1538017988204956,1.1542012691497803,1.1535356044769287,1.154068112373352,0,2026-09-15 09:00:00+00:00
1789466400000,1.1542012691497803,1.154334545135498,1.1538017988204956,1.1538017988204956,0,2026-09-15 10:00:00+00:00
1789470000000,1.1538017988204956,1.1546010971069336,1.1538017988204956,1.1544678211212158,0,2026-09-15 11:00:00+00:00
1789473600000,1.154334545135498,1.1552680730819702,1.1542012691497803,1.155001163482666,0,2026-09-15 12:00:00+00:00
1789477200000,1.155001163482666,1.155401587486267,1.1542012691497803,1.1552680730819702,0,2026-09-15 13:00:00+00:00
1789480800000,1.1552680730819702,1.155401587486267,1.1544678211212158,1.1546010971069336,0,2026-09-15 14:00:00+00:00
1789484400000,1.1546010971069336,1.1548677682876587,1.1542012691497803,1.1544678211212158,0,2026-09-15 15:00:00+00:00
1789488000000,1.1544678211212158,1.1546010971069336,1.1542012691497803,1.1546010971069336,0,2026-09-15 16:00:00+00:00
1789491600000,1.1547343730926514,1.1547343730926514,1.154068112373352,1.154068112373352,0,2026-09-15 17:00:00+00:00
1789495200000,1.154068112373352,1.1547343730926514,1.1539349555969238,1.1546010971069336,0,2026-09-15 18:00:00+00:00
1789498800000,1.1546010971069336,1.1546010971069336,1.154334545135498,1.1544678211212158,0,2026-09-15 19:00:00+00:00
1789502400000,1.1544678211212158,1.1546010971069336,1.1542012691497803,1.1546010971069336,0,2026-09-15 20:00:00+00:00
1789506000000,1.1539349555969238,1.1551345586776733,1.1536686420440674,1.154334545135498,0,2026-09-15 21:00:00+00:00
1789509600000,1.1546010971069336,1.1548677682876587,1.154334545135498,1.154334545135498,0,2026-09-15 22:00:00+00:00
1789513200000,1.1542012691497803,1.1542012691497803,1.1538017988204956,1.1539349555969238,0,2026-09-15 23:00:00+00:00
1789516800000,1.154068112373352,1.1542012691497803,1.1536686420440674,1.1539349555969238,0,2026-09-16 00:00:00+00:00
1789520400000,1.1539349555969238,1.1539349555969238,1.1535356044769287,1.1536686420440674,0,2026-09-16 01:00:00+00:00
1789524000000,1.1535356044769287,1.1546010971069336,1.1535356044769287,1.1546010971069336,0,2026-09-16 02:00:00+00:00
1789527600000,1.1546010971069336,1.1547343730926514,1.154334545135498,1.1544678211212158,0,2026-09-16 03:00:00+00:00
1789531200000,1.1544678211212158,1.155001163482666,1.1544678211212158,1.1547343730926514,0,2026-09-16 04:00:00+00:00
1789534800000,1.1548677682876587,1.155401587486267,1.1547343730926514,1.1552680730819702,0,2026-09-16 05:00:00+00:00
1789538400000,1.1552680730819702,1.155401587486267,1.1547343730926514,1.1551345586776733,0,2026-09-16 06:00:00+00:00
1789542000000,1.1551345586776733,1.1559356451034546,1.155001163482666,1.1551345586776733,0,2026-09-16 07:00:00+00:00
1789545600000,1.1551345586776733,1.1551345586776733,1.1542012691497803,1.154334545135498,0,2026-09-16 08:00:00+00:00
1789549200000,1.154334545135498,1.1547343730926514,1.1542012691497803,1.1542012691497803,0,2026-09-16 09:00:00+00:00
1789552800000,1.154334545135498,1.154334545135498,1.1538017988204956,1.1539349555969238,0,2026-09-16 10:00:00+00:00
1789556400000,1.154068112373352,1.154334545135498,1.1535356044769287,1.1538017988204956,0,2026-09-16 11:00:00+00:00
1789560000000,1.1539349555969238,1.1542012691497803,1.15340256690979,1.1538017988204956,0,2026-09-16 12:00:00+00:00
1789563600000,1.1539349555969238,1.1542012691497803,1.1535356044769287,1.1535356044769287,0,2026-09-16 13:00:00+00:00
1789567200000,1.1536686420440674,1.154334545135498,1.15340256690979,1.1542012691497803,0,2026-09-16 14:00:00+00:00
1789570800000,1.154334545135498,1.1546010971069336,1.1538017988204956,1.154068112373352,0,2026-09-16 15:00:00+00:00
1789574400000,1.154068112373352,1.1542012691497803,1.1538017988204956,1.1538017988204956,0,2026-09-16 16:00:00+00:00
1789578000000,1.1538017988204956,1.1542012691497803,1.15340256690979,1.1542012691497803,0,2026-09-16 17:00:00+00:00
1789581600000,1.1532695293426514,1.1532695293426514,1.147315263748169,1.147315263748169,0,2026-09-16 18:00:00+00:00
1789585200000,1.1479737758636475,1.148369312286377,1.1466574668884277,1.1475785970687866,0,2026-09-16 19:00:00+00:00
1789588800000,1.1475785970687866,1.1475785970687866,1.1465259790420532,1.1466574668884277,0,2026-09-16 20:00:00+00:00
1789592400000,1.1469204425811768,1.147446870803833,1.1461317539215088,1.1465259790420532,0,2026-09-16 21:00:00+00:00
1789596000000,1.1466574668884277,1.1471836566925049,1.1465259790420532,1.1470520496368408,0,2026-09-16 22:00:00+00:00
1789599600000,1.1469204425811768,1.147315263748169,1.1469204425811768,1.1471836566925049,0,2026-09-16 23:00:00+00:00
1789603200000,1.1470520496368408,1.1475785970687866,1.1462632417678833,1.1462632417678833,0,2026-09-17 00:00:00+00:00
1789606800000,1.1462632417678833,1.1467890739440918,1.1461317539215088,1.1461317539215088,0,2026-09-17 01:00:00+00:00
1789610400000,1.1462632417678833,1.1465259790420532,1.1460003852844238,1.1461317539215088,0,2026-09-17 02:00:00+00:00
1789614000000,1.1462632417678833,1.1463946104049683,1.1460003852844238,1.1463946104049683,0,2026-09-17 03:00:00+00:00
1789617600000,1.1462632417678833,1.1470520496368408,1.1462632417678833,1.1469204425811768,0,2026-09-17 04:00:00+00:00
1789621200000,1.1470520496368408,1.1470520496368408,1.1466574668884277,1.1469204425811768,0,2026-09-17 05:00:00+00:00
1789624800000,1.1469204425811768,1.1486331224441528,1.1469204425811768,1.148369312286377,0,2026-09-17 06:00:00+00:00
1789628400000,1.148369312286377,1.148369312286377,1.147315263748169,1.1477103233337402,0,2026-09-17 07:00:00+00:00
1789632000000,1.1477103233337402,1.1477103233337402,1.1470520496368408,1.1477103233337402,0,2026-09-17 08:00:00+00:00
1789635600000,1.1477103233337402,1.1481056213378906,1.1475785970687866,1.1475785970687866,0,2026-09-17 09:00:00+00:00
1789639200000,1.1475785970687866,1.148369312286377,1.1475785970687866,1.1481056213378906,0,2026-09-17 10:00:00+00:00
1789642800000,1.1482374668121338,1.1482374668121338,1.1471836566925049,1.1477103233337402,0,2026-09-17 11:00:00+00:00
1789646400000,1.1475785970687866,1.1499539613723755,1.1475785970687866,1.1494252681732178,0,2026-09-17 12:00:00+00:00
1789650000000,1.1495574712753296,1.1495574712753296,1.1488970518112183,1.1492931842803955,0,2026-09-17 13:00:00+00:00
1789653600000,1.1491611003875732,1.1500862836837769,1.1488970518112183,1.1488970518112183,0,2026-09-17 14:00:00+00:00
1789657200000,1.1488970518112183,1.1490291357040405,1.1478420495986938,1.1482374668121338,0,2026-09-17 15:00:00+00:00
1789660800000,1.1482374668121338,1.1482374668121338,1.1478420495986938,1.1479737758636475,0,2026-09-17 16:00:00+00:00
1789664400000,1.1479737758636475,1.1481056213378906,1.1477103233337402,1.1479737758636475,0,2026-09-17 17:00:00+00:00
1789668000000,1.1481056213378906,1.1481056213378906,1.1477103233337402,1.1478420495986938,0,2026-09-17 18:00:00+00:00
1789671600000,1.1478420495986938,1.148369312286377,1.1478420495986938,1.1482374668121338,0,2026-09-17 19:00:00+00:00
1789675200000,1.1482374668121338,1.1482374668121338,1.1477103233337402,1.1479737758636475,0,2026-09-17 20:00:00+00:00
1789678800000,1.148369312286377,1.1485011577606201,1.1478420495986938,1.1481056213378906,0,2026-09-17 21:00:00+00:00
1789682400000,1.1481056213378906,1.1481056213378906,1.1478420495986938,1.1481056213378906,0,2026-09-17 22:00:00+00:00
1789686000000,1.1481056213378906,1.1482374668121338,1.1478420495986938,1.1478420495986938,0,2026-09-17 23:00:00+00:00
1789689600000,1.1478420495986938,1.148369312286377,1.1478420495986938,1.148369312286377,0,2026-09-18 00:00:00+00:00
1789693200000,1.148369312286377,1.1486331224441528,1.1481056213378906,1.1486331224441528,0,2026-09-18 01:00:00+00:00
1789696800000,1.1485011577606201,1.1485011577606201,1.1481056213378906,1.1481056213378906,0,2026-09-18 02:00:00+00:00
1789700400000,1.148369312286377,1.1491611003875732,1.1482374668121338,1.1491611003875732,0,2026-09-18 03:00:00+00:00
1789704000000,1.1494252681732178,1.1495574712753296,1.1490291357040405,1.1490291357040405,0,2026-09-18 04:00:00+00:00
1789707600000,1.1490291357040405,1.1490291357040405,1.1482374668121338,1.1482374668121338,0,2026-09-18 05:00:00+00:00
1789711200000,1.1482374668121338,1.1487650871276855,1.1482374668121338,1.1486331224441528,0,2026-09-18 06:00:00+00:00
1789714800000,1.1486331224441528,1.1490291357040405,1.1482374668121338,1.1488970518112183,0,2026-09-18 07:00:00+00:00
1789718400000,1.1487650871276855,1.1494252681732178,1.1481056213378906,1.1486331224441528,0,2026-09-18 08:00:00+00:00
1789722000000,1.1485011577606201,1.1490291357040405,1.1485011577606201,1.1486331224441528,0,2026-09-18 09:00:00+00:00
1789725600000,1.1487650871276855,1.1487650871276855,1.147446870803833,1.1475785970687866,0,2026-09-18 10:00:00+00:00
1789729200000,1.1477103233337402,1.1479737758636475,1.1461317539215088,1.1463946104049683,0,2026-09-18 11:00:00+00:00
1789732800000,1.1463946104049683,1.147315263748169,1.1458691358566284,1.1471836566925049,0,2026-09-18 12:00:00+00:00
1789736400000,1.1471836566925049,1.1471836566925049,1.1462632417678833,1.1462632417678833,0,2026-09-18 13:00:00+00:00
1789740000000,1.1462632417678833,1.1467890739440918,1.1462632417678833,1.1465259790420532,0,2026-09-18 14:00:00+00:00
1789743600000,1.1465259790420532,1.1471836566925049,1.1462632417678833,1.1467890739440918,0,2026-09-18 15:00:00+00:00
1789747200000,1.1466574668884277,1.1478420495986938,1.1466574668884277,1.1477103233337402,0,2026-09-18 16:00:00+00:00
1789750800000,1.1477103233337402,1.1488970518112183,1.1477103233337402,1.148369312286377,0,2026-09-18 17:00:00+00:00
1789754400000,1.148369312286377,1.1486331224441528,1.148369312286377,1.1486331224441528,0,2026-09-18 18:00:00+00:00
1789758000000,1.1487650871276855,1.1492931842803955,1.1486331224441528,1.1488970518112183,0,2026-09-18 19:00:00+00:00
1789761600000,1.1490291357040405,1.1491611003875732,1.1488970518112183,1.1490291357040405,0,2026-09-18 20:00:00+00:00
1789765200000,1.1488970518112183,1.1488970518112183,1.1488970518112183,1.1488970518112183,0,2026-09-18 21:00:00+00:00
