time,open,high,low,close,volume,datetime
1784757600000,0.8184999823570251,0.8188999891281128,0.8172900080680847,0.8185099959373474,0,2026-07-22 22:00:00+00:00
1784761200000,0.8185700178146362,0.8187599778175354,0.8184499740600586,0.8186799883842468,0,2026-07-22 23:00:00+00:00
1784764800000,0.8186699748039246,0.8190799951553345,0.8183599710464478,0.8189200162887573,0,2026-07-23 00:00:00+00:00
1784768400000,0.8188700079917908,0.819130003452301,0.8177099823951721,0.8187599778175354,0,2026-07-23 01:00:00+00:00
1784772000000,0.8187900185585022,0.8190500140190125,0.8177499771118164,0.8180800080299377,0,2026-07-23 02:00:00+00:00
1784775600000,0.8180999755859375,0.8183000087738037,0.8175600171089172,0.8181800246238708,0,2026-07-23 03:00:00+00:00
1784779200000,0.818120002746582,0.8184400200843811,0.8178799748420715,0.81809002161026,0,2026-07-23 04:00:00+00:00
1784782800000,0.8180599808692932,0.8186799883842468,0.8177700042724609,0.81836998462677,0,2026-07-23 05:00:00+00:00
1784786400000,0.818340003490448,0.8186600208282471,0.8175699710845947,0.8176599740982056,0,2026-07-23 06:00:00+00:00
1784790000000,0.8176599740982056,0.8177599906921387,0.8156399726867676,0.8164399862289429,0,2026-07-23 07:00:00+00:00
1784793600000,0.8163700103759766,0.8164799809455872,0.8152700066566467,0.8157100081443787,0,2026-07-23 08:00:00+00:00
1784797200000,0.8156899809837341,0.81632000207901,0.8156300187110901,0.8161500096321106,0,2026-07-23 09:00:00+00:00
1784800800000,0.8160899877548218,0.816349983215332,0.815500020980835,0.8160200119018555,0,2026-07-23 10:00:00+00:00
1784804400000,0.8159800171852112,0.8160499930381775,0.8143500089645386,0.8146200180053711,0,2026-07-23 11:00:00+00:00
1784808000000,0.8145999908447266,0.8146499991416931,0.812529981136322,0.8135899901390076,0,2026-07-23 12:00:00+00:00
1784811600000,0.8136000037193298,0.8136000037193298,0.8123000264167786,0.8128399848937988,0,2026-07-23 13:00:00+00:00
1784815200000,0.8128100037574768,0.8134400248527527,0.8118500113487244,0.8129299879074097,0,2026-07-23 14:00:00+00:00
1784818800000,0.8129000067710876,0.8133299946784973,0.8111799955368042,0.813260018825531,0,2026-07-23 15:00:00+00:00
1784822400000,0.8133299946784973,0.8136500120162964,0.8129799962043762,0.8130099773406982,0,2026-07-23 16:00:00+00:00
1784826000000,0.8130499720573425,0.8130499720573425,0.8115000128746033,0.812309980392456,0,2026-07-23 17:00:00+00:00
1784829600000,0.812279999256134,0.8124200105667114,0.8118199706077576,0.8120099902153015,0,2026-07-23 18:00:00+00:00
1784833200000,0.8119999766349792,0.8128299713134766,0.8113999962806702,0.812749981880188,0,2026-07-23 19:00:00+00:00
1784836800000,0.8127599954605103,0.8131800293922424,0.8115000128746033,0.8124600052833557,0,2026-07-23 20:00:00+00:00
1784840400000,0.8126400113105774,0.8131800293922424,0.8111199736595154,0.8116199970245361,0,2026-07-23 21:00:00+00:00
1784844000000,0.8120800256729126,0.8128399848937988,0.8113300204277039,0.8126800060272217,0,2026-07-23 22:00:00+00:00
1784847600000,0.8125799894332886,0.813260018825531,0.812529981136322,0.8130499720573425,0,2026-07-23 23:00:00+00:00
1784851200000,0.8130999803543091,0.8137199878692627,0.8127899765968323,0.8136299848556519,0,2026-07-24 00:00:00+00:00
1784854800000,0.8136799931526184,0.8140000104904175,0.8132399916648865,0.8134899735450745,0,2026-07-24 01:00:00+00:00
1784858400000,0.8134599924087524,0.8137000203132629,0.8130000233650208,0.8131800293922424,0,2026-07-24 02:00:00+00:00
1784862000000,0.8132699728012085,0.8134999871253967,0.812969982624054,0.8132799863815308,0,2026-07-24 03:00:00+00:00
1784865600000,0.813289999961853,0.8136600255966187,0.8127400279045105,0.813040018081665,0,2026-07-24 04:00:00+00:00
1784869200000,0.813040018081665,0.8137500286102295,0.8129100203514099,0.8132500052452087,0,2026-07-24 05:00:00+00:00
1784872800000,0.8131899833679199,0.8140100240707397,0.8129900097846985,0.813979983329773,0,2026-07-24 06:00:00+00:00
1784876400000,0.813979983329773,0.814740002155304,0.8138800263404846,0.8146600127220154,0,2026-07-24 07:00:00+00:00
1784880000000,0.8146700263023376,0.8147299885749817,0.8139500021934509,0.8144199848175049,0,2026-07-24 08:00:00+00:00
1784883600000,0.814490020275116,0.8147600293159485,0.8139200210571289,0.814740002155304,0,2026-07-24 09:00:00+00:00
1784887200000,0.8146799802780151,0.8149600028991699,0.81427001953125,0.8145400285720825,0,2026-07-24 10:00:00+00:00
1784890800000,0.8145300149917603,0.8154799938201904,0.8144800066947937,0.815280020236969,0,2026-07-24 11:00:00+00:00
1784894400000,0.8152499794960022,0.8154399991035461,0.8137400150299072,0.8151900172233582,0,2026-07-24 12:00:00+00:00
1784898000000,0.8151599764823914,0.8156200051307678,0.8136500120162964,0.8151299953460693,0,2026-07-24 13:00:00+00:00
1784901600000,0.8151999711990356,0.8156800270080566,0.8147100210189819,0.8155500292778015,0,2026-07-24 14:00:00+00:00
1784905200000,0.815559983253479,0.8167300224304199,0.8154100179672241,0.8165599703788757,0,2026-07-24 15:00:00+00:00
1784908800000,0.8165599703788757,0.8168500065803528,0.816290020942688,0.8164200186729431,0,2026-07-24 16:00:00+00:00
1784912400000,0.8164100050926208,0.8164600133895874,0.8147000074386597,0.8162400126457214,0,2026-07-24 17:00:00+00:00
1784916000000,0.8162000179290771,0.8163300156593323,0.8157699704170227,0.8160399794578552,0,2026-07-24 18:00:00+00:00
1784919600000,0.816070020198822,0.8162599802017212,0.8157100081443787,0.8161299824714661,0,2026-07-24 19:00:00+00:00
1784923200000,0.8161399960517883,0.8162800073623657,0.8146700263023376,0.8154900074005127,0,2026-07-24 20:00:00+00:00
1784926800000,0.8154600262641907,0.8154600262641907,0.8154600262641907,0.8154600262641907,0,2026-07-24 21:00:00+00:00
1785106800000,0.8164100050926208,0.8167300224304199,0.816070020198822,0.8165799975395203,0,2026-07-26 23:00:00+00:00
1785110400000,0.816510021686554,0.8175399899482727,0.816510021686554,0.8168399930000305,0,2026-07-27 00:00:00+00:00
1785114000000,0.8168299794197083,0.8171899914741516,0.81632000207901,0.8167799711227417,0,2026-07-27 01:00:00+00:00
1785117600000,0.8167999982833862,0.8168500065803528,0.8154199719429016,0.8156599998474121,0,2026-07-27 02:00:00+00:00
1785121200000,0.8156399726867676,0.8159300088882446,0.8150299787521362,0.8159300088882446,0,2026-07-27 03:00:00+00:00
1785124800000,0.8158699870109558,0.8165799975395203,0.8157899975776672,0.8163099884986877,0,2026-07-27 04:00:00+00:00
1785128400000,0.8163400292396545,0.8172699809074402,0.8161900043487549,0.8169100284576416,0,2026-07-27 05:00:00+00:00
1785132000000,0.8169800043106079,0.8184900283813477,0.8167799711227417,0.8180099725723267,0,2026-07-27 06:00:00+00:00
1785135600000,0.8180199861526489,0.8183599710464478,0.8174099922180176,0.8175299763679504,0,2026-07-27 07:00:00+00:00
1785139200000,0.8174899816513062,0.8176599740982056,0.816290020942688,0.8175899982452393,0,2026-07-27 08:00:00+00:00
1785142800000,0.8175699710845947,0.8177899718284607,0.8171499967575073,0.8176299929618835,0,2026-07-27 09:00:00+00:00
1785146400000,0.8175899982452393,0.8178099989891052,0.8170499801635742,0.8174399733543396,0,2026-07-27 10:00:00+00:00
1785150000000,0.8174499869346619,0.8174600005149841,0.8165299892425537,0.8167300224304199,0,2026-07-27 11:00:00+00:00
1785153600000,0.8167300224304199,0.8170400261878967,0.8157200217247009,0.8166000247001648,0,2026-07-27 12:00:00+00:00
1785157200000,0.8166400194168091,0.8170099854469299,0.8160300254821777,0.816100001335144,0,2026-07-27 13:00:00+00:00
1785160800000,0.8160799741744995,0.8166900277137756,0.815559983253479,0.8159599900245667,0,2026-07-27 14:00:00+00:00
1785164400000,0.8159700036048889,0.8159999847412109,0.8151800036430359,0.8154199719429016,0,2026-07-27 15:00:00+00:00
1785168000000,0.8154100179672241,0.8161799907684326,0.8153200149536133,0.8158299922943115,0,2026-07-27 16:00:00+00:00
1785171600000,0.8158299922943115,0.8158699870109558,0.8148300051689148,0.8153899908065796,0,2026-07-27 17:00:00+00:00
1785175200000,0.8153899908065796,0.8156899809837341,0.8150799870491028,0.8155400156974792,0,2026-07-27 18:00:00+00:00
1785178800000,0.8148800134658813,0.8158699870109558,0.8148800134658813,0.8156899809837341,0,2026-07-27 19:00:00+00:00
1785182400000,0.8156899809837341,0.8157699704170227,0.8149799704551697,0.8150399923324585,0,2026-07-27 20:00:00+00:00
1785186000000,0.8153700232505798,0.8156399726867676,0.8143699765205383,0.8144500255584717,0,2026-07-27 21:00:00+00:00
1785189600000,0.8144400119781494,0.8154900074005127,0.8139700293540955,0.815060019493103,0,2026-07-27 22:00:00+00:00
1785193200000,0.8150799870491028,0.8152099847793579,0.814490020275116,0.8147299885749817,0,2026-07-27 23:00:00+00:00
1785196800000,0.8148400187492371,0.8151699900627136,0.814520001411438,0.8149600028991699,0,2026-07-28 00:00:00+00:00
1785200400000,0.8149200081825256,0.8151000142097473,0.8140599727630615,0.8144299983978271,0,2026-07-28 01:00:00+00:00
1785204000000,0.8143900036811829,0.8150200247764587,0.8141499757766724,0.814740002155304,0,2026-07-28 02:00:00+00:00
1785207600000,0.8147100210189819,0.8154399991035461,0.8144000172615051,0.8146100044250488,0,2026-07-28 03:00:00+00:00
1785211200000,0.8145400285720825,0.8145899772644043,0.8138899803161621,0.8140400052070618,0,2026-07-28 04:00:00+00:00
1785214800000,0.8140000104904175,0.8142899870872498,0.8136699795722961,0.8138999938964844,0,2026-07-28 05:00:00+00:00
1785218400000,0.8138499855995178,0.8150399923324585,0.8136699795722961,0.8148199915885925,0,2026-07-28 06:00:00+00:00
1785222000000,0.814769983291626,0.8152999877929688,0.8142799735069275,0.8146700263023376,0,2026-07-28 07:00:00+00:00
1785225600000,0.8146700263023376,0.8149899840354919,0.8142399787902832,0.814520001411438,0,2026-07-28 08:00:00+00:00
1785229200000,0.8144999742507935,0.8145599961280823,0.8136799931526184,0.8137500286102295,0,2026-07-28 09:00:00+00:00
1785232800000,0.8137500286102295,0.8139399886131287,0.813289999961853,0.8135200142860413,0,2026-07-28 10:00:00+00:00
1785236400000,0.8135300278663635,0.8141199946403503,0.8121299743652344,0.8137699961662292,0,2026-07-28 11:00:00+00:00
1785240000000,0.8138899803161621,0.8149300217628479,0.8136699795722961,0.814520001411438,0,2026-07-28 12:00:00+00:00
1785243600000,0.8145700097084045,0.8145999908447266,0.8137699961662292,0.8141999840736389,0,2026-07-28 13:00:00+00:00
1785247200000,0.8142899870872498,0.8150500059127808,0.8133000135421753,0.8148300051689148,0,2026-07-28 14:00:00+00:00
1785250800000,0.8147600293159485,0.816789984703064,0.8147500157356262,0.8166900277137756,0,2026-07-28 15:00:00+00:00
1785254400000,0.8166700005531311,0.816860020160675,0.8159999847412109,0.8160799741744995,0,2026-07-28 16:00:00+00:00
1785258000000,0.8160799741744995,0.8166499733924866,0.8159499764442444,0.8162099719047546,0,2026-07-28 17:00:00+00:00
1785261600000,0.8162199854850769,0.8164899945259094,0.8159999847412109,0.8163800239562988,0,2026-07-28 18:00:00+00:00
1785265200000,0.8163999915122986,0.8166099786758423,0.8157699704170227,0.8163099884986877,0,2026-07-28 19:00:00+00:00
1785268800000,0.816290020942688,0.8166400194168091,0.815060019493103,0.8150799870491028,0,2026-07-28 20:00:00+00:00
1785272400000,0.815339982509613,0.8161500096321106,0.8144099712371826,0.8156399726867676,0,2026-07-28 21:00:00+00:00
1785276000000,0.8156300187110901,0.8159899711608887,0.8145999908447266,0.815339982509613,0,2026-07-28 22:00:00+00:00
1785279600000,0.8153499960899353,0.8156300187110901,0.8149099946022034,0.8154399991035461,0,2026-07-28 23:00:00+00:00
1785283200000,0.8153799772262573,0.8160099983215332,0.8150200247764587,0.8152400255203247,0,2026-07-29 00:00:00+00:00
1785286800000,0.8151599764823914,0.815850019454956,0.8142499923706055,0.814300000667572,0,2026-07-29 01:00:00+00:00
1785290400000,0.814300000667572,0.8152999877929688,0.8141099810600281,0.8146399855613708,0,2026-07-29 02:00:00+00:00
1785294000000,0.8146600127220154,0.8152700066566467,0.8141800165176392,0.8150799870491028,0,2026-07-29 03:00:00+00:00
1785297600000,0.8150299787521362,0.815559983253479,0.8146399855613708,0.8153700232505798,0,2026-07-29 04:00:00+00:00
1785301200000,0.8153200149536133,0.8161299824714661,0.8151800036430359,0.8159300088882446,0,2026-07-29 05:00:00+00:00
1785304800000,0.8159300088882446,0.8161900043487549,0.8147000074386597,0.8158400058746338,0,2026-07-29 06:00:00+00:00
1785308400000,0.8158100247383118,0.8162800073623657,0.8143799901008606,0.8154299855232239,0,2026-07-29 07:00:00+00:00
1785312000000,0.8154799938201904,0.8154900074005127,0.8137400150299072,0.815310001373291,0,2026-07-29 08:00:00+00:00
1785315600000,0.8153300285339355,0.8154600262641907,0.8148099780082703,0.8151299953460693,0,2026-07-29 09:00:00+00:00
1785319200000,0.8151400089263916,0.8152899742126465,0.8144099712371826,0.8146499991416931,0,2026-07-29 10:00:00+00:00
1785322800000,0.8145800232887268,0.8150200247764587,0.8143600225448608,0.8145400285720825,0,2026-07-29 11:00:00+00:00
1785326400000,0.8145400285720825,0.814740002155304,0.8131899833679199,0.8139299750328064,0,2026-07-29 12:00:00+00:00
1785330000000,0.8138499855995178,0.8147199749946594,0.8130999803543091,0.8144500255584717,0,2026-07-29 13:00:00+00:00
1785333600000,0.8144500255584717,0.814740002155304,0.8118199706077576,0.8132100105285645,0,2026-07-29 14:00:00+00:00
1785337200000,0.8132399916648865,0.8133100271224976,0.8123400211334229,0.8125100135803223,0,2026-07-29 15:00:00+00:00
1785340800000,0.8125200271606445,0.8127099871635437,0.8118799924850464,0.8126099705696106,0,2026-07-29 16:00:00+00:00
1785344400000,0.8126199841499329,0.8143900036811829,0.8125200271606445,0.8134599924087524,0,2026-07-29 17:00:00+00:00
1785348000000,0.8140199780464172,0.8174800276756287,0.8128499984741211,0.8169800043106079,0,2026-07-29 18:00:00+00:00
1785351600000,0.8169599771499634,0.8173400163650513,0.8124499917030334,0.8141400218009949,0,2026-07-29 19:00:00+00:00
1785355200000,0.8140299916267395,0.8143399953842163,0.812529981136322,0.8135899901390076,0,2026-07-29 20:00:00+00:00
1785358800000,0.8135499954223633,0.815060019493103,0.8120599985122681,0.8129299879074097,0,2026-07-29 21:00:00+00:00
1785362400000,0.8129299879074097,0.8148499727249146,0.8125699758529663,0.8144299983978271,0,2026-07-29 22:00:00+00:00
1785366000000,0.8144099712371826,0.8149099946022034,0.8140599727630615,0.8141400218009949,0,2026-07-29 23:00:00+00:00
1785369600000,0.8140900135040283,0.8143799901008606,0.8134700059890747,0.8141499757766724,0,2026-07-30 00:00:00+00:00
1785373200000,0.8141300082206726,0.8154900074005127,0.8139100074768066,0.8152899742126465,0,2026-07-30 01:00:00+00:00
1785376800000,0.8152700066566467,0.8164700269699097,0.8152499794960022,0.8159599900245667,0,2026-07-30 02:00:00+00:00
1785380400000,0.8159400224685669,0.8162400126457214,0.8154199719429016,0.8158199787139893,0,2026-07-30 03:00:00+00:00
1785384000000,0.8158100247383118,0.8163899779319763,0.8156700134277344,0.8157899975776672,0,2026-07-30 04:00:00+00:00
1785387600000,0.8157899975776672,0.8162299990653992,0.815310001373291,0.8154799938201904,0,2026-07-30 05:00:00+00:00
1785391200000,0.8155999779701233,0.8163999915122986,0.8148400187492371,0.8161100149154663,0,2026-07-30 06:00:00+00:00
1785394800000,0.816100001335144,0.8173900246620178,0.8159700036048889,0.816290020942688,0,2026-07-30 07:00:00+00:00
1785398400000,0.8162500262260437,0.81809002161026,0.8162500262260437,0.8178799748420715,0,2026-07-30 08:00:00+00:00
1785402000000,0.8178899884223938,0.8197600245475769,0.817799985408783,0.8194199800491333,0,2026-07-30 09:00:00+00:00
1785405600000,0.819350004196167,0.8204200267791748,0.8192800283432007,0.819920003414154,0,2026-07-30 10:00:00+00:00
1785409200000,0.8198699951171875,0.8204200267791748,0.8196300268173218,0.8204100131988525,0,2026-07-30 11:00:00+00:00
1785412800000,0.8203999996185303,0.8205500245094299,0.8186799883842468,0.8199099898338318,0,2026-07-30 12:00:00+00:00
1785416400000,0.8199099898338318,0.8228200078010559,0.8197199702262878,0.8225799798965454,0,2026-07-30 13:00:00+00:00
1785420000000,0.8226699829101562,0.823140025138855,0.8210300207138062,0.8213499784469604,0,2026-07-30 14:00:00+00:00
1785423600000,0.821399986743927,0.8231599926948547,0.8202099800109863,0.8226000070571899,0,2026-07-30 15:00:00+00:00
1785427200000,0.8225399851799011,0.8232499957084656,0.82218998670578,0.8223000168800354,0,2026-07-30 16:00:00+00:00
1785430800000,0.8223099708557129,0.8229299783706665,0.8220900297164917,0.8228300213813782,0,2026-07-30 17:00:00+00:00
1785434400000,0.8228300213813782,0.823199987411499,0.8226900100708008,0.8229100108146667,0,2026-07-30 18:00:00+00:00
1785438000000,0.8229100108146667,0.8234300017356873,0.8227999806404114,0.8231499791145325,0,2026-07-30 19:00:00+00:00
1785441600000,0.823140025138855,0.8237299919128418,0.8230100274085999,0.823419988155365,0,2026-07-30 20:00:00+00:00
1785445200000,0.8230599761009216,0.8234300017356873,0.8174200057983398,0.822700023651123,0,2026-07-30 21:00:00+00:00
1785448800000,0.8227099776268005,0.8238400220870972,0.8223400115966797,0.8234099745750427,0,2026-07-30 22:00:00+00:00
1785452400000,0.8235200047492981,0.8236799836158752,0.8228600025177002,0.8230299949645996,0,2026-07-30 23:00:00+00:00
1785456000000,0.8230199813842773,0.8233100175857544,0.8222200274467468,0.8227300047874451,0,2026-07-31 00:00:00+00:00
1785459600000,0.8227300047874451,0.8229600191116333,0.8216500282287598,0.8220800161361694,0,2026-07-31 01:00:00+00:00
1785463200000,0.8220400214195251,0.8230000138282776,0.82191002368927,0.8227699995040894,0,2026-07-31 02:00:00+00:00
1785466800000,0.8227300047874451,0.8233399987220764,0.8224400281906128,0.8229600191116333,0,2026-07-31 03:00:00+00:00
1785470400000,0.8228899836540222,0.8229699730873108,0.8222100138664246,0.8225399851799011,0,2026-07-31 04:00:00+00:00
1785474000000,0.8224999904632568,0.8227800130844116,0.8220099806785583,0.8225700259208679,0,2026-07-31 05:00:00+00:00
1785477600000,0.8225299715995789,0.8236799836158752,0.8222799897193909,0.8228800296783447,0,2026-07-31 06:00:00+00:00
1785481200000,0.8228300213813782,0.8235800266265869,0.8223199844360352,0.8233699798583984,0,2026-07-31 07:00:00+00:00
1785484800000,0.8234000205993652,0.8248199820518494,0.8227300047874451,0.8243499994277954,0,2026-07-31 08:00:00+00:00
1785488400000,0.8244199752807617,0.8245599865913391,0.822700023651123,0.8234400153160095,0,2026-07-31 09:00:00+00:00
1785492000000,0.8233699798583984,0.8240299820899963,0.8231599926948547,0.8234000205993652,0,2026-07-31 10:00:00+00:00
1785495600000,0.8233699798583984,0.8236299753189087,0.8222000002861023,0.8226799964904785,0,2026-07-31 11:00:00+00:00
1785499200000,0.822700023651123,0.8232200145721436,0.8217399716377258,0.8222399950027466,0,2026-07-31 12:00:00+00:00
1785502800000,0.8222500085830688,0.8231499791145325,0.8207799792289734,0.8212599754333496,0,2026-07-31 13:00:00+00:00
1785506400000,0.8218100070953369,0.8244199752807617,0.8212599754333496,0.8242999911308289,0,2026-07-31 14:00:00+00:00
1785510000000,0.8242499828338623,0.8245800137519836,0.8233500123023987,0.8244500160217285,0,2026-07-31 15:00:00+00:00
1785513600000,0.8244900107383728,0.8248100280761719,0.823989987373352,0.8246700167655945,0,2026-07-31 16:00:00+00:00
1785517200000,0.8246600031852722,0.8255699872970581,0.8239799737930298,0.8252400159835815,0,2026-07-31 17:00:00+00:00
1785520800000,0.8252099752426147,0.825689971446991,0.8250799775123596,0.8255400061607361,0,2026-07-31 18:00:00+00:00
1785524400000,0.8255500197410583,0.8258900046348572,0.8250600099563599,0.8256300091743469,0,2026-07-31 19:00:00+00:00
1785528000000,0.8256400227546692,0.8260300159454346,0.8229299783706665,0.8235700130462646,0,2026-07-31 20:00:00+00:00
1785531600000,0.824940025806427,0.824940025806427,0.8234699964523315,0.8234699964523315,0,2026-07-31 21:00:00+00:00
1785711600000,0.826200008392334,0.8266100287437439,0.8258699774742126,0.8263000249862671,0,2026-08-02 23:00:00+00:00
1785715200000,0.8262500166893005,0.827489972114563,0.8260499835014343,0.8268399834632874,0,2026-08-03 00:00:00+00:00
1785718800000,0.8268600106239319,0.8273000121116638,0.8259299993515015,0.8266299962997437,0,2026-08-03 01:00:00+00:00
1785722400000,0.8266100287437439,0.8268300294876099,0.8260200023651123,0.826200008392334,0,2026-08-03 02:00:00+00:00
1785726000000,0.8261899948120117,0.8262699842453003,0.8248100280761719,0.824999988079071,0,2026-08-03 03:00:00+00:00
1785729600000,0.8249899744987488,0.825410008430481,0.824720025062561,0.8251199722290039,0,2026-08-03 04:00:00+00:00
1785733200000,0.8251000046730042,0.8255299925804138,0.8248199820518494,0.8253899812698364,0,2026-08-03 05:00:00+00:00
1785736800000,0.8253899812698364,0.8257399797439575,0.8245900273323059,0.8248999714851379,0,2026-08-03 06:00:00+00:00
1785740400000,0.8248999714851379,0.8252599835395813,0.8233699798583984,0.8247299790382385,0,2026-08-03 07:00:00+00:00
1785744000000,0.8247500061988831,0.8247799873352051,0.8239200115203857,0.8240900039672852,0,2026-08-03 08:00:00+00:00
1785747600000,0.8240900039672852,0.8242499828338623,0.8234999775886536,0.8235800266265869,0,2026-08-03 09:00:00+00:00
1785751200000,0.8235899806022644,0.8236600160598755,0.8229100108146667,0.8233199715614319,0,2026-08-03 10:00:00+00:00
1785754800000,0.823360025882721,0.8240200281143188,0.8230800032615662,0.8239099979400635,0,2026-08-03 11:00:00+00:00
1785758400000,0.8238800168037415,0.8242499828338623,0.8235800266265869,0.8240500092506409,0,2026-08-03 12:00:00+00:00
1785762000000,0.8240200281143188,0.8242400288581848,0.822700023651123,0.8234300017356873,0,2026-08-03 13:00:00+00:00
1785765600000,0.8235800266265869,0.8239399790763855,0.8228399753570557,0.8238300085067749,0,2026-08-03 14:00:00+00:00
1785769200000,0.8238300085067749,0.8240600228309631,0.822130024433136,0.8236700296401978,0,2026-08-03 15:00:00+00:00
1785772800000,0.823710024356842,0.8239399790763855,0.8234400153160095,0.8237000107765198,0,2026-08-03 16:00:00+00:00
1785776400000,0.8236899971961975,0.8237199783325195,0.823140025138855,0.823419988155365,0,2026-08-03 17:00:00+00:00
1785780000000,0.8234500288963318,0.8243899941444397,0.8233100175857544,0.8243499994277954,0,2026-08-03 18:00:00+00:00
1785783600000,0.8236899971961975,0.8244900107383728,0.8236899971961975,0.824400007724762,0,2026-08-03 19:00:00+00:00
1785787200000,0.8243700265884399,0.8247299790382385,0.8233399987220764,0.8239499926567078,0,2026-08-03 20:00:00+00:00
1785790800000,0.8241999745368958,0.8251199722290039,0.8225799798965454,0.8240500092506409,0,2026-08-03 21:00:00+00:00
1785794400000,0.8241299986839294,0.8245099782943726,0.8235300183296204,0.824180006980896,0,2026-08-03 22:00:00+00:00
1785798000000,0.8242400288581848,0.824429988861084,0.8237699866294861,0.8238499760627747,0,2026-08-03 23:00:00+00:00
1785801600000,0.8238499760627747,0.8243200182914734,0.8235999941825867,0.8237400054931641,0,2026-08-04 00:00:00+00:00
1785805200000,0.8237800002098083,0.8243299722671509,0.8235899806022644,0.8238800168037415,0,2026-08-04 01:00:00+00:00
1785808800000,0.8238800168037415,0.8244199752807617,0.8237299919128418,0.8238099813461304,0,2026-08-04 02:00:00+00:00
1785812400000,0.8237800002098083,0.824209988117218,0.8234099745750427,0.8238099813461304,0,2026-08-04 03:00:00+00:00
1785816000000,0.8238099813461304,0.8241900205612183,0.8236700296401978,0.8240399956703186,0,2026-08-04 04:00:00+00:00
1785819600000,0.8240500092506409,0.8240900039672852,0.8234699964523315,0.8240000009536743,0,2026-08-04 05:00:00+00:00
1785823200000,0.8240000009536743,0.8249499797821045,0.8238800168037415,0.8247900009155273,0,2026-08-04 06:00:00+00:00
1785826800000,0.8248000144958496,0.825219988822937,0.8243799805641174,0.824720025062561,0,2026-08-04 07:00:00+00:00
1785830400000,0.824720025062561,0.8249800205230713,0.8239499926567078,0.8240900039672852,0,2026-08-04 08:00:00+00:00
1785834000000,0.8240900039672852,0.8245000243186951,0.823639988899231,0.8242999911308289,0,2026-08-04 09:00:00+00:00
1785837600000,0.8242999911308289,0.8256700038909912,0.8240900039672852,0.8254799842834473,0,2026-08-04 10:00:00+00:00
1785841200000,0.8255000114440918,0.827239990234375,0.8253600001335144,0.8270800113677979,0,2026-08-04 11:00:00+00:00
1785844800000,0.8270900249481201,0.8278399705886841,0.8261899948120117,0.8276399970054626,0,2026-08-04 12:00:00+00:00
1785848400000,0.8276399970054626,0.8285099864006042,0.8272200226783752,0.8283799886703491,0,2026-08-04 13:00:00+00:00
1785852000000,0.8283799886703491,0.8288699984550476,0.8270999789237976,0.8272299766540527,0,2026-08-04 14:00:00+00:00
1785855600000,0.8272500038146973,0.8284500241279602,0.8269500136375427,0.8284500241279602,0,2026-08-04 15:00:00+00:00
1785859200000,0.8284599781036377,0.8289499878883362,0.8281599879264832,0.8285800218582153,0,2026-08-04 16:00:00+00:00
1785862800000,0.8285899758338928,0.8291299939155579,0.8283500075340271,0.828790009021759,0,2026-08-04 17:00:00+00:00
1785866400000,0.828790009021759,0.8289700150489807,0.8274999856948853,0.828719973564148,0,2026-08-04 18:00:00+00:00
1785870000000,0.828760027885437,0.8289700150489807,0.8284800052642822,0.8289700150489807,0,2026-08-04 19:00:00+00:00
1785873600000,0.8289099931716919,0.829230010509491,0.8278099894523621,0.8285099864006042,0,2026-08-04 20:00:00+00:00
1785877200000,0.8284400105476379,0.8293300271034241,0.82669997215271,0.8285199999809265,0,2026-08-04 21:00:00+00:00
1785880800000,0.8291299939155579,0.8291500210762024,0.8267300128936768,0.8278700113296509,0,2026-08-04 22:00:00+00:00
1785884400000,0.8279299736022949,0.8279399871826172,0.8257499933242798,0.8263199925422668,0,2026-08-04 23:00:00+00:00
1785888000000,0.8263400197029114,0.8270699977874756,0.8262199759483337,0.8266800045967102,0,2026-08-05 00:00:00+00:00
1785891600000,0.8266800045967102,0.8268300294876099,0.8246200084686279,0.825950026512146,0,2026-08-05 01:00:00+00:00
1785895200000,0.825950026512146,0.8270699977874756,0.8254500031471252,0.82669997215271,0,2026-08-05 02:00:00+00:00
1785898800000,0.82669997215271,0.8271399736404419,0.8259699940681458,0.8261799812316895,0,2026-08-05 03:00:00+00:00
1785902400000,0.8261799812316895,0.8266699910163879,0.82573002576828,0.826229989528656,0,2026-08-05 04:00:00+00:00
1785906000000,0.8262199759483337,0.8264099955558777,0.82573002576828,0.826259970664978,0,2026-08-05 05:00:00+00:00
1785909600000,0.826259970664978,0.82669997215271,0.8256700038909912,0.8266400098800659,0,2026-08-05 06:00:00+00:00
1785913200000,0.8266500234603882,0.8267800211906433,0.8247500061988831,0.8255800008773804,0,2026-08-05 07:00:00+00:00
1785916800000,0.8256000280380249,0.8257499933242798,0.8242800235748291,0.8244100213050842,0,2026-08-05 08:00:00+00:00
1785920400000,0.8244199752807617,0.8249199986457825,0.8242499828338623,0.8246600031852722,0,2026-08-05 09:00:00+00:00
1785924000000,0.8246700167655945,0.8249300122261047,0.8240900039672852,0.8248800039291382,0,2026-08-05 10:00:00+00:00
1785927600000,0.8248800039291382,0.825160026550293,0.8245000243186951,0.8246700167655945,0,2026-08-05 11:00:00+00:00
1785931200000,0.8246700167655945,0.8252300024032593,0.8236600160598755,0.8244199752807617,0,2026-08-05 12:00:00+00:00
1785934800000,0.8244199752807617,0.8256700038909912,0.8242899775505066,0.8253399729728699,0,2026-08-05 13:00:00+00:00
1785938400000,0.8253800272941589,0.8258900046348572,0.8242999911308289,0.8246899843215942,0,2026-08-05 14:00:00+00:00
1785942000000,0.824679970741272,0.8249099850654602,0.8238199949264526,0.8239499926567078,0,2026-08-05 15:00:00+00:00
1785945600000,0.8239399790763855,0.824720025062561,0.8235599994659424,0.8244400024414062,0,2026-08-05 16:00:00+00:00
1785949200000,0.8245099782943726,0.8252300024032593,0.8243299722671509,0.8250300288200378,0,2026-08-05 17:00:00+00:00
1785952800000,0.8250700235366821,0.8252400159835815,0.824679970741272,0.8249099850654602,0,2026-08-05 18:00:00+00:00
1785956400000,0.8248900175094604,0.8251399993896484,0.8245400190353394,0.8245999813079834,0,2026-08-05 19:00:00+00:00
1785960000000,0.8245999813079834,0.8248400092124939,0.8242800235748291,0.8244400024414062,0,2026-08-05 20:00:00+00:00
1785963600000,0.8244400024414062,0.8254799842834473,0.8230699896812439,0.8240399956703186,0,2026-08-05 21:00:00+00:00
1785967200000,0.8240399956703186,0.8247500061988831,0.8231199979782104,0.8243799805641174,0,2026-08-05 22:00:00+00:00
1785970800000,0.8244199752807617,0.8248100280761719,0.8242499828338623,0.8245900273323059,0,2026-08-05 23:00:00+00:00
1785974400000,0.8245599865913391,0.8246300220489502,0.8236799836158752,0.8238199949264526,0,2026-08-06 00:00:00+00:00
1785978000000,0.8238199949264526,0.8251500129699707,0.8234900236129761,0.8250600099563599,0,2026-08-06 01:00:00+00:00
1785981600000,0.8250499963760376,0.8255000114440918,0.8248599767684937,0.824970006942749,0,2026-08-06 02:00:00+00:00
1785985200000,0.8249800205230713,0.8250499963760376,0.8241400122642517,0.8245199918746948,0,2026-08-06 03:00:00+00:00
1785988800000,0.8245199918746948,0.8245499730110168,0.8237400054931641,0.8239499926567078,0,2026-08-06 04:00:00+00:00
1785992400000,0.8239399790763855,0.8239700198173523,0.8233399987220764,0.823930025100708,0,2026-08-06 05:00:00+00:00
1785996000000,0.823930025100708,0.8240399956703186,0.8224599957466125,0.8227400183677673,0,2026-08-06 06:00:00+00:00
1785999600000,0.8227499723434448,0.823170006275177,0.8225399851799011,0.8228899836540222,0,2026-08-06 07:00:00+00:00
1786003200000,0.8228899836540222,0.823710024356842,0.8225700259208679,0.823419988155365,0,2026-08-06 08:00:00+00:00
1786006800000,0.823419988155365,0.8237400054931641,0.8230299949645996,0.8236700296401978,0,2026-08-06 09:00:00+00:00
1786010400000,0.8236600160598755,0.8238800168037415,0.8231199979782104,0.823390007019043,0,2026-08-06 10:00:00+00:00
1786014000000,0.823419988155365,0.8234300017356873,0.8226500153541565,0.8230100274085999,0,2026-08-06 11:00:00+00:00
1786017600000,0.8230000138282776,0.823710024356842,0.8227400183677673,0.8233299851417542,0,2026-08-06 12:00:00+00:00
1786021200000,0.8233299851417542,0.8241699934005737,0.8224300146102905,0.8240600228309631,0,2026-08-06 13:00:00+00:00
1786024800000,0.8240500092506409,0.8244500160217285,0.822700023651123,0.8240500092506409,0,2026-08-06 14:00:00+00:00
1786028400000,0.8240200281143188,0.8242700099945068,0.822700023651123,0.8228399753570557,0,2026-08-06 15:00:00+00:00
1786032000000,0.8228200078010559,0.8228800296783447,0.8221200108528137,0.8225899934768677,0,2026-08-06 16:00:00+00:00
1786035600000,0.8226000070571899,0.8228200078010559,0.8220999836921692,0.8226000070571899,0,2026-08-06 17:00:00+00:00
1786039200000,0.8226100206375122,0.8228600025177002,0.8223699927330017,0.8227300047874451,0,2026-08-06 18:00:00+00:00
1786042800000,0.8227300047874451,0.8231199979782104,0.822380006313324,0.822629988193512,0,2026-08-06 19:00:00+00:00
1786046400000,0.8226100206375122,0.822700023651123,0.8210899829864502,0.82218998670578,0,2026-08-06 20:00:00+00:00
1786050000000,0.82218998670578,0.8243899941444397,0.820900022983551,0.8214499950408936,0,2026-08-06 21:00:00+00:00
1786053600000,0.8214499950408936,0.822409987449646,0.8213300108909607,0.8222200274467468,0,2026-08-06 22:00:00+00:00
1786057200000,0.8221700191497803,0.8223099708557129,0.8217800259590149,0.8221399784088135,0,2026-08-06 23:00:00+00:00
1786060800000,0.822160005569458,0.8223699927330017,0.8215799927711487,0.8222799897193909,0,2026-08-07 00:00:00+00:00
1786064400000,0.8222500085830688,0.8225399851799011,0.8218799829483032,0.8222500085830688,0,2026-08-07 01:00:00+00:00
1786068000000,0.8222500085830688,0.8225299715995789,0.8218500018119812,0.8220499753952026,0,2026-08-07 02:00:00+00:00
1786071600000,0.8220499753952026,0.8221799731254578,0.8217399716377258,0.8220599889755249,0,2026-08-07 03:00:00+00:00
1786075200000,0.8220599889755249,0.822160005569458,0.8216699957847595,0.8220300078392029,0,2026-08-07 04:00:00+00:00
1786078800000,0.8220300078392029,0.8223199844360352,0.8218399882316589,0.8222500085830688,0,2026-08-07 05:00:00+00:00
1786082400000,0.8222500085830688,0.8228200078010559,0.8221499919891357,0.8224999904632568,0,2026-08-07 06:00:00+00:00
1786086000000,0.8224999904632568,0.8231099843978882,0.8222200274467468,0.8229799866676331,0,2026-08-07 07:00:00+00:00
1786089600000,0.8230000138282776,0.8233100175857544,0.8227099776268005,0.8232499957084656,0,2026-08-07 08:00:00+00:00
1786093200000,0.8232600092887878,0.8234999775886536,0.8229699730873108,0.8232600092887878,0,2026-08-07 09:00:00+00:00
1786096800000,0.8232799768447876,0.8234400153160095,0.8223099708557129,0.8224499821662903,0,2026-08-07 10:00:00+00:00
1786100400000,0.8224599957466125,0.8227099776268005,0.8221200108528137,0.8224899768829346,0,2026-08-07 11:00:00+00:00
1786104000000,0.8224999904632568,0.8239799737930298,0.8205500245094299,0.8225200176239014,0,2026-08-07 12:00:00+00:00
1786107600000,0.8225100040435791,0.822629988193512,0.8205900192260742,0.8207299709320068,0,2026-08-07 13:00:00+00:00
1786111200000,0.8207299709320068,0.8213499784469604,0.8198400139808655,0.8198400139808655,0,2026-08-07 14:00:00+00:00
1786114800000,0.820330023765564,0.8208199739456177,0.8198400139808655,0.8206899762153625,0,2026-08-07 15:00:00+00:00
1786118400000,0.8206899762153625,0.821340024471283,0.8205900192260742,0.8208900094032288,0,2026-08-07 16:00:00+00:00
1786122000000,0.820930004119873,0.8215799927711487,0.8207499980926514,0.8213899731636047,0,2026-08-07 17:00:00+00:00
1786125600000,0.8214100003242493,0.821690022945404,0.8209900259971619,0.8215799927711487,0,2026-08-07 18:00:00+00:00
1786129200000,0.8215799927711487,0.8225600123405457,0.8214899897575378,0.8220000267028809,0,2026-08-07 19:00:00+00:00
1786132800000,0.8219799995422363,0.8220099806785583,0.8202499747276306,0.8216500282287598,0,2026-08-07 20:00:00+00:00
1786136400000,0.8213899731636047,0.8213899731636047,0.8212199807167053,0.8212199807167053,0,2026-08-07 21:00:00+00:00
1786316400000,0.821399986743927,0.8217499852180481,0.8209900259971619,0.8212400078773499,0,2026-08-09 23:00:00+00:00
1786320000000,0.8212400078773499,0.8215299844741821,0.8205000162124634,0.8208000063896179,0,2026-08-10 00:00:00+00:00
1786323600000,0.8208100199699402,0.8213300108909607,0.8206200003623962,0.820900022983551,0,2026-08-10 01:00:00+00:00
1786327200000,0.820900022983551,0.8210300207138062,0.8205699920654297,0.8208299875259399,0,2026-08-10 02:00:00+00:00
1786330800000,0.8208600282669067,0.8218799829483032,0.8205100297927856,0.8214600086212158,0,2026-08-10 03:00:00+00:00
1786334400000,0.8215000033378601,0.8218600153923035,0.8212800025939941,0.8216800093650818,0,2026-08-10 04:00:00+00:00
1786338000000,0.8217300176620483,0.8221399784088135,0.821590006351471,0.8220700025558472,0,2026-08-10 05:00:00+00:00
1786341600000,0.8221099972724915,0.8221700191497803,0.8212900161743164,0.8216599822044373,0,2026-08-10 06:00:00+00:00
1786345200000,0.8216400146484375,0.8222399950027466,0.8212100267410278,0.8218399882316589,0,2026-08-10 07:00:00+00:00
1786348800000,0.8218600153923035,0.82191002368927,0.8212900161743164,0.8217499852180481,0,2026-08-10 08:00:00+00:00
1786352400000,0.8217700123786926,0.8223900198936462,0.8215600252151489,0.8216500282287598,0,2026-08-10 09:00:00+00:00
1786356000000,0.8216500282287598,0.8221799731254578,0.8211899995803833,0.8214100003242493,0,2026-08-10 10:00:00+00:00
1786359600000,0.8214100003242493,0.8215399980545044,0.8207100033760071,0.8210099935531616,0,2026-08-10 11:00:00+00:00
1786363200000,0.8210200071334839,0.8212000131607056,0.8202999830245972,0.8206200003623962,0,2026-08-10 12:00:00+00:00
1786366800000,0.8206499814987183,0.8213499784469604,0.8202599883079529,0.8204399943351746,0,2026-08-10 13:00:00+00:00
1786370400000,0.8204399943351746,0.8215199708938599,0.8202800154685974,0.8208600282669067,0,2026-08-10 14:00:00+00:00
1786374000000,0.8208799958229065,0.8210600018501282,0.8202000260353088,0.8202400207519531,0,2026-08-10 15:00:00+00:00
1786377600000,0.8202599883079529,0.8204200267791748,0.8186100125312805,0.8199700117111206,0,2026-08-10 16:00:00+00:00
1786381200000,0.8200200200080872,0.8204399943351746,0.8198500275611877,0.8202300071716309,0,2026-08-10 17:00:00+00:00
1786384800000,0.8202700018882751,0.820330023765564,0.8197000026702881,0.8200799822807312,0,2026-08-10 18:00:00+00:00
1786388400000,0.8200799822807312,0.8200899958610535,0.8195800185203552,0.8198300004005432,0,2026-08-10 19:00:00+00:00
1786392000000,0.8198300004005432,0.8198500275611877,0.8185700178146362,0.8197299838066101,0,2026-08-10 20:00:00+00:00
1786395600000,0.8196899890899658,0.8201900124549866,0.8185799717903137,0.8197100162506104,0,2026-08-10 21:00:00+00:00
1786399200000,0.8197100162506104,0.8201199769973755,0.8188999891281128,0.8198500275611877,0,2026-08-10 22:00:00+00:00
1786402800000,0.819920003414154,0.8202700018882751,0.8196099996566772,0.8202300071716309,0,2026-08-10 23:00:00+00:00
1786406400000,0.8202300071716309,0.8204600214958191,0.8197100162506104,0.8198000192642212,0,2026-08-11 00:00:00+00:00
1786410000000,0.819819986820221,0.8203499913215637,0.8194900155067444,0.8200200200080872,0,2026-08-11 01:00:00+00:00
1786413600000,0.8200200200080872,0.8202300071716309,0.8194100260734558,0.8197000026702881,0,2026-08-11 02:00:00+00:00
1786417200000,0.8197000026702881,0.8201799988746643,0.8194500207901001,0.8197500109672546,0,2026-08-11 03:00:00+00:00
1786420800000,0.8197500109672546,0.8209900259971619,0.819320023059845,0.8208199739456177,0,2026-08-11 04:00:00+00:00
1786424400000,0.8208400011062622,0.8209699988365173,0.8192800283432007,0.8200600147247314,0,2026-08-11 05:00:00+00:00
1786428000000,0.8200600147247314,0.8202999830245972,0.8179900050163269,0.8184800148010254,0,2026-08-11 06:00:00+00:00
1786431600000,0.8184800148010254,0.8192399740219116,0.8179299831390381,0.8183000087738037,0,2026-08-11 07:00:00+00:00
1786435200000,0.8183299899101257,0.8186399936676025,0.8178899884223938,0.8181700110435486,0,2026-08-11 08:00:00+00:00
1786438800000,0.8181399703025818,0.8184700012207031,0.8177400231361389,0.8184000253677368,0,2026-08-11 09:00:00+00:00
1786442400000,0.8184000253677368,0.8192499876022339,0.8181399703025818,0.8188999891281128,0,2026-08-11 10:00:00+00:00
1786446000000,0.8189299702644348,0.8201299905776978,0.8186900019645691,0.8190100193023682,0,2026-08-11 11:00:00+00:00
1786449600000,0.8190100193023682,0.8197399973869324,0.8188199996948242,0.8196200132369995,0,2026-08-11 12:00:00+00:00
1786453200000,0.8196200132369995,0.8204699754714966,0.8195899724960327,0.82014000415802,0,2026-08-11 13:00:00+00:00
1786456800000,0.8201299905776978,0.8202400207519531,0.8190100193023682,0.8191499710083008,0,2026-08-11 14:00:00+00:00
1786460400000,0.8191400170326233,0.8194100260734558,0.8175699710845947,0.8187000155448914,0,2026-08-11 15:00:00+00:00
1786464000000,0.8187100291252136,0.8187999725341797,0.8183000087738037,0.8185499906539917,0,2026-08-11 16:00:00+00:00
1786467600000,0.8185099959373474,0.8187699913978577,0.8180800080299377,0.8186900019645691,0,2026-08-11 17:00:00+00:00
1786471200000,0.8186900019645691,0.8186900019645691,0.8169400095939636,0.8182299733161926,0,2026-08-11 18:00:00+00:00
1786474800000,0.8182700276374817,0.818809986114502,0.8180099725723267,0.8187500238418579,0,2026-08-11 19:00:00+00:00
1786478400000,0.8187299966812134,0.8188700079917908,0.8184000253677368,0.8184400200843811,0,2026-08-11 20:00:00+00:00
1786482000000,0.8182399868965149,0.8192499876022339,0.8171799778938293,0.8184900283813477,0,2026-08-11 21:00:00+00:00
1786485600000,0.8187000155448914,0.8190400004386902,0.8176699876785278,0.8186799883842468,0,2026-08-11 22:00:00+00:00
1786489200000,0.8186900019645691,0.8187299966812134,0.8181399703025818,0.8183199763298035,0,2026-08-11 23:00:00+00:00
1786492800000,0.818310022354126,0.8184499740600586,0.8176900148391724,0.8180599808692932,0,2026-08-12 00:00:00+00:00
1786496400000,0.81809002161026,0.81836998462677,0.8175100088119507,0.8178600072860718,0,2026-08-12 01:00:00+00:00
1786500000000,0.8178600072860718,0.8178799748420715,0.8171200156211853,0.8173800110816956,0,2026-08-12 02:00:00+00:00
1786503600000,0.8174300193786621,0.8175399899482727,0.8167999982833862,0.8171399831771851,0,2026-08-12 03:00:00+00:00
1786507200000,0.8171399831771851,0.8174600005149841,0.816860020160675,0.817359983921051,0,2026-08-12 04:00:00+00:00
1786510800000,0.8173699975013733,0.8174200057983398,0.8169599771499634,0.8173400163650513,0,2026-08-12 05:00:00+00:00
1786514400000,0.8173499703407288,0.8173999786376953,0.8167399764060974,0.8170599937438965,0,2026-08-12 06:00:00+00:00
1786518000000,0.817080020904541,0.8175600171089172,0.8162699937820435,0.8164499998092651,0,2026-08-12 07:00:00+00:00
1786521600000,0.8164299726486206,0.8167499899864197,0.8161900043487549,0.8164299726486206,0,2026-08-12 08:00:00+00:00
1786525200000,0.8164299726486206,0.8180299997329712,0.8159300088882446,0.816070020198822,0,2026-08-12 09:00:00+00:00
1786528800000,0.8160899877548218,0.8169299960136414,0.815339982509613,0.8163800239562988,0,2026-08-12 10:00:00+00:00
1786532400000,0.8163899779319763,0.8172699809074402,0.8162400126457214,0.8170300126075745,0,2026-08-12 11:00:00+00:00
1786536000000,0.8170300126075745,0.8184099793434143,0.815339982509613,0.8181999921798706,0,2026-08-12 12:00:00+00:00
1786539600000,0.8181899785995483,0.8186600208282471,0.817520022392273,0.8176500201225281,0,2026-08-12 13:00:00+00:00
1786543200000,0.8176500201225281,0.8177899718284607,0.8159800171852112,0.8167999982833862,0,2026-08-12 14:00:00+00:00
1786546800000,0.8168100118637085,0.8170199990272522,0.8161399960517883,0.8164100050926208,0,2026-08-12 15:00:00+00:00
1786550400000,0.8164100050926208,0.8165900111198425,0.8150200247764587,0.8164200186729431,0,2026-08-12 16:00:00+00:00
1786554000000,0.8164399862289429,0.8169500231742859,0.8162500262260437,0.8164499998092651,0,2026-08-12 17:00:00+00:00
1786557600000,0.8164499998092651,0.8167700171470642,0.8162800073623657,0.8166999816894531,0,2026-08-12 18:00:00+00:00
1786561200000,0.8166700005531311,0.8167700171470642,0.8162199854850769,0.8163899779319763,0,2026-08-12 19:00:00+00:00
1786564800000,0.8164200186729431,0.8168200254440308,0.815339982509613,0.8162599802017212,0,2026-08-12 20:00:00+00:00
1786568400000,0.8162000179290771,0.8180299997329712,0.8154699802398682,0.8161500096321106,0,2026-08-12 21:00:00+00:00
1786572000000,0.8159400224685669,0.8167399764060974,0.8154100179672241,0.8167099952697754,0,2026-08-12 22:00:00+00:00
1786575600000,0.8166999816894531,0.8168299794197083,0.8164299726486206,0.8168100118637085,0,2026-08-12 23:00:00+00:00
1786579200000,0.8168200254440308,0.8170999884605408,0.8164100050926208,0.8166700005531311,0,2026-08-13 00:00:00+00:00
1786582800000,0.8166800141334534,0.8169599771499634,0.816100001335144,0.8163800239562988,0,2026-08-13 01:00:00+00:00
1786586400000,0.816349983215332,0.8165000081062317,0.8148199915885925,0.8155099749565125,0,2026-08-13 02:00:00+00:00
1786590000000,0.8155199885368347,0.8155699968338013,0.8131800293922424,0.8132500052452087,0,2026-08-13 03:00:00+00:00
1786593600000,0.8131999969482422,0.8133699893951416,0.8118199706077576,0.8130999803543091,0,2026-08-13 04:00:00+00:00
1786597200000,0.8130499720573425,0.8134999871253967,0.812749981880188,0.813319981098175,0,2026-08-13 05:00:00+00:00
1786600800000,0.813319981098175,0.8137199878692627,0.8123199939727783,0.8134999871253967,0,2026-08-13 06:00:00+00:00
1786604400000,0.8134899735450745,0.814050018787384,0.8131899833679199,0.8139399886131287,0,2026-08-13 07:00:00+00:00
1786608000000,0.8139399886131287,0.814300000667572,0.8133999705314636,0.8138499855995178,0,2026-08-13 08:00:00+00:00
1786611600000,0.8138700127601624,0.8145899772644043,0.8138200044631958,0.8143399953842163,0,2026-08-13 09:00:00+00:00
1786615200000,0.8143600225448608,0.8147500157356262,0.8141800165176392,0.814520001411438,0,2026-08-13 10:00:00+00:00
1786618800000,0.814520001411438,0.8150100111961365,0.8142499923706055,0.8148800134658813,0,2026-08-13 11:00:00+00:00
1786622400000,0.8148800134658813,0.815500020980835,0.8135300278663635,0.815500020980835,0,2026-08-13 12:00:00+00:00
1786626000000,0.8154799938201904,0.8155199885368347,0.8145099878311157,0.8154000043869019,0,2026-08-13 13:00:00+00:00
1786629600000,0.8154100179672241,0.8164899945259094,0.8153700232505798,0.816290020942688,0,2026-08-13 14:00:00+00:00
1786633200000,0.8162800073623657,0.816349983215332,0.8146700263023376,0.8147500157356262,0,2026-08-13 15:00:00+00:00
1786636800000,0.8147000074386597,0.8149099946022034,0.8142200112342834,0.8145599961280823,0,2026-08-13 16:00:00+00:00
1786640400000,0.814520001411438,0.8147900104522705,0.8144599795341492,0.8145700097084045,0,2026-08-13 17:00:00+00:00
1786644000000,0.8146200180053711,0.8151400089263916,0.8145800232887268,0.8149200081825256,0,2026-08-13 18:00:00+00:00
1786647600000,0.8148999810218811,0.8150399923324585,0.8147199749946594,0.8147799968719482,0,2026-08-13 19:00:00+00:00
1786651200000,0.8147900104522705,0.8150299787521362,0.8144400119781494,0.8146299719810486,0,2026-08-13 20:00:00+00:00
1786654800000,0.8146200180053711,0.8149799704551697,0.8136100172996521,0.8144500255584717,0,2026-08-13 21:00:00+00:00
1786658400000,0.8143200278282166,0.8151100277900696,0.8139299750328064,0.8149799704551697,0,2026-08-13 22:00:00+00:00
1786662000000,0.8149999976158142,0.815280020236969,0.8146299719810486,0.8151100277900696,0,2026-08-13 23:00:00+00:00
1786665600000,0.8151100277900696,0.8157100081443787,0.8150200247764587,0.8156399726867676,0,2026-08-14 00:00:00+00:00
1786669200000,0.8156399726867676,0.8158900141716003,0.8151199817657471,0.8155500292778015,0,2026-08-14 01:00:00+00:00
1786672800000,0.8155699968338013,0.8162299990653992,0.8154699802398682,0.8159199953079224,0,2026-08-14 02:00:00+00:00
1786676400000,0.8159199953079224,0.8168100118637085,0.815750002861023,0.8166199922561646,0,2026-08-14 03:00:00+00:00
1786680000000,0.8166199922561646,0.8167799711227417,0.8162099719047546,0.8164600133895874,0,2026-08-14 04:00:00+00:00
1786683600000,0.8164700269699097,0.8166400194168091,0.8160899877548218,0.81632000207901,0,2026-08-14 05:00:00+00:00
1786687200000,0.8163599967956543,0.8164399862289429,0.8155699968338013,0.8160099983215332,0,2026-08-14 06:00:00+00:00
1786690800000,0.8159499764442444,0.8161900043487549,0.8154000043869019,0.8159700036048889,0,2026-08-14 07:00:00+00:00
1786694400000,0.8159599900245667,0.8165500164031982,0.8156599998474121,0.8162599802017212,0,2026-08-14 08:00:00+00:00
1786698000000,0.8162500262260437,0.8168900012969971,0.8160099983215332,0.8166700005531311,0,2026-08-14 09:00:00+00:00
1786701600000,0.8166700005531311,0.8170899748802185,0.8164799809455872,0.8168799877166748,0,2026-08-14 10:00:00+00:00
1786705200000,0.816860020160675,0.8176299929618835,0.8164200186729431,0.8173400163650513,0,2026-08-14 11:00:00+00:00
1786708800000,0.8173099756240845,0.8177099823951721,0.8153700232505798,0.8174200057983398,0,2026-08-14 12:00:00+00:00
1786712400000,0.8174700140953064,0.8178399801254272,0.8167300224304199,0.8173800110816956,0,2026-08-14 13:00:00+00:00
1786716000000,0.8174200057983398,0.8178600072860718,0.8170700073242188,0.8177000284194946,0,2026-08-14 14:00:00+00:00
1786719600000,0.8177300095558167,0.8181099891662598,0.8175299763679504,0.8178300261497498,0,2026-08-14 15:00:00+00:00
1786723200000,0.8178200125694275,0.8179500102996826,0.8156499862670898,0.8169599771499634,0,2026-08-14 16:00:00+00:00
1786726800000,0.8169599771499634,0.817110002040863,0.8163899779319763,0.8167200088500977,0,2026-08-14 17:00:00+00:00
1786730400000,0.8166700005531311,0.8169900178909302,0.8163800239562988,0.8169800043106079,0,2026-08-14 18:00:00+00:00
1786734000000,0.8169400095939636,0.8172199726104736,0.8166599869728088,0.8171700239181519,0,2026-08-14 19:00:00+00:00
1786737600000,0.8171799778938293,0.8172000050544739,0.8156899809837341,0.8170899748802185,0,2026-08-14 20:00:00+00:00
1786741200000,0.8172900080680847,0.8172900080680847,0.8172900080680847,0.8172900080680847,0,2026-08-14 21:00:00+00:00
1786921200000,0.8172799944877625,0.817359983921051,0.8169199824333191,0.8169999718666077,0,2026-08-16 23:00:00+00:00
1786924800000,0.8169900178909302,0.8194000124931335,0.8169699907302856,0.8192700147628784,0,2026-08-17 00:00:00+00:00
1786928400000,0.8192399740219116,0.8193699717521667,0.8186299800872803,0.8189899921417236,0,2026-08-17 01:00:00+00:00
1786932000000,0.8189899921417236,0.8190299868583679,0.8184199929237366,0.8187299966812134,0,2026-08-17 02:00:00+00:00
1786935600000,0.8187299966812134,0.8190299868583679,0.8183199763298035,0.8188400268554688,0,2026-08-17 03:00:00+00:00
1786939200000,0.8188599944114685,0.819350004196167,0.8184700012207031,0.8191699981689453,0,2026-08-17 04:00:00+00:00
1786942800000,0.8191699981689453,0.820110023021698,0.8190900087356567,0.8198800086975098,0,2026-08-17 05:00:00+00:00
1786946400000,0.819890022277832,0.8208500146865845,0.8194500207901001,0.8205999732017517,0,2026-08-17 06:00:00+00:00
1786950000000,0.8205999732017517,0.8207700252532959,0.8199099898338318,0.8203399777412415,0,2026-08-17 07:00:00+00:00
1786953600000,0.8203499913215637,0.8207200169563293,0.8198599815368652,0.820389986038208,0,2026-08-17 08:00:00+00:00
1786957200000,0.8203799724578857,0.8208600282669067,0.82014000415802,0.8207200169563293,0,2026-08-17 09:00:00+00:00
1786960800000,0.8207200169563293,0.8211699724197388,0.8202999830245972,0.8206300139427185,0,2026-08-17 10:00:00+00:00
1786964400000,0.8206200003623962,0.8209699988365173,0.819890022277832,0.8199999928474426,0,2026-08-17 11:00:00+00:00
1786968000000,0.8200100064277649,0.8201500177383423,0.8182200193405151,0.8195099830627441,0,2026-08-17 12:00:00+00:00
1786971600000,0.8195199966430664,0.8201900124549866,0.8186500072479248,0.8196600079536438,0,2026-08-17 13:00:00+00:00
1786975200000,0.8196600079536438,0.8197900056838989,0.8190199732780457,0.8195499777793884,0,2026-08-17 14:00:00+00:00
1786978800000,0.8195400238037109,0.8196799755096436,0.8189200162887573,0.8193899989128113,0,2026-08-17 15:00:00+00:00
1786982400000,0.8194199800491333,0.8196799755096436,0.8191199898719788,0.8193100094795227,0,2026-08-17 16:00:00+00:00
1786986000000,0.8192999958992004,0.8194400072097778,0.8179000020027161,0.8182200193405151,0,2026-08-17 17:00:00+00:00
1786989600000,0.8182100057601929,0.8187000155448914,0.8180400133132935,0.818560004234314,0,2026-08-17 18:00:00+00:00
1786993200000,0.8185999989509583,0.8190900087356567,0.8179799914360046,0.8189700245857239,0,2026-08-17 19:00:00+00:00
1786996800000,0.8189799785614014,0.8191199898719788,0.818120002746582,0.818120002746582,0,2026-08-17 20:00:00+00:00
1787000400000,0.8183900117874146,0.8192899823188782,0.8175399899482727,0.8181300163269043,0,2026-08-17 21:00:00+00:00
1787004000000,0.8181300163269043,0.8188499808311462,0.8172799944877625,0.8186900019645691,0,2026-08-17 22:00:00+00:00
1787007600000,0.8186900019645691,0.8192499876022339,0.8185499906539917,0.8190199732780457,0,2026-08-17 23:00:00+00:00
1787011200000,0.8190199732780457,0.8192999958992004,0.8184700012207031,0.8187400102615356,0,2026-08-18 00:00:00+00:00
1787014800000,0.8187800049781799,0.8192999958992004,0.8177000284194946,0.8177899718284607,0,2026-08-18 01:00:00+00:00
1787018400000,0.8177899718284607,0.8178499937057495,0.8172500133514404,0.8175299763679504,0,2026-08-18 02:00:00+00:00
1787022000000,0.8175299763679504,0.817550003528595,0.8158699870109558,0.8162000179290771,0,2026-08-18 03:00:00+00:00
1787025600000,0.8162400126457214,0.81632000207901,0.8156399726867676,0.8161100149154663,0,2026-08-18 04:00:00+00:00
1787029200000,0.8161100149154663,0.8161299824714661,0.8154299855232239,0.8157899975776672,0,2026-08-18 05:00:00+00:00
1787032800000,0.8157899975776672,0.8157899975776672,0.8144400119781494,0.8153799772262573,0,2026-08-18 06:00:00+00:00
1787036400000,0.8153899908065796,0.8154100179672241,0.81427001953125,0.8144599795341492,0,2026-08-18 07:00:00+00:00
1787040000000,0.8144699931144714,0.8151699900627136,0.8141800165176392,0.8150200247764587,0,2026-08-18 08:00:00+00:00
1787043600000,0.8150399923324585,0.8156200051307678,0.8146700263023376,0.8155999779701233,0,2026-08-18 09:00:00+00:00
1787047200000,0.8155999779701233,0.8157699704170227,0.8152400255203247,0.8156700134277344,0,2026-08-18 10:00:00+00:00
1787050800000,0.8156800270080566,0.8162199854850769,0.8153899908065796,0.8161500096321106,0,2026-08-18 11:00:00+00:00
1787054400000,0.8161799907684326,0.8168900012969971,0.8158299922943115,0.8167399764060974,0,2026-08-18 12:00:00+00:00
1787058000000,0.8167499899864197,0.8174899816513062,0.8147299885749817,0.8162500262260437,0,2026-08-18 13:00:00+00:00
1787061600000,0.8166700005531311,0.8171200156211853,0.8161100149154663,0.8165599703788757,0,2026-08-18 14:00:00+00:00
1787065200000,0.816569983959198,0.8169000148773193,0.8160600066184998,0.8164700269699097,0,2026-08-18 15:00:00+00:00
1787068800000,0.8164100050926208,0.8169100284576416,0.815339982509613,0.816510021686554,0,2026-08-18 16:00:00+00:00
1787072400000,0.8165299892425537,0.8167499899864197,0.8161799907684326,0.8165299892425537,0,2026-08-18 17:00:00+00:00
1787076000000,0.8165299892425537,0.8168799877166748,0.8162999749183655,0.8165000081062317,0,2026-08-18 18:00:00+00:00
1787079600000,0.8164600133895874,0.816510021686554,0.8159300088882446,0.8161799907684326,0,2026-08-18 19:00:00+00:00
1787083200000,0.8161900043487549,0.8163300156593323,0.8157399892807007,0.8158400058746338,0,2026-08-18 20:00:00+00:00
1787086800000,0.8159999847412109,0.8167200088500977,0.8147299885749817,0.8157200217247009,0,2026-08-18 21:00:00+00:00
1787090400000,0.8158699870109558,0.8167099952697754,0.8153700232505798,0.8164100050926208,0,2026-08-18 22:00:00+00:00
1787094000000,0.8165500164031982,0.8167399764060974,0.8159499764442444,0.8161500096321106,0,2026-08-18 23:00:00+00:00
1787097600000,0.8161500096321106,0.8162699937820435,0.8145999908447266,0.814740002155304,0,2026-08-19 00:00:00+00:00
1787101200000,0.8147600293159485,0.8161100149154663,0.8146399855613708,0.8159199953079224,0,2026-08-19 01:00:00+00:00
1787104800000,0.8158900141716003,0.8160200119018555,0.8145800232887268,0.8148999810218811,0,2026-08-19 02:00:00+00:00
1787108400000,0.8148999810218811,0.8151100277900696,0.8142499923706055,0.8150299787521362,0,2026-08-19 03:00:00+00:00
1787112000000,0.8150399923324585,0.8151199817657471,0.8144199848175049,0.8149200081825256,0,2026-08-19 04:00:00+00:00
1787115600000,0.8149099946022034,0.8151199817657471,0.8143399953842163,0.814740002155304,0,2026-08-19 05:00:00+00:00
1787119200000,0.8147799968719482,0.8157200217247009,0.8144999742507935,0.8151299953460693,0,2026-08-19 06:00:00+00:00
1787122800000,0.8151500225067139,0.8151800036430359,0.8141899704933167,0.8144800066947937,0,2026-08-19 07:00:00+00:00
1787126400000,0.8144699931144714,0.815779983997345,0.8143200278282166,0.8154399991035461,0,2026-08-19 08:00:00+00:00
1787130000000,0.8154399991035461,0.816100001335144,0.8151699900627136,0.8158800005912781,0,2026-08-19 09:00:00+00:00
1787133600000,0.8158800005912781,0.8159400224685669,0.8152400255203247,0.8157100081443787,0,2026-08-19 10:00:00+00:00
1787137200000,0.8156899809837341,0.816070020198822,0.8151299953460693,0.8155099749565125,0,2026-08-19 11:00:00+00:00
1787140800000,0.8155099749565125,0.8183900117874146,0.8152999877929688,0.8178399801254272,0,2026-08-19 12:00:00+00:00
1787144400000,0.8178399801254272,0.8195099830627441,0.8176599740982056,0.8189799785614014,0,2026-08-19 13:00:00+00:00
1787148000000,0.8189600110054016,0.8197000026702881,0.8183199763298035,0.8189200162887573,0,2026-08-19 14:00:00+00:00
1787151600000,0.8189100027084351,0.8196700215339661,0.8187000155448914,0.8193299770355225,0,2026-08-19 15:00:00+00:00
1787155200000,0.8193299770355225,0.8197299838066101,0.8190799951553345,0.8193600177764893,0,2026-08-19 16:00:00+00:00
1787158800000,0.8193699717521667,0.8196600079536438,0.8181099891662598,0.8187900185585022,0,2026-08-19 17:00:00+00:00
1787162400000,0.8188700079917908,0.819890022277832,0.8179299831390381,0.8195300102233887,0,2026-08-19 18:00:00+00:00
1787166000000,0.8195300102233887,0.8199800252914429,0.819130003452301,0.8194500207901001,0,2026-08-19 19:00:00+00:00
1787169600000,0.8194500207901001,0.8195499777793884,0.8187400102615356,0.8192899823188782,0,2026-08-19 20:00:00+00:00
1787173200000,0.8192899823188782,0.8192899823188782,0.817080020904541,0.8177899718284607,0,2026-08-19 21:00:00+00:00
1787176800000,0.8177599906921387,0.8196700215339661,0.8177599906921387,0.8194900155067444,0,2026-08-19 22:00:00+00:00
1787180400000,0.8194000124931335,0.8200500011444092,0.8192300200462341,0.8194900155067444,0,2026-08-19 23:00:00+00:00
1787184000000,0.8195199966430664,0.819920003414154,0.8192999958992004,0.8194900155067444,0,2026-08-20 00:00:00+00:00
1787187600000,0.8195499777793884,0.8208000063896179,0.8182600140571594,0.8205599784851074,0,2026-08-20 01:00:00+00:00
1787191200000,0.8205599784851074,0.8213300108909607,0.8195000290870667,0.8213099837303162,0,2026-08-20 02:00:00+00:00
1787194800000,0.8213099837303162,0.8217300176620483,0.8208600282669067,0.8212299942970276,0,2026-08-20 03:00:00+00:00
1787198400000,0.8212299942970276,0.8217200040817261,0.8210999965667725,0.8212500214576721,0,2026-08-20 04:00:00+00:00
1787202000000,0.8212400078773499,0.821590006351471,0.8209199905395508,0.8210499882698059,0,2026-08-20 05:00:00+00:00
1787205600000,0.8210499882698059,0.8215299844741821,0.8205199837684631,0.8209999799728394,0,2026-08-20 06:00:00+00:00
1787209200000,0.8209999799728394,0.8210399746894836,0.8191800117492676,0.8205400109291077,0,2026-08-20 07:00:00+00:00
1787212800000,0.8205500245094299,0.8206400275230408,0.8195000290870667,0.8197500109672546,0,2026-08-20 08:00:00+00:00
1787216400000,0.8197600245475769,0.820580005645752,0.8195599913597107,0.8201299905776978,0,2026-08-20 09:00:00+00:00
1787220000000,0.8201500177383423,0.8204900026321411,0.8182200193405151,0.8198300004005432,0,2026-08-20 10:00:00+00:00
1787223600000,0.819819986820221,0.8199499845504761,0.8182100057601929,0.818589985370636,0,2026-08-20 11:00:00+00:00
1787227200000,0.818560004234314,0.8202400207519531,0.8169299960136414,0.82014000415802,0,2026-08-20 12:00:00+00:00
1787230800000,0.82014000415802,0.8206200003623962,0.8197199702262878,0.8201500177383423,0,2026-08-20 13:00:00+00:00
1787234400000,0.82014000415802,0.8206999897956848,0.8196499943733215,0.8199099898338318,0,2026-08-20 14:00:00+00:00
1787238000000,0.8199300169944763,0.8208100199699402,0.8188999891281128,0.8195000290870667,0,2026-08-20 15:00:00+00:00
1787241600000,0.8194800019264221,0.8196399807929993,0.8190199732780457,0.8192999958992004,0,2026-08-20 16:00:00+00:00
1787245200000,0.8192899823188782,0.8194199800491333,0.8187800049781799,0.8190699815750122,0,2026-08-20 17:00:00+00:00
1787248800000,0.8191099762916565,0.8191400170326233,0.818560004234314,0.8190600275993347,0,2026-08-20 18:00:00+00:00
1787252400000,0.8190799951553345,0.8195599913597107,0.8189100027084351,0.8195300102233887,0,2026-08-20 19:00:00+00:00
1787256000000,0.8195199966430664,0.8195800185203552,0.8182200193405151,0.8189200162887573,0,2026-08-20 20:00:00+00:00
1787259600000,0.8192499876022339,0.8195400238037109,0.8180599808692932,0.8187800049781799,0,2026-08-20 21:00:00+00:00
1787263200000,0.8188599944114685,0.8196399807929993,0.8184400200843811,0.8196300268173218,0,2026-08-20 22:00:00+00:00
1787266800000,0.8196099996566772,0.8204299807548523,0.8193899989128113,0.8203399777412415,0,2026-08-20 23:00:00+00:00
1787270400000,0.8203399777412415,0.8209099769592285,0.8199999928474426,0.8204799890518188,0,2026-08-21 00:00:00+00:00
1787274000000,0.8205199837684631,0.8218399882316589,0.820389986038208,0.8217099905014038,0,2026-08-21 01:00:00+00:00
1787277600000,0.8217200040817261,0.8223199844360352,0.8213899731636047,0.8215699791908264,0,2026-08-21 02:00:00+00:00
1787281200000,0.8216099739074707,0.8216400146484375,0.8209800124168396,0.8215699791908264,0,2026-08-21 03:00:00+00:00
1787284800000,0.8216099739074707,0.8216500282287598,0.8210700154304504,0.8213499784469604,0,2026-08-21 04:00:00+00:00
1787288400000,0.821340024471283,0.8216999769210815,0.8208299875259399,0.8215199708938599,0,2026-08-21 05:00:00+00:00
1787292000000,0.8215500116348267,0.8219699859619141,0.8212400078773499,0.8214200139045715,0,2026-08-21 06:00:00+00:00
1787295600000,0.8214399814605713,0.8217099905014038,0.82014000415802,0.8209499716758728,0,2026-08-21 07:00:00+00:00
1787299200000,0.8209699988365173,0.8220499753952026,0.819819986820221,0.8217599987983704,0,2026-08-21 08:00:00+00:00
1787302800000,0.8218200206756592,0.8224400281906128,0.8213899731636047,0.8217099905014038,0,2026-08-21 09:00:00+00:00
1787306400000,0.8217899799346924,0.8219799995422363,0.8210200071334839,0.8213499784469604,0,2026-08-21 10:00:00+00:00
1787310000000,0.8213499784469604,0.8222500085830688,0.8209999799728394,0.8219299912452698,0,2026-08-21 11:00:00+00:00
1787313600000,0.8219299912452698,0.8225899934768677,0.8216500282287598,0.8222200274467468,0,2026-08-21 12:00:00+00:00
1787317200000,0.8222900032997131,0.822700023651123,0.8212900161743164,0.8224999904632568,0,2026-08-21 13:00:00+00:00
1787320800000,0.8224899768829346,0.8225799798965454,0.8218399882316589,0.8223299980163574,0,2026-08-21 14:00:00+00:00
1787324400000,0.8222699761390686,0.823639988899231,0.8222100138664246,0.823419988155365,0,2026-08-21 15:00:00+00:00
1787328000000,0.8234099745750427,0.8235399723052979,0.822950005531311,0.8232399821281433,0,2026-08-21 16:00:00+00:00
1787331600000,0.8232100009918213,0.8233199715614319,0.822700023651123,0.8231899738311768,0,2026-08-21 17:00:00+00:00
1787335200000,0.8231800198554993,0.8235499858856201,0.8231300115585327,0.8233299851417542,0,2026-08-21 18:00:00+00:00
1787338800000,0.8233299851417542,0.8234099745750427,0.8228999972343445,0.823199987411499,0,2026-08-21 19:00:00+00:00
1787342400000,0.8232100009918213,0.8232499957084656,0.8224300146102905,0.8229299783706665,0,2026-08-21 20:00:00+00:00
1787346000000,0.8229900002479553,0.8229900002479553,0.8229299783706665,0.8229299783706665,0,2026-08-21 21:00:00+00:00
1787526000000,0.8237800002098083,0.8242899775505066,0.8230699896812439,0.8242700099945068,0,2026-08-23 23:00:00+00:00
1787529600000,0.8242200016975403,0.8247299790382385,0.8237599730491638,0.824679970741272,0,2026-08-24 00:00:00+00:00
1787533200000,0.8246899843215942,0.8248400092124939,0.8237400054931641,0.8241999745368958,0,2026-08-24 01:00:00+00:00
1787536800000,0.8241999745368958,0.824429988861084,0.823639988899231,0.8240399956703186,0,2026-08-24 02:00:00+00:00
1787540400000,0.8240100145339966,0.8241199851036072,0.8232600092887878,0.8238000273704529,0,2026-08-24 03:00:00+00:00
1787544000000,0.8237900137901306,0.8242499828338623,0.8235599994659424,0.8241599798202515,0,2026-08-24 04:00:00+00:00
1787547600000,0.8241699934005737,0.8243399858474731,0.8236500024795532,0.8243200182914734,0,2026-08-24 05:00:00+00:00
1787551200000,0.8243200182914734,0.8257899880409241,0.8242599964141846,0.8254500031471252,0,2026-08-24 06:00:00+00:00
1787554800000,0.8255000114440918,0.825980007648468,0.8251799941062927,0.8258000016212463,0,2026-08-24 07:00:00+00:00
1787558400000,0.8258000016212463,0.8260700106620789,0.8249099850654602,0.82573002576828,0,2026-08-24 08:00:00+00:00
1787562000000,0.8258000016212463,0.8260499835014343,0.8253700137138367,0.8255900144577026,0,2026-08-24 09:00:00+00:00
1787565600000,0.8256800174713135,0.825760006904602,0.824999988079071,0.8251000046730042,0,2026-08-24 10:00:00+00:00
1787569200000,0.8251100182533264,0.8260400295257568,0.8248699903488159,0.8255800008773804,0,2026-08-24 11:00:00+00:00
1787572800000,0.8255800008773804,0.8259900212287903,0.8240100145339966,0.8251100182533264,0,2026-08-24 12:00:00+00:00
1787576400000,0.825160026550293,0.8253700137138367,0.8247299790382385,0.8249499797821045,0,2026-08-24 13:00:00+00:00
1787580000000,0.8249599933624268,0.8252699971199036,0.8244199752807617,0.8244699835777283,0,2026-08-24 14:00:00+00:00
1787583600000,0.8245199918746948,0.8248299956321716,0.8239700198173523,0.8242700099945068,0,2026-08-24 15:00:00+00:00
1787587200000,0.8242700099945068,0.8249800205230713,0.8233399987220764,0.824940025806427,0,2026-08-24 16:00:00+00:00
1787590800000,0.824940025806427,0.8252900242805481,0.8245199918746948,0.8248999714851379,0,2026-08-24 17:00:00+00:00
1787594400000,0.8248900175094604,0.8252900242805481,0.8247100114822388,0.8249099850654602,0,2026-08-24 18:00:00+00:00
1787598000000,0.8248900175094604,0.8249199986457825,0.8245700001716614,0.8247299790382385,0,2026-08-24 19:00:00+00:00
1787601600000,0.8247500061988831,0.8250799775123596,0.8243899941444397,0.8245999813079834,0,2026-08-24 20:00:00+00:00
1787605200000,0.8248000144958496,0.8249199986457825,0.8233399987220764,0.8247799873352051,0,2026-08-24 21:00:00+00:00
1787608800000,0.8247699737548828,0.8251500129699707,0.8240000009536743,0.824999988079071,0,2026-08-24 22:00:00+00:00
1787612400000,0.8250899910926819,0.8257099986076355,0.8248299956321716,0.8255699872970581,0,2026-08-24 23:00:00+00:00
1787616000000,0.8255500197410583,0.8259900212287903,0.8253800272941589,0.8257399797439575,0,2026-08-25 00:00:00+00:00
1787619600000,0.8257099986076355,0.8257399797439575,0.8250399827957153,0.825469970703125,0,2026-08-25 01:00:00+00:00
1787623200000,0.825469970703125,0.8259900212287903,0.8251699805259705,0.825659990310669,0,2026-08-25 02:00:00+00:00
1787626800000,0.8257200121879578,0.8261100053787231,0.8253399729728699,0.8255100250244141,0,2026-08-25 03:00:00+00:00
1787630400000,0.825469970703125,0.8257899880409241,0.8252900242805481,0.825469970703125,0,2026-08-25 04:00:00+00:00
1787634000000,0.8254799842834473,0.825659990310669,0.8250300288200378,0.8250499963760376,0,2026-08-25 05:00:00+00:00
1787637600000,0.8250399827957153,0.8255100250244141,0.8248900175094604,0.8252900242805481,0,2026-08-25 06:00:00+00:00
1787641200000,0.8252999782562256,0.8253399729728699,0.8246600031852722,0.824720025062561,0,2026-08-25 07:00:00+00:00
1787644800000,0.8247100114822388,0.8257499933242798,0.8241999745368958,0.8252400159835815,0,2026-08-25 08:00:00+00:00
1787648400000,0.8252400159835815,0.8261899948120117,0.8251100182533264,0.8258399963378906,0,2026-08-25 09:00:00+00:00
1787652000000,0.8258600234985352,0.8263300061225891,0.8256199955940247,0.8262100219726562,0,2026-08-25 10:00:00+00:00
1787655600000,0.8262799978256226,0.8270599842071533,0.824940025806427,0.8267499804496765,0,2026-08-25 11:00:00+00:00
1787659200000,0.8266900181770325,0.8268100023269653,0.8258500099182129,0.826170027256012,0,2026-08-25 12:00:00+00:00
1787662800000,0.826170027256012,0.8263800144195557,0.824999988079071,0.8253700137138367,0,2026-08-25 13:00:00+00:00
1787666400000,0.8253800272941589,0.8259199857711792,0.8240100145339966,0.8256999850273132,0,2026-08-25 14:00:00+00:00
1787670000000,0.8257099986076355,0.8265200257301331,0.8255299925804138,0.825980007648468,0,2026-08-25 15:00:00+00:00
1787673600000,0.825980007648468,0.8260899782180786,0.8255199790000916,0.8259900212287903,0,2026-08-25 16:00:00+00:00
1787677200000,0.825980007648468,0.8262400031089783,0.8255400061607361,0.8261899948120117,0,2026-08-25 17:00:00+00:00
1787680800000,0.826200008392334,0.826200008392334,0.8257200121879578,0.825950026512146,0,2026-08-25 18:00:00+00:00
1787684400000,0.8259699940681458,0.8270300030708313,0.8257200121879578,0.8269299864768982,0,2026-08-25 19:00:00+00:00
1787688000000,0.8269100189208984,0.8275499939918518,0.8262199759483337,0.8264999985694885,0,2026-08-25 20:00:00+00:00
1787691600000,0.8263499736785889,0.8273299932479858,0.8248999714851379,0.8265500068664551,0,2026-08-25 21:00:00+00:00
1787695200000,0.8265200257301331,0.826990008354187,0.826259970664978,0.8269400000572205,0,2026-08-25 22:00:00+00:00
1787698800000,0.8269400000572205,0.827019989490509,0.8265399932861328,0.8266599774360657,0,2026-08-25 23:00:00+00:00
1787702400000,0.8266599774360657,0.8272500038146973,0.8264700174331665,0.827019989490509,0,2026-08-26 00:00:00+00:00
1787706000000,0.8270300030708313,0.8273599743843079,0.8236600160598755,0.8255199790000916,0,2026-08-26 01:00:00+00:00
1787709600000,0.8255400061607361,0.8264399766921997,0.8252599835395813,0.8257700204849243,0,2026-08-26 02:00:00+00:00
1787713200000,0.8257399797439575,0.8259099721908569,0.8251799941062927,0.8255199790000916,0,2026-08-26 03:00:00+00:00
1787716800000,0.8255199790000916,0.8256400227546692,0.8251299858093262,0.8253700137138367,0,2026-08-26 04:00:00+00:00
1787720400000,0.8253700137138367,0.825689971446991,0.8250399827957153,0.8253099918365479,0,2026-08-26 05:00:00+00:00
1787724000000,0.8253200054168701,0.8253899812698364,0.8233299851417542,0.8243799805641174,0,2026-08-26 06:00:00+00:00
1787727600000,0.8243899941444397,0.8255199790000916,0.8241099715232849,0.8255100250244141,0,2026-08-26 07:00:00+00:00
1787731200000,0.8255100250244141,0.8260700106620789,0.8252400159835815,0.8258000016212463,0,2026-08-26 08:00:00+00:00
1787734800000,0.8258000016212463,0.8259400129318237,0.8252999782562256,0.8256400227546692,0,2026-08-26 09:00:00+00:00
1787738400000,0.8257099986076355,0.8258799910545349,0.8253399729728699,0.8255699872970581,0,2026-08-26 10:00:00+00:00
1787742000000,0.8255699872970581,0.8257700204849243,0.8252599835395813,0.8256499767303467,0,2026-08-26 11:00:00+00:00
1787745600000,0.825689971446991,0.826229989528656,0.8236600160598755,0.8247399926185608,0,2026-08-26 12:00:00+00:00
1787749200000,0.8247299790382385,0.8252599835395813,0.8242999911308289,0.8245300054550171,0,2026-08-26 13:00:00+00:00
1787752800000,0.8245300054550171,0.8246899843215942,0.8240100145339966,0.8241199851036072,0,2026-08-26 14:00:00+00:00
1787756400000,0.8241199851036072,0.8245999813079834,0.8230199813842773,0.8238300085067749,0,2026-08-26 15:00:00+00:00
1787760000000,0.8238300085067749,0.8242800235748291,0.8235999941825867,0.824150025844574,0,2026-08-26 16:00:00+00:00
1787763600000,0.8241400122642517,0.8245400190353394,0.8239700198173523,0.8245199918746948,0,2026-08-26 17:00:00+00:00
1787767200000,0.8245199918746948,0.8246600031852722,0.8241199851036072,0.8244100213050842,0,2026-08-26 18:00:00+00:00
1787770800000,0.8244199752807617,0.8246999979019165,0.824180006980896,0.8245700001716614,0,2026-08-26 19:00:00+00:00
1787774400000,0.8245900273323059,0.8248299956321716,0.823989987373352,0.8242999911308289,0,2026-08-26 20:00:00+00:00
1787778000000,0.8242899775505066,0.8251399993896484,0.8233199715614319,0.8244900107383728,0,2026-08-26 21:00:00+00:00
1787781600000,0.8242800235748291,0.8250499963760376,0.8232499957084656,0.8247900009155273,0,2026-08-26 22:00:00+00:00
1787785200000,0.8247699737548828,0.8255199790000916,0.8247100114822388,0.8250200152397156,0,2026-08-26 23:00:00+00:00
1787788800000,0.8250399827957153,0.8252800107002258,0.8246099948883057,0.8250600099563599,0,2026-08-27 00:00:00+00:00
1787792400000,0.8250200152397156,0.8257799744606018,0.8248699903488159,0.825659990310669,0,2026-08-27 01:00:00+00:00
1787796000000,0.825659990310669,0.8264200091362,0.8254899978637695,0.8262400031089783,0,2026-08-27 02:00:00+00:00
1787799600000,0.826259970664978,0.826479971408844,0.8259699940681458,0.826259970664978,0,2026-08-27 03:00:00+00:00
1787803200000,0.826259970664978,0.8265500068664551,0.8258299827575684,0.8260300159454346,0,2026-08-27 04:00:00+00:00
1787806800000,0.8260700106620789,0.8260899782180786,0.8255400061607361,0.8257399797439575,0,2026-08-27 05:00:00+00:00
1787810400000,0.8257399797439575,0.8260999917984009,0.8254500031471252,0.8260200023651123,0,2026-08-27 06:00:00+00:00
1787814000000,0.8260200023651123,0.8261500000953674,0.8245199918746948,0.8245900273323059,0,2026-08-27 07:00:00+00:00
1787817600000,0.8245900273323059,0.8252800107002258,0.8244100213050842,0.8247399926185608,0,2026-08-27 08:00:00+00:00
1787821200000,0.8247299790382385,0.8247500061988831,0.8242200016975403,0.8243100047111511,0,2026-08-27 09:00:00+00:00
1787824800000,0.8243299722671509,0.8252400159835815,0.824180006980896,0.8251199722290039,0,2026-08-27 10:00:00+00:00
1787828400000,0.8251199722290039,0.8251399993896484,0.8245099782943726,0.8250899910926819,0,2026-08-27 11:00:00+00:00
1787832000000,0.8251000046730042,0.8255900144577026,0.8241900205612183,0.8248800039291382,0,2026-08-27 12:00:00+00:00
1787835600000,0.8248699903488159,0.8253499865531921,0.8245700001716614,0.8249499797821045,0,2026-08-27 13:00:00+00:00
1787839200000,0.824970006942749,0.8250899910926819,0.8239200115203857,0.8242400288581848,0,2026-08-27 14:00:00+00:00
1787842800000,0.8241599798202515,0.8246899843215942,0.8241000175476074,0.8245499730110168,0,2026-08-27 15:00:00+00:00
1787846400000,0.8245300054550171,0.824720025062561,0.8242499828338623,0.8245800137519836,0,2026-08-27 16:00:00+00:00
1787850000000,0.8245700001716614,0.8247500061988831,0.8241999745368958,0.8242800235748291,0,2026-08-27 17:00:00+00:00
1787853600000,0.8242700099945068,0.8243499994277954,0.8239499926567078,0.8242800235748291,0,2026-08-27 18:00:00+00:00
1787857200000,0.8242499828338623,0.824400007724762,0.8240000009536743,0.8241000175476074,0,2026-08-27 19:00:00+00:00
1787860800000,0.8241000175476074,0.8244600296020508,0.8235899806022644,0.8237199783325195,0,2026-08-27 20:00:00+00:00
1787864400000,0.8240000009536743,0.8247399926185608,0.8230800032615662,0.8239700198173523,0,2026-08-27 21:00:00+00:00
1787868000000,0.8241400122642517,0.82464998960495,0.8235300183296204,0.8245999813079834,0,2026-08-27 22:00:00+00:00
1787871600000,0.8246099948883057,0.8249199986457825,0.8244500160217285,0.82464998960495,0,2026-08-27 23:00:00+00:00
1787875200000,0.8246999979019165,0.824999988079071,0.8244799971580505,0.82464998960495,0,2026-08-28 00:00:00+00:00
1787878800000,0.824720025062561,0.8259099721908569,0.8245499730110168,0.825439989566803,0,2026-08-28 01:00:00+00:00
1787882400000,0.825439989566803,0.8259400129318237,0.8252000212669373,0.8258600234985352,0,2026-08-28 02:00:00+00:00
1787886000000,0.8258600234985352,0.8260899782180786,0.8253499865531921,0.8257499933242798,0,2026-08-28 03:00:00+00:00
1787889600000,0.825760006904602,0.8260800242424011,0.8251699805259705,0.8252400159835815,0,2026-08-28 04:00:00+00:00
1787893200000,0.8252400159835815,0.8255699872970581,0.8246700167655945,0.8247900009155273,0,2026-08-28 05:00:00+00:00
1787896800000,0.8248100280761719,0.8255800008773804,0.8247399926185608,0.8254299759864807,0,2026-08-28 06:00:00+00:00
1787900400000,0.8254299759864807,0.8257200121879578,0.8249599933624268,0.825439989566803,0,2026-08-28 07:00:00+00:00
1787904000000,0.825439989566803,0.8256300091743469,0.824209988117218,0.8243799805641174,0,2026-08-28 08:00:00+00:00
1787907600000,0.8243799805641174,0.8245800137519836,0.8239399790763855,0.8243299722671509,0,2026-08-28 09:00:00+00:00
1787911200000,0.8243299722671509,0.8246600031852722,0.8236899971961975,0.8241599798202515,0,2026-08-28 10:00:00+00:00
1787914800000,0.8241599798202515,0.824209988117218,0.8229799866676331,0.8233399987220764,0,2026-08-28 11:00:00+00:00
1787918400000,0.8233399987220764,0.824180006980896,0.8231899738311768,0.8241099715232849,0,2026-08-28 12:00:00+00:00
1787922000000,0.8241199851036072,0.8246300220489502,0.8236500024795532,0.8240000009536743,0,2026-08-28 13:00:00+00:00
1787925600000,0.8237699866294861,0.825190007686615,0.8220499753952026,0.8233399987220764,0,2026-08-28 14:00:00+00:00
1787929200000,0.8233199715614319,0.8236899971961975,0.8214600086212158,0.8217099905014038,0,2026-08-28 15:00:00+00:00
1787932800000,0.821690022945404,0.8218100070953369,0.8210499882698059,0.8213899731636047,0,2026-08-28 16:00:00+00:00
1787936400000,0.8213899731636047,0.8217099905014038,0.8211299777030945,0.8215600252151489,0,2026-08-28 17:00:00+00:00
1787940000000,0.8215600252151489,0.8217599987983704,0.8213099837303162,0.8216099739074707,0,2026-08-28 18:00:00+00:00
1787943600000,0.8215699791908264,0.8220900297164917,0.8214799761772156,0.8219599723815918,0,2026-08-28 19:00:00+00:00
1787947200000,0.8220199942588806,0.8223199844360352,0.8208500146865845,0.8219699859619141,0,2026-08-28 20:00:00+00:00
1787950800000,0.8219199776649475,0.8219199776649475,0.8218500018119812,0.8218500018119812,0,2026-08-28 21:00:00+00:00
1788130800000,0.8223199844360352,0.8227099776268005,0.8221099972724915,0.8226900100708008,0,2026-08-30 23:00:00+00:00
1788134400000,0.8226900100708008,0.8228099942207336,0.8217200040817261,0.8220499753952026,0,2026-08-31 00:00:00+00:00
1788138000000,0.8220499753952026,0.8220700025558472,0.8201900124549866,0.8213499784469604,0,2026-08-31 01:00:00+00:00
1788141600000,0.8213499784469604,0.8219699859619141,0.8212400078773499,0.821940004825592,0,2026-08-31 02:00:00+00:00
1788145200000,0.8219299912452698,0.8224999904632568,0.8217599987983704,0.8222799897193909,0,2026-08-31 03:00:00+00:00
1788148800000,0.8222699761390686,0.8223699927330017,0.8217099905014038,0.8221700191497803,0,2026-08-31 04:00:00+00:00
1788152400000,0.8221700191497803,0.8222699761390686,0.8216699957847595,0.8220900297164917,0,2026-08-31 05:00:00+00:00
1788156000000,0.8220900297164917,0.8222600221633911,0.8214899897575378,0.8220199942588806,0,2026-08-31 06:00:00+00:00
1788159600000,0.8220400214195251,0.8223099708557129,0.821690022945404,0.8221200108528137,0,2026-08-31 07:00:00+00:00
1788163200000,0.8221200108528137,0.8224400281906128,0.8216599822044373,0.8219299912452698,0,2026-08-31 08:00:00+00:00
1788166800000,0.8218700289726257,0.8221499919891357,0.8212699890136719,0.8215699791908264,0,2026-08-31 09:00:00+00:00
1788170400000,0.8215699791908264,0.8217899799346924,0.8210499882698059,0.8214499950408936,0,2026-08-31 10:00:00+00:00
1788174000000,0.8214399814605713,0.8216800093650818,0.8210099935531616,0.8212800025939941,0,2026-08-31 11:00:00+00:00
1788177600000,0.8212800025939941,0.8217700123786926,0.819890022277832,0.8207499980926514,0,2026-08-31 12:00:00+00:00
1788181200000,0.8206300139427185,0.821370005607605,0.8205999732017517,0.821179986000061,0,2026-08-31 13:00:00+00:00
1788184800000,0.8211899995803833,0.8212100267410278,0.8196799755096436,0.8197199702262878,0,2026-08-31 14:00:00+00:00
1788188400000,0.8196700215339661,0.8200899958610535,0.8192099928855896,0.8199599981307983,0,2026-08-31 15:00:00+00:00
1788192000000,0.8199700117111206,0.8202599883079529,0.8196899890899658,0.8202599883079529,0,2026-08-31 16:00:00+00:00
1788195600000,0.8202599883079529,0.8203099966049194,0.8195899724960327,0.8199499845504761,0,2026-08-31 17:00:00+00:00
1788199200000,0.8199099898338318,0.8200500011444092,0.8194400072097778,0.819599986076355,0,2026-08-31 18:00:00+00:00
1788202800000,0.8196099996566772,0.8199700117111206,0.8190900087356567,0.8198599815368652,0,2026-08-31 19:00:00+00:00
1788206400000,0.8198599815368652,0.819920003414154,0.8191699981689453,0.8193399906158447,0,2026-08-31 20:00:00+00:00
1788210000000,0.8193399906158447,0.8200100064277649,0.8183799982070923,0.819350004196167,0,2026-08-31 21:00:00+00:00
1788213600000,0.8194800019264221,0.8197399973869324,0.8189499974250793,0.819570004940033,0,2026-08-31 22:00:00+00:00
1788217200000,0.8195000290870667,0.8202599883079529,0.8193600177764893,0.8201500177383423,0,2026-08-31 23:00:00+00:00
1788220800000,0.8201500177383423,0.8208400011062622,0.819599986076355,0.8201199769973755,0,2026-09-01 00:00:00+00:00
1788224400000,0.8201299905776978,0.8201799988746643,0.8189899921417236,0.8195800185203552,0,2026-09-01 01:00:00+00:00
1788228000000,0.8196200132369995,0.8197399973869324,0.8188700079917908,0.8193899989128113,0,2026-09-01 02:00:00+00:00
1788231600000,0.819350004196167,0.8194800019264221,0.8187599778175354,0.8190799951553345,0,2026-09-01 03:00:00+00:00
1788235200000,0.8190799951553345,0.8193399906158447,0.8188300132751465,0.8191199898719788,0,2026-09-01 04:00:00+00:00
1788238800000,0.8190699815750122,0.8198300004005432,0.8189299702644348,0.8193600177764893,0,2026-09-01 05:00:00+00:00
1788242400000,0.8193899989128113,0.8195400238037109,0.8186699748039246,0.8190600275993347,0,2026-09-01 06:00:00+00:00
1788246000000,0.8190699815750122,0.8194500207901001,0.8184099793434143,0.8187100291252136,0,2026-09-01 07:00:00+00:00
1788249600000,0.8187100291252136,0.8190000057220459,0.8173499703407288,0.8174700140953064,0,2026-09-01 08:00:00+00:00
1788253200000,0.8175699710845947,0.8179299831390381,0.8171200156211853,0.8174999952316284,0,2026-09-01 09:00:00+00:00
1788256800000,0.8174800276756287,0.8182200193405151,0.8173800110816956,0.8179000020027161,0,2026-09-01 10:00:00+00:00
1788260400000,0.8178899884223938,0.8185300230979919,0.8166199922561646,0.8180500268936157,0,2026-09-01 11:00:00+00:00
1788264000000,0.8180699944496155,0.8193899989128113,0.8178499937057495,0.8193699717521667,0,2026-09-01 12:00:00+00:00
1788267600000,0.819379985332489,0.8203399777412415,0.8188599944114685,0.8200899958610535,0,2026-09-01 13:00:00+00:00
1788271200000,0.8198999762535095,0.8209199905395508,0.8196499943733215,0.8207299709320068,0,2026-09-01 14:00:00+00:00
1788274800000,0.8207200169563293,0.8208900094032288,0.8191699981689453,0.8205999732017517,0,2026-09-01 15:00:00+00:00
1788278400000,0.8206300139427185,0.8206499814987183,0.8188400268554688,0.8192099928855896,0,2026-09-01 16:00:00+00:00
1788282000000,0.8192099928855896,0.8196099996566772,0.8187900185585022,0.8190500140190125,0,2026-09-01 17:00:00+00:00
1788285600000,0.8190500140190125,0.8190699815750122,0.8181599974632263,0.8185399770736694,0,2026-09-01 18:00:00+00:00
1788289200000,0.8185499906539917,0.8186399936676025,0.8180099725723267,0.8183500170707703,0,2026-09-01 19:00:00+00:00
1788292800000,0.81836998462677,0.8186299800872803,0.8180599808692932,0.8182600140571594,0,2026-09-01 20:00:00+00:00
1788296400000,0.8184199929237366,0.8191699981689453,0.8176800012588501,0.8190100193023682,0,2026-09-01 21:00:00+00:00
1788300000000,0.8189700245857239,0.8190500140190125,0.8179799914360046,0.8187400102615356,0,2026-09-01 22:00:00+00:00
1788303600000,0.8188199996948242,0.8189799785614014,0.8185499906539917,0.8187900185585022,0,2026-09-01 23:00:00+00:00
1788307200000,0.8187599778175354,0.8191900253295898,0.8180000185966492,0.8187900185585022,0,2026-09-02 00:00:00+00:00
1788310800000,0.8187900185585022,0.8195400238037109,0.8178600072860718,0.8190900087356567,0,2026-09-02 01:00:00+00:00
1788314400000,0.8194500207901001,0.8195800185203552,0.8128499984741211,0.8147900104522705,0,2026-09-02 02:00:00+00:00
1788318000000,0.814769983291626,0.8148699998855591,0.812250018119812,0.8127800226211548,0,2026-09-02 03:00:00+00:00
1788321600000,0.8128100037574768,0.8129100203514099,0.8113999962806702,0.8114500045776367,0,2026-09-02 04:00:00+00:00
1788325200000,0.811489999294281,0.8129000067710876,0.8110600113868713,0.8128499984741211,0,2026-09-02 05:00:00+00:00
1788328800000,0.8128499984741211,0.8137000203132629,0.8125,0.8126699924468994,0,2026-09-02 06:00:00+00:00
1788332400000,0.8126800060272217,0.8130800127983093,0.8116700053215027,0.8117700219154358,0,2026-09-02 07:00:00+00:00
1788336000000,0.8117600083351135,0.8123700022697449,0.8094199895858765,0.8094800114631653,0,2026-09-02 08:00:00+00:00
1788339600000,0.8094599843025208,0.8104000091552734,0.808929979801178,0.8091300129890442,0,2026-09-02 09:00:00+00:00
1788343200000,0.8091300129890442,0.8105499744415283,0.8085399866104126,0.8103299736976624,0,2026-09-02 10:00:00+00:00
1788346800000,0.8104199767112732,0.8114100098609924,0.8100600242614746,0.8113600015640259,0,2026-09-02 11:00:00+00:00
1788350400000,0.8113700151443481,0.8117600083351135,0.8098700046539307,0.8100100159645081,0,2026-09-02 12:00:00+00:00
1788354000000,0.8100200295448303,0.811680018901825,0.809939980506897,0.8100100159645081,0,2026-09-02 13:00:00+00:00
1788357600000,0.8105199933052063,0.8106499910354614,0.8089399933815002,0.8094800114631653,0,2026-09-02 14:00:00+00:00
1788361200000,0.809499979019165,0.8101000189781189,0.8080499768257141,0.8097100257873535,0,2026-09-02 15:00:00+00:00
1788364800000,0.8097000122070312,0.8099899888038635,0.8089399933815002,0.8093000054359436,0,2026-09-02 16:00:00+00:00
1788368400000,0.8093299865722656,0.8093699812889099,0.8087499737739563,0.8091400265693665,0,2026-09-02 17:00:00+00:00
1788372000000,0.8091300129890442,0.8092600107192993,0.808489978313446,0.8090299963951111,0,2026-09-02 18:00:00+00:00
1788375600000,0.8090000152587891,0.8096500039100647,0.8088099956512451,0.8096200227737427,0,2026-09-02 19:00:00+00:00
1788379200000,0.8095999956130981,0.8100799918174744,0.8087800145149231,0.8092799782752991,0,2026-09-02 20:00:00+00:00
1788382800000,0.8090500235557556,0.8096299767494202,0.8062400221824646,0.8093400001525879,0,2026-09-02 21:00:00+00:00
1788386400000,0.8095999956130981,0.8098599910736084,0.8083299994468689,0.8097599744796753,0,2026-09-02 22:00:00+00:00
1788390000000,0.8097699880599976,0.8100500106811523,0.8096299767494202,0.8099899888038635,0,2026-09-02 23:00:00+00:00
1788393600000,0.8099899888038635,0.8101900219917297,0.8093100190162659,0.8099799752235413,0,2026-09-03 00:00:00+00:00
1788397200000,0.8099799752235413,0.8111799955368042,0.8098099827766418,0.8100900053977966,0,2026-09-03 01:00:00+00:00
1788400800000,0.8101300001144409,0.8103799819946289,0.8097100257873535,0.8101599812507629,0,2026-09-03 02:00:00+00:00
1788404400000,0.8101500272750854,0.8109300136566162,0.8099600076675415,0.8104900121688843,0,2026-09-03 03:00:00+00:00
1788408000000,0.8104900121688843,0.8114500045776367,0.8103799819946289,0.8109899759292603,0,2026-09-03 04:00:00+00:00
1788411600000,0.8110299706459045,0.8111100196838379,0.8097699880599976,0.8099899888038635,0,2026-09-03 05:00:00+00:00
1788415200000,0.8100299835205078,0.8101599812507629,0.8088799715042114,0.8098300099372864,0,2026-09-03 06:00:00+00:00
1788418800000,0.8098199963569641,0.810949981212616,0.8092600107192993,0.8099700212478638,0,2026-09-03 07:00:00+00:00
1788422400000,0.8099899888038635,0.81072998046875,0.809220016002655,0.8094000220298767,0,2026-09-03 08:00:00+00:00
1788426000000,0.8093900084495544,0.8099499940872192,0.8093199729919434,0.8094800114631653,0,2026-09-03 09:00:00+00:00
1788429600000,0.8094599843025208,0.8096699714660645,0.8083000183105469,0.8095700144767761,0,2026-09-03 10:00:00+00:00
1788433200000,0.8095800280570984,0.8104599714279175,0.8086199760437012,0.8096200227737427,0,2026-09-03 11:00:00+00:00
1788436800000,0.8096200227737427,0.8113700151443481,0.8076500296592712,0.8108800053596497,0,2026-09-03 12:00:00+00:00
1788440400000,0.8108800053596497,0.8108800053596497,0.8096399903297424,0.8107399940490723,0,2026-09-03 13:00:00+00:00
1788444000000,0.8106499910354614,0.8107600212097168,0.8083299994468689,0.809909999370575,0,2026-09-03 14:00:00+00:00
1788447600000,0.809909999370575,0.8115800023078918,0.8098300099372864,0.8108199834823608,0,2026-09-03 15:00:00+00:00
1788451200000,0.8108400106430054,0.8110899925231934,0.8103799819946289,0.8107399940490723,0,2026-09-03 16:00:00+00:00
1788454800000,0.8107799887657166,0.811240017414093,0.8104199767112732,0.8109400272369385,0,2026-09-03 17:00:00+00:00
1788458400000,0.810949981212616,0.8114699721336365,0.8108999729156494,0.8111600279808044,0,2026-09-03 18:00:00+00:00
1788462000000,0.8111699819564819,0.8113899827003479,0.8107500076293945,0.8108000159263611,0,2026-09-03 19:00:00+00:00
1788465600000,0.8108400106430054,0.8112199902534485,0.809939980506897,0.8109400272369385,0,2026-09-03 20:00:00+00:00
1788469200000,0.8109400272369385,0.8114799857139587,0.8091199994087219,0.810949981212616,0,2026-09-03 21:00:00+00:00
1788472800000,0.8109400272369385,0.8113800287246704,0.8103500008583069,0.8112000226974487,0,2026-09-03 22:00:00+00:00
1788476400000,0.8111900091171265,0.8116400241851807,0.8109700083732605,0.8113499879837036,0,2026-09-03 23:00:00+00:00
1788480000000,0.8113499879837036,0.8125900030136108,0.8112099766731262,0.8122900128364563,0,2026-09-04 00:00:00+00:00
1788483600000,0.8122699856758118,0.8131399750709534,0.8118799924850464,0.8130599856376648,0,2026-09-04 01:00:00+00:00
1788487200000,0.8130599856376648,0.8136000037193298,0.8124799728393555,0.8135499954223633,0,2026-09-04 02:00:00+00:00
1788490800000,0.8135499954223633,0.8136699795722961,0.8127899765968323,0.8131300210952759,0,2026-09-04 03:00:00+00:00
1788494400000,0.8131300210952759,0.8132699728012085,0.8126800060272217,0.8131200075149536,0,2026-09-04 04:00:00+00:00
1788498000000,0.8131200075149536,0.8135300278663635,0.8128899931907654,0.8131899833679199,0,2026-09-04 05:00:00+00:00
1788501600000,0.8132299780845642,0.8138300180435181,0.812690019607544,0.8129100203514099,0,2026-09-04 06:00:00+00:00
1788505200000,0.8129000067710876,0.812969982624054,0.811710000038147,0.8120599985122681,0,2026-09-04 07:00:00+00:00
1788508800000,0.8120599985122681,0.8123199939727783,0.8116000294685364,0.8117700219154358,0,2026-09-04 08:00:00+00:00
1788512400000,0.8117300271987915,0.8118500113487244,0.8108699917793274,0.8112199902534485,0,2026-09-04 09:00:00+00:00
1788516000000,0.8113099932670593,0.8117700219154358,0.8111299872398376,0.8115900158882141,0,2026-09-04 10:00:00+00:00
1788519600000,0.8115599751472473,0.8122299909591675,0.8112900257110596,0.8117799758911133,0,2026-09-04 11:00:00+00:00
1788523200000,0.8118000030517578,0.8142899870872498,0.8083299994468689,0.8141099810600281,0,2026-09-04 12:00:00+00:00
1788526800000,0.8141300082206726,0.8152700066566467,0.8124600052833557,0.8148999810218811,0,2026-09-04 13:00:00+00:00
1788530400000,0.8149200081825256,0.8155099749565125,0.8141300082206726,0.8143799901008606,0,2026-09-04 14:00:00+00:00
1788534000000,0.8143900036811829,0.8151599764823914,0.8141899704933167,0.8147299885749817,0,2026-09-04 15:00:00+00:00
1788537600000,0.8147000074386597,0.815339982509613,0.8134499788284302,0.8148599863052368,0,2026-09-04 16:00:00+00:00
1788541200000,0.8148599863052368,0.8148699998855591,0.8135899901390076,0.8138899803161621,0,2026-09-04 17:00:00+00:00
1788544800000,0.8138899803161621,0.8140199780464172,0.8134300112724304,0.8138499855995178,0,2026-09-04 18:00:00+00:00
1788548400000,0.8138399720191956,0.8138800263404846,0.8134199976921082,0.8138399720191956,0,2026-09-04 19:00:00+00:00
1788552000000,0.8138800263404846,0.8138899803161621,0.8124499917030334,0.8133299946784973,0,2026-09-04 20:00:00+00:00
1788555600000,0.8135799765586853,0.8135799765586853,0.8135799765586853,0.8135799765586853,0,2026-09-04 21:00:00+00:00
1788735600000,0.8133900165557861,0.8137999773025513,0.8132500052452087,0.8137900233268738,0,2026-09-06 23:00:00+00:00
1788739200000,0.8137900233268738,0.8140199780464172,0.8129000067710876,0.8132100105285645,0,2026-09-07 00:00:00+00:00
1788742800000,0.8132100105285645,0.813260018825531,0.8108599781990051,0.8118799924850464,0,2026-09-07 01:00:00+00:00
1788746400000,0.8119099736213684,0.8124499917030334,0.8117200136184692,0.8123800158500671,0,2026-09-07 02:00:00+00:00
1788750000000,0.8123800158500671,0.8125799894332886,0.8119900226593018,0.8124200105667114,0,2026-09-07 03:00:00+00:00
1788753600000,0.8124600052833557,0.8128299713134766,0.8120999932289124,0.8127999901771545,0,2026-09-07 04:00:00+00:00
1788757200000,0.8127999901771545,0.812969982624054,0.8125200271606445,0.8128399848937988,0,2026-09-07 05:00:00+00:00
1788760800000,0.8128399848937988,0.8130599856376648,0.8122699856758118,0.812690019607544,0,2026-09-07 06:00:00+00:00
1788764400000,0.8126999735832214,0.8133699893951416,0.8119800090789795,0.813260018825531,0,2026-09-07 07:00:00+00:00
1788768000000,0.813319981098175,0.8138700127601624,0.8124600052833557,0.8131499886512756,0,2026-09-07 08:00:00+00:00
1788771600000,0.8131499886512756,0.8134599924087524,0.8126800060272217,0.8127899765968323,0,2026-09-07 09:00:00+00:00
1788775200000,0.8127300143241882,0.812969982624054,0.8123999834060669,0.812690019607544,0,2026-09-07 10:00:00+00:00
1788778800000,0.812690019607544,0.8127300143241882,0.8111799955368042,0.8120099902153015,0,2026-09-07 11:00:00+00:00
1788782400000,0.8120200037956238,0.8123900294303894,0.8116199970245361,0.8118199706077576,0,2026-09-07 12:00:00+00:00
1788786000000,0.8118000030517578,0.8124799728393555,0.8116099834442139,0.8123300075531006,0,2026-09-07 13:00:00+00:00
1788789600000,0.8123300075531006,0.8124799728393555,0.8115400075912476,0.8116400241851807,0,2026-09-07 14:00:00+00:00
1788793200000,0.8116300106048584,0.8120800256729126,0.8115100264549255,0.811710000038147,0,2026-09-07 15:00:00+00:00
1788796800000,0.8116300106048584,0.8119400143623352,0.8114699721336365,0.8118500113487244,0,2026-09-07 16:00:00+00:00
1788800400000,0.8118500113487244,0.8119099736213684,0.8115500211715698,0.8118199706077576,0,2026-09-07 17:00:00+00:00
1788804000000,0.8118199706077576,0.8119500279426575,0.811489999294281,0.8118199706077576,0,2026-09-07 18:00:00+00:00
1788807600000,0.8118500113487244,0.8119099736213684,0.8116199970245361,0.8117899894714355,0,2026-09-07 19:00:00+00:00
1788811200000,0.8117899894714355,0.8119500279426575,0.811269998550415,0.8114699721336365,0,2026-09-07 20:00:00+00:00
1788814800000,0.8117799758911133,0.8130999803543091,0.8101900219917297,0.811269998550415,0,2026-09-07 21:00:00+00:00
1788818400000,0.811739981174469,0.8120999932289124,0.8111299872398376,0.8119400143623352,0,2026-09-07 22:00:00+00:00
1788822000000,0.8119099736213684,0.812250018119812,0.8116099834442139,0.8119999766349792,0,2026-09-07 23:00:00+00:00
1788825600000,0.8119900226593018,0.8123199939727783,0.8114399909973145,0.8116400241851807,0,2026-09-08 00:00:00+00:00
1788829200000,0.8116000294685364,0.8116999864578247,0.8106499910354614,0.8107600212097168,0,2026-09-08 01:00:00+00:00
1788832800000,0.8107799887657166,0.8108299970626831,0.8094599843025208,0.8096799850463867,0,2026-09-08 02:00:00+00:00
1788836400000,0.809689998626709,0.8097800016403198,0.8080899715423584,0.8083999752998352,0,2026-09-08 03:00:00+00:00
1788840000000,0.8083900213241577,0.8086400032043457,0.8075799942016602,0.8086299896240234,0,2026-09-08 04:00:00+00:00
1788843600000,0.8086299896240234,0.8089100122451782,0.8081700205802917,0.8086100220680237,0,2026-09-08 05:00:00+00:00
1788847200000,0.8086400032043457,0.8086400032043457,0.8066999912261963,0.8076000213623047,0,2026-09-08 06:00:00+00:00
1788850800000,0.8076800107955933,0.8078600168228149,0.8050199747085571,0.8059499859809875,0,2026-09-08 07:00:00+00:00
1788854400000,0.8059700131416321,0.8064000010490417,0.8044599890708923,0.8059399724006653,0,2026-09-08 08:00:00+00:00
1788858000000,0.8058599829673767,0.8068900108337402,0.8056300282478333,0.8064299821853638,0,2026-09-08 09:00:00+00:00
1788861600000,0.8064900040626526,0.8070799708366394,0.8062899708747864,0.8067799806594849,0,2026-09-08 10:00:00+00:00
1788865200000,0.8067799806594849,0.8074399828910828,0.8059499859809875,0.8062400221824646,0,2026-09-08 11:00:00+00:00
1788868800000,0.8062300086021423,0.8072500228881836,0.8059800267219543,0.8072500228881836,0,2026-09-08 12:00:00+00:00
1788872400000,0.8072400093078613,0.8073700070381165,0.806689977645874,0.8070899844169617,0,2026-09-08 13:00:00+00:00
1788876000000,0.807129979133606,0.8075699806213379,0.8060600161552429,0.807479977607727,0,2026-09-08 14:00:00+00:00
1788879600000,0.807479977607727,0.8075199723243713,0.8063799738883972,0.8065099716186523,0,2026-09-08 15:00:00+00:00
1788883200000,0.8065800070762634,0.8071399927139282,0.8063099980354309,0.8070099949836731,0,2026-09-08 16:00:00+00:00
1788886800000,0.8070499897003174,0.8076099753379822,0.8069999814033508,0.8073800206184387,0,2026-09-08 17:00:00+00:00
1788890400000,0.8073800206184387,0.8075199723243713,0.8060600161552429,0.8074300289154053,0,2026-09-08 18:00:00+00:00
1788894000000,0.8074300289154053,0.8074399828910828,0.8054900169372559,0.8067799806594849,0,2026-09-08 19:00:00+00:00
1788897600000,0.8067799806594849,0.8072100281715393,0.8054100275039673,0.8062700033187866,0,2026-09-08 20:00:00+00:00
1788901200000,0.8061400055885315,0.8075399994850159,0.8054699897766113,0.8067499995231628,0,2026-09-08 21:00:00+00:00
1788904800000,0.8065900206565857,0.8071600198745728,0.8056100010871887,0.8070499897003174,0,2026-09-08 22:00:00+00:00
1788908400000,0.8071600198745728,0.8071900010108948,0.8067700266838074,0.8070600032806396,0,2026-09-08 23:00:00+00:00
1788912000000,0.8070600032806396,0.8075900077819824,0.8067700266838074,0.8073800206184387,0,2026-09-09 00:00:00+00:00
1788915600000,0.8074300289154053,0.8077600002288818,0.8067899942398071,0.8073700070381165,0,2026-09-09 01:00:00+00:00
1788919200000,0.8073599934577942,0.8073899745941162,0.8068199753761292,0.8070600032806396,0,2026-09-09 02:00:00+00:00
1788922800000,0.8070600032806396,0.8070899844169617,0.8062400221824646,0.8064799904823303,0,2026-09-09 03:00:00+00:00
1788926400000,0.8064799904823303,0.8066200017929077,0.8059499859809875,0.8065099716186523,0,2026-09-09 04:00:00+00:00
1788930000000,0.8065099716186523,0.8068299889564514,0.8061699867248535,0.8067499995231628,0,2026-09-09 05:00:00+00:00
1788933600000,0.8067499995231628,0.8071100115776062,0.8064200282096863,0.8068299889564514,0,2026-09-09 06:00:00+00:00
1788937200000,0.806850016117096,0.8075799942016602,0.8064200282096863,0.806689977645874,0,2026-09-09 07:00:00+00:00
1788940800000,0.8066999912261963,0.8067399859428406,0.8049200177192688,0.8052399754524231,0,2026-09-09 08:00:00+00:00
1788944400000,0.8052200078964233,0.8054199814796448,0.8044099807739258,0.8045799732208252,0,2026-09-09 09:00:00+00:00
1788948000000,0.8045600056648254,0.8046799898147583,0.8035799860954285,0.8045200109481812,0,2026-09-09 10:00:00+00:00
1788951600000,0.8044300079345703,0.8057399988174438,0.8041700124740601,0.8053500056266785,0,2026-09-09 11:00:00+00:00
1788955200000,0.8053799867630005,0.8065500259399414,0.8052899837493896,0.8063799738883972,0,2026-09-09 12:00:00+00:00
1788958800000,0.8062999844551086,0.8075000047683716,0.8062999844551086,0.8072900176048279,0,2026-09-09 13:00:00+00:00
1788962400000,0.8072999715805054,0.807479977607727,0.8054199814796448,0.807479977607727,0,2026-09-09 14:00:00+00:00
1788966000000,0.807479977607727,0.8076500296592712,0.8057399988174438,0.8063499927520752,0,2026-09-09 15:00:00+00:00
1788969600000,0.8063499927520752,0.8065999746322632,0.8047800064086914,0.8064200282096863,0,2026-09-09 16:00:00+00:00
1788973200000,0.8064200282096863,0.8065599799156189,0.8060299754142761,0.8063700199127197,0,2026-09-09 17:00:00+00:00
1788976800000,0.8063799738883972,0.8065099716186523,0.8055899739265442,0.8057500123977661,0,2026-09-09 18:00:00+00:00
1788980400000,0.8057799935340881,0.8060299754142761,0.8055899739265442,0.8059700131416321,0,2026-09-09 19:00:00+00:00
1788984000000,0.8059700131416321,0.8059700131416321,0.8051400184631348,0.8053600192070007,0,2026-09-09 20:00:00+00:00
1788987600000,0.8057000041007996,0.8060399889945984,0.8042100071907043,0.8054900169372559,0,2026-09-09 21:00:00+00:00
1788991200000,0.8056700229644775,0.8062099814414978,0.8049799799919128,0.8061400055885315,0,2026-09-09 22:00:00+00:00
1788994800000,0.8061400055885315,0.8068900108337402,0.805899977684021,0.8065699934959412,0,2026-09-09 23:00:00+00:00
1788998400000,0.8065800070762634,0.8071900010108948,0.8061500191688538,0.8069199919700623,0,2026-09-10 00:00:00+00:00
1789002000000,0.8069199919700623,0.8081200122833252,0.806689977645874,0.8079900145530701,0,2026-09-10 01:00:00+00:00
1789005600000,0.8079500198364258,0.8079900145530701,0.8070600032806396,0.8077200055122375,0,2026-09-10 02:00:00+00:00
1789009200000,0.8077200055122375,0.8078100085258484,0.8072100281715393,0.807669997215271,0,2026-09-10 03:00:00+00:00
1789012800000,0.807669997215271,0.8077600002288818,0.807200014591217,0.807420015335083,0,2026-09-10 04:00:00+00:00
1789016400000,0.8074300289154053,0.8079599738121033,0.8071500062942505,0.8079400062561035,0,2026-09-10 05:00:00+00:00
1789020000000,0.8079299926757812,0.8085500001907349,0.8077200055122375,0.8083699941635132,0,2026-09-10 06:00:00+00:00
1789023600000,0.8083699941635132,0.8084099888801575,0.807420015335083,0.8076300024986267,0,2026-09-10 07:00:00+00:00
1789027200000,0.8076199889183044,0.8076800107955933,0.8066099882125854,0.8069300055503845,0,2026-09-10 08:00:00+00:00
1789030800000,0.8069199919700623,0.8071900010108948,0.8062899708747864,0.807129979133606,0,2026-09-10 09:00:00+00:00
1789034400000,0.807129979133606,0.8072299957275391,0.8061400055885315,0.8062400221824646,0,2026-09-10 10:00:00+00:00
1789038000000,0.8062499761581421,0.8063200116157532,0.8052099943161011,0.8054199814796448,0,2026-09-10 11:00:00+00:00
1789041600000,0.8054199814796448,0.8055199980735779,0.801580011844635,0.8023399710655212,0,2026-09-10 12:00:00+00:00
1789045200000,0.802370011806488,0.8027499914169312,0.8013899922370911,0.8019400238990784,0,2026-09-10 13:00:00+00:00
1789048800000,0.8019599914550781,0.8034800291061401,0.8014900088310242,0.8026800155639648,0,2026-09-10 14:00:00+00:00
1789052400000,0.802649974822998,0.8027700185775757,0.8009399771690369,0.8017500042915344,0,2026-09-10 15:00:00+00:00
1789056000000,0.8017500042915344,0.8020099997520447,0.8003000020980835,0.8019499778747559,0,2026-09-10 16:00:00+00:00
1789059600000,0.8019300103187561,0.802370011806488,0.8018199801445007,0.8019400238990784,0,2026-09-10 17:00:00+00:00
1789063200000,0.8019199967384338,0.8020200133323669,0.8011500239372253,0.8015099763870239,0,2026-09-10 18:00:00+00:00
1789066800000,0.8014699816703796,0.8018100261688232,0.8010600209236145,0.8017799854278564,0,2026-09-10 19:00:00+00:00
1789070400000,0.8017699718475342,0.8018699884414673,0.8014199733734131,0.801639974117279,0,2026-09-10 20:00:00+00:00
1789074000000,0.801639974117279,0.8023800253868103,0.8005099892616272,0.8010500073432922,0,2026-09-10 21:00:00+00:00
1789077600000,0.8009799718856812,0.8032900094985962,0.8007699847221375,0.8031700253486633,0,2026-09-10 22:00:00+00:00
1789081200000,0.8031499981880188,0.8034300208091736,0.8029099702835083,0.8032000064849854,0,2026-09-10 23:00:00+00:00
1789084800000,0.8031899929046631,0.8044099807739258,0.80308997631073,0.8043799996376038,0,2026-09-11 00:00:00+00:00
1789088400000,0.804390013217926,0.804830014705658,0.8028600215911865,0.8043299913406372,0,2026-09-11 01:00:00+00:00
1789092000000,0.8043299913406372,0.8047900199890137,0.8039100170135498,0.8046900033950806,0,2026-09-11 02:00:00+00:00
1789095600000,0.8046900033950806,0.8061100244522095,0.8041800260543823,0.8060399889945984,0,2026-09-11 03:00:00+00:00
1789099200000,0.8060500025749207,0.806689977645874,0.8055800199508667,0.8063099980354309,0,2026-09-11 04:00:00+00:00
1789102800000,0.8062999844551086,0.8072299957275391,0.8057399988174438,0.8067600131034851,0,2026-09-11 05:00:00+00:00
1789106400000,0.8068000078201294,0.8074100017547607,0.8064799904823303,0.8068000078201294,0,2026-09-11 06:00:00+00:00
1789110000000,0.8067499995231628,0.8070200085639954,0.8060600161552429,0.8066400289535522,0,2026-09-11 07:00:00+00:00
1789113600000,0.8066499829292297,0.8070200085639954,0.8051000237464905,0.8062199950218201,0,2026-09-11 08:00:00+00:00
1789117200000,0.8062400221824646,0.8065900206565857,0.8047800064086914,0.8061299920082092,0,2026-09-11 09:00:00+00:00
1789120800000,0.8061100244522095,0.8065800070762634,0.8047800064086914,0.8065099716186523,0,2026-09-11 10:00:00+00:00
1789124400000,0.8065099716186523,0.8073199987411499,0.8064000010490417,0.8068400025367737,0,2026-09-11 11:00:00+00:00
1789128000000,0.8068299889564514,0.8078799843788147,0.8042100071907043,0.8077700138092041,0,2026-09-11 12:00:00+00:00
1789131600000,0.8077700138092041,0.8081099987030029,0.8060600161552429,0.807200014591217,0,2026-09-11 13:00:00+00:00
1789135200000,0.8072800040245056,0.8077600002288818,0.8060600161552429,0.8069400191307068,0,2026-09-11 14:00:00+00:00
1789138800000,0.8069300055503845,0.8071500062942505,0.8057399988174438,0.8063300251960754,0,2026-09-11 15:00:00+00:00
1789142400000,0.8063399791717529,0.8067299723625183,0.806119978427887,0.8062999844551086,0,2026-09-11 16:00:00+00:00
1789146000000,0.8062999844551086,0.8066200017929077,0.805899977684021,0.8064200282096863,0,2026-09-11 17:00:00+00:00
1789149600000,0.8064200282096863,0.8064900040626526,0.8048099875450134,0.8059099912643433,0,2026-09-11 18:00:00+00:00
1789153200000,0.8059300184249878,0.8063200116157532,0.8056899905204773,0.8059800267219543,0,2026-09-11 19:00:00+00:00
1789156800000,0.8059399724006653,0.8063099980354309,0.8052999973297119,0.8061299920082092,0,2026-09-11 20:00:00+00:00
1789160400000,0.8063099980354309,0.8063099980354309,0.8063099980354309,0.8063099980354309,0,2026-09-11 21:00:00+00:00
1789340400000,0.8059700131416321,0.8069199919700623,0.8054900169372559,0.805679976940155,0,2026-09-13 23:00:00+00:00
1789344000000,0.8057500123977661,0.8057500123977661,0.8037599921226501,0.8040199875831604,0,2026-09-14 00:00:00+00:00
1789347600000,0.804069995880127,0.8041499853134155,0.8033499717712402,0.8036500215530396,0,2026-09-14 01:00:00+00:00
1789351200000,0.8036400079727173,0.8038300275802612,0.8025000095367432,0.8027899861335754,0,2026-09-14 02:00:00+00:00
1789354800000,0.8027799725532532,0.8028200268745422,0.8018900156021118,0.8021500110626221,0,2026-09-14 03:00:00+00:00
1789358400000,0.8021000027656555,0.8026700019836426,0.8020700216293335,0.8024500012397766,0,2026-09-14 04:00:00+00:00
1789362000000,0.8023899793624878,0.8029599785804749,0.8019800186157227,0.8029000163078308,0,2026-09-14 05:00:00+00:00
1789365600000,0.8028900027275085,0.8029599785804749,0.802049994468689,0.8022599816322327,0,2026-09-14 06:00:00+00:00
1789369200000,0.8022300004959106,0.8024299740791321,0.8014600276947021,0.8018100261688232,0,2026-09-14 07:00:00+00:00
1789372800000,0.8017699718475342,0.8019499778747559,0.8007799983024597,0.8018900156021118,0,2026-09-14 08:00:00+00:00
1789376400000,0.8019099831581116,0.8020300269126892,0.8012599945068359,0.8016600012779236,0,2026-09-14 09:00:00+00:00
1789380000000,0.8017600178718567,0.8022500276565552,0.8014000058174133,0.802079975605011,0,2026-09-14 10:00:00+00:00
1789383600000,0.8020700216293335,0.8024399876594543,0.8013399839401245,0.8014600276947021,0,2026-09-14 11:00:00+00:00
1789387200000,0.8014199733734131,0.8025400042533875,0.7999799847602844,0.801580011844635,0,2026-09-14 12:00:00+00:00
1789390800000,0.8015400171279907,0.8023200035095215,0.8006200194358826,0.8020399808883667,0,2026-09-14 13:00:00+00:00
1789394400000,0.802049994468689,0.802839994430542,0.8013700246810913,0.8023200035095215,0,2026-09-14 14:00:00+00:00
1789398000000,0.802299976348877,0.8042500019073486,0.8016899824142456,0.8038100004196167,0,2026-09-14 15:00:00+00:00
1789401600000,0.8037999868392944,0.8046900033950806,0.8025400042533875,0.8044999837875366,0,2026-09-14 16:00:00+00:00
1789405200000,0.8045099973678589,0.8045300245285034,0.8037700057029724,0.8039000034332275,0,2026-09-14 17:00:00+00:00
1789408800000,0.8039000034332275,0.8043500185012817,0.803629994392395,0.8042899966239929,0,2026-09-14 18:00:00+00:00
1789412400000,0.8043100237846375,0.8043199777603149,0.8029800057411194,0.8031399846076965,0,2026-09-14 19:00:00+00:00
1789416000000,0.8031499981880188,0.8032299876213074,0.8026300072669983,0.802839994430542,0,2026-09-14 20:00:00+00:00
1789419600000,0.802869975566864,0.8037099838256836,0.8013499975204468,0.8030200004577637,0,2026-09-14 21:00:00+00:00
1789423200000,0.8030700087547302,0.8035899996757507,0.8019999861717224,0.8032199740409851,0,2026-09-14 22:00:00+00:00
1789426800000,0.8031100034713745,0.8032900094985962,0.80281001329422,0.8029599785804749,0,2026-09-14 23:00:00+00:00
1789430400000,0.8029699921607971,0.8032900094985962,0.8026099801063538,0.8029299974441528,0,2026-09-15 00:00:00+00:00
1789434000000,0.8029099702835083,0.8029900193214417,0.8013399839401245,0.8014299869537354,0,2026-09-15 01:00:00+00:00
1789437600000,0.8015199899673462,0.801639974117279,0.800819993019104,0.8010500073432922,0,2026-09-15 02:00:00+00:00
1789441200000,0.8010500073432922,0.8011500239372253,0.8001899719238281,0.8004199862480164,0,2026-09-15 03:00:00+00:00
1789444800000,0.8004299998283386,0.8009200096130371,0.8001599907875061,0.8006799817085266,0,2026-09-15 04:00:00+00:00
1789448400000,0.8006600141525269,0.8016999959945679,0.8003799915313721,0.8011900186538696,0,2026-09-15 05:00:00+00:00
1789452000000,0.8012099862098694,0.801289975643158,0.8001199960708618,0.8004299998283386,0,2026-09-15 06:00:00+00:00
1789455600000,0.8003600239753723,0.8012400269508362,0.8001300096511841,0.8011599779129028,0,2026-09-15 07:00:00+00:00
1789459200000,0.8011599779129028,0.8021399974822998,0.8005399703979492,0.801800012588501,0,2026-09-15 08:00:00+00:00
1789462800000,0.8017500042915344,0.8021699786186218,0.8011800050735474,0.8019199967384338,0,2026-09-15 09:00:00+00:00
1789466400000,0.8019000291824341,0.8021799921989441,0.8013299703598022,0.8017200231552124,0,2026-09-15 10:00:00+00:00
1789470000000,0.8018699884414673,0.8024700284004211,0.8015900254249573,0.8019800186157227,0,2026-09-15 11:00:00+00:00
1789473600000,0.8020099997520447,0.8025400042533875,0.8006500005722046,0.8018199801445007,0,2026-09-15 12:00:00+00:00
1789477200000,0.8018400073051453,0.8020899891853333,0.7996600270271301,0.8014000058174133,0,2026-09-15 13:00:00+00:00
1789480800000,0.8014000058174133,0.8015000224113464,0.7996600270271301,0.8012700080871582,0,2026-09-15 14:00:00+00:00
1789484400000,0.8012700080871582,0.8017100095748901,0.7999799847602844,0.8010500073432922,0,2026-09-15 15:00:00+00:00
1789488000000,0.80103999376297,0.8014900088310242,0.800819993019104,0.8014299869537354,0,2026-09-15 16:00:00+00:00
1789491600000,0.8014500141143799,0.8015599846839905,0.8007299900054932,0.8008999824523926,0,2026-09-15 17:00:00+00:00
1789495200000,0.8008800148963928,0.8014799952507019,0.8007100224494934,0.8012499809265137,0,2026-09-15 18:00:00+00:00
1789498800000,0.8011800050735474,0.8014799952507019,0.8010500073432922,0.8012199997901917,0,2026-09-15 19:00:00+00:00
1789502400000,0.8012199997901917,0.801609992980957,0.8009200096130371,0.8009200096130371,0,2026-09-15 20:00:00+00:00
1789506000000,0.8012700080871582,0.8052899837493896,0.800279974937439,0.8006700277328491,0,2026-09-15 21:00:00+00:00
1789509600000,0.8008400201797485,0.8018400073051453,0.8003900051116943,0.8013899922370911,0,2026-09-15 22:00:00+00:00
1789513200000,0.8013799786567688,0.8014299869537354,0.799340009689331,0.8004500269889832,0,2026-09-15 23:00:00+00:00
1789516800000,0.8005800247192383,0.8008800148963928,0.7994199991226196,0.799839973449707,0,2026-09-16 00:00:00+00:00
1789520400000,0.7997999787330627,0.8004599809646606,0.7994400262832642,0.7995499968528748,0,2026-09-16 01:00:00+00:00
1789524000000,0.7995399832725525,0.800849974155426,0.7992500066757202,0.8006799817085266,0,2026-09-16 02:00:00+00:00
1789527600000,0.8006600141525269,0.8008400201797485,0.7993500232696533,0.7994599938392639,0,2026-09-16 03:00:00+00:00
1789531200000,0.7994599938392639,0.8001999855041504,0.7994300127029419,0.800029993057251,0,2026-09-16 04:00:00+00:00
1789534800000,0.800000011920929,0.8010900020599365,0.799780011177063,0.8007500171661377,0,2026-09-16 05:00:00+00:00
1789538400000,0.8007500171661377,0.8021000027656555,0.8007100224494934,0.8020099997520447,0,2026-09-16 06:00:00+00:00
1789542000000,0.8020099997520447,0.8023399710655212,0.8012599945068359,0.8015000224113464,0,2026-09-16 07:00:00+00:00
1789545600000,0.8014900088310242,0.8020399808883667,0.801069974899292,0.8015199899673462,0,2026-09-16 08:00:00+00:00
1789549200000,0.8015199899673462,0.8019199967384338,0.7999799847602844,0.8017600178718567,0,2026-09-16 09:00:00+00:00
1789552800000,0.8017899990081787,0.8024200201034546,0.8014199733734131,0.8020399808883667,0,2026-09-16 10:00:00+00:00
1789556400000,0.8021600246429443,0.8032699823379517,0.8012599945068359,0.8030700087547302,0,2026-09-16 11:00:00+00:00
1789560000000,0.8030800223350525,0.8033300042152405,0.8021600246429443,0.802299976348877,0,2026-09-16 12:00:00+00:00
1789563600000,0.802299976348877,0.8029900193214417,0.8019000291824341,0.8023599982261658,0,2026-09-16 13:00:00+00:00
1789567200000,0.8023599982261658,0.802649974822998,0.8018800020217896,0.8026099801063538,0,2026-09-16 14:00:00+00:00
1789570800000,0.8026000261306763,0.8032600283622742,0.8020399808883667,0.8022900223731995,0,2026-09-16 15:00:00+00:00
1789574400000,0.8022400140762329,0.8028500080108643,0.8019300103187561,0.8025599718093872,0,2026-09-16 16:00:00+00:00
1789578000000,0.8025500178337097,0.8028900027275085,0.8020399808883667,0.8027300238609314,0,2026-09-16 17:00:00+00:00
1789581600000,0.8027200102806091,0.803380012512207,0.799049973487854,0.7992799878120422,0,2026-09-16 18:00:00+00:00
1789585200000,0.7991899847984314,0.8003399968147278,0.7978600263595581,0.7991499900817871,0,2026-09-16 19:00:00+00:00
1789588800000,0.7992200255393982,0.7993599772453308,0.7985100150108337,0.7990599870681763,0,2026-09-16 20:00:00+00:00
1789592400000,0.7990400195121765,0.8001700043678284,0.7977499961853027,0.7983899712562561,0,2026-09-16 21:00:00+00:00
1789596000000,0.7984499931335449,0.801110029220581,0.7976899743080139,0.8004500269889832,0,2026-09-16 22:00:00+00:00
1789599600000,0.8004699945449829,0.8010600209236145,0.7997000217437744,0.7997499704360962,0,2026-09-16 23:00:00+00:00
1789603200000,0.7997499704360962,0.8003600239753723,0.798799991607666,0.7989000082015991,0,2026-09-17 00:00:00+00:00
1789606800000,0.7990000247955322,0.8000800013542175,0.7989000082015991,0.7997000217437744,0,2026-09-17 01:00:00+00:00
1789610400000,0.7997000217437744,0.8005200028419495,0.799589991569519,0.8002099990844727,0,2026-09-17 02:00:00+00:00
1789614000000,0.8002200126647949,0.8007599711418152,0.800059974193573,0.8006700277328491,0,2026-09-17 03:00:00+00:00
1789617600000,0.8006700277328491,0.8012499809265137,0.8004900217056274,0.8010600209236145,0,2026-09-17 04:00:00+00:00
1789621200000,0.801069974899292,0.8013100028038025,0.8004400134086609,0.8011599779129028,0,2026-09-17 05:00:00+00:00
1789624800000,0.8011599779129028,0.8027300238609314,0.8011299967765808,0.8023399710655212,0,2026-09-17 06:00:00+00:00
1789628400000,0.8023300170898438,0.8024799823760986,0.8016800284385681,0.8018800020217896,0,2026-09-17 07:00:00+00:00
1789632000000,0.801859974861145,0.8021900057792664,0.8008000254631042,0.8021199703216553,0,2026-09-17 08:00:00+00:00
1789635600000,0.802079975605011,0.8024200201034546,0.8009399771690369,0.8020099997520447,0,2026-09-17 09:00:00+00:00
1789639200000,0.8020399808883667,0.8029000163078308,0.8019800186157227,0.8027899861335754,0,2026-09-17 10:00:00+00:00
1789642800000,0.8027999997138977,0.8030700087547302,0.8020899891853333,0.8027600049972534,0,2026-09-17 11:00:00+00:00
1789646400000,0.8027700185775757,0.8039199709892273,0.8025000095367432,0.8027300238609314,0,2026-09-17 12:00:00+00:00
1789650000000,0.8027300238609314,0.8033400177955627,0.8022099733352661,0.802649974822998,0,2026-09-17 13:00:00+00:00
1789653600000,0.8026599884033203,0.8029400110244751,0.8017899990081787,0.8019199967384338,0,2026-09-17 14:00:00+00:00
1789657200000,0.8019199967384338,0.8021600246429443,0.8006200194358826,0.8021100163459778,0,2026-09-17 15:00:00+00:00
1789660800000,0.8021100163459778,0.802299976348877,0.8009499907493591,0.8011900186538696,0,2026-09-17 16:00:00+00:00
1789664400000,0.8011900186538696,0.8014900088310242,0.80103999376297,0.8014000058174133,0,2026-09-17 17:00:00+00:00
1789668000000,0.8014100193977356,0.8015699982643127,0.8012599945068359,0.8014900088310242,0,2026-09-17 18:00:00+00:00
1789671600000,0.8015099763870239,0.8018800020217896,0.8009799718856812,0.8017100095748901,0,2026-09-17 19:00:00+00:00
1789675200000,0.8017100095748901,0.8019400238990784,0.8014299869537354,0.8015599846839905,0,2026-09-17 20:00:00+00:00
1789678800000,0.8012999892234802,0.8026300072669983,0.8001800179481506,0.8012400269508362,0,2026-09-17 21:00:00+00:00
1789682400000,0.8019800186157227,0.8019800186157227,0.8004099726676941,0.8015699982643127,0,2026-09-17 22:00:00+00:00
1789686000000,0.8015499711036682,0.801859974861145,0.8010299801826477,0.801110029220581,0,2026-09-17 23:00:00+00:00
1789689600000,0.8011000156402588,0.8011400103569031,0.8001199960708618,0.8002499938011169,0,2026-09-18 00:00:00+00:00
1789693200000,0.800279974937439,0.8004099726676941,0.7996199727058411,0.8000100255012512,0,2026-09-18 01:00:00+00:00
1789696800000,0.8000100255012512,0.8000900149345398,0.7992900013923645,0.7996100187301636,0,2026-09-18 02:00:00+00:00
1789700400000,0.7996199727058411,0.8014000058174133,0.7993199825286865,0.8013200163841248,0,2026-09-18 03:00:00+00:00
1789704000000,0.8013200163841248,0.8023300170898438,0.8009200096130371,0.8010500073432922,0,2026-09-18 04:00:00+00:00
1789707600000,0.801010012626648,0.8011800050735474,0.8005899786949158,0.8008999824523926,0,2026-09-18 05:00:00+00:00
1789711200000,0.8009999990463257,0.801580011844635,0.8006500005722046,0.8011299967765808,0,2026-09-18 06:00:00+00:00
1789714800000,0.8011199831962585,0.8012099862098694,0.7996600270271301,0.8004099726676941,0,2026-09-18 07:00:00+00:00
1789718400000,0.8004500269889832,0.80103999376297,0.8002300262451172,0.8007400035858154,0,2026-09-18 08:00:00+00:00
1789722000000,0.8007299900054932,0.8012700080871582,0.7998700141906738,0.7998700141906738,0,2026-09-18 09:00:00+00:00
1789725600000,0.7999899983406067,0.8005599975585938,0.7997699975967407,0.8004999756813049,0,2026-09-18 10:00:00+00:00
1789729200000,0.8005599975585938,0.8008400201797485,0.799340009689331,0.8000699877738953,0,2026-09-18 11:00:00+00:00
1789732800000,0.8000900149345398,0.8004400134086609,0.7994099855422974,0.7997199892997742,0,2026-09-18 12:00:00+00:00
1789736400000,0.7997000217437744,0.799809992313385,0.7988799810409546,0.7993500232696533,0,2026-09-18 13:00:00+00:00
1789740000000,0.7993199825286865,0.8002499938011169,0.7992500066757202,0.7998499870300293,0,2026-09-18 14:00:00+00:00
1789743600000,0.7998499870300293,0.8000199794769287,0.7993999719619751,0.7997000217437744,0,2026-09-18 15:00:00+00:00
1789747200000,0.7996900081634521,0.8006700277328491,0.7995700240135193,0.8004999756813049,0,2026-09-18 16:00:00+00:00
1789750800000,0.8005200028419495,0.8012599945068359,0.8004299998283386,0.800790011882782,0,2026-09-18 17:00:00+00:00
1789754400000,0.800819993019104,0.8009999990463257,0.800570011138916,0.8006899952888489,0,2026-09-18 18:00:00+00:00
1789758000000,0.8006399869918823,0.8009099960327148,0.8004299998283386,0.800849974155426,0,2026-09-18 19:00:00+00:00
1789761600000,0.8008800148963928,0.8009399771690369,0.799049973487854,0.8000900149345398,0,2026-09-18 20:00:00+00:00
1789765200000,0.8003000020980835,0.8003000020980835,0.8003000020980835,0.8003000020980835,0,2026-09-18 21:00:00+00:00
