time,open,high,low,close,volume,datetime
1759924800000,1.1629259586334229,1.164686679840088,1.1606314182281494,1.1609008312225342,0,2025-10-08 12:00:00+00:00
1759939200000,1.1609008312225342,1.163061261177063,1.1602274179458618,1.163061261177063,0,2025-10-08 16:00:00+00:00
1759953600000,1.1631964445114136,1.163873314857483,1.1629259586334229,1.1633317470550537,0,2025-10-08 20:00:00+00:00
1759968000000,1.1633317470550537,1.1650937795639038,1.1633317470550537,1.1648223400115967,0,2025-10-09 00:00:00+00:00
1759982400000,1.1648223400115967,1.1650937795639038,1.1610356569290161,1.161440134048462,0,2025-10-09 04:00:00+00:00
1759996800000,1.161440134048462,1.163061261177063,1.1607661247253418,1.1615750789642334,0,2025-10-09 08:00:00+00:00
1760011200000,1.1617100238800049,1.16225004196167,1.1551345586776733,1.1560693979263306,0,2025-10-09 12:00:00+00:00
1760025600000,1.156336784362793,1.1568717956542969,1.1548677682876587,1.156336784362793,0,2025-10-09 16:00:00+00:00
1760040000000,1.156336784362793,1.1574074029922485,1.1559356451034546,1.1568717956542969,0,2025-10-09 20:00:00+00:00
1760054400000,1.1570056676864624,1.1576753854751587,1.1564704179763794,1.1576753854751587,0,2025-10-10 00:00:00+00:00
1760068800000,1.1576753854751587,1.1582117080688477,1.1564704179763794,1.1582117080688477,0,2025-10-10 04:00:00+00:00
1760083200000,1.158077597618103,1.159151554107666,1.1566041707992554,1.1566041707992554,0,2025-10-10 08:00:00+00:00
1760097600000,1.156738042831421,1.1633317470550537,1.156336784362793,1.161440134048462,0,2025-10-10 12:00:00+00:00
1760112000000,1.1619800329208374,1.1627906560897827,1.160092830657959,1.1615750789642334,0,2025-10-10 16:00:00+00:00
1760126400000,1.1615750789642334,1.1631964445114136,1.1609008312225342,1.163061261177063,0,2025-10-10 20:00:00+00:00
1760299200000,1.1606314182281494,1.16130530834198,1.160496711730957,1.160496711730957,0,2025-10-12 20:00:00+00:00
1760313600000,1.160496711730957,1.163061261177063,1.1603620052337646,1.1623852252960205,0,2025-10-13 00:00:00+00:00
1760328000000,1.1623852252960205,1.1633317470550537,1.1603620052337646,1.1603620052337646,0,2025-10-13 04:00:00+00:00
1760342400000,1.1603620052337646,1.1606314182281494,1.1568717956542969,1.1570056676864624,0,2025-10-13 08:00:00+00:00
1760356800000,1.157273530960083,1.1579434871673584,1.156203031539917,1.1578094959259033,0,2025-10-13 12:00:00+00:00
1760371200000,1.1578094959259033,1.158077597618103,1.1570056676864624,1.1570056676864624,0,2025-10-13 16:00:00+00:00
1760385600000,1.1570056676864624,1.1582117080688477,1.156738042831421,1.1568717956542969,0,2025-10-13 20:00:00+00:00
1760400000000,1.1570056676864624,1.1584800481796265,1.1559356451034546,1.1582117080688477,0,2025-10-14 00:00:00+00:00
1760414400000,1.1582117080688477,1.15968918800354,1.1547343730926514,1.1552680730819702,0,2025-10-14 04:00:00+00:00
1760428800000,1.155001163482666,1.1566041707992554,1.155001163482666,1.1555349826812744,0,2025-10-14 08:00:00+00:00
1760443200000,1.1559356451034546,1.161170482635498,1.1552680730819702,1.161170482635498,0,2025-10-14 12:00:00+00:00
1760457600000,1.161170482635498,1.1618449687957764,1.160496711730957,1.1609008312225342,0,2025-10-14 16:00:00+00:00
1760472000000,1.1610356569290161,1.1615750789642334,1.1603620052337646,1.1606314182281494,0,2025-10-14 20:00:00+00:00
1760486400000,1.1606314182281494,1.1629259586334229,1.1606314182281494,1.162520408630371,0,2025-10-15 00:00:00+00:00
1760500800000,1.1626555919647217,1.164686679840088,1.1621150970458984,1.163873314857483,0,2025-10-15 04:00:00+00:00
1760515200000,1.1640088558197021,1.1648223400115967,1.1623852252960205,1.1623852252960205,0,2025-10-15 08:00:00+00:00
1760529600000,1.16225004196167,1.1648223400115967,1.161440134048462,1.1640088558197021,0,2025-10-15 12:00:00+00:00
1760544000000,1.163873314857483,1.1648223400115967,1.163061261177063,1.1648223400115967,0,2025-10-15 16:00:00+00:00
1760558400000,1.1648223400115967,1.1659088134765625,1.164686679840088,1.164958119392395,0,2025-10-15 20:00:00+00:00
1760572800000,1.1648223400115967,1.1678149700164795,1.164686679840088,1.1665889024734497,0,2025-10-16 00:00:00+00:00
1760587200000,1.1664528846740723,1.1669973134994507,1.1648223400115967,1.1655012369155884,0,2025-10-16 04:00:00+00:00
1760601600000,1.1653653383255005,1.1665889024734497,1.1650937795639038,1.1656370162963867,0,2025-10-16 08:00:00+00:00
1760616000000,1.1656370162963867,1.1682243347167969,1.1653653383255005,1.1668611764907837,0,2025-10-16 12:00:00+00:00
1760630400000,1.1671334505081177,1.1697274446487427,1.1669973134994507,1.1693171262741089,0,2025-10-16 16:00:00+00:00
1760644800000,1.1691803932189941,1.1702749729156494,1.1680878400802612,1.1702749729156494,0,2025-10-16 20:00:00+00:00
1760659200000,1.1702749729156494,1.1715089082717896,1.169864296913147,1.1712344884872437,0,2025-10-17 00:00:00+00:00
1760673600000,1.1713716983795166,1.1730204820632935,1.1700011491775513,1.1715089082717896,0,2025-10-17 04:00:00+00:00
1760688000000,1.171783447265625,1.1719207763671875,1.1684973239898682,1.168770432472229,0,2025-10-17 08:00:00+00:00
1760702400000,1.168770432472229,1.168770432472229,1.16604483127594,1.1675423383712769,0,2025-10-17 12:00:00+00:00
1760716800000,1.1674060821533203,1.1682243347167969,1.1668611764907837,1.1674060821533203,0,2025-10-17 16:00:00+00:00
1760731200000,1.1672697067260742,1.1674060821533203,1.1653653383255005,1.1655012369155884,0,2025-10-17 20:00:00+00:00
1760904000000,1.1659088134765625,1.1664528846740723,1.1657729148864746,1.1661807298660278,0,2025-10-19 20:00:00+00:00
1760918400000,1.1663167476654053,1.1674060821533203,1.16604483127594,1.1671334505081177,0,2025-10-20 00:00:00+00:00
1760932800000,1.1671334505081177,1.1679514646530151,1.1657729148864746,1.1665889024734497,0,2025-10-20 04:00:00+00:00
1760947200000,1.1664528846740723,1.1671334505081177,1.1648223400115967,1.1659088134765625,0,2025-10-20 08:00:00+00:00
1760961600000,1.1661807298660278,1.1667250394821167,1.164958119392395,1.1659088134765625,0,2025-10-20 12:00:00+00:00
1760976000000,1.1657729148864746,1.16604483127594,1.1642799377441406,1.1644154787063599,0,2025-10-20 16:00:00+00:00
1760990400000,1.1644154787063599,1.1650937795639038,1.1631964445114136,1.164686679840088,0,2025-10-20 20:00:00+00:00
1761004800000,1.1648223400115967,1.1659088134765625,1.163602590560913,1.1637378931045532,0,2025-10-21 00:00:00+00:00
1761019200000,1.1637378931045532,1.163873314857483,1.1623852252960205,1.1629259586334229,0,2025-10-21 04:00:00+00:00
1761033600000,1.1626555919647217,1.163061261177063,1.1610356569290161,1.1615750789642334,0,2025-10-21 08:00:00+00:00
1761048000000,1.1615750789642334,1.1621150970458984,1.1602274179458618,1.1618449687957764,0,2025-10-21 12:00:00+00:00
1761062400000,1.1621150970458984,1.1626555919647217,1.1603620052337646,1.1603620052337646,0,2025-10-21 16:00:00+00:00
1761076800000,1.1603620052337646,1.1610356569290161,1.1598236560821533,1.1602274179458618,0,2025-10-21 20:00:00+00:00
1761091200000,1.1602274179458618,1.161440134048462,1.1602274179458618,1.1610356569290161,0,2025-10-22 00:00:00+00:00
1761105600000,1.161170482635498,1.1618449687957764,1.1603620052337646,1.1603620052337646,0,2025-10-22 04:00:00+00:00
1761120000000,1.1602274179458618,1.160496711730957,1.1586142778396606,1.1586142778396606,0,2025-10-22 08:00:00+00:00
1761134400000,1.1586142778396606,1.1619800329208374,1.158077597618103,1.161440134048462,0,2025-10-22 12:00:00+00:00
1761148800000,1.1615750789642334,1.162520408630371,1.1609008312225342,1.1609008312225342,0,2025-10-22 16:00:00+00:00
1761163200000,1.1609008312225342,1.1618449687957764,1.1609008312225342,1.1610356569290161,0,2025-10-22 20:00:00+00:00
1761177600000,1.1610356569290161,1.1610356569290161,1.1595547199249268,1.15968918800354,0,2025-10-23 00:00:00+00:00
1761192000000,1.1595547199249268,1.1606314182281494,1.1594202518463135,1.1603620052337646,0,2025-10-23 04:00:00+00:00
1761206400000,1.1602274179458618,1.1609008312225342,1.1588828563690186,1.1590172052383423,0,2025-10-23 08:00:00+00:00
1761220800000,1.1592857837677002,1.16225004196167,1.1590172052383423,1.161440134048462,0,2025-10-23 12:00:00+00:00
1761235200000,1.1617100238800049,1.16225004196167,1.1607661247253418,1.1619800329208374,0,2025-10-23 16:00:00+00:00
1761249600000,1.1618449687957764,1.162520408630371,1.1617100238800049,1.1621150970458984,0,2025-10-23 20:00:00+00:00
1761264000000,1.1621150970458984,1.162520408630371,1.161170482635498,1.16130530834198,0,2025-10-24 00:00:00+00:00
1761278400000,1.161170482635498,1.163061261177063,1.160496711730957,1.16225004196167,0,2025-10-24 04:00:00+00:00
1761292800000,1.1623852252960205,1.162520408630371,1.1609008312225342,1.1618449687957764,0,2025-10-24 08:00:00+00:00
1761307200000,1.1618449687957764,1.164958119392395,1.16130530834198,1.1629259586334229,0,2025-10-24 12:00:00+00:00
1761321600000,1.1629259586334229,1.163602590560913,1.162520408630371,1.1634671688079834,0,2025-10-24 16:00:00+00:00
1761336000000,1.163602590560913,1.163873314857483,1.162520408630371,1.1631964445114136,0,2025-10-24 20:00:00+00:00
1761523200000,1.1634671688079834,1.1650937795639038,1.163061261177063,1.163061261177063,0,2025-10-27 00:00:00+00:00
1761537600000,1.163061261177063,1.163602590560913,1.1623852252960205,1.1623852252960205,0,2025-10-27 04:00:00+00:00
1761552000000,1.16225004196167,1.1650937795639038,1.1621150970458984,1.164958119392395,0,2025-10-27 08:00:00+00:00
1761566400000,1.164958119392395,1.1653653383255005,1.163602590560913,1.163873314857483,0,2025-10-27 12:00:00+00:00
1761580800000,1.163873314857483,1.1655012369155884,1.163602590560913,1.164958119392395,0,2025-10-27 16:00:00+00:00
1761595200000,1.1650937795639038,1.1657729148864746,1.164686679840088,1.1655012369155884,0,2025-10-27 20:00:00+00:00
1761609600000,1.1653653383255005,1.1667250394821167,1.164958119392395,1.1663167476654053,0,2025-10-28 00:00:00+00:00
1761624000000,1.1663167476654053,1.1671334505081177,1.1655012369155884,1.1657729148864746,0,2025-10-28 04:00:00+00:00
1761638400000,1.1657729148864746,1.1668611764907837,1.1650937795639038,1.1661807298660278,0,2025-10-28 08:00:00+00:00
1761652800000,1.1661807298660278,1.1669973134994507,1.1629259586334229,1.1661807298660278,0,2025-10-28 12:00:00+00:00
1761667200000,1.1661807298660278,1.1671334505081177,1.1656370162963867,1.1656370162963867,0,2025-10-28 16:00:00+00:00
1761681600000,1.1656370162963867,1.16604483127594,1.1652295589447021,1.1659088134765625,0,2025-10-28 20:00:00+00:00
1761696000000,1.1659088134765625,1.1664528846740723,1.1640088558197021,1.1640088558197021,0,2025-10-29 00:00:00+00:00
1761710400000,1.1640088558197021,1.1640088558197021,1.1629259586334229,1.163602590560913,0,2025-10-29 04:00:00+00:00
1761724800000,1.163602590560913,1.1652295589447021,1.1623852252960205,1.1642799377441406,0,2025-10-29 08:00:00+00:00
1761739200000,1.1644154787063599,1.1667250394821167,1.1631964445114136,1.1667250394821167,0,2025-10-29 12:00:00+00:00
1761753600000,1.1667250394821167,1.1668611764907837,1.1582117080688477,1.1603620052337646,0,2025-10-29 16:00:00+00:00
1761768000000,1.1603620052337646,1.161440134048462,1.1595547199249268,1.1606314182281494,0,2025-10-29 20:00:00+00:00
1761782400000,1.1606314182281494,1.16225004196167,1.160092830657959,1.1618449687957764,0,2025-10-30 00:00:00+00:00
1761796800000,1.1618449687957764,1.163873314857483,1.161440134048462,1.1621150970458984,0,2025-10-30 04:00:00+00:00
1761811200000,1.1621150970458984,1.163061261177063,1.1599582433700562,1.160092830657959,0,2025-10-30 08:00:00+00:00
1761825600000,1.160092830657959,1.1602274179458618,1.1551345586776733,1.156738042831421,0,2025-10-30 12:00:00+00:00
1761840000000,1.156738042831421,1.1574074029922485,1.156203031539917,1.156738042831421,0,2025-10-30 16:00:00+00:00
1761854400000,1.156738042831421,1.1576753854751587,1.156738042831421,1.1575413942337036,0,2025-10-30 20:00:00+00:00
1761868800000,1.1575413942337036,1.158077597618103,1.1568717956542969,1.157139539718628,0,2025-10-31 00:00:00+00:00
1761883200000,1.1570056676864624,1.1578094959259033,1.1559356451034546,1.1568717956542969,0,2025-10-31 04:00:00+00:00
1761897600000,1.156738042831421,1.158077597618103,1.156203031539917,1.1570056676864624,0,2025-10-31 08:00:00+00:00
1761912000000,1.1568717956542969,1.1570056676864624,1.1526048183441162,1.154334545135498,0,2025-10-31 12:00:00+00:00
1761926400000,1.154334545135498,1.1547343730926514,1.1524720191955566,1.1528706550598145,0,2025-10-31 16:00:00+00:00
1761940800000,1.1530035734176636,1.154334545135498,1.1530035734176636,1.154334545135498,0,2025-10-31 20:00:00+00:00
1762128000000,1.1532695293426514,1.1538017988204956,1.1526048183441162,1.1536686420440674,0,2025-11-03 00:00:00+00:00
1762142400000,1.1536686420440674,1.1544678211212158,1.1535356044769287,1.154334545135498,0,2025-11-03 04:00:00+00:00
1762156800000,1.154068112373352,1.154068112373352,1.151145339012146,1.1519410610198975,0,2025-11-03 08:00:00+00:00
1762171200000,1.1518083810806274,1.1528706550598145,1.1508804559707642,1.1528706550598145,0,2025-11-03 12:00:00+00:00
1762185600000,1.1528706550598145,1.154068112373352,1.1520737409591675,1.1522064208984375,0,2025-11-03 16:00:00+00:00
1762200000000,1.152339220046997,1.1527377367019653,1.1519410610198975,1.1522064208984375,0,2025-11-03 20:00:00+00:00
1762214400000,1.1518083810806274,1.1520737409591675,1.15035080909729,1.1516757011413574,0,2025-11-04 00:00:00+00:00
1762228800000,1.1516757011413574,1.1535356044769287,1.151145339012146,1.1530035734176636,0,2025-11-04 04:00:00+00:00
1762243200000,1.1531364917755127,1.1531364917755127,1.1492931842803955,1.1492931842803955,0,2025-11-04 08:00:00+00:00
1762257600000,1.1494252681732178,1.1499539613723755,1.1477103233337402,1.1495574712753296,0,2025-11-04 12:00:00+00:00
1762272000000,1.1495574712753296,1.1498217582702637,1.1482374668121338,1.1482374668121338,0,2025-11-04 16:00:00+00:00
1762286400000,1.1481056213378906,1.1491611003875732,1.1478420495986938,1.1487650871276855,0,2025-11-04 20:00:00+00:00
1762300800000,1.1488970518112183,1.1500862836837769,1.148369312286377,1.1491611003875732,0,2025-11-05 00:00:00+00:00
1762315200000,1.1491611003875732,1.1496896743774414,1.1487650871276855,1.1490291357040405,0,2025-11-05 04:00:00+00:00
1762329600000,1.1490291357040405,1.1499539613723755,1.1479737758636475,1.1491611003875732,0,2025-11-05 08:00:00+00:00
1762344000000,1.1492931842803955,1.1496896743774414,1.147315263748169,1.1482374668121338,0,2025-11-05 12:00:00+00:00
1762358400000,1.1482374668121338,1.1490291357040405,1.147446870803833,1.1488970518112183,0,2025-11-05 16:00:00+00:00
1762372800000,1.1490291357040405,1.1499539613723755,1.1490291357040405,1.1499539613723755,0,2025-11-05 20:00:00+00:00
1762387200000,1.1498217582702637,1.151145339012146,1.1496896743774414,1.151012897491455,0,2025-11-06 00:00:00+00:00
1762401600000,1.151012897491455,1.1516757011413574,1.1507480144500732,1.151145339012146,0,2025-11-06 04:00:00+00:00
1762416000000,1.1512778997421265,1.1526048183441162,1.151012897491455,1.152339220046997,0,2025-11-06 08:00:00+00:00
1762430400000,1.1520737409591675,1.1547343730926514,1.1518083810806274,1.154334545135498,0,2025-11-06 12:00:00+00:00
1762444800000,1.1542012691497803,1.1555349826812744,1.1535356044769287,1.1547343730926514,0,2025-11-06 16:00:00+00:00
1762459200000,1.1548677682876587,1.1555349826812744,1.1546010971069336,1.1551345586776733,0,2025-11-06 20:00:00+00:00
1762473600000,1.155001163482666,1.1551345586776733,1.1538017988204956,1.1542012691497803,0,2025-11-07 00:00:00+00:00
1762488000000,1.154068112373352,1.1542012691497803,1.15340256690979,1.1536686420440674,0,2025-11-07 04:00:00+00:00
1762502400000,1.1536686420440674,1.156336784362793,1.15340256690979,1.156203031539917,0,2025-11-07 08:00:00+00:00
1762516800000,1.1560693979263306,1.1592857837677002,1.1558021306991577,1.1575413942337036,0,2025-11-07 12:00:00+00:00
1762531200000,1.1576753854751587,1.1586142778396606,1.1559356451034546,1.156336784362793,0,2025-11-07 16:00:00+00:00
1762545600000,1.156203031539917,1.1570056676864624,1.1560693979263306,1.1570056676864624,0,2025-11-07 20:00:00+00:00
1762732800000,1.1546010971069336,1.156336784362793,1.1546010971069336,1.1558021306991577,0,2025-11-10 00:00:00+00:00
1762747200000,1.1558021306991577,1.1574074029922485,1.1555349826812744,1.157139539718628,0,2025-11-10 04:00:00+00:00
1762761600000,1.1570056676864624,1.1586142778396606,1.1558021306991577,1.156738042831421,0,2025-11-10 08:00:00+00:00
1762776000000,1.156738042831421,1.158077597618103,1.155001163482666,1.155001163482666,0,2025-11-10 12:00:00+00:00
1762790400000,1.1548677682876587,1.1568717956542969,1.1544678211212158,1.1564704179763794,0,2025-11-10 16:00:00+00:00
1762804800000,1.1564704179763794,1.156738042831421,1.1558021306991577,1.1559356451034546,0,2025-11-10 20:00:00+00:00
1762819200000,1.1559356451034546,1.156203031539917,1.1551345586776733,1.1559356451034546,0,2025-11-11 00:00:00+00:00
1762833600000,1.1559356451034546,1.1568717956542969,1.155401587486267,1.156336784362793,0,2025-11-11 04:00:00+00:00
1762848000000,1.1564704179763794,1.158077597618103,1.1556684970855713,1.1576753854751587,0,2025-11-11 08:00:00+00:00
1762862400000,1.1575413942337036,1.1609008312225342,1.157273530960083,1.1598236560821533,0,2025-11-11 12:00:00+00:00
1762876800000,1.1598236560821533,1.1602274179458618,1.1587486267089844,1.1587486267089844,0,2025-11-11 16:00:00+00:00
1762891200000,1.1587486267089844,1.1592857837677002,1.1575413942337036,1.1590172052383423,0,2025-11-11 20:00:00+00:00
1762905600000,1.1590172052383423,1.1590172052383423,1.1578094959259033,1.158077597618103,0,2025-11-12 00:00:00+00:00
1762920000000,1.158077597618103,1.159151554107666,1.1574074029922485,1.1586142778396606,0,2025-11-12 04:00:00+00:00
1762934400000,1.1587486267089844,1.1590172052383423,1.1568717956542969,1.1579434871673584,0,2025-11-12 08:00:00+00:00
1762948800000,1.1582117080688477,1.1598236560821533,1.1566041707992554,1.1598236560821533,0,2025-11-12 12:00:00+00:00
1762963200000,1.15968918800354,1.160092830657959,1.1587486267089844,1.1590172052383423,0,2025-11-12 16:00:00+00:00
1762977600000,1.1588828563690186,1.1603620052337646,1.1588828563690186,1.1594202518463135,0,2025-11-12 20:00:00+00:00
1762992000000,1.1595547199249268,1.1595547199249268,1.1583458185195923,1.1592857837677002,0,2025-11-13 00:00:00+00:00
1763006400000,1.1592857837677002,1.1615750789642334,1.1583458185195923,1.1615750789642334,0,2025-11-13 04:00:00+00:00
1763020800000,1.1615750789642334,1.1637378931045532,1.1609008312225342,1.1609008312225342,0,2025-11-13 08:00:00+00:00
1763035200000,1.1610356569290161,1.1645511388778687,1.1610356569290161,1.1642799377441406,0,2025-11-13 12:00:00+00:00
1763049600000,1.1642799377441406,1.1657729148864746,1.163873314857483,1.163873314857483,0,2025-11-13 16:00:00+00:00
1763064000000,1.163873314857483,1.1644154787063599,1.1626555919647217,1.1633317470550537,0,2025-11-13 20:00:00+00:00
1763078400000,1.1633317470550537,1.1648223400115967,1.163061261177063,1.1641442775726318,0,2025-11-14 00:00:00+00:00
1763092800000,1.1641442775726318,1.1652295589447021,1.1637378931045532,1.1637378931045532,0,2025-11-14 04:00:00+00:00
1763107200000,1.163602590560913,1.163873314857483,1.16130530834198,1.16225004196167,0,2025-11-14 08:00:00+00:00
1763121600000,1.16225004196167,1.1656370162963867,1.1610356569290161,1.1615750789642334,0,2025-11-14 12:00:00+00:00
1763136000000,1.1615750789642334,1.1626555919647217,1.161170482635498,1.1621150970458984,0,2025-11-14 16:00:00+00:00
1763150400000,1.1621150970458984,1.1626555919647217,1.1619800329208374,1.162520408630371,0,2025-11-14 20:00:00+00:00
1763337600000,1.1618449687957764,1.1618449687957764,1.160092830657959,1.1602274179458618,0,2025-11-17 00:00:00+00:00
1763352000000,1.1602274179458618,1.1618449687957764,1.1598236560821533,1.1615750789642334,0,2025-11-17 04:00:00+00:00
1763366400000,1.1615750789642334,1.1618449687957764,1.1598236560821533,1.160496711730957,0,2025-11-17 08:00:00+00:00
1763380800000,1.160496711730957,1.1607661247253418,1.1586142778396606,1.160092830657959,0,2025-11-17 12:00:00+00:00
1763395200000,1.160092830657959,1.160496711730957,1.1587486267089844,1.1587486267089844,0,2025-11-17 16:00:00+00:00
1763409600000,1.1586142778396606,1.1598236560821533,1.1586142778396606,1.1592857837677002,0,2025-11-17 20:00:00+00:00
1763424000000,1.1592857837677002,1.1599582433700562,1.1588828563690186,1.1595547199249268,0,2025-11-18 00:00:00+00:00
1763438400000,1.1595547199249268,1.160496711730957,1.1592857837677002,1.1595547199249268,0,2025-11-18 04:00:00+00:00
1763452800000,1.1595547199249268,1.1610356569290161,1.1583458185195923,1.1588828563690186,0,2025-11-18 08:00:00+00:00
1763467200000,1.1587486267089844,1.1610356569290161,1.1584800481796265,1.1584800481796265,0,2025-11-18 12:00:00+00:00
1763481600000,1.1584800481796265,1.1590172052383423,1.1575413942337036,1.1588828563690186,0,2025-11-18 16:00:00+00:00
1763496000000,1.1588828563690186,1.1590172052383423,1.158077597618103,1.1583458185195923,0,2025-11-18 20:00:00+00:00
1763510400000,1.1583458185195923,1.1587486267089844,1.1576753854751587,1.1586142778396606,0,2025-11-19 00:00:00+00:00
1763524800000,1.1587486267089844,1.1599582433700562,1.158077597618103,1.1583458185195923,0,2025-11-19 04:00:00+00:00
1763539200000,1.1590172052383423,1.159151554107666,1.1570056676864624,1.1590172052383423,0,2025-11-19 08:00:00+00:00
1763553600000,1.159151554107666,1.1594202518463135,1.1544678211212158,1.155001163482666,0,2025-11-19 12:00:00+00:00
1763568000000,1.155001163482666,1.155001163482666,1.1522064208984375,1.152339220046997,0,2025-11-19 16:00:00+00:00
1763582400000,1.1524720191955566,1.1544678211212158,1.1524720191955566,1.1542012691497803,0,2025-11-19 20:00:00+00:00
1763596800000,1.154068112373352,1.154068112373352,1.151410460472107,1.1516757011413574,0,2025-11-20 00:00:00+00:00
1763611200000,1.1516757011413574,1.1526048183441162,1.1516757011413574,1.1522064208984375,0,2025-11-20 04:00:00+00:00
1763625600000,1.152339220046997,1.1532695293426514,1.151543140411377,1.1518083810806274,0,2025-11-20 08:00:00+00:00
1763640000000,1.1518083810806274,1.1552680730819702,1.151145339012146,1.1530035734176636,0,2025-11-20 12:00:00+00:00
1763654400000,1.1532695293426514,1.1544678211212158,1.1528706550598145,1.154068112373352,0,2025-11-20 16:00:00+00:00
1763668800000,1.1542012691497803,1.1542012691497803,1.1527377367019653,1.1536686420440674,0,2025-11-20 20:00:00+00:00
1763683200000,1.1536686420440674,1.1542012691497803,1.1531364917755127,1.154068112373352,0,2025-11-21 00:00:00+00:00
1763697600000,1.1539349555969238,1.1551345586776733,1.1538017988204956,1.154334545135498,0,2025-11-21 04:00:00+00:00
1763712000000,1.154334545135498,1.1555349826812744,1.1508804559707642,1.151012897491455,0,2025-11-21 08:00:00+00:00
1763726400000,1.151145339012146,1.1528706550598145,1.1500862836837769,1.1506155729293823,0,2025-11-21 12:00:00+00:00
1763740800000,1.150483250617981,1.1520737409591675,1.1494252681732178,1.1516757011413574,0,2025-11-21 16:00:00+00:00
1763755200000,1.1516757011413574,1.1524720191955566,1.1512778997421265,1.1519410610198975,0,2025-11-21 20:00:00+00:00
1763942400000,1.151145339012146,1.1522064208984375,1.1506155729293823,1.1519410610198975,0,2025-11-24 00:00:00+00:00
1763956800000,1.1520737409591675,1.1531364917755127,1.151543140411377,1.151543140411377,0,2025-11-24 04:00:00+00:00
1763971200000,1.151543140411377,1.155001163482666,1.151543140411377,1.1548677682876587,0,2025-11-24 08:00:00+00:00
1763985600000,1.1548677682876587,1.1552680730819702,1.1522064208984375,1.1532695293426514,0,2025-11-24 12:00:00+00:00
1764000000000,1.15340256690979,1.15340256690979,1.151543140411377,1.1531364917755127,0,2025-11-24 16:00:00+00:00
1764014400000,1.1530035734176636,1.1531364917755127,1.1522064208984375,1.1522064208984375,0,2025-11-24 20:00:00+00:00
1764028800000,1.152339220046997,1.15340256690979,1.1520737409591675,1.1522064208984375,0,2025-11-25 00:00:00+00:00
1764043200000,1.1520737409591675,1.15340256690979,1.151543140411377,1.1524720191955566,0,2025-11-25 04:00:00+00:00
1764057600000,1.1526048183441162,1.1546010971069336,1.1524720191955566,1.1530035734176636,0,2025-11-25 08:00:00+00:00
1764072000000,1.1530035734176636,1.1587486267089844,1.1528706550598145,1.1566041707992554,0,2025-11-25 12:00:00+00:00
1764086400000,1.1566041707992554,1.1588828563690186,1.155401587486267,1.1587486267089844,0,2025-11-25 16:00:00+00:00
1764100800000,1.1587486267089844,1.1587486267089844,1.156203031539917,1.156738042831421,0,2025-11-25 20:00:00+00:00
1764115200000,1.1568717956542969,1.1595547199249268,1.156738042831421,1.1594202518463135,0,2025-11-26 00:00:00+00:00
1764129600000,1.1594202518463135,1.1599582433700562,1.158077597618103,1.1582117080688477,0,2025-11-26 04:00:00+00:00
1764144000000,1.1583458185195923,1.1583458185195923,1.1570056676864624,1.1578094959259033,0,2025-11-26 08:00:00+00:00
1764158400000,1.1575413942337036,1.15968918800354,1.1551345586776733,1.1592857837677002,0,2025-11-26 12:00:00+00:00
1764172800000,1.1595547199249268,1.1603620052337646,1.1588828563690186,1.1598236560821533,0,2025-11-26 16:00:00+00:00
1764187200000,1.1595547199249268,1.160496711730957,1.1595547199249268,1.160496711730957,0,2025-11-26 20:00:00+00:00
1764201600000,1.160496711730957,1.1617100238800049,1.1603620052337646,1.1606314182281494,0,2025-11-27 00:00:00+00:00
1764216000000,1.1606314182281494,1.1609008312225342,1.1588828563690186,1.1594202518463135,0,2025-11-27 04:00:00+00:00
1764230400000,1.1595547199249268,1.1599582433700562,1.158077597618103,1.1590172052383423,0,2025-11-27 08:00:00+00:00
1764244800000,1.1590172052383423,1.1603620052337646,1.1586142778396606,1.15968918800354,0,2025-11-27 12:00:00+00:00
1764259200000,1.1598236560821533,1.160496711730957,1.1594202518463135,1.1598236560821533,0,2025-11-27 16:00:00+00:00
1764273600000,1.1598236560821533,1.160496711730957,1.1595547199249268,1.1602274179458618,0,2025-11-27 20:00:00+00:00
1764288000000,1.1603620052337646,1.160496711730957,1.1584800481796265,1.1590172052383423,0,2025-11-28 00:00:00+00:00
1764302400000,1.159151554107666,1.1594202518463135,1.1582117080688477,1.1582117080688477,0,2025-11-28 04:00:00+00:00
1764316800000,1.1579434871673584,1.1583458185195923,1.1559356451034546,1.1570056676864624,0,2025-11-28 08:00:00+00:00
1764331200000,1.1568717956542969,1.1610356569290161,1.156738042831421,1.1610356569290161,0,2025-11-28 12:00:00+00:00
1764345600000,1.1606314182281494,1.1607661247253418,1.15968918800354,1.1606314182281494,0,2025-11-28 16:00:00+00:00
1764360000000,1.1606314182281494,1.1607661247253418,1.160092830657959,1.1602274179458618,0,2025-11-28 20:00:00+00:00
1764547200000,1.160496711730957,1.1618449687957764,1.1592857837677002,1.1599582433700562,0,2025-12-01 00:00:00+00:00
1764561600000,1.160092830657959,1.1615750789642334,1.1594202518463135,1.16130530834198,0,2025-12-01 04:00:00+00:00
1764576000000,1.1609008312225342,1.1634671688079834,1.1609008312225342,1.163061261177063,0,2025-12-01 08:00:00+00:00
1764590400000,1.163061261177063,1.1655012369155884,1.1626555919647217,1.1633317470550537,0,2025-12-01 12:00:00+00:00
1764604800000,1.1633317470550537,1.1637378931045532,1.1610356569290161,1.161170482635498,0,2025-12-01 16:00:00+00:00
1764619200000,1.16130530834198,1.161440134048462,1.1603620052337646,1.1610356569290161,0,2025-12-01 20:00:00+00:00
1764633600000,1.1610356569290161,1.1615750789642334,1.1607661247253418,1.1615750789642334,0,2025-12-02 00:00:00+00:00
1764648000000,1.1615750789642334,1.1618449687957764,1.1609008312225342,1.1615750789642334,0,2025-12-02 04:00:00+00:00
1764662400000,1.1617100238800049,1.1619800329208374,1.1603620052337646,1.161440134048462,0,2025-12-02 08:00:00+00:00
1764676800000,1.161440134048462,1.1626555919647217,1.1598236560821533,1.1609008312225342,0,2025-12-02 12:00:00+00:00
1764691200000,1.1610356569290161,1.1627906560897827,1.15968918800354,1.1626555919647217,0,2025-12-02 16:00:00+00:00
1764705600000,1.162520408630371,1.1631964445114136,1.1618449687957764,1.1631964445114136,0,2025-12-02 20:00:00+00:00
1764720000000,1.1631964445114136,1.1642799377441406,1.1631964445114136,1.1641442775726318,0,2025-12-03 00:00:00+00:00
1764734400000,1.1641442775726318,1.1656370162963867,1.1640088558197021,1.1644154787063599,0,2025-12-03 04:00:00+00:00
1764748800000,1.1644154787063599,1.1668611764907837,1.163873314857483,1.1668611764907837,0,2025-12-03 08:00:00+00:00
1764763200000,1.1668611764907837,1.1678149700164795,1.1659088134765625,1.1664528846740723,0,2025-12-03 12:00:00+00:00
1764777600000,1.1663167476654053,1.1680878400802612,1.16604483127594,1.1676785945892334,0,2025-12-03 16:00:00+00:00
1764792000000,1.1675423383712769,1.1676785945892334,1.1667250394821167,1.1669973134994507,0,2025-12-03 20:00:00+00:00
1764806400000,1.1668611764907837,1.1668611764907837,1.1657729148864746,1.1659088134765625,0,2025-12-04 00:00:00+00:00
1764820800000,1.1659088134765625,1.1668611764907837,1.1656370162963867,1.1668611764907837,0,2025-12-04 04:00:00+00:00
1764835200000,1.1668611764907837,1.168770432472229,1.1667250394821167,1.1683608293533325,0,2025-12-04 08:00:00+00:00
1764849600000,1.1683608293533325,1.1684973239898682,1.1661807298660278,1.1676785945892334,0,2025-12-04 12:00:00+00:00
1764864000000,1.1676785945892334,1.1676785945892334,1.1653653383255005,1.1656370162963867,0,2025-12-04 16:00:00+00:00
1764878400000,1.1653653383255005,1.1655012369155884,1.1644154787063599,1.1645511388778687,0,2025-12-04 20:00:00+00:00
1764892800000,1.1648223400115967,1.1657729148864746,1.1648223400115967,1.1652295589447021,0,2025-12-05 00:00:00+00:00
1764907200000,1.1652295589447021,1.1675423383712769,1.1652295589447021,1.1665889024734497,0,2025-12-05 04:00:00+00:00
1764921600000,1.1663167476654053,1.1667250394821167,1.1645511388778687,1.164958119392395,0,2025-12-05 08:00:00+00:00
1764936000000,1.1650937795639038,1.1663167476654053,1.1645511388778687,1.1650937795639038,0,2025-12-05 12:00:00+00:00
1764950400000,1.1650937795639038,1.1652295589447021,1.1631964445114136,1.164686679840088,0,2025-12-05 16:00:00+00:00
1764964800000,1.1645511388778687,1.164958119392395,1.1644154787063599,1.1645511388778687,0,2025-12-05 20:00:00+00:00
1765152000000,1.1644154787063599,1.1659088134765625,1.1644154787063599,1.1653653383255005,0,2025-12-08 00:00:00+00:00
1765166400000,1.1653653383255005,1.1674060821533203,1.1653653383255005,1.16604483127594,0,2025-12-08 04:00:00+00:00
1765180800000,1.1661807298660278,1.1667250394821167,1.1648223400115967,1.1655012369155884,0,2025-12-08 08:00:00+00:00
1765195200000,1.1653653383255005,1.1664528846740723,1.1621150970458984,1.1627906560897827,0,2025-12-08 12:00:00+00:00
1765209600000,1.1627906560897827,1.1648223400115967,1.1619800329208374,1.1642799377441406,0,2025-12-08 16:00:00+00:00
1765224000000,1.1642799377441406,1.1645511388778687,1.1631964445114136,1.1644154787063599,0,2025-12-08 20:00:00+00:00
1765238400000,1.1644154787063599,1.1655012369155884,1.1640088558197021,1.164958119392395,0,2025-12-09 00:00:00+00:00
1765252800000,1.164958119392395,1.1653653383255005,1.1641442775726318,1.1644154787063599,0,2025-12-09 04:00:00+00:00
1765267200000,1.1644154787063599,1.1659088134765625,1.1637378931045532,1.164686679840088,0,2025-12-09 08:00:00+00:00
1765281600000,1.164686679840088,1.164686679840088,1.1619800329208374,1.1631964445114136,0,2025-12-09 12:00:00+00:00
1765296000000,1.1631964445114136,1.1642799377441406,1.1621150970458984,1.163061261177063,0,2025-12-09 16:00:00+00:00
1765310400000,1.1631964445114136,1.1634671688079834,1.1627906560897827,1.1631964445114136,0,2025-12-09 20:00:00+00:00
1765324800000,1.1631964445114136,1.1631964445114136,1.162520408630371,1.1629259586334229,0,2025-12-10 00:00:00+00:00
1765339200000,1.163061261177063,1.1652295589447021,1.1629259586334229,1.1652295589447021,0,2025-12-10 04:00:00+00:00
1765353600000,1.1650937795639038,1.16604483127594,1.163061261177063,1.1637378931045532,0,2025-12-10 08:00:00+00:00
1765368000000,1.163873314857483,1.1653653383255005,1.1631964445114136,1.1645511388778687,0,2025-12-10 12:00:00+00:00
1765382400000,1.1645511388778687,1.1683608293533325,1.1641442775726318,1.1683608293533325,0,2025-12-10 16:00:00+00:00
1765396800000,1.1680878400802612,1.1706860065460205,1.1678149700164795,1.1704120635986328,0,2025-12-10 20:00:00+00:00
1765411200000,1.170548915863037,1.1709601879119873,1.1694538593292236,1.1695905923843384,0,2025-12-11 00:00:00+00:00
1765425600000,1.1694538593292236,1.1702749729156494,1.1686338186264038,1.1697274446487427,0,2025-12-11 04:00:00+00:00
1765440000000,1.1697274446487427,1.17205810546875,1.1690436601638794,1.1716461181640625,0,2025-12-11 08:00:00+00:00
1765454400000,1.1716461181640625,1.1760554313659668,1.1713716983795166,1.1760554313659668,0,2025-12-11 12:00:00+00:00
1765468800000,1.1760554313659668,1.1766090393066406,1.1743981838226318,1.1743981838226318,0,2025-12-11 16:00:00+00:00
1765483200000,1.1742602586746216,1.1749500036239624,1.17384672164917,1.1742602586746216,0,2025-12-11 20:00:00+00:00
1765497600000,1.1745359897613525,1.1749500036239624,1.1735711097717285,1.17384672164917,0,2025-12-12 00:00:00+00:00
1765512000000,1.17384672164917,1.1746740341186523,1.1735711097717285,1.1741223335266113,0,2025-12-12 04:00:00+00:00
1765526400000,1.1741223335266113,1.1745359897613525,1.1726078987121582,1.1730204820632935,0,2025-12-12 08:00:00+00:00
1765540800000,1.1727453470230103,1.1748120784759521,1.172333002090454,1.1739845275878906,0,2025-12-12 12:00:00+00:00
1765555200000,1.1742602586746216,1.175364375114441,1.1730204820632935,1.1743981838226318,0,2025-12-12 16:00:00+00:00
1765569600000,1.1745359897613525,1.1749500036239624,1.1742602586746216,1.1743981838226318,0,2025-12-12 20:00:00+00:00
1765756800000,1.1741223335266113,1.1748120784759521,1.1731581687927246,1.1737089157104492,0,2025-12-15 00:00:00+00:00
1765771200000,1.1737089157104492,1.1741223335266113,1.1731581687927246,1.1731581687927246,0,2025-12-15 04:00:00+00:00
1765785600000,1.1732958555221558,1.175364375114441,1.1730204820632935,1.1752262115478516,0,2025-12-15 08:00:00+00:00
1765800000000,1.1752262115478516,1.177163004875183,1.1748120784759521,1.1766090393066406,0,2025-12-15 12:00:00+00:00
1765814400000,1.1766090393066406,1.176747441291809,1.1742602586746216,1.175364375114441,0,2025-12-15 16:00:00+00:00
1765828800000,1.1752262115478516,1.1759172677993774,1.1750881671905518,1.1757789850234985,0,2025-12-15 20:00:00+00:00
1765843200000,1.1756407022476196,1.1763322353363037,1.1750881671905518,1.1755025386810303,0,2025-12-16 00:00:00+00:00
1765857600000,1.1755025386810303,1.1757789850234985,1.1749500036239624,1.175364375114441,0,2025-12-16 04:00:00+00:00
1765872000000,1.1756407022476196,1.176747441291809,1.1750881671905518,1.1766090393066406,0,2025-12-16 08:00:00+00:00
1765886400000,1.176747441291809,1.1806375980377197,1.1761938333511353,1.1773016452789307,0,2025-12-16 12:00:00+00:00
1765900800000,1.1773016452789307,1.1781338453292847,1.1743981838226318,1.1761938333511353,0,2025-12-16 16:00:00+00:00
1765915200000,1.1761938333511353,1.1766090393066406,1.1748120784759521,1.1752262115478516,0,2025-12-16 20:00:00+00:00
1765929600000,1.1752262115478516,1.1755025386810303,1.1741223335266113,1.1742602586746216,0,2025-12-17 00:00:00+00:00
1765944000000,1.1742602586746216,1.1742602586746216,1.170823097229004,1.1716461181640625,0,2025-12-17 04:00:00+00:00
1765958400000,1.171783447265625,1.1730204820632935,1.1709601879119873,1.1713716983795166,0,2025-12-17 08:00:00+00:00
1765972800000,1.1712344884872437,1.1760554313659668,1.1712344884872437,1.1757789850234985,0,2025-12-17 12:00:00+00:00
1765987200000,1.1756407022476196,1.1759172677993774,1.1745359897613525,1.1748120784759521,0,2025-12-17 16:00:00+00:00
1766001600000,1.1748120784759521,1.1749500036239624,1.1741223335266113,1.1745359897613525,0,2025-12-17 20:00:00+00:00
1766016000000,1.1745359897613525,1.1749500036239624,1.1739845275878906,1.1742602586746216,0,2025-12-18 00:00:00+00:00
1766030400000,1.1742602586746216,1.1752262115478516,1.17384672164917,1.17384672164917,0,2025-12-18 04:00:00+00:00
1766044800000,1.1737089157104492,1.1739845275878906,1.17205810546875,1.1724703311920166,0,2025-12-18 08:00:00+00:00
1766059200000,1.1726078987121582,1.1763322353363037,1.1716461181640625,1.1730204820632935,0,2025-12-18 12:00:00+00:00
1766073600000,1.1730204820632935,1.1749500036239624,1.1719207763671875,1.1728830337524414,0,2025-12-18 16:00:00+00:00
1766088000000,1.1728830337524414,1.1731581687927246,1.17205810546875,1.1728830337524414,0,2025-12-18 20:00:00+00:00
1766102400000,1.1728830337524414,1.1731581687927246,1.172195553779602,1.1724703311920166,0,2025-12-19 00:00:00+00:00
1766116800000,1.1724703311920166,1.1726078987121582,1.170823097229004,1.1709601879119873,0,2025-12-19 04:00:00+00:00
1766131200000,1.1712344884872437,1.17205810546875,1.1710972785949707,1.1716461181640625,0,2025-12-19 08:00:00+00:00
1766145600000,1.1713716983795166,1.1741223335266113,1.1706860065460205,1.1713716983795166,0,2025-12-19 12:00:00+00:00
1766160000000,1.1713716983795166,1.1730204820632935,1.1712344884872437,1.1727453470230103,0,2025-12-19 16:00:00+00:00
1766174400000,1.1727453470230103,1.1728830337524414,1.1710972785949707,1.1715089082717896,0,2025-12-19 20:00:00+00:00
1766361600000,1.1713716983795166,1.172333002090454,1.1713716983795166,1.172195553779602,0,2025-12-22 00:00:00+00:00
1766376000000,1.17205810546875,1.173433542251587,1.1716461181640625,1.1732958555221558,0,2025-12-22 04:00:00+00:00
1766390400000,1.1732958555221558,1.1741223335266113,1.1727453470230103,1.1735711097717285,0,2025-12-22 08:00:00+00:00
1766404800000,1.1737089157104492,1.1773016452789307,1.1737089157104492,1.176747441291809,0,2025-12-22 12:00:00+00:00
1766419200000,1.1766090393066406,1.176747441291809,1.1752262115478516,1.1759172677993774,0,2025-12-22 16:00:00+00:00
1766433600000,1.1757789850234985,1.176885962486267,1.1756407022476196,1.176885962486267,0,2025-12-22 20:00:00+00:00
1766448000000,1.176747441291809,1.1782727241516113,1.176747441291809,1.1778563261032104,0,2025-12-23 00:00:00+00:00
1766462400000,1.1781338453292847,1.1784114837646484,1.1773016452789307,1.1784114837646484,0,2025-12-23 04:00:00+00:00
1766476800000,1.1782727241516113,1.18035888671875,1.177994966506958,1.179940938949585,0,2025-12-23 08:00:00+00:00
1766491200000,1.179940938949585,1.1804981231689453,1.176747441291809,1.1778563261032104,0,2025-12-23 12:00:00+00:00
1766505600000,1.1778563261032104,1.1793843507766724,1.1773016452789307,1.1793843507766724,0,2025-12-23 16:00:00+00:00
1766520000000,1.1793843507766724,1.1816140413284302,1.1791062355041504,1.1798018217086792,0,2025-12-23 20:00:00+00:00
1766534400000,1.179940938949585,1.1811953783035278,1.1791062355041504,1.1791062355041504,0,2025-12-24 00:00:00+00:00
1766548800000,1.1791062355041504,1.1807769536972046,1.1789672374725342,1.1792453527450562,0,2025-12-24 04:00:00+00:00
1766563200000,1.1795234680175781,1.18035888671875,1.1784114837646484,1.1796625852584839,0,2025-12-24 08:00:00+00:00
1766577600000,1.1796625852584839,1.1796625852584839,1.1778563261032104,1.1782727241516113,0,2025-12-24 12:00:00+00:00
1766592000000,1.1781338453292847,1.1786893606185913,1.1777175664901733,1.178550362586975,0,2025-12-24 16:00:00+00:00
1766606400000,1.178550362586975,1.1791062355041504,1.177994966506958,1.1781338453292847,0,2025-12-24 20:00:00+00:00
1766620800000,1.1774401664733887,1.1795234680175781,1.177163004875183,1.1784114837646484,0,2025-12-25 00:00:00+00:00
1766635200000,1.1784114837646484,1.1798018217086792,1.177994966506958,1.178550362586975,0,2025-12-25 04:00:00+00:00
1766649600000,1.178550362586975,1.1786893606185913,1.178550362586975,1.1786893606185913,0,2025-12-25 08:00:00+00:00
1766692800000,1.177994966506958,1.1792453527450562,1.177994966506958,1.178828239440918,0,2025-12-25 20:00:00+00:00
1766707200000,1.1786893606185913,1.1796625852584839,1.1781338453292847,1.178828239440918,0,2025-12-26 00:00:00+00:00
1766721600000,1.1786893606185913,1.1791062355041504,1.1774401664733887,1.1775789260864258,0,2025-12-26 04:00:00+00:00
1766736000000,1.1775789260864258,1.178550362586975,1.177024483680725,1.177994966506958,0,2025-12-26 08:00:00+00:00
1766750400000,1.1781338453292847,1.179940938949585,1.1777175664901733,1.177994966506958,0,2025-12-26 12:00:00+00:00
1766764800000,1.1781338453292847,1.1782727241516113,1.1764705181121826,1.177994966506958,0,2025-12-26 16:00:00+00:00
1766779200000,1.1781338453292847,1.1784114837646484,1.176885962486267,1.1777175664901733,0,2025-12-26 20:00:00+00:00
1766966400000,1.1778563261032104,1.1789672374725342,1.1775789260864258,1.1777175664901733,0,2025-12-29 00:00:00+00:00
1766980800000,1.1775789260864258,1.1782727241516113,1.1757789850234985,1.177994966506958,0,2025-12-29 04:00:00+00:00
1766995200000,1.1781338453292847,1.1792453527450562,1.1761938333511353,1.176885962486267,0,2025-12-29 08:00:00+00:00
1767009600000,1.176885962486267,1.1792453527450562,1.1760554313659668,1.177163004875183,0,2025-12-29 12:00:00+00:00
1767024000000,1.177024483680725,1.177163004875183,1.175364375114441,1.177024483680725,0,2025-12-29 16:00:00+00:00
1767038400000,1.177163004875183,1.1778563261032104,1.176885962486267,1.1775789260864258,0,2025-12-29 20:00:00+00:00
1767052800000,1.1777175664901733,1.177994966506958,1.1773016452789307,1.1775789260864258,0,2025-12-30 00:00:00+00:00
1767067200000,1.1775789260864258,1.1782727241516113,1.177024483680725,1.1773016452789307,0,2025-12-30 04:00:00+00:00
1767081600000,1.1774401664733887,1.1781338453292847,1.176747441291809,1.177024483680725,0,2025-12-30 08:00:00+00:00
1767096000000,1.176885962486267,1.177163004875183,1.1749500036239624,1.1763322353363037,0,2025-12-30 12:00:00+00:00
1767110400000,1.1761938333511353,1.177024483680725,1.1749500036239624,1.1750881671905518,0,2025-12-30 16:00:00+00:00
1767124800000,1.1750881671905518,1.175364375114441,1.1746740341186523,1.1749500036239624,0,2025-12-30 20:00:00+00:00
1767139200000,1.1749500036239624,1.1752262115478516,1.1742602586746216,1.1746740341186523,0,2025-12-31 00:00:00+00:00
1767153600000,1.1746740341186523,1.1746740341186523,1.1732958555221558,1.1739845275878906,0,2025-12-31 04:00:00+00:00
1767168000000,1.1739845275878906,1.1750881671905518,1.172333002090454,1.1750881671905518,0,2025-12-31 08:00:00+00:00
1767182400000,1.1752262115478516,1.1761938333511353,1.1724703311920166,1.1748120784759521,0,2025-12-31 12:00:00+00:00
1767196800000,1.1746740341186523,1.1750881671905518,1.1732958555221558,1.1743981838226318,0,2025-12-31 16:00:00+00:00
1767211200000,1.1745359897613525,1.1756407022476196,1.1743981838226318,1.1749500036239624,0,2025-12-31 20:00:00+00:00
1767225600000,1.1749500036239624,1.1749500036239624,1.1749500036239624,1.1749500036239624,0,2026-01-01 00:00:00+00:00
1767240000000,1.1749500036239624,1.1749500036239624,1.1749500036239624,1.1749500036239624,0,2026-01-01 04:00:00+00:00
1767254400000,1.1749500036239624,1.1749500036239624,1.1749500036239624,1.1749500036239624,0,2026-01-01 08:00:00+00:00
1767297600000,1.1748120784759521,1.1757789850234985,1.1742602586746216,1.175364375114441,0,2026-01-01 20:00:00+00:00
1767312000000,1.175364375114441,1.176885962486267,1.175364375114441,1.176885962486267,0,2026-01-02 00:00:00+00:00
1767326400000,1.176747441291809,1.176885962486267,1.1737089157104492,1.1741223335266113,0,2026-01-02 04:00:00+00:00
1767340800000,1.1737089157104492,1.1739845275878906,1.1716461181640625,1.1724703311920166,0,2026-01-02 08:00:00+00:00
1767355200000,1.1724703311920166,1.1755025386810303,1.1719207763671875,1.175364375114441,0,2026-01-02 12:00:00+00:00
1767369600000,1.1755025386810303,1.1755025386810303,1.171783447265625,1.1727453470230103,0,2026-01-02 16:00:00+00:00
1767384000000,1.1727453470230103,1.1727453470230103,1.1719207763671875,1.172333002090454,0,2026-01-02 20:00:00+00:00
1767571200000,1.1710972785949707,1.1713716983795166,1.1675423383712769,1.1679514646530151,0,2026-01-05 00:00:00+00:00
1767585600000,1.1678149700164795,1.1695905923843384,1.1676785945892334,1.1690436601638794,0,2026-01-05 04:00:00+00:00
1767600000000,1.1689070463180542,1.1697274446487427,1.1678149700164795,1.1684973239898682,0,2026-01-05 08:00:00+00:00
1767614400000,1.1684973239898682,1.1706860065460205,1.1663167476654053,1.1706860065460205,0,2026-01-05 12:00:00+00:00
1767628800000,1.170823097229004,1.1731581687927246,1.170823097229004,1.1730204820632935,0,2026-01-05 16:00:00+00:00
1767643200000,1.1730204820632935,1.1731581687927246,1.1716461181640625,1.171783447265625,0,2026-01-05 20:00:00+00:00
1767657600000,1.1719207763671875,1.1741223335266113,1.1713716983795166,1.17384672164917,0,2026-01-06 00:00:00+00:00
1767672000000,1.17384672164917,1.1748120784759521,1.1728830337524414,1.1731581687927246,0,2026-01-06 04:00:00+00:00
1767686400000,1.1732958555221558,1.1741223335266113,1.170823097229004,1.1709601879119873,0,2026-01-06 08:00:00+00:00
1767700800000,1.1712344884872437,1.17205810546875,1.168770432472229,1.169864296913147,0,2026-01-06 12:00:00+00:00
1767715200000,1.1701380014419556,1.170548915863037,1.168770432472229,1.1693171262741089,0,2026-01-06 16:00:00+00:00
1767729600000,1.1695905923843384,1.1697274446487427,1.1686338186264038,1.1691803932189941,0,2026-01-06 20:00:00+00:00
1767744000000,1.1691803932189941,1.170548915863037,1.1689070463180542,1.1702749729156494,0,2026-01-07 00:00:00+00:00
1767758400000,1.1702749729156494,1.170548915863037,1.1683608293533325,1.1686338186264038,0,2026-01-07 04:00:00+00:00
1767772800000,1.1684973239898682,1.169864296913147,1.1676785945892334,1.1691803932189941,0,2026-01-07 08:00:00+00:00
1767787200000,1.1693171262741089,1.1701380014419556,1.1683608293533325,1.1694538593292236,0,2026-01-07 12:00:00+00:00
1767801600000,1.1694538593292236,1.169864296913147,1.1682243347167969,1.1686338186264038,0,2026-01-07 16:00:00+00:00
1767816000000,1.1684973239898682,1.168770432472229,1.1675423383712769,1.1679514646530151,0,2026-01-07 20:00:00+00:00
1767830400000,1.1680878400802612,1.1686338186264038,1.1675423383712769,1.1683608293533325,0,2026-01-08 00:00:00+00:00
1767844800000,1.1682243347167969,1.1686338186264038,1.1678149700164795,1.1682243347167969,0,2026-01-08 04:00:00+00:00
1767859200000,1.1680878400802612,1.1683608293533325,1.1672697067260742,1.1680878400802612,0,2026-01-08 08:00:00+00:00
1767873600000,1.1679514646530151,1.1680878400802612,1.16604483127594,1.1669973134994507,0,2026-01-08 12:00:00+00:00
1767888000000,1.1669973134994507,1.1671334505081177,1.1645511388778687,1.1653653383255005,0,2026-01-08 16:00:00+00:00
1767902400000,1.1653653383255005,1.1668611764907837,1.1653653383255005,1.16604483127594,0,2026-01-08 20:00:00+00:00
1767916800000,1.16604483127594,1.1661807298660278,1.164958119392395,1.1659088134765625,0,2026-01-09 00:00:00+00:00
1767931200000,1.1661807298660278,1.1661807298660278,1.1644154787063599,1.1653653383255005,0,2026-01-09 04:00:00+00:00
1767945600000,1.1655012369155884,1.1655012369155884,1.1642799377441406,1.164958119392395,0,2026-01-09 08:00:00+00:00
1767960000000,1.1648223400115967,1.1663167476654053,1.16225004196167,1.1642799377441406,0,2026-01-09 12:00:00+00:00
1767974400000,1.1645511388778687,1.1645511388778687,1.1631964445114136,1.163873314857483,0,2026-01-09 16:00:00+00:00
1767988800000,1.1637378931045532,1.1641442775726318,1.1633317470550537,1.163873314857483,0,2026-01-09 20:00:00+00:00
1768176000000,1.1627906560897827,1.1674060821533203,1.1626555919647217,1.1659088134765625,0,2026-01-12 00:00:00+00:00
1768190400000,1.1659088134765625,1.1689070463180542,1.1656370162963867,1.1689070463180542,0,2026-01-12 04:00:00+00:00
1768204800000,1.168770432472229,1.169864296913147,1.1679514646530151,1.1682243347167969,0,2026-01-12 08:00:00+00:00
1768219200000,1.1682243347167969,1.1701380014419556,1.1676785945892334,1.1684973239898682,0,2026-01-12 12:00:00+00:00
1768233600000,1.1684973239898682,1.1684973239898682,1.1668611764907837,1.1675423383712769,0,2026-01-12 16:00:00+00:00
1768248000000,1.1675423383712769,1.1675423383712769,1.1667250394821167,1.1669973134994507,0,2026-01-12 20:00:00+00:00
1768262400000,1.1671334505081177,1.1671334505081177,1.16604483127594,1.1661807298660278,0,2026-01-13 00:00:00+00:00
1768276800000,1.1661807298660278,1.1671334505081177,1.1657729148864746,1.1668611764907837,0,2026-01-13 04:00:00+00:00
1768291200000,1.1667250394821167,1.1676785945892334,1.1661807298660278,1.1671334505081177,0,2026-01-13 08:00:00+00:00
1768305600000,1.1672697067260742,1.1680878400802612,1.1648223400115967,1.1653653383255005,0,2026-01-13 12:00:00+00:00
1768320000000,1.1655012369155884,1.1657729148864746,1.163873314857483,1.1653653383255005,0,2026-01-13 16:00:00+00:00
1768334400000,1.1652295589447021,1.1653653383255005,1.1644154787063599,1.1645511388778687,0,2026-01-13 20:00:00+00:00
1768348800000,1.1645511388778687,1.1652295589447021,1.1640088558197021,1.1650937795639038,0,2026-01-14 00:00:00+00:00
1768363200000,1.164958119392395,1.1655012369155884,1.1645511388778687,1.164958119392395,0,2026-01-14 04:00:00+00:00
1768377600000,1.164958119392395,1.1661807298660278,1.1645511388778687,1.164958119392395,0,2026-01-14 08:00:00+00:00
1768392000000,1.1650937795639038,1.1663167476654053,1.1648223400115967,1.1663167476654053,0,2026-01-14 12:00:00+00:00
1768406400000,1.1663167476654053,1.1664528846740723,1.163873314857483,1.1641442775726318,0,2026-01-14 16:00:00+00:00
1768420800000,1.1640088558197021,1.1652295589447021,1.1640088558197021,1.164958119392395,0,2026-01-14 20:00:00+00:00
1768435200000,1.1648223400115967,1.164958119392395,1.1637378931045532,1.1642799377441406,0,2026-01-15 00:00:00+00:00
1768449600000,1.1642799377441406,1.1642799377441406,1.163061261177063,1.1631964445114136,0,2026-01-15 04:00:00+00:00
1768464000000,1.1631964445114136,1.1644154787063599,1.163061261177063,1.1634671688079834,0,2026-01-15 08:00:00+00:00
1768478400000,1.1634671688079834,1.163873314857483,1.15968918800354,1.160496711730957,0,2026-01-15 12:00:00+00:00
1768492800000,1.1606314182281494,1.1621150970458984,1.1602274179458618,1.1617100238800049,0,2026-01-15 16:00:00+00:00
1768507200000,1.1617100238800049,1.1618449687957764,1.1606314182281494,1.16130530834198,0,2026-01-15 20:00:00+00:00
1768521600000,1.16130530834198,1.1617100238800049,1.1606314182281494,1.1615750789642334,0,2026-01-16 00:00:00+00:00
1768536000000,1.1615750789642334,1.1617100238800049,1.1607661247253418,1.1615750789642334,0,2026-01-16 04:00:00+00:00
1768550400000,1.1615750789642334,1.1626555919647217,1.161170482635498,1.16225004196167,0,2026-01-16 08:00:00+00:00
1768564800000,1.16225004196167,1.1629259586334229,1.1590172052383423,1.15968918800354,0,2026-01-16 12:00:00+00:00
1768579200000,1.1598236560821533,1.1609008312225342,1.1592857837677002,1.1599582433700562,0,2026-01-16 16:00:00+00:00
1768593600000,1.1599582433700562,1.1606314182281494,1.1599582433700562,1.1603620052337646,0,2026-01-16 20:00:00+00:00
1768780800000,1.1627906560897827,1.1641442775726318,1.161170482635498,1.1627906560897827,0,2026-01-19 00:00:00+00:00
1768795200000,1.1629259586334229,1.1644154787063599,1.1626555919647217,1.1629259586334229,0,2026-01-19 04:00:00+00:00
1768809600000,1.163061261177063,1.1633317470550537,1.161440134048462,1.1631964445114136,0,2026-01-19 08:00:00+00:00
1768824000000,1.163061261177063,1.164686679840088,1.1629259586334229,1.1642799377441406,0,2026-01-19 12:00:00+00:00
1768838400000,1.1642799377441406,1.1652295589447021,1.1641442775726318,1.164686679840088,0,2026-01-19 16:00:00+00:00
1768852800000,1.164686679840088,1.1656370162963867,1.1642799377441406,1.1642799377441406,0,2026-01-19 20:00:00+00:00
1768867200000,1.1642799377441406,1.1661807298660278,1.163602590560913,1.16604483127594,0,2026-01-20 00:00:00+00:00
1768881600000,1.1659088134765625,1.1697274446487427,1.1659088134765625,1.1693171262741089,0,2026-01-20 04:00:00+00:00
1768896000000,1.1691803932189941,1.1742602586746216,1.1691803932189941,1.1737089157104492,0,2026-01-20 08:00:00+00:00
1768910400000,1.17384672164917,1.177024483680725,1.17205810546875,1.1739845275878906,0,2026-01-20 12:00:00+00:00
1768924800000,1.1731581687927246,1.1745359897613525,1.1715089082717896,1.1715089082717896,0,2026-01-20 16:00:00+00:00
1768939200000,1.1716461181640625,1.1732958555221558,1.1715089082717896,1.1731581687927246,0,2026-01-20 20:00:00+00:00
1768953600000,1.1727453470230103,1.1737089157104492,1.1715089082717896,1.172195553779602,0,2026-01-21 00:00:00+00:00
1768968000000,1.172195553779602,1.1728830337524414,1.1715089082717896,1.17205810546875,0,2026-01-21 04:00:00+00:00
1768982400000,1.172195553779602,1.172333002090454,1.1704120635986328,1.1716461181640625,0,2026-01-21 08:00:00+00:00
1768996800000,1.1716461181640625,1.1745359897613525,1.1704120635986328,1.170548915863037,0,2026-01-21 12:00:00+00:00
1769011200000,1.170548915863037,1.1715089082717896,1.1682243347167969,1.1694538593292236,0,2026-01-21 16:00:00+00:00
1769025600000,1.1693171262741089,1.1694538593292236,1.1675423383712769,1.1675423383712769,0,2026-01-21 20:00:00+00:00
1769040000000,1.1676785945892334,1.1697274446487427,1.1676785945892334,1.1693171262741089,0,2026-01-22 00:00:00+00:00
1769054400000,1.1693171262741089,1.1700011491775513,1.168770432472229,1.1694538593292236,0,2026-01-22 04:00:00+00:00
1769068800000,1.1693171262741089,1.170823097229004,1.168770432472229,1.1706860065460205,0,2026-01-22 08:00:00+00:00
1769083200000,1.170548915863037,1.1737089157104492,1.1704120635986328,1.1737089157104492,0,2026-01-22 12:00:00+00:00
1769097600000,1.1737089157104492,1.175364375114441,1.1737089157104492,1.1748120784759521,0,2026-01-22 16:00:00+00:00
1769112000000,1.1746740341186523,1.1764705181121826,1.1745359897613525,1.1757789850234985,0,2026-01-22 20:00:00+00:00
1769126400000,1.1756407022476196,1.1756407022476196,1.1746740341186523,1.1746740341186523,0,2026-01-23 00:00:00+00:00
1769140800000,1.1748120784759521,1.1757789850234985,1.1739845275878906,1.1739845275878906,0,2026-01-23 04:00:00+00:00
1769155200000,1.1742602586746216,1.1748120784759521,1.1731581687927246,1.1741223335266113,0,2026-01-23 08:00:00+00:00
1769169600000,1.1741223335266113,1.1763322353363037,1.1735711097717285,1.1761938333511353,0,2026-01-23 12:00:00+00:00
1769184000000,1.1760554313659668,1.1817537546157837,1.1750881671905518,1.1816140413284302,0,2026-01-23 16:00:00+00:00
1769198400000,1.1816140413284302,1.1835720539093018,1.1814744472503662,1.1823126077651978,0,2026-01-23 20:00:00+00:00
1769385600000,1.1856770515441895,1.187930703163147,1.1848341226577759,1.186521053314209,0,2026-01-26 00:00:00+00:00
1769400000000,1.186380386352539,1.1872254610061646,1.1842728853225708,1.1842728853225708,0,2026-01-26 04:00:00+00:00
1769414400000,1.1846938133239746,1.1870845556259155,1.1842728853225708,1.1859582662582397,0,2026-01-26 08:00:00+00:00
1769428800000,1.1858175992965698,1.18990957736969,1.1839923858642578,1.18990957736969,0,2026-01-26 12:00:00+00:00
1769443200000,1.1900511980056763,1.1906179189682007,1.1873664855957031,1.1882128715515137,0,2026-01-26 16:00:00+00:00
1769457600000,1.1886366605758667,1.1889193058013916,1.1876484155654907,1.1877895593643188,0,2026-01-26 20:00:00+00:00
1769472000000,1.1877895593643188,1.190334439277649,1.1877895593643188,1.1883541345596313,0,2026-01-27 00:00:00+00:00
1769486400000,1.1883541345596313,1.1884952783584595,1.186521053314209,1.1868027448654175,0,2026-01-27 04:00:00+00:00
1769500800000,1.1869436502456665,1.1900511980056763,1.1855363845825195,1.1900511980056763,0,2026-01-27 08:00:00+00:00
1769515200000,1.18990957736969,1.1974613666534424,1.1897679567337036,1.1953144073486328,0,2026-01-27 12:00:00+00:00
1769529600000,1.1956002712249756,1.1993283033370972,1.1956002712249756,1.1980352401733398,0,2026-01-27 16:00:00+00:00
1769544000000,1.1978917121887207,1.2084592580795288,1.1978917121887207,1.2022120952606201,0,2026-01-27 20:00:00+00:00
1769558400000,1.2023565769195557,1.2026457786560059,1.199184536933899,1.2000479698181152,0,2026-01-28 00:00:00+00:00
1769572800000,1.2000479698181152,1.2029350996017456,1.1978917121887207,1.199472188949585,0,2026-01-28 04:00:00+00:00
1769587200000,1.1993283033370972,1.2006243467330933,1.1966016292572021,1.1971746683120728,0,2026-01-28 08:00:00+00:00
1769601600000,1.1973179578781128,1.1986095905303955,1.193602204322815,1.1946003437042236,0,2026-01-28 12:00:00+00:00
1769616000000,1.1950286626815796,1.1954572200775146,1.1906179189682007,1.194457769393921,0,2026-01-28 16:00:00+00:00
1769630400000,1.1947431564331055,1.1980352401733398,1.1933174133300781,1.1980352401733398,0,2026-01-28 20:00:00+00:00
1769644800000,1.198178768157959,1.1990407705307007,1.1958861351013184,1.1990407705307007,0,2026-01-29 00:00:00+00:00
1769659200000,1.199184536933899,1.1997599601745605,1.1971746683120728,1.1977481842041016,0,2026-01-29 04:00:00+00:00
1769673600000,1.198178768157959,1.1988970041275024,1.1943150758743286,1.1951714754104614,0,2026-01-29 08:00:00+00:00
1769688000000,1.1950286626815796,1.1973179578781128,1.1911852359771729,1.1933174133300781,0,2026-01-29 12:00:00+00:00
1769702400000,1.1934598684310913,1.1967447996139526,1.193174958229065,1.1954572200775146,0,2026-01-29 16:00:00+00:00
1769716800000,1.1954572200775146,1.1983222961425781,1.1950286626815796,1.1968880891799927,0,2026-01-29 20:00:00+00:00
1769731200000,1.1970313787460327,1.1977481842041016,1.18990957736969,1.1924636363983154,0,2026-01-30 00:00:00+00:00
1769745600000,1.1923214197158813,1.194457769393921,1.1917530298233032,1.1940299272537231,0,2026-01-30 04:00:00+00:00
1769760000000,1.1941723823547363,1.1953144073486328,1.190334439277649,1.1953144073486328,0,2026-01-30 08:00:00+00:00
1769774400000,1.1954572200775146,1.1958861351013184,1.1889193058013916,1.1890605688095093,0,2026-01-30 12:00:00+00:00
1770048000000,1.1781338453292847,1.1795234680175781,1.177994966506958,1.1793843507766724,0,2026-02-02 16:00:00+00:00
1770062400000,1.1791062355041504,1.1802195310592651,1.1784114837646484,1.1802195310592651,0,2026-02-02 20:00:00+00:00
1770076800000,1.1802195310592651,1.1817537546157837,1.1802195310592651,1.1816140413284302,0,2026-02-03 00:00:00+00:00
1770091200000,1.1813349723815918,1.182732105255127,1.1809163093566895,1.1818934679031372,0,2026-02-03 04:00:00+00:00
1770105600000,1.1818934679031372,1.1823126077651978,1.1786893606185913,1.1792453527450562,0,2026-02-03 08:00:00+00:00
1770120000000,1.1792453527450562,1.1817537546157837,1.1784114837646484,1.1817537546157837,0,2026-02-03 12:00:00+00:00
1770134400000,1.1816140413284302,1.1831519603729248,1.1810559034347534,1.1817537546157837,0,2026-02-03 16:00:00+00:00
1770148800000,1.1816140413284302,1.1828720569610596,1.1813349723815918,1.1818934679031372,0,2026-02-03 20:00:00+00:00
1770163200000,1.1818934679031372,1.1835720539093018,1.1813349723815918,1.1830118894577026,0,2026-02-04 00:00:00+00:00
1770177600000,1.1830118894577026,1.1839923858642578,1.1828720569610596,1.18343186378479,0,2026-02-04 04:00:00+00:00
1770192000000,1.18343186378479,1.1841325759887695,1.1809163093566895,1.1814744472503662,0,2026-02-04 08:00:00+00:00
1770206400000,1.1814744472503662,1.1828720569610596,1.1796625852584839,1.179940938949585,0,2026-02-04 12:00:00+00:00
1770220800000,1.179940938949585,1.1817537546157837,1.1795234680175781,1.1811953783035278,0,2026-02-04 16:00:00+00:00
1770235200000,1.1813349723815918,1.1821727752685547,1.1804981231689453,1.1804981231689453,0,2026-02-04 20:00:00+00:00
1770249600000,1.1804981231689453,1.1811953783035278,1.178828239440918,1.1792453527450562,0,2026-02-05 00:00:00+00:00
1770264000000,1.1792453527450562,1.1806375980377197,1.178828239440918,1.1802195310592651,0,2026-02-05 04:00:00+00:00
1770278400000,1.1802195310592651,1.1810559034347534,1.1784114837646484,1.1796625852584839,0,2026-02-05 08:00:00+00:00
1770292800000,1.1793843507766724,1.1824523210525513,1.178550362586975,1.1796625852584839,0,2026-02-05 12:00:00+00:00
1770307200000,1.1795234680175781,1.1807769536972046,1.1789672374725342,1.1798018217086792,0,2026-02-05 16:00:00+00:00
1770321600000,1.1796625852584839,1.1798018217086792,1.1778563261032104,1.1781338453292847,0,2026-02-05 20:00:00+00:00
1770336000000,1.177994966506958,1.1795234680175781,1.177024483680725,1.1791062355041504,0,2026-02-06 00:00:00+00:00
1770350400000,1.1791062355041504,1.1804981231689453,1.1791062355041504,1.1793843507766724,0,2026-02-06 04:00:00+00:00
1770364800000,1.1793843507766724,1.18035888671875,1.1789672374725342,1.1793843507766724,0,2026-02-06 08:00:00+00:00
1770379200000,1.1793843507766724,1.1828720569610596,1.1792453527450562,1.1823126077651978,0,2026-02-06 12:00:00+00:00
1770393600000,1.1823126077651978,1.182732105255127,1.1814744472503662,1.1823126077651978,0,2026-02-06 16:00:00+00:00
1770408000000,1.1823126077651978,1.182732105255127,1.1817537546157837,1.1820330619812012,0,2026-02-06 20:00:00+00:00
1770595200000,1.1830118894577026,1.1835720539093018,1.1820330619812012,1.1821727752685547,0,2026-02-09 00:00:00+00:00
1770609600000,1.1823126077651978,1.186380386352539,1.1823126077651978,1.1859582662582397,0,2026-02-09 04:00:00+00:00
1770624000000,1.1859582662582397,1.1875073909759521,1.1855363845825195,1.1872254610061646,0,2026-02-09 08:00:00+00:00
1770638400000,1.1873664855957031,1.1928904056549072,1.1873664855957031,1.1913270950317383,0,2026-02-09 12:00:00+00:00
1770652800000,1.1914690732955933,1.1926058530807495,1.1897679567337036,1.1923214197158813,0,2026-02-09 16:00:00+00:00
1770667200000,1.1923214197158813,1.1924636363983154,1.1906179189682007,1.1906179189682007,0,2026-02-09 20:00:00+00:00
1770681600000,1.1907596588134766,1.1920371055603027,1.1900511980056763,1.1913270950317383,0,2026-02-10 00:00:00+00:00
1770696000000,1.1914690732955933,1.1916110515594482,1.190334439277649,1.190901517868042,0,2026-02-10 04:00:00+00:00
1770710400000,1.1911852359771729,1.1923214197158813,1.1904761791229248,1.1907596588134766,0,2026-02-10 08:00:00+00:00
1770724800000,1.1907596588134766,1.1930327415466309,1.1893434524536133,1.1918951272964478,0,2026-02-10 12:00:00+00:00
1770739200000,1.1917530298233032,1.1917530298233032,1.189202070236206,1.1904761791229248,0,2026-02-10 16:00:00+00:00
1770753600000,1.1906179189682007,1.1906179189682007,1.1884952783584595,1.189202070236206,0,2026-02-10 20:00:00+00:00
1770768000000,1.189202070236206,1.1917530298233032,1.1890605688095093,1.1913270950317383,0,2026-02-11 00:00:00+00:00
1770782400000,1.1914690732955933,1.1928904056549072,1.1910432577133179,1.1921793222427368,0,2026-02-11 04:00:00+00:00
1770796800000,1.1920371055603027,1.1930327415466309,1.1910432577133179,1.1913270950317383,0,2026-02-11 08:00:00+00:00
1770811200000,1.1911852359771729,1.1911852359771729,1.1841325759887695,1.1862396001815796,0,2026-02-11 12:00:00+00:00
1770825600000,1.1862396001815796,1.1896264553070068,1.1858175992965698,1.1883541345596313,0,2026-02-11 16:00:00+00:00
1770840000000,1.1883541345596313,1.1884952783584595,1.1872254610061646,1.187930703163147,0,2026-02-11 20:00:00+00:00
1770854400000,1.1877895593643188,1.1887779235839844,1.1869436502456665,1.1872254610061646,0,2026-02-12 00:00:00+00:00
1770868800000,1.1873664855957031,1.187930703163147,1.1856770515441895,1.1876484155654907,0,2026-02-12 04:00:00+00:00
1770883200000,1.1877895593643188,1.1890605688095093,1.1875073909759521,1.1887779235839844,0,2026-02-12 08:00:00+00:00
1770897600000,1.1887779235839844,1.189202070236206,1.1870845556259155,1.1890605688095093,0,2026-02-12 12:00:00+00:00
1770912000000,1.1889193058013916,1.1893434524536133,1.1860989332199097,1.1873664855957031,0,2026-02-12 16:00:00+00:00
1770926400000,1.1873664855957031,1.1883541345596313,1.186661958694458,1.1870845556259155,0,2026-02-12 20:00:00+00:00
1770940800000,1.1872254610061646,1.1876484155654907,1.186661958694458,1.1870845556259155,0,2026-02-13 00:00:00+00:00
1770955200000,1.1870845556259155,1.1870845556259155,1.1851149797439575,1.1862396001815796,0,2026-02-13 04:00:00+00:00
1770969600000,1.1862396001815796,1.1869436502456665,1.1856770515441895,1.1860989332199097,0,2026-02-13 08:00:00+00:00
1770984000000,1.1862396001815796,1.1883541345596313,1.1852554082870483,1.1852554082870483,0,2026-02-13 12:00:00+00:00
1770998400000,1.1852554082870483,1.1886366605758667,1.1852554082870483,1.1869436502456665,0,2026-02-13 16:00:00+00:00
1771012800000,1.1869436502456665,1.1880717277526855,1.1868027448654175,1.1870845556259155,0,2026-02-13 20:00:00+00:00
1771200000000,1.1870845556259155,1.1872254610061646,1.186380386352539,1.1870845556259155,0,2026-02-16 00:00:00+00:00
1771214400000,1.1870845556259155,1.1873664855957031,1.186521053314209,1.186661958694458,0,2026-02-16 04:00:00+00:00
1771228800000,1.186661958694458,1.1873664855957031,1.1860989332199097,1.186521053314209,0,2026-02-16 08:00:00+00:00
1771243200000,1.186521053314209,1.186661958694458,1.1852554082870483,1.1858175992965698,0,2026-02-16 12:00:00+00:00
1771257600000,1.1856770515441895,1.1859582662582397,1.1849744319915771,1.1858175992965698,0,2026-02-16 16:00:00+00:00
1771272000000,1.1858175992965698,1.1859582662582397,1.1848341226577759,1.1852554082870483,0,2026-02-16 20:00:00+00:00
1771286400000,1.1853959560394287,1.1855363845825195,1.1842728853225708,1.184413194656372,0,2026-02-17 00:00:00+00:00
1771300800000,1.1845533847808838,1.1849744319915771,1.1832919120788574,1.183712124824524,0,2026-02-17 04:00:00+00:00
1771315200000,1.183712124824524,1.1852554082870483,1.1831519603729248,1.1832919120788574,0,2026-02-17 08:00:00+00:00
1771329600000,1.18343186378479,1.1838523149490356,1.1809163093566895,1.1814744472503662,0,2026-02-17 12:00:00+00:00
1771344000000,1.1814744472503662,1.1856770515441895,1.1814744472503662,1.1851149797439575,0,2026-02-17 16:00:00+00:00
1771358400000,1.1851149797439575,1.1860989332199097,1.1851149797439575,1.1855363845825195,0,2026-02-17 20:00:00+00:00
1771372800000,1.1855363845825195,1.1856770515441895,1.184413194656372,1.184413194656372,0,2026-02-18 00:00:00+00:00
1771387200000,1.1845533847808838,1.1849744319915771,1.183712124824524,1.1838523149490356,0,2026-02-18 04:00:00+00:00
1771401600000,1.1838523149490356,1.184413194656372,1.1832919120788574,1.1838523149490356,0,2026-02-18 08:00:00+00:00
1771416000000,1.1838523149490356,1.1852554082870483,1.1816140413284302,1.1825922727584839,0,2026-02-18 12:00:00+00:00
1771430400000,1.1824523210525513,1.1828720569610596,1.178828239440918,1.1791062355041504,0,2026-02-18 16:00:00+00:00
1771444800000,1.1789672374725342,1.1795234680175781,1.1784114837646484,1.1792453527450562,0,2026-02-18 20:00:00+00:00
1771459200000,1.1792453527450562,1.179940938949585,1.178828239440918,1.1795234680175781,0,2026-02-19 00:00:00+00:00
1771473600000,1.1795234680175781,1.1806375980377197,1.178828239440918,1.1804981231689453,0,2026-02-19 04:00:00+00:00
1771488000000,1.18035888671875,1.1810559034347534,1.1781338453292847,1.1784114837646484,0,2026-02-19 08:00:00+00:00
1771502400000,1.1782727241516113,1.1784114837646484,1.1745359897613525,1.1766090393066406,0,2026-02-19 12:00:00+00:00
1771516800000,1.1766090393066406,1.1777175664901733,1.1759172677993774,1.1766090393066406,0,2026-02-19 16:00:00+00:00
1771531200000,1.176747441291809,1.1781338453292847,1.176747441291809,1.177163004875183,0,2026-02-19 20:00:00+00:00
1771545600000,1.1773016452789307,1.1775789260864258,1.1757789850234985,1.1761938333511353,0,2026-02-20 00:00:00+00:00
1771560000000,1.1761938333511353,1.1766090393066406,1.175364375114441,1.1755025386810303,0,2026-02-20 04:00:00+00:00
1771574400000,1.1756407022476196,1.1773016452789307,1.1748120784759521,1.177024483680725,0,2026-02-20 08:00:00+00:00
1771588800000,1.177024483680725,1.1809163093566895,1.1760554313659668,1.1789672374725342,0,2026-02-20 12:00:00+00:00
1771603200000,1.1792453527450562,1.1800801753997803,1.177024483680725,1.1784114837646484,0,2026-02-20 16:00:00+00:00
1771617600000,1.1782727241516113,1.1795234680175781,1.1781338453292847,1.178550362586975,0,2026-02-20 20:00:00+00:00
1771804800000,1.1835720539093018,1.183712124824524,1.1821727752685547,1.182732105255127,0,2026-02-23 00:00:00+00:00
1771819200000,1.182732105255127,1.183712124824524,1.1818934679031372,1.1825922727584839,0,2026-02-23 04:00:00+00:00
1771833600000,1.182732105255127,1.182732105255127,1.1784114837646484,1.1789672374725342,0,2026-02-23 08:00:00+00:00
1771848000000,1.1789672374725342,1.1813349723815918,1.1778563261032104,1.1798018217086792,0,2026-02-23 12:00:00+00:00
1771862400000,1.1796625852584839,1.1810559034347534,1.1792453527450562,1.1795234680175781,0,2026-02-23 16:00:00+00:00
1771876800000,1.1795234680175781,1.179940938949585,1.178550362586975,1.1796625852584839,0,2026-02-23 20:00:00+00:00
1771891200000,1.1796625852584839,1.179940938949585,1.1775789260864258,1.1778563261032104,0,2026-02-24 00:00:00+00:00
1771905600000,1.1778563261032104,1.178550362586975,1.177163004875183,1.1781338453292847,0,2026-02-24 04:00:00+00:00
1771920000000,1.1782727241516113,1.1796625852584839,1.1778563261032104,1.1784114837646484,0,2026-02-24 08:00:00+00:00
1771934400000,1.1784114837646484,1.178550362586975,1.177024483680725,1.1775789260864258,0,2026-02-24 12:00:00+00:00
1771948800000,1.1775789260864258,1.1793843507766724,1.1775789260864258,1.1782727241516113,0,2026-02-24 16:00:00+00:00
1771963200000,1.1782727241516113,1.1786893606185913,1.1773016452789307,1.1777175664901733,0,2026-02-24 20:00:00+00:00
1771977600000,1.1778563261032104,1.1796625852584839,1.1777175664901733,1.1793843507766724,0,2026-02-25 00:00:00+00:00
1771992000000,1.1792453527450562,1.1810559034347534,1.1792453527450562,1.1802195310592651,0,2026-02-25 04:00:00+00:00
1772006400000,1.1800801753997803,1.18035888671875,1.1774401664733887,1.1777175664901733,0,2026-02-25 08:00:00+00:00
1772020800000,1.1778563261032104,1.18035888671875,1.1777175664901733,1.1802195310592651,0,2026-02-25 12:00:00+00:00
1772035200000,1.1804981231689453,1.1817537546157837,1.1802195310592651,1.1810559034347534,0,2026-02-25 16:00:00+00:00
1772049600000,1.1809163093566895,1.1818934679031372,1.1806375980377197,1.1818934679031372,0,2026-02-25 20:00:00+00:00
1772064000000,1.1818934679031372,1.1832919120788574,1.1816140413284302,1.1821727752685547,0,2026-02-26 00:00:00+00:00
1772078400000,1.1820330619812012,1.1825922727584839,1.1811953783035278,1.1820330619812012,0,2026-02-26 04:00:00+00:00
1772092800000,1.1818934679031372,1.1818934679031372,1.1798018217086792,1.1804981231689453,0,2026-02-26 08:00:00+00:00
1772107200000,1.1804981231689453,1.1820330619812012,1.178550362586975,1.1802195310592651,0,2026-02-26 12:00:00+00:00
1772121600000,1.1802195310592651,1.1802195310592651,1.1777175664901733,1.1800801753997803,0,2026-02-26 16:00:00+00:00
1772136000000,1.1800801753997803,1.1806375980377197,1.1793843507766724,1.1806375980377197,0,2026-02-26 20:00:00+00:00
1772150400000,1.1806375980377197,1.1810559034347534,1.1793843507766724,1.1807769536972046,0,2026-02-27 00:00:00+00:00
1772164800000,1.1807769536972046,1.1821727752685547,1.1800801753997803,1.1818934679031372,0,2026-02-27 04:00:00+00:00
1772179200000,1.1818934679031372,1.1824523210525513,1.1798018217086792,1.18035888671875,0,2026-02-27 08:00:00+00:00
1772193600000,1.18035888671875,1.1820330619812012,1.1795234680175781,1.1810559034347534,0,2026-02-27 12:00:00+00:00
1772208000000,1.1810559034347534,1.1830118894577026,1.1810559034347534,1.1823126077651978,0,2026-02-27 16:00:00+00:00
1772222400000,1.1823126077651978,1.1828720569610596,1.1814744472503662,1.1817537546157837,0,2026-02-27 20:00:00+00:00
1772409600000,1.1761938333511353,1.179940938949585,1.1761938333511353,1.1792453527450562,0,2026-03-02 00:00:00+00:00
1772424000000,1.1792453527450562,1.1793843507766724,1.1709601879119873,1.1719207763671875,0,2026-03-02 04:00:00+00:00
1772438400000,1.172195553779602,1.1749500036239624,1.1701380014419556,1.1737089157104492,0,2026-03-02 08:00:00+00:00
1772452800000,1.173433542251587,1.1737089157104492,1.1683608293533325,1.1683608293533325,0,2026-03-02 12:00:00+00:00
1772467200000,1.1683608293533325,1.1716461181640625,1.1675423383712769,1.1715089082717896,0,2026-03-02 16:00:00+00:00
1772481600000,1.1715089082717896,1.1716461181640625,1.1683608293533325,1.1700011491775513,0,2026-03-02 20:00:00+00:00
1772496000000,1.1697274446487427,1.1709601879119873,1.1690436601638794,1.1694538593292236,0,2026-03-03 00:00:00+00:00
1772510400000,1.1694538593292236,1.1695905923843384,1.1648223400115967,1.1648223400115967,0,2026-03-03 04:00:00+00:00
1772524800000,1.164686679840088,1.164686679840088,1.1586142778396606,1.1599582433700562,0,2026-03-03 08:00:00+00:00
1772539200000,1.1599582433700562,1.1618449687957764,1.1535356044769287,1.1576753854751587,0,2026-03-03 12:00:00+00:00
1772553600000,1.1576753854751587,1.1627906560897827,1.1574074029922485,1.1618449687957764,0,2026-03-03 16:00:00+00:00
1772568000000,1.1617100238800049,1.1626555919647217,1.1609008312225342,1.1615750789642334,0,2026-03-03 20:00:00+00:00
1772582400000,1.16130530834198,1.16130530834198,1.1579434871673584,1.161170482635498,0,2026-03-04 00:00:00+00:00
1772596800000,1.16130530834198,1.1627906560897827,1.1590172052383423,1.1621150970458984,0,2026-03-04 04:00:00+00:00
1772611200000,1.1619800329208374,1.1657729148864746,1.1599582433700562,1.163873314857483,0,2026-03-04 08:00:00+00:00
1772625600000,1.163873314857483,1.1653653383255005,1.1621150970458984,1.1641442775726318,0,2026-03-04 12:00:00+00:00
1772640000000,1.1644154787063599,1.1648223400115967,1.1626555919647217,1.1644154787063599,0,2026-03-04 16:00:00+00:00
1772654400000,1.1644154787063599,1.164686679840088,1.1633317470550537,1.163873314857483,0,2026-03-04 20:00:00+00:00
1772668800000,1.1637378931045532,1.164958119392395,1.16130530834198,1.1615750789642334,0,2026-03-05 00:00:00+00:00
1772683200000,1.1615750789642334,1.1619800329208374,1.159151554107666,1.1609008312225342,0,2026-03-05 04:00:00+00:00
1772697600000,1.1606314182281494,1.1642799377441406,1.1586142778396606,1.161440134048462,0,2026-03-05 08:00:00+00:00
1772712000000,1.16130530834198,1.1627906560897827,1.1574074029922485,1.1587486267089844,0,2026-03-05 12:00:00+00:00
1772726400000,1.1584800481796265,1.1595547199249268,1.156336784362793,1.1574074029922485,0,2026-03-05 16:00:00+00:00
1772740800000,1.1576753854751587,1.1617100238800049,1.1574074029922485,1.161170482635498,0,2026-03-05 20:00:00+00:00
1772755200000,1.1609008312225342,1.1623852252960205,1.1607661247253418,1.1623852252960205,0,2026-03-06 00:00:00+00:00
1772769600000,1.1623852252960205,1.1623852252960205,1.1606314182281494,1.1617100238800049,0,2026-03-06 04:00:00+00:00
1772784000000,1.1617100238800049,1.1617100238800049,1.1564704179763794,1.1566041707992554,0,2026-03-06 08:00:00+00:00
1772798400000,1.156738042831421,1.1594202518463135,1.1551345586776733,1.1582117080688477,0,2026-03-06 12:00:00+00:00
1772812800000,1.1583458185195923,1.16225004196167,1.1583458185195923,1.1606314182281494,0,2026-03-06 16:00:00+00:00
1772827200000,1.1606314182281494,1.162520408630371,1.1599582433700562,1.1621150970458984,0,2026-03-06 20:00:00+00:00
1773014400000,1.1526048183441162,1.15340256690979,1.151145339012146,1.1519410610198975,0,2026-03-09 00:00:00+00:00
1773028800000,1.1522064208984375,1.1574074029922485,1.1519410610198975,1.1566041707992554,0,2026-03-09 04:00:00+00:00
1773043200000,1.1568717956542969,1.1574074029922485,1.1520737409591675,1.156336784362793,0,2026-03-09 08:00:00+00:00
1773057600000,1.1564704179763794,1.15968918800354,1.1551345586776733,1.1595547199249268,0,2026-03-09 12:00:00+00:00
1773072000000,1.15968918800354,1.1634671688079834,1.1579434871673584,1.161170482635498,0,2026-03-09 16:00:00+00:00
1773086400000,1.1617100238800049,1.1648223400115967,1.1615750789642334,1.1619800329208374,0,2026-03-09 20:00:00+00:00
1773100800000,1.1619800329208374,1.163873314857483,1.161170482635498,1.16130530834198,0,2026-03-10 00:00:00+00:00
1773115200000,1.1610356569290161,1.1665889024734497,1.1610356569290161,1.1664528846740723,0,2026-03-10 04:00:00+00:00
1773129600000,1.16604483127594,1.1663167476654053,1.1623852252960205,1.1642799377441406,0,2026-03-10 08:00:00+00:00
1773144000000,1.1644154787063599,1.1657729148864746,1.162520408630371,1.1650937795639038,0,2026-03-10 12:00:00+00:00
1773158400000,1.1648223400115967,1.1669973134994507,1.16130530834198,1.1617100238800049,0,2026-03-10 16:00:00+00:00
1773172800000,1.1617100238800049,1.1619800329208374,1.1606314182281494,1.161440134048462,0,2026-03-10 20:00:00+00:00
1773187200000,1.1615750789642334,1.1634671688079834,1.1610356569290161,1.1633317470550537,0,2026-03-11 00:00:00+00:00
1773201600000,1.1633317470550537,1.1644154787063599,1.1618449687957764,1.1621150970458984,0,2026-03-11 04:00:00+00:00
1773216000000,1.1618449687957764,1.1623852252960205,1.1594202518463135,1.1599582433700562,0,2026-03-11 08:00:00+00:00
1773230400000,1.1598236560821533,1.16130530834198,1.1570056676864624,1.1570056676864624,0,2026-03-11 12:00:00+00:00
1773244800000,1.1568717956542969,1.1579434871673584,1.156738042831421,1.1576753854751587,0,2026-03-11 16:00:00+00:00
1773259200000,1.1575413942337036,1.1578094959259033,1.154334545135498,1.1546010971069336,0,2026-03-11 20:00:00+00:00
1773273600000,1.1544678211212158,1.1558021306991577,1.1536686420440674,1.1542012691497803,0,2026-03-12 00:00:00+00:00
1773288000000,1.1542012691497803,1.1555349826812744,1.1535356044769287,1.155401587486267,0,2026-03-12 04:00:00+00:00
1773302400000,1.1556684970855713,1.1568717956542969,1.1547343730926514,1.1559356451034546,0,2026-03-12 08:00:00+00:00
1773316800000,1.1559356451034546,1.1559356451034546,1.151410460472107,1.1524720191955566,0,2026-03-12 12:00:00+00:00
1773331200000,1.1526048183441162,1.15340256690979,1.151410460472107,1.1518083810806274,0,2026-03-12 16:00:00+00:00
1773345600000,1.1516757011413574,1.1526048183441162,1.151145339012146,1.1526048183441162,0,2026-03-12 20:00:00+00:00
1773360000000,1.1526048183441162,1.1532695293426514,1.1508804559707642,1.1512778997421265,0,2026-03-13 00:00:00+00:00
1773374400000,1.1512778997421265,1.1512778997421265,1.1458691358566284,1.1461317539215088,0,2026-03-13 04:00:00+00:00
1773388800000,1.145737886428833,1.147446870803833,1.1436413526535034,1.147315263748169,0,2026-03-13 08:00:00+00:00
1773403200000,1.1470520496368408,1.1491611003875732,1.1439030170440674,1.144688606262207,0,2026-03-13 12:00:00+00:00
1773417600000,1.1445575952529907,1.145213007926941,1.1423349380493164,1.1425960063934326,0,2026-03-13 16:00:00+00:00
1773432000000,1.1424654722213745,1.1425960063934326,1.141422152519226,1.1423349380493164,0,2026-03-13 20:00:00+00:00
1773619200000,1.144164800643921,1.1458691358566284,1.144164800643921,1.1453442573547363,0,2026-03-16 00:00:00+00:00
1773633600000,1.1453442573547363,1.1454753875732422,1.1419435739517212,1.1428571939468384,0,2026-03-16 04:00:00+00:00
1773648000000,1.1432491540908813,1.1488970518112183,1.142987847328186,1.1482374668121338,0,2026-03-16 08:00:00+00:00
1773662400000,1.1482374668121338,1.150483250617981,1.1475785970687866,1.1490291357040405,0,2026-03-16 12:00:00+00:00
1773676800000,1.1488970518112183,1.1527377367019653,1.1481056213378906,1.151012897491455,0,2026-03-16 16:00:00+00:00
1773691200000,1.1512778997421265,1.1512778997421265,1.1498217582702637,1.1502184867858887,0,2026-03-16 20:00:00+00:00
1773705600000,1.1499539613723755,1.150483250617981,1.1490291357040405,1.1495574712753296,0,2026-03-17 00:00:00+00:00
1773720000000,1.1495574712753296,1.15035080909729,1.1470520496368408,1.1498217582702637,0,2026-03-17 04:00:00+00:00
1773734400000,1.1498217582702637,1.1527377367019653,1.1491611003875732,1.151012897491455,0,2026-03-17 08:00:00+00:00
1773748800000,1.151012897491455,1.1544678211212158,1.1507480144500732,1.1528706550598145,0,2026-03-17 12:00:00+00:00
1773763200000,1.1526048183441162,1.1551345586776733,1.152339220046997,1.1538017988204956,0,2026-03-17 16:00:00+00:00
1773777600000,1.1539349555969238,1.1547343730926514,1.1536686420440674,1.1542012691497803,0,2026-03-17 20:00:00+00:00
1773792000000,1.154068112373352,1.1546010971069336,1.1535356044769287,1.1539349555969238,0,2026-03-18 00:00:00+00:00
1773806400000,1.154068112373352,1.1552680730819702,1.1527377367019653,1.1530035734176636,0,2026-03-18 04:00:00+00:00
1773820800000,1.1528706550598145,1.1556684970855713,1.1522064208984375,1.155001163482666,0,2026-03-18 08:00:00+00:00
1773835200000,1.1548677682876587,1.1551345586776733,1.1496896743774414,1.151543140411377,0,2026-03-18 12:00:00+00:00
1773849600000,1.1516757011413574,1.1527377367019653,1.147315263748169,1.147315263748169,0,2026-03-18 16:00:00+00:00
1773864000000,1.1471836566925049,1.1475785970687866,1.145213007926941,1.1466574668884277,0,2026-03-18 20:00:00+00:00
1773878400000,1.1466574668884277,1.1492931842803955,1.1466574668884277,1.1478420495986938,0,2026-03-19 00:00:00+00:00
1773892800000,1.1477103233337402,1.1479737758636475,1.1454753875732422,1.1456066370010376,0,2026-03-19 04:00:00+00:00
1773907200000,1.145737886428833,1.1488970518112183,1.144688606262207,1.1482374668121338,0,2026-03-19 08:00:00+00:00
1773921600000,1.1482374668121338,1.1542012691497803,1.1467890739440918,1.1518083810806274,0,2026-03-19 12:00:00+00:00
1773936000000,1.1518083810806274,1.1618449687957764,1.1518083810806274,1.1590172052383423,0,2026-03-19 16:00:00+00:00
1773950400000,1.1588828563690186,1.1599582433700562,1.1579434871673584,1.158077597618103,0,2026-03-19 20:00:00+00:00
1773964800000,1.1579434871673584,1.1582117080688477,1.1559356451034546,1.1560693979263306,0,2026-03-20 00:00:00+00:00
1773979200000,1.1560693979263306,1.1578094959259033,1.1555349826812744,1.1576753854751587,0,2026-03-20 04:00:00+00:00
1773993600000,1.1576753854751587,1.1583458185195923,1.1539349555969238,1.1575413942337036,0,2026-03-20 08:00:00+00:00
1774008000000,1.1575413942337036,1.1582117080688477,1.1527377367019653,1.1547343730926514,0,2026-03-20 12:00:00+00:00
1774022400000,1.1547343730926514,1.157273530960083,1.1547343730926514,1.1560693979263306,0,2026-03-20 16:00:00+00:00
1774036800000,1.156336784362793,1.1575413942337036,1.156336784362793,1.1575413942337036,0,2026-03-20 20:00:00+00:00
1774224000000,1.1564704179763794,1.156738042831421,1.154334545135498,1.155001163482666,0,2026-03-23 00:00:00+00:00
1774238400000,1.1552680730819702,1.1555349826812744,1.1524720191955566,1.1530035734176636,0,2026-03-23 04:00:00+00:00
1774252800000,1.1532695293426514,1.16225004196167,1.1488970518112183,1.1558021306991577,0,2026-03-23 08:00:00+00:00
1774267200000,1.1558021306991577,1.1642799377441406,1.1551345586776733,1.1590172052383423,0,2026-03-23 12:00:00+00:00
1774281600000,1.1587486267089844,1.1640088558197021,1.158077597618103,1.1617100238800049,0,2026-03-23 16:00:00+00:00
1774296000000,1.1615750789642334,1.1626555919647217,1.1610356569290161,1.1610356569290161,0,2026-03-23 20:00:00+00:00
1774310400000,1.1610356569290161,1.1610356569290161,1.1583458185195923,1.1586142778396606,0,2026-03-24 00:00:00+00:00
1774324800000,1.1586142778396606,1.1618449687957764,1.1579434871673584,1.161170482635498,0,2026-03-24 04:00:00+00:00
1774339200000,1.161170482635498,1.161170482635498,1.1583458185195923,1.1592857837677002,0,2026-03-24 08:00:00+00:00
1774353600000,1.1594202518463135,1.1606314182281494,1.157273530960083,1.158077597618103,0,2026-03-24 12:00:00+00:00
1774368000000,1.158077597618103,1.1595547199249268,1.156336784362793,1.1590172052383423,0,2026-03-24 16:00:00+00:00
1774382400000,1.1588828563690186,1.163061261177063,1.1586142778396606,1.1617100238800049,0,2026-03-24 20:00:00+00:00
1774396800000,1.1618449687957764,1.1633317470550537,1.160496711730957,1.1606314182281494,0,2026-03-25 00:00:00+00:00
1774411200000,1.1606314182281494,1.1607661247253418,1.159151554107666,1.160092830657959,0,2026-03-25 04:00:00+00:00
1774425600000,1.15968918800354,1.1618449687957764,1.1595547199249268,1.1609008312225342,0,2026-03-25 08:00:00+00:00
1774440000000,1.161170482635498,1.1615750789642334,1.156738042831421,1.1574074029922485,0,2026-03-25 12:00:00+00:00
1774454400000,1.1574074029922485,1.1584800481796265,1.1559356451034546,1.1566041707992554,0,2026-03-25 16:00:00+00:00
1774468800000,1.1564704179763794,1.156738042831421,1.1559356451034546,1.1564704179763794,0,2026-03-25 20:00:00+00:00
1774483200000,1.1566041707992554,1.157273530960083,1.1558021306991577,1.157139539718628,0,2026-03-26 00:00:00+00:00
1774497600000,1.157139539718628,1.1575413942337036,1.1555349826812744,1.1556684970855713,0,2026-03-26 04:00:00+00:00
1774512000000,1.155401587486267,1.156738042831421,1.1527377367019653,1.1527377367019653,0,2026-03-26 08:00:00+00:00
1774526400000,1.1528706550598145,1.1558021306991577,1.1527377367019653,1.1544678211212158,0,2026-03-26 12:00:00+00:00
1774540800000,1.1544678211212158,1.1546010971069336,1.1524720191955566,1.1524720191955566,0,2026-03-26 16:00:00+00:00
1774555200000,1.1524720191955566,1.1560693979263306,1.152339220046997,1.1536686420440674,0,2026-03-26 20:00:00+00:00
1774569600000,1.1538017988204956,1.1544678211212158,1.1527377367019653,1.1542012691497803,0,2026-03-27 00:00:00+00:00
1774584000000,1.1542012691497803,1.1548677682876587,1.1520737409591675,1.1522064208984375,0,2026-03-27 04:00:00+00:00
1774598400000,1.1522064208984375,1.1530035734176636,1.1508804559707642,1.151145339012146,0,2026-03-27 08:00:00+00:00
1774612800000,1.151012897491455,1.155001163482666,1.150483250617981,1.1524720191955566,0,2026-03-27 12:00:00+00:00
1774627200000,1.152339220046997,1.1528706550598145,1.151012897491455,1.1520737409591675,0,2026-03-27 16:00:00+00:00
1774641600000,1.1519410610198975,1.1522064208984375,1.151012897491455,1.151012897491455,0,2026-03-27 20:00:00+00:00
1774814400000,1.1491611003875732,1.1496896743774414,1.1491611003875732,1.1494252681732178,0,2026-03-29 20:00:00+00:00
1774828800000,1.1495574712753296,1.1522064208984375,1.1494252681732178,1.1519410610198975,0,2026-03-30 00:00:00+00:00
1774843200000,1.1519410610198975,1.1524720191955566,1.1498217582702637,1.1500862836837769,0,2026-03-30 04:00:00+00:00
1774857600000,1.1500862836837769,1.1502184867858887,1.1488970518112183,1.1488970518112183,0,2026-03-30 08:00:00+00:00
1774872000000,1.1487650871276855,1.1490291357040405,1.144819736480713,1.145737886428833,0,2026-03-30 12:00:00+00:00
1774886400000,1.145737886428833,1.1469204425811768,1.145213007926941,1.1461317539215088,0,2026-03-30 16:00:00+00:00
1774900800000,1.1462632417678833,1.1471836566925049,1.1456066370010376,1.1458691358566284,0,2026-03-30 20:00:00+00:00
1774915200000,1.1460003852844238,1.1492931842803955,1.145213007926941,1.147315263748169,0,2026-03-31 00:00:00+00:00
1774929600000,1.147315263748169,1.1477103233337402,1.1463946104049683,1.1475785970687866,0,2026-03-31 04:00:00+00:00
1774944000000,1.1475785970687866,1.1494252681732178,1.1461317539215088,1.1491611003875732,0,2026-03-31 08:00:00+00:00
1774958400000,1.1495574712753296,1.1542012691497803,1.1492931842803955,1.1519410610198975,0,2026-03-31 12:00:00+00:00
1774972800000,1.1519410610198975,1.156336784362793,1.1518083810806274,1.156336784362793,0,2026-03-31 16:00:00+00:00
1774987200000,1.156336784362793,1.1576753854751587,1.155001163482666,1.1576753854751587,0,2026-03-31 20:00:00+00:00
1775001600000,1.1576753854751587,1.1582117080688477,1.1559356451034546,1.1564704179763794,0,2026-04-01 00:00:00+00:00
1775016000000,1.156336784362793,1.160092830657959,1.156336784362793,1.1586142778396606,0,2026-04-01 04:00:00+00:00
1775030400000,1.1584800481796265,1.161440134048462,1.158077597618103,1.1610356569290161,0,2026-04-01 08:00:00+00:00
1775044800000,1.161170482635498,1.163061261177063,1.1598236560821533,1.1617100238800049,0,2026-04-01 12:00:00+00:00
1775059200000,1.1617100238800049,1.162520408630371,1.158077597618103,1.1588828563690186,0,2026-04-01 16:00:00+00:00
1775073600000,1.1588828563690186,1.1598236560821533,1.1584800481796265,1.1592857837677002,0,2026-04-01 20:00:00+00:00
1775088000000,1.1592857837677002,1.1606314182281494,1.1542012691497803,1.154334545135498,0,2026-04-02 00:00:00+00:00
1775102400000,1.154334545135498,1.1544678211212158,1.1519410610198975,1.1536686420440674,0,2026-04-02 04:00:00+00:00
1775116800000,1.1536686420440674,1.1538017988204956,1.1512778997421265,1.1522064208984375,0,2026-04-02 08:00:00+00:00
1775131200000,1.1522064208984375,1.1560693979263306,1.1522064208984375,1.1548677682876587,0,2026-04-02 12:00:00+00:00
1775145600000,1.1548677682876587,1.1551345586776733,1.1536686420440674,1.1538017988204956,0,2026-04-02 16:00:00+00:00
1775160000000,1.1536686420440674,1.1547343730926514,1.1536686420440674,1.1544678211212158,0,2026-04-02 20:00:00+00:00
1775174400000,1.1544678211212158,1.1547343730926514,1.1535356044769287,1.1539349555969238,0,2026-04-03 00:00:00+00:00
1775188800000,1.1539349555969238,1.155001163482666,1.1532695293426514,1.1546010971069336,0,2026-04-03 04:00:00+00:00
1775203200000,1.1546010971069336,1.1551345586776733,1.154334545135498,1.1547343730926514,0,2026-04-03 08:00:00+00:00
1775217600000,1.1548677682876587,1.1548677682876587,1.1524720191955566,1.1524720191955566,0,2026-04-03 12:00:00+00:00
1775232000000,1.1524720191955566,1.1524720191955566,1.1516757011413574,1.1519410610198975,0,2026-04-03 16:00:00+00:00
1775246400000,1.1519410610198975,1.1532695293426514,1.1518083810806274,1.1522064208984375,0,2026-04-03 20:00:00+00:00
1775419200000,1.1518083810806274,1.1519410610198975,1.1512778997421265,1.1512778997421265,0,2026-04-05 20:00:00+00:00
1775433600000,1.151410460472107,1.1531364917755127,1.151012897491455,1.1522064208984375,0,2026-04-06 00:00:00+00:00
1775448000000,1.152339220046997,1.157139539718628,1.1522064208984375,1.156738042831421,0,2026-04-06 04:00:00+00:00
1775462400000,1.1570056676864624,1.1570056676864624,1.1544678211212158,1.1548677682876587,0,2026-04-06 08:00:00+00:00
1775476800000,1.1548677682876587,1.157273530960083,1.1539349555969238,1.1547343730926514,0,2026-04-06 12:00:00+00:00
1775491200000,1.1548677682876587,1.1555349826812744,1.1538017988204956,1.1546010971069336,0,2026-04-06 16:00:00+00:00
1775505600000,1.1546010971069336,1.1551345586776733,1.1542012691497803,1.1544678211212158,0,2026-04-06 20:00:00+00:00
1775520000000,1.1544678211212158,1.1546010971069336,1.1528706550598145,1.1538017988204956,0,2026-04-07 00:00:00+00:00
1775534400000,1.1538017988204956,1.1548677682876587,1.15340256690979,1.1546010971069336,0,2026-04-07 04:00:00+00:00
1775548800000,1.1546010971069336,1.1578094959259033,1.1546010971069336,1.156203031539917,0,2026-04-07 08:00:00+00:00
1775563200000,1.156336784362793,1.1582117080688477,1.1558021306991577,1.1575413942337036,0,2026-04-07 12:00:00+00:00
1775577600000,1.1574074029922485,1.160496711730957,1.1570056676864624,1.1598236560821533,0,2026-04-07 16:00:00+00:00
1775592000000,1.15968918800354,1.1693171262741089,1.1595547199249268,1.1689070463180542,0,2026-04-07 20:00:00+00:00
1775606400000,1.1690436601638794,1.169864296913147,1.1669973134994507,1.1675423383712769,0,2026-04-08 00:00:00+00:00
1775620800000,1.1674060821533203,1.1710972785949707,1.1674060821533203,1.169864296913147,0,2026-04-08 04:00:00+00:00
1775635200000,1.169864296913147,1.1710972785949707,1.1675423383712769,1.1704120635986328,0,2026-04-08 08:00:00+00:00
1775649600000,1.1704120635986328,1.1724703311920166,1.1689070463180542,1.1691803932189941,0,2026-04-08 12:00:00+00:00
1775664000000,1.1689070463180542,1.1690436601638794,1.164958119392395,1.1674060821533203,0,2026-04-08 16:00:00+00:00
1775678400000,1.1671334505081177,1.1671334505081177,1.1659088134765625,1.1661807298660278,0,2026-04-08 20:00:00+00:00
1775692800000,1.1661807298660278,1.1669973134994507,1.1653653383255005,1.1665889024734497,0,2026-04-09 00:00:00+00:00
1775707200000,1.1667250394821167,1.1674060821533203,1.1657729148864746,1.1665889024734497,0,2026-04-09 04:00:00+00:00
1775721600000,1.1665889024734497,1.1693171262741089,1.1663167476654053,1.1691803932189941,0,2026-04-09 08:00:00+00:00
1775736000000,1.1691803932189941,1.1709601879119873,1.1678149700164795,1.170823097229004,0,2026-04-09 12:00:00+00:00
1775750400000,1.170823097229004,1.1726078987121582,1.1701380014419556,1.1704120635986328,0,2026-04-09 16:00:00+00:00
1775764800000,1.1702749729156494,1.1706860065460205,1.1694538593292236,1.1694538593292236,0,2026-04-09 20:00:00+00:00
1775779200000,1.1694538593292236,1.1700011491775513,1.1689070463180542,1.169864296913147,0,2026-04-10 00:00:00+00:00
1775793600000,1.169864296913147,1.1700011491775513,1.1682243347167969,1.1682243347167969,0,2026-04-10 04:00:00+00:00
1775808000000,1.1683608293533325,1.172195553779602,1.1680878400802612,1.171783447265625,0,2026-04-10 08:00:00+00:00
1775822400000,1.171783447265625,1.1741223335266113,1.1713716983795166,1.1726078987121582,0,2026-04-10 12:00:00+00:00
1775836800000,1.1724703311920166,1.17384672164917,1.1716461181640625,1.1731581687927246,0,2026-04-10 16:00:00+00:00
1775851200000,1.1730204820632935,1.173433542251587,1.1727453470230103,1.1728830337524414,0,2026-04-10 20:00:00+00:00
1776024000000,1.1675423383712769,1.1678149700164795,1.1667250394821167,1.1676785945892334,0,2026-04-12 20:00:00+00:00
1776038400000,1.1679514646530151,1.1693171262741089,1.1674060821533203,1.1691803932189941,0,2026-04-13 00:00:00+00:00
1776052800000,1.1691803932189941,1.1702749729156494,1.1682243347167969,1.1701380014419556,0,2026-04-13 04:00:00+00:00
1776067200000,1.1700011491775513,1.1702749729156494,1.1686338186264038,1.1686338186264038,0,2026-04-13 08:00:00+00:00
1776081600000,1.1684973239898682,1.172195553779602,1.1684973239898682,1.1712344884872437,0,2026-04-13 12:00:00+00:00
1776096000000,1.1713716983795166,1.176885962486267,1.1710972785949707,1.1764705181121826,0,2026-04-13 16:00:00+00:00
1776110400000,1.1764705181121826,1.177024483680725,1.1759172677993774,1.177024483680725,0,2026-04-13 20:00:00+00:00
1776124800000,1.177024483680725,1.177163004875183,1.1760554313659668,1.177163004875183,0,2026-04-14 00:00:00+00:00
1776139200000,1.177024483680725,1.1796625852584839,1.1761938333511353,1.1784114837646484,0,2026-04-14 04:00:00+00:00
1776153600000,1.1782727241516113,1.1807769536972046,1.1778563261032104,1.1807769536972046,0,2026-04-14 08:00:00+00:00
1776168000000,1.1800801753997803,1.1813349723815918,1.1791062355041504,1.1793843507766724,0,2026-04-14 12:00:00+00:00
1776182400000,1.1793843507766724,1.1802195310592651,1.1792453527450562,1.1795234680175781,0,2026-04-14 16:00:00+00:00
1776196800000,1.1795234680175781,1.18035888671875,1.1791062355041504,1.1802195310592651,0,2026-04-14 20:00:00+00:00
1776211200000,1.1802195310592651,1.1802195310592651,1.1782727241516113,1.1791062355041504,0,2026-04-15 00:00:00+00:00
1776225600000,1.1791062355041504,1.1802195310592651,1.1786893606185913,1.178828239440918,0,2026-04-15 04:00:00+00:00
1776240000000,1.1789672374725342,1.1798018217086792,1.1777175664901733,1.178550362586975,0,2026-04-15 08:00:00+00:00
1776254400000,1.1786893606185913,1.1810559034347534,1.1781338453292847,1.18035888671875,0,2026-04-15 12:00:00+00:00
1776268800000,1.1802195310592651,1.1807769536972046,1.1796625852584839,1.1804981231689453,0,2026-04-15 16:00:00+00:00
1776283200000,1.18035888671875,1.1811953783035278,1.179940938949585,1.1810559034347534,0,2026-04-15 20:00:00+00:00
1776297600000,1.1810559034347534,1.182732105255127,1.1800801753997803,1.1816140413284302,0,2026-04-16 00:00:00+00:00
1776312000000,1.1816140413284302,1.1816140413284302,1.1795234680175781,1.1796625852584839,0,2026-04-16 04:00:00+00:00
1776326400000,1.1795234680175781,1.1796625852584839,1.1777175664901733,1.178828239440918,0,2026-04-16 08:00:00+00:00
1776340800000,1.1786893606185913,1.1786893606185913,1.177163004875183,1.1784114837646484,0,2026-04-16 12:00:00+00:00
1776355200000,1.178550362586975,1.1791062355041504,1.177163004875183,1.178550362586975,0,2026-04-16 16:00:00+00:00
1776369600000,1.178550362586975,1.1791062355041504,1.1777175664901733,1.1784114837646484,0,2026-04-16 20:00:00+00:00
1776384000000,1.1784114837646484,1.178828239440918,1.1777175664901733,1.1786893606185913,0,2026-04-17 00:00:00+00:00
1776398400000,1.1786893606185913,1.178828239440918,1.1777175664901733,1.178550362586975,0,2026-04-17 04:00:00+00:00
1776412800000,1.1786893606185913,1.1802195310592651,1.1784114837646484,1.1798018217086792,0,2026-04-17 08:00:00+00:00
1776427200000,1.1798018217086792,1.1852554082870483,1.1798018217086792,1.18035888671875,0,2026-04-17 12:00:00+00:00
1776441600000,1.18035888671875,1.1807769536972046,1.177163004875183,1.177163004875183,0,2026-04-17 16:00:00+00:00
1776456000000,1.1773016452789307,1.1774401664733887,1.1766090393066406,1.176747441291809,0,2026-04-17 20:00:00+00:00
1776628800000,1.1743981838226318,1.1748120784759521,1.1739845275878906,1.1742602586746216,0,2026-04-19 20:00:00+00:00
1776643200000,1.1741223335266113,1.1764705181121826,1.1741223335266113,1.1763322353363037,0,2026-04-20 00:00:00+00:00
1776657600000,1.1763322353363037,1.1764705181121826,1.1750881671905518,1.1755025386810303,0,2026-04-20 04:00:00+00:00
1776672000000,1.1763322353363037,1.1778563261032104,1.1763322353363037,1.177163004875183,0,2026-04-20 08:00:00+00:00
1776686400000,1.176885962486267,1.1792453527450562,1.1760554313659668,1.178828239440918,0,2026-04-20 12:00:00+00:00
1776700800000,1.1789672374725342,1.1792453527450562,1.1784114837646484,1.1789672374725342,0,2026-04-20 16:00:00+00:00
1776715200000,1.178828239440918,1.1793843507766724,1.178550362586975,1.178828239440918,0,2026-04-20 20:00:00+00:00
1776729600000,1.178828239440918,1.1789672374725342,1.1777175664901733,1.1778563261032104,0,2026-04-21 00:00:00+00:00
1776744000000,1.177994966506958,1.178550362586975,1.176747441291809,1.176747441291809,0,2026-04-21 04:00:00+00:00
1776758400000,1.176885962486267,1.177163004875183,1.1760554313659668,1.177024483680725,0,2026-04-21 08:00:00+00:00
1776772800000,1.177163004875183,1.1778563261032104,1.1745359897613525,1.1755025386810303,0,2026-04-21 12:00:00+00:00
1776787200000,1.1755025386810303,1.1761938333511353,1.1724703311920166,1.1730204820632935,0,2026-04-21 16:00:00+00:00
1776801600000,1.1728830337524414,1.1759172677993774,1.1727453470230103,1.1746740341186523,0,2026-04-21 20:00:00+00:00
1776816000000,1.1749500036239624,1.1755025386810303,1.1741223335266113,1.1742602586746216,0,2026-04-22 00:00:00+00:00
1776830400000,1.1742602586746216,1.1764705181121826,1.1742602586746216,1.1759172677993774,0,2026-04-22 04:00:00+00:00
1776844800000,1.1759172677993774,1.1761938333511353,1.1735711097717285,1.1737089157104492,0,2026-04-22 08:00:00+00:00
1776859200000,1.17384672164917,1.1746740341186523,1.1716461181640625,1.1716461181640625,0,2026-04-22 12:00:00+00:00
1776873600000,1.171783447265625,1.17205810546875,1.170823097229004,1.170823097229004,0,2026-04-22 16:00:00+00:00
1776888000000,1.1709601879119873,1.1713716983795166,1.1706860065460205,1.1709601879119873,0,2026-04-22 20:00:00+00:00
1776902400000,1.170823097229004,1.1716461181640625,1.1695905923843384,1.169864296913147,0,2026-04-23 00:00:00+00:00
1776916800000,1.1700011491775513,1.1713716983795166,1.169864296913147,1.170548915863037,0,2026-04-23 04:00:00+00:00
1776931200000,1.1706860065460205,1.170823097229004,1.1682243347167969,1.1694538593292236,0,2026-04-23 08:00:00+00:00
1776945600000,1.1694538593292236,1.1719207763671875,1.168770432472229,1.170823097229004,0,2026-04-23 12:00:00+00:00
1776960000000,1.1706860065460205,1.1709601879119873,1.1674060821533203,1.1690436601638794,0,2026-04-23 16:00:00+00:00
1776974400000,1.1689070463180542,1.1697274446487427,1.1682243347167969,1.1686338186264038,0,2026-04-23 20:00:00+00:00
1776988800000,1.1686338186264038,1.1691803932189941,1.1676785945892334,1.1680878400802612,0,2026-04-24 00:00:00+00:00
1777003200000,1.1680878400802612,1.1695905923843384,1.1679514646530151,1.1695905923843384,0,2026-04-24 04:00:00+00:00
1777017600000,1.1691803932189941,1.172195553779602,1.168770432472229,1.171783447265625,0,2026-04-24 08:00:00+00:00
1777032000000,1.1719207763671875,1.172195553779602,1.1702749729156494,1.17205810546875,0,2026-04-24 12:00:00+00:00
1777046400000,1.172195553779602,1.1724703311920166,1.1715089082717896,1.172195553779602,0,2026-04-24 16:00:00+00:00
1777060800000,1.172195553779602,1.1727453470230103,1.17205810546875,1.1726078987121582,0,2026-04-24 20:00:00+00:00
1777233600000,1.1710972785949707,1.1713716983795166,1.1709601879119873,1.1709601879119873,0,2026-04-26 20:00:00+00:00
1777248000000,1.1709601879119873,1.1735711097717285,1.1709601879119873,1.1732958555221558,0,2026-04-27 00:00:00+00:00
1777262400000,1.1732958555221558,1.1748120784759521,1.17205810546875,1.1748120784759521,0,2026-04-27 04:00:00+00:00
1777276800000,1.1746740341186523,1.175364375114441,1.1741223335266113,1.1743981838226318,0,2026-04-27 08:00:00+00:00
1777291200000,1.1745359897613525,1.1757789850234985,1.173433542251587,1.173433542251587,0,2026-04-27 12:00:00+00:00
1777305600000,1.173433542251587,1.1737089157104492,1.172195553779602,1.172333002090454,0,2026-04-27 16:00:00+00:00
1777320000000,1.1724703311920166,1.1727453470230103,1.172195553779602,1.1726078987121582,0,2026-04-27 20:00:00+00:00
1777334400000,1.1727453470230103,1.1730204820632935,1.1710972785949707,1.171783447265625,0,2026-04-28 00:00:00+00:00
1777348800000,1.1716461181640625,1.1719207763671875,1.1690436601638794,1.1701380014419556,0,2026-04-28 04:00:00+00:00
1777363200000,1.1701380014419556,1.1710972785949707,1.1686338186264038,1.1686338186264038,0,2026-04-28 08:00:00+00:00
1777377600000,1.1684973239898682,1.1719207763671875,1.1682243347167969,1.1716461181640625,0,2026-04-28 12:00:00+00:00
1777392000000,1.1716461181640625,1.17205810546875,1.1709601879119873,1.1712344884872437,0,2026-04-28 16:00:00+00:00
1777406400000,1.1713716983795166,1.172195553779602,1.1713716983795166,1.172195553779602,0,2026-04-28 20:00:00+00:00
1777420800000,1.172333002090454,1.1724703311920166,1.1709601879119873,1.1709601879119873,0,2026-04-29 00:00:00+00:00
1777435200000,1.1709601879119873,1.1712344884872437,1.1701380014419556,1.1709601879119873,0,2026-04-29 04:00:00+00:00
1777449600000,1.170823097229004,1.1712344884872437,1.169864296913147,1.170548915863037,0,2026-04-29 08:00:00+00:00
1777464000000,1.170548915863037,1.1710972785949707,1.168770432472229,1.169864296913147,0,2026-04-29 12:00:00+00:00
1777478400000,1.169864296913147,1.1701380014419556,1.1667250394821167,1.1679514646530151,0,2026-04-29 16:00:00+00:00
1777492800000,1.1679514646530151,1.1689070463180542,1.1671334505081177,1.1689070463180542,0,2026-04-29 20:00:00+00:00
1777507200000,1.1691803932189941,1.1693171262741089,1.1665889024734497,1.1668611764907837,0,2026-04-30 00:00:00+00:00
1777521600000,1.1669973134994507,1.1684973239898682,1.1659088134765625,1.1682243347167969,0,2026-04-30 04:00:00+00:00
1777536000000,1.1683608293533325,1.172195553779602,1.1678149700164795,1.170823097229004,0,2026-04-30 08:00:00+00:00
1777550400000,1.170823097229004,1.17384672164917,1.168770432472229,1.1732958555221558,0,2026-04-30 12:00:00+00:00
1777564800000,1.1731581687927246,1.1743981838226318,1.1727453470230103,1.1739845275878906,0,2026-04-30 16:00:00+00:00
1777579200000,1.17384672164917,1.1741223335266113,1.1732958555221558,1.1732958555221558,0,2026-04-30 20:00:00+00:00
1777593600000,1.1732958555221558,1.1741223335266113,1.1728830337524414,1.1735711097717285,0,2026-05-01 00:00:00+00:00
1777608000000,1.173433542251587,1.1748120784759521,1.172333002090454,1.17384672164917,0,2026-05-01 04:00:00+00:00
1777622400000,1.1739845275878906,1.1760554313659668,1.1735711097717285,1.1755025386810303,0,2026-05-01 08:00:00+00:00
1777636800000,1.1756407022476196,1.178828239440918,1.1748120784759521,1.1760554313659668,0,2026-05-01 12:00:00+00:00
1777651200000,1.1759172677993774,1.1760554313659668,1.172195553779602,1.172333002090454,0,2026-05-01 16:00:00+00:00
1777665600000,1.172333002090454,1.1726078987121582,1.17205810546875,1.172333002090454,0,2026-05-01 20:00:00+00:00
1777867200000,1.1732958555221558,1.1739845275878906,1.17205810546875,1.172333002090454,0,2026-05-04 04:00:00+00:00
1777881600000,1.1719207763671875,1.1726078987121582,1.1693171262741089,1.1697274446487427,0,2026-05-04 08:00:00+00:00
1777896000000,1.1695905923843384,1.17205810546875,1.1695905923843384,1.1701380014419556,0,2026-05-04 12:00:00+00:00
1777910400000,1.1701380014419556,1.170548915863037,1.1684973239898682,1.169864296913147,0,2026-05-04 16:00:00+00:00
1777924800000,1.1697274446487427,1.1702749729156494,1.1690436601638794,1.1695905923843384,0,2026-05-04 20:00:00+00:00
1777939200000,1.1695905923843384,1.1697274446487427,1.1683608293533325,1.168770432472229,0,2026-05-05 00:00:00+00:00
1777953600000,1.168770432472229,1.169864296913147,1.1679514646530151,1.1694538593292236,0,2026-05-05 04:00:00+00:00
1777968000000,1.1693171262741089,1.169864296913147,1.1686338186264038,1.1691803932189941,0,2026-05-05 08:00:00+00:00
1777982400000,1.1691803932189941,1.1716461181640625,1.1689070463180542,1.1710972785949707,0,2026-05-05 12:00:00+00:00
1777996800000,1.1709601879119873,1.1710972785949707,1.1697274446487427,1.169864296913147,0,2026-05-05 16:00:00+00:00
1778011200000,1.169864296913147,1.1727453470230103,1.1689070463180542,1.171783447265625,0,2026-05-05 20:00:00+00:00
1778025600000,1.171783447265625,1.1728830337524414,1.1715089082717896,1.17205810546875,0,2026-05-06 00:00:00+00:00
1778040000000,1.17205810546875,1.1746740341186523,1.1719207763671875,1.17384672164917,0,2026-05-06 04:00:00+00:00
1778054400000,1.1742602586746216,1.179940938949585,1.1737089157104492,1.1773016452789307,0,2026-05-06 08:00:00+00:00
1778068800000,1.1773016452789307,1.1773016452789307,1.1749500036239624,1.1756407022476196,0,2026-05-06 12:00:00+00:00
1778083200000,1.1756407022476196,1.1759172677993774,1.1746740341186523,1.1752262115478516,0,2026-05-06 16:00:00+00:00
1778097600000,1.1749500036239624,1.1756407022476196,1.1748120784759521,1.1750881671905518,0,2026-05-06 20:00:00+00:00
1778112000000,1.1752262115478516,1.1766090393066406,1.1749500036239624,1.1752262115478516,0,2026-05-07 00:00:00+00:00
1778126400000,1.1752262115478516,1.177163004875183,1.1749500036239624,1.177024483680725,0,2026-05-07 04:00:00+00:00
1778140800000,1.177024483680725,1.1781338453292847,1.1766090393066406,1.1773016452789307,0,2026-05-07 08:00:00+00:00
1778155200000,1.1774401664733887,1.1781338453292847,1.176747441291809,1.176747441291809,0,2026-05-07 12:00:00+00:00
1778169600000,1.1766090393066406,1.176885962486267,1.17384672164917,1.17384672164917,0,2026-05-07 16:00:00+00:00
1778184000000,1.1737089157104492,1.1746740341186523,1.1727453470230103,1.173433542251587,0,2026-05-07 20:00:00+00:00
1778198400000,1.1735711097717285,1.17384672164917,1.1728830337524414,1.1732958555221558,0,2026-05-08 00:00:00+00:00
1778212800000,1.173433542251587,1.1750881671905518,1.1731581687927246,1.1746740341186523,0,2026-05-08 04:00:00+00:00
1778227200000,1.1746740341186523,1.1777175664901733,1.1746740341186523,1.176885962486267,0,2026-05-08 08:00:00+00:00
1778241600000,1.176885962486267,1.1789672374725342,1.1763322353363037,1.1777175664901733,0,2026-05-08 12:00:00+00:00
1778256000000,1.1777175664901733,1.1786893606185913,1.1774401664733887,1.1784114837646484,0,2026-05-08 16:00:00+00:00
1778270400000,1.1782727241516113,1.1791062355041504,1.1782727241516113,1.1789672374725342,0,2026-05-08 20:00:00+00:00
1778443200000,1.176747441291809,1.1773016452789307,1.176747441291809,1.177024483680725,0,2026-05-10 20:00:00+00:00
1778457600000,1.177163004875183,1.1775789260864258,1.1760554313659668,1.1760554313659668,0,2026-05-11 00:00:00+00:00
1778472000000,1.1760554313659668,1.1777175664901733,1.1752262115478516,1.1774401664733887,0,2026-05-11 04:00:00+00:00
1778486400000,1.1774401664733887,1.178550362586975,1.176885962486267,1.177024483680725,0,2026-05-11 08:00:00+00:00
1778500800000,1.177163004875183,1.1791062355041504,1.176885962486267,1.1784114837646484,0,2026-05-11 12:00:00+00:00
1778515200000,1.1784114837646484,1.1784114837646484,1.1775789260864258,1.177994966506958,0,2026-05-11 16:00:00+00:00
1778529600000,1.1781338453292847,1.1791062355041504,1.1778563261032104,1.1781338453292847,0,2026-05-11 20:00:00+00:00
1778544000000,1.177994966506958,1.177994966506958,1.1759172677993774,1.1759172677993774,0,2026-05-12 00:00:00+00:00
1778558400000,1.1760554313659668,1.176747441291809,1.1746740341186523,1.1750881671905518,0,2026-05-12 04:00:00+00:00
1778572800000,1.1750881671905518,1.175364375114441,1.17384672164917,1.1748120784759521,0,2026-05-12 08:00:00+00:00
1778587200000,1.1746740341186523,1.175364375114441,1.1727453470230103,1.1737089157104492,0,2026-05-12 12:00:00+00:00
1778601600000,1.1735711097717285,1.1749500036239624,1.1731581687927246,1.1743981838226318,0,2026-05-12 16:00:00+00:00
1778616000000,1.1742602586746216,1.1745359897613525,1.17384672164917,1.17384672164917,0,2026-05-12 20:00:00+00:00
1778630400000,1.17384672164917,1.1745359897613525,1.1735711097717285,1.17384672164917,0,2026-05-13 00:00:00+00:00
1778644800000,1.17384672164917,1.1739845275878906,1.1710972785949707,1.1710972785949707,0,2026-05-13 04:00:00+00:00
1778659200000,1.1710972785949707,1.17205810546875,1.1700011491775513,1.1715089082717896,0,2026-05-13 08:00:00+00:00
1778673600000,1.1716461181640625,1.1719207763671875,1.1701380014419556,1.1715089082717896,0,2026-05-13 12:00:00+00:00
1778688000000,1.1713716983795166,1.17205810546875,1.170823097229004,1.1713716983795166,0,2026-05-13 16:00:00+00:00
1778702400000,1.1713716983795166,1.172195553779602,1.1712344884872437,1.1719207763671875,0,2026-05-13 20:00:00+00:00
1778716800000,1.1719207763671875,1.172195553779602,1.1713716983795166,1.1715089082717896,0,2026-05-14 00:00:00+00:00
1778731200000,1.1715089082717896,1.1724703311920166,1.1710972785949707,1.1710972785949707,0,2026-05-14 04:00:00+00:00
1778745600000,1.1710972785949707,1.1716461181640625,1.1702749729156494,1.170548915863037,0,2026-05-14 08:00:00+00:00
1778760000000,1.170548915863037,1.170823097229004,1.1675423383712769,1.1680878400802612,0,2026-05-14 12:00:00+00:00
1778774400000,1.1680878400802612,1.1683608293533325,1.1672697067260742,1.1674060821533203,0,2026-05-14 16:00:00+00:00
1778788800000,1.1675423383712769,1.1676785945892334,1.1664528846740723,1.1664528846740723,0,2026-05-14 20:00:00+00:00
1778803200000,1.1664528846740723,1.1665889024734497,1.164958119392395,1.1656370162963867,0,2026-05-15 00:00:00+00:00
1778817600000,1.1655012369155884,1.1656370162963867,1.163602590560913,1.163873314857483,0,2026-05-15 04:00:00+00:00
1778832000000,1.1640088558197021,1.1657729148864746,1.1621150970458984,1.1634671688079834,0,2026-05-15 08:00:00+00:00
1778846400000,1.1634671688079834,1.1640088558197021,1.16225004196167,1.1629259586334229,0,2026-05-15 12:00:00+00:00
1778860800000,1.1629259586334229,1.163873314857483,1.1621150970458984,1.1623852252960205,0,2026-05-15 16:00:00+00:00
1778875200000,1.1623852252960205,1.163061261177063,1.16225004196167,1.163061261177063,0,2026-05-15 20:00:00+00:00
1779048000000,1.1626555919647217,1.1626555919647217,1.1615750789642334,1.1617100238800049,0,2026-05-17 20:00:00+00:00
1779062400000,1.1618449687957764,1.162520408630371,1.161170482635498,1.162520408630371,0,2026-05-18 00:00:00+00:00
1779076800000,1.162520408630371,1.1642799377441406,1.1621150970458984,1.163602590560913,0,2026-05-18 04:00:00+00:00
1779091200000,1.1637378931045532,1.1652295589447021,1.163061261177063,1.1644154787063599,0,2026-05-18 08:00:00+00:00
1779105600000,1.1644154787063599,1.16604483127594,1.1637378931045532,1.1653653383255005,0,2026-05-18 12:00:00+00:00
1779120000000,1.1650937795639038,1.1659088134765625,1.1633317470550537,1.1656370162963867,0,2026-05-18 16:00:00+00:00
1779134400000,1.1655012369155884,1.1664528846740723,1.1655012369155884,1.1657729148864746,0,2026-05-18 20:00:00+00:00
1779148800000,1.1659088134765625,1.1659088134765625,1.1644154787063599,1.1645511388778687,0,2026-05-19 00:00:00+00:00
1779163200000,1.1645511388778687,1.164958119392395,1.1633317470550537,1.163873314857483,0,2026-05-19 04:00:00+00:00
1779177600000,1.163873314857483,1.163873314857483,1.161440134048462,1.1621150970458984,0,2026-05-19 08:00:00+00:00
1779192000000,1.1619800329208374,1.1627906560897827,1.15968918800354,1.160496711730957,0,2026-05-19 12:00:00+00:00
1779206400000,1.160496711730957,1.1617100238800049,1.160092830657959,1.1609008312225342,0,2026-05-19 16:00:00+00:00
1779220800000,1.1609008312225342,1.1615750789642334,1.1602274179458618,1.1610356569290161,0,2026-05-19 20:00:00+00:00
1779235200000,1.1610356569290161,1.16130530834198,1.15968918800354,1.160496711730957,0,2026-05-20 00:00:00+00:00
1779249600000,1.1606314182281494,1.1609008312225342,1.1595547199249268,1.15968918800354,0,2026-05-20 04:00:00+00:00
1779264000000,1.1595547199249268,1.1607661247253418,1.1587486267089844,1.1603620052337646,0,2026-05-20 08:00:00+00:00
1779278400000,1.160496711730957,1.164686679840088,1.1586142778396606,1.16225004196167,0,2026-05-20 12:00:00+00:00
1779292800000,1.16225004196167,1.163873314857483,1.1619800329208374,1.163061261177063,0,2026-05-20 16:00:00+00:00
1779307200000,1.163061261177063,1.1631964445114136,1.162520408630371,1.1627906560897827,0,2026-05-20 20:00:00+00:00
1779321600000,1.1627906560897827,1.163873314857483,1.1621150970458984,1.16225004196167,0,2026-05-21 00:00:00+00:00
1779336000000,1.16225004196167,1.1629259586334229,1.1599582433700562,1.1610356569290161,0,2026-05-21 04:00:00+00:00
1779350400000,1.1610356569290161,1.1637378931045532,1.160092830657959,1.160092830657959,0,2026-05-21 08:00:00+00:00
1779364800000,1.1603620052337646,1.161170482635498,1.1582117080688477,1.1592857837677002,0,2026-05-21 12:00:00+00:00
1779379200000,1.1592857837677002,1.1633317470550537,1.1590172052383423,1.162520408630371,0,2026-05-21 16:00:00+00:00
1779393600000,1.162520408630371,1.1626555919647217,1.161440134048462,1.1621150970458984,0,2026-05-21 20:00:00+00:00
1779408000000,1.1621150970458984,1.1621150970458984,1.16130530834198,1.1615750789642334,0,2026-05-22 00:00:00+00:00
1779422400000,1.1615750789642334,1.1621150970458984,1.1606314182281494,1.16130530834198,0,2026-05-22 04:00:00+00:00
1779436800000,1.16130530834198,1.1617100238800049,1.15968918800354,1.1599582433700562,0,2026-05-22 08:00:00+00:00
1779451200000,1.160092830657959,1.1621150970458984,1.1592857837677002,1.1606314182281494,0,2026-05-22 12:00:00+00:00
1779465600000,1.160496711730957,1.16225004196167,1.1603620052337646,1.1610356569290161,0,2026-05-22 16:00:00+00:00
1779480000000,1.1610356569290161,1.1610356569290161,1.1603620052337646,1.160496711730957,0,2026-05-22 20:00:00+00:00
1779652800000,1.164686679840088,1.164958119392395,1.1644154787063599,1.1644154787063599,0,2026-05-24 20:00:00+00:00
1779667200000,1.1644154787063599,1.1650937795639038,1.163873314857483,1.1640088558197021,0,2026-05-25 00:00:00+00:00
1779681600000,1.1641442775726318,1.1648223400115967,1.1634671688079834,1.1640088558197021,0,2026-05-25 04:00:00+00:00
1779696000000,1.163873314857483,1.1653653383255005,1.1637378931045532,1.164686679840088,0,2026-05-25 08:00:00+00:00
1779710400000,1.164686679840088,1.1655012369155884,1.1641442775726318,1.1645511388778687,0,2026-05-25 12:00:00+00:00
1779724800000,1.1645511388778687,1.164686679840088,1.1640088558197021,1.1645511388778687,0,2026-05-25 16:00:00+00:00
1779739200000,1.1645511388778687,1.1650937795639038,1.163873314857483,1.1640088558197021,0,2026-05-25 20:00:00+00:00
1779753600000,1.1640088558197021,1.1642799377441406,1.1633317470550537,1.1640088558197021,0,2026-05-26 00:00:00+00:00
1779768000000,1.163873314857483,1.1642799377441406,1.163061261177063,1.1641442775726318,0,2026-05-26 04:00:00+00:00
1779782400000,1.1640088558197021,1.1648223400115967,1.1637378931045532,1.1637378931045532,0,2026-05-26 08:00:00+00:00
1779796800000,1.1637378931045532,1.1640088558197021,1.1621150970458984,1.16225004196167,0,2026-05-26 12:00:00+00:00
1779811200000,1.1623852252960205,1.163602590560913,1.1623852252960205,1.1634671688079834,0,2026-05-26 16:00:00+00:00
1779825600000,1.163602590560913,1.164686679840088,1.163061261177063,1.1640088558197021,0,2026-05-26 20:00:00+00:00
1779840000000,1.1640088558197021,1.1648223400115967,1.163602590560913,1.1645511388778687,0,2026-05-27 00:00:00+00:00
1779854400000,1.1645511388778687,1.1655012369155884,1.1641442775726318,1.1644154787063599,0,2026-05-27 04:00:00+00:00
1779868800000,1.1641442775726318,1.1653653383255005,1.1637378931045532,1.1642799377441406,0,2026-05-27 08:00:00+00:00
1779883200000,1.1640088558197021,1.1664528846740723,1.1626555919647217,1.163602590560913,0,2026-05-27 12:00:00+00:00
1779897600000,1.163602590560913,1.163873314857483,1.162520408630371,1.1631964445114136,0,2026-05-27 16:00:00+00:00
1779912000000,1.1631964445114136,1.1640088558197021,1.1619800329208374,1.1621150970458984,0,2026-05-27 20:00:00+00:00
1779926400000,1.1619800329208374,1.1626555919647217,1.159151554107666,1.159151554107666,0,2026-05-28 00:00:00+00:00
1779940800000,1.159151554107666,1.1621150970458984,1.1590172052383423,1.161440134048462,0,2026-05-28 04:00:00+00:00
1779955200000,1.1615750789642334,1.162520408630371,1.1607661247253418,1.1621150970458984,0,2026-05-28 08:00:00+00:00
1779969600000,1.1621150970458984,1.16604483127594,1.1619800329208374,1.1652295589447021,0,2026-05-28 12:00:00+00:00
1779984000000,1.1652295589447021,1.1663167476654053,1.164958119392395,1.1650937795639038,0,2026-05-28 16:00:00+00:00
1779998400000,1.164958119392395,1.1656370162963867,1.1648223400115967,1.1656370162963867,0,2026-05-28 20:00:00+00:00
1780012800000,1.1656370162963867,1.16604483127594,1.1640088558197021,1.1640088558197021,0,2026-05-29 00:00:00+00:00
1780027200000,1.1641442775726318,1.1657729148864746,1.163873314857483,1.1645511388778687,0,2026-05-29 04:00:00+00:00
1780041600000,1.1640088558197021,1.1652295589447021,1.1629259586334229,1.1652295589447021,0,2026-05-29 08:00:00+00:00
1780056000000,1.1652295589447021,1.168770432472229,1.1644154787063599,1.1680878400802612,0,2026-05-29 12:00:00+00:00
1780070400000,1.1680878400802612,1.1680878400802612,1.1665889024734497,1.1667250394821167,0,2026-05-29 16:00:00+00:00
1780084800000,1.1667250394821167,1.1667250394821167,1.1659088134765625,1.1659088134765625,0,2026-05-29 20:00:00+00:00
1780257600000,1.1657729148864746,1.1659088134765625,1.1652295589447021,1.1652295589447021,0,2026-05-31 20:00:00+00:00
1780272000000,1.1652295589447021,1.1656370162963867,1.1645511388778687,1.164686679840088,0,2026-06-01 00:00:00+00:00
1780286400000,1.164686679840088,1.1668611764907837,1.164686679840088,1.16604483127594,0,2026-06-01 04:00:00+00:00
1780300800000,1.1659088134765625,1.1663167476654053,1.1645511388778687,1.164958119392395,0,2026-06-01 08:00:00+00:00
1780315200000,1.1650937795639038,1.1653653383255005,1.1610356569290161,1.1626555919647217,0,2026-06-01 12:00:00+00:00
1780329600000,1.1627906560897827,1.1640088558197021,1.1619800329208374,1.1634671688079834,0,2026-06-01 16:00:00+00:00
1780344000000,1.163602590560913,1.1644154787063599,1.1633317470550537,1.163873314857483,0,2026-06-01 20:00:00+00:00
1780358400000,1.163873314857483,1.1641442775726318,1.1631964445114136,1.1637378931045532,0,2026-06-02 00:00:00+00:00
1780372800000,1.1637378931045532,1.1655012369155884,1.1637378931045532,1.1652295589447021,0,2026-06-02 04:00:00+00:00
1780387200000,1.1652295589447021,1.1656370162963867,1.1642799377441406,1.1653653383255005,0,2026-06-02 08:00:00+00:00
1780401600000,1.1653653383255005,1.1659088134765625,1.1640088558197021,1.1644154787063599,0,2026-06-02 12:00:00+00:00
1780416000000,1.1641442775726318,1.1642799377441406,1.1617100238800049,1.163602590560913,0,2026-06-02 16:00:00+00:00
1780430400000,1.163602590560913,1.1637378931045532,1.16225004196167,1.162520408630371,0,2026-06-02 20:00:00+00:00
1780444800000,1.162520408630371,1.163602590560913,1.162520408630371,1.163061261177063,0,2026-06-03 00:00:00+00:00
1780459200000,1.163061261177063,1.163061261177063,1.1617100238800049,1.1619800329208374,0,2026-06-03 04:00:00+00:00
1780473600000,1.1618449687957764,1.162520408630371,1.1609008312225342,1.1621150970458984,0,2026-06-03 08:00:00+00:00
1780488000000,1.1619800329208374,1.1619800329208374,1.1598236560821533,1.1607661247253418,0,2026-06-03 12:00:00+00:00
1780502400000,1.1607661247253418,1.1607661247253418,1.1598236560821533,1.160092830657959,0,2026-06-03 16:00:00+00:00
1780516800000,1.1602274179458618,1.161440134048462,1.1598236560821533,1.16130530834198,0,2026-06-03 20:00:00+00:00
1780531200000,1.16130530834198,1.1615750789642334,1.1606314182281494,1.1609008312225342,0,2026-06-04 00:00:00+00:00
1780545600000,1.1609008312225342,1.1618449687957764,1.1602274179458618,1.1607661247253418,0,2026-06-04 04:00:00+00:00
1780560000000,1.1607661247253418,1.1648223400115967,1.1607661247253418,1.1645511388778687,0,2026-06-04 08:00:00+00:00
1780574400000,1.1648223400115967,1.1648223400115967,1.1626555919647217,1.1631964445114136,0,2026-06-04 12:00:00+00:00
1780588800000,1.1631964445114136,1.1633317470550537,1.161440134048462,1.1615750789642334,0,2026-06-04 16:00:00+00:00
1780603200000,1.1615750789642334,1.1621150970458984,1.161170482635498,1.1615750789642334,0,2026-06-04 20:00:00+00:00
1780617600000,1.1615750789642334,1.1619800329208374,1.16130530834198,1.1618449687957764,0,2026-06-05 00:00:00+00:00
1780632000000,1.1618449687957764,1.1640088558197021,1.1617100238800049,1.163602590560913,0,2026-06-05 04:00:00+00:00
1780646400000,1.1637378931045532,1.164686679840088,1.1637378931045532,1.1644154787063599,0,2026-06-05 08:00:00+00:00
1780660800000,1.1645511388778687,1.1645511388778687,1.1535356044769287,1.1535356044769287,0,2026-06-05 12:00:00+00:00
1780675200000,1.15340256690979,1.1535356044769287,1.1522064208984375,1.1528706550598145,0,2026-06-05 16:00:00+00:00
1780689600000,1.1528706550598145,1.1528706550598145,1.1522064208984375,1.1527377367019653,0,2026-06-05 20:00:00+00:00
1780862400000,1.1518083810806274,1.1526048183441162,1.1518083810806274,1.1526048183441162,0,2026-06-07 20:00:00+00:00
1780876800000,1.1526048183441162,1.1538017988204956,1.151543140411377,1.1535356044769287,0,2026-06-08 00:00:00+00:00
1780891200000,1.1535356044769287,1.154334545135498,1.1516757011413574,1.1520737409591675,0,2026-06-08 04:00:00+00:00
1780905600000,1.1519410610198975,1.1546010971069336,1.15035080909729,1.1539349555969238,0,2026-06-08 08:00:00+00:00
1780920000000,1.154068112373352,1.1558021306991577,1.1536686420440674,1.1548677682876587,0,2026-06-08 12:00:00+00:00
1780934400000,1.1547343730926514,1.1548677682876587,1.1531364917755127,1.15340256690979,0,2026-06-08 16:00:00+00:00
1780948800000,1.15340256690979,1.154334545135498,1.1531364917755127,1.1531364917755127,0,2026-06-08 20:00:00+00:00
1780963200000,1.1531364917755127,1.154334545135498,1.1531364917755127,1.154068112373352,0,2026-06-09 00:00:00+00:00
1780977600000,1.1542012691497803,1.1555349826812744,1.154068112373352,1.154334545135498,0,2026-06-09 04:00:00+00:00
1780992000000,1.1542012691497803,1.1576753854751587,1.154068112373352,1.1575413942337036,0,2026-06-09 08:00:00+00:00
1781006400000,1.1576753854751587,1.158077597618103,1.155001163482666,1.1559356451034546,0,2026-06-09 12:00:00+00:00
1781020800000,1.1559356451034546,1.1560693979263306,1.1532695293426514,1.1544678211212158,0,2026-06-09 16:00:00+00:00
1781035200000,1.1544678211212158,1.1551345586776733,1.1538017988204956,1.1538017988204956,0,2026-06-09 20:00:00+00:00
1781049600000,1.1538017988204956,1.155401587486267,1.1536686420440674,1.155401587486267,0,2026-06-10 00:00:00+00:00
1781064000000,1.155401587486267,1.156203031539917,1.1548677682876587,1.1556684970855713,0,2026-06-10 04:00:00+00:00
1781078400000,1.1556684970855713,1.156203031539917,1.1539349555969238,1.154068112373352,0,2026-06-10 08:00:00+00:00
1781092800000,1.154068112373352,1.1575413942337036,1.1539349555969238,1.1551345586776733,0,2026-06-10 12:00:00+00:00
1781107200000,1.155401587486267,1.156203031539917,1.1544678211212158,1.1544678211212158,0,2026-06-10 16:00:00+00:00
1781121600000,1.1544678211212158,1.1551345586776733,1.1530035734176636,1.1538017988204956,0,2026-06-10 20:00:00+00:00
1781136000000,1.1539349555969238,1.1559356451034546,1.1539349555969238,1.1548677682876587,0,2026-06-11 00:00:00+00:00
1781150400000,1.1548677682876587,1.1558021306991577,1.1544678211212158,1.1548677682876587,0,2026-06-11 04:00:00+00:00
1781164800000,1.1548677682876587,1.1548677682876587,1.1527377367019653,1.1542012691497803,0,2026-06-11 08:00:00+00:00
1781179200000,1.1542012691497803,1.1544678211212158,1.1518083810806274,1.1518083810806274,0,2026-06-11 12:00:00+00:00
1781193600000,1.1518083810806274,1.1588828563690186,1.1506155729293823,1.1582117080688477,0,2026-06-11 16:00:00+00:00
1781208000000,1.1582117080688477,1.1588828563690186,1.1576753854751587,1.1578094959259033,0,2026-06-11 20:00:00+00:00
1781222400000,1.1579434871673584,1.1579434871673584,1.1564704179763794,1.1575413942337036,0,2026-06-12 00:00:00+00:00
1781236800000,1.1575413942337036,1.1578094959259033,1.1560693979263306,1.1570056676864624,0,2026-06-12 04:00:00+00:00
1781251200000,1.1570056676864624,1.1592857837677002,1.1570056676864624,1.1575413942337036,0,2026-06-12 08:00:00+00:00
1781265600000,1.1574074029922485,1.1586142778396606,1.1564704179763794,1.1576753854751587,0,2026-06-12 12:00:00+00:00
1781280000000,1.1576753854751587,1.1582117080688477,1.157273530960083,1.1574074029922485,0,2026-06-12 16:00:00+00:00
1781294400000,1.1574074029922485,1.1574074029922485,1.1570056676864624,1.157273530960083,0,2026-06-12 20:00:00+00:00
1781467200000,1.161170482635498,1.161170482635498,1.1606314182281494,1.1606314182281494,0,2026-06-14 20:00:00+00:00
1781481600000,1.1609008312225342,1.161440134048462,1.1598236560821533,1.1607661247253418,0,2026-06-15 00:00:00+00:00
1781496000000,1.1607661247253418,1.1623852252960205,1.1603620052337646,1.1610356569290161,0,2026-06-15 04:00:00+00:00
1781510400000,1.1609008312225342,1.1617100238800049,1.160092830657959,1.16130530834198,0,2026-06-15 08:00:00+00:00
1781524800000,1.16130530834198,1.1623852252960205,1.160092830657959,1.1602274179458618,0,2026-06-15 12:00:00+00:00
1781539200000,1.160092830657959,1.1609008312225342,1.1588828563690186,1.1588828563690186,0,2026-06-15 16:00:00+00:00
1781553600000,1.1587486267089844,1.1603620052337646,1.1587486267089844,1.1594202518463135,0,2026-06-15 20:00:00+00:00
1781568000000,1.1595547199249268,1.1598236560821533,1.1586142778396606,1.1590172052383423,0,2026-06-16 00:00:00+00:00
1781582400000,1.1590172052383423,1.1598236560821533,1.1578094959259033,1.1598236560821533,0,2026-06-16 04:00:00+00:00
1781596800000,1.1598236560821533,1.1615750789642334,1.15968918800354,1.1602274179458618,0,2026-06-16 08:00:00+00:00
1781611200000,1.1602274179458618,1.1621150970458984,1.159151554107666,1.1617100238800049,0,2026-06-16 12:00:00+00:00
1781625600000,1.1617100238800049,1.16225004196167,1.1610356569290161,1.161170482635498,0,2026-06-16 16:00:00+00:00
1781640000000,1.1610356569290161,1.1618449687957764,1.1610356569290161,1.16130530834198,0,2026-06-16 20:00:00+00:00
1781654400000,1.16130530834198,1.1619800329208374,1.16130530834198,1.161440134048462,0,2026-06-17 00:00:00+00:00
1781668800000,1.16130530834198,1.1618449687957764,1.1607661247253418,1.161170482635498,0,2026-06-17 04:00:00+00:00
1781683200000,1.1610356569290161,1.1610356569290161,1.1588828563690186,1.1594202518463135,0,2026-06-17 08:00:00+00:00
1781697600000,1.1595547199249268,1.1606314182281494,1.1587486267089844,1.1595547199249268,0,2026-06-17 12:00:00+00:00
1781712000000,1.1595547199249268,1.1599582433700562,1.1482374668121338,1.1496896743774414,0,2026-06-17 16:00:00+00:00
1781726400000,1.1500862836837769,1.151145339012146,1.1490291357040405,1.151012897491455,0,2026-06-17 20:00:00+00:00
1781740800000,1.1512778997421265,1.1527377367019653,1.1512778997421265,1.1527377367019653,0,2026-06-18 00:00:00+00:00
1781755200000,1.1528706550598145,1.1531364917755127,1.151012897491455,1.151543140411377,0,2026-06-18 04:00:00+00:00
1781769600000,1.151543140411377,1.1516757011413574,1.145737886428833,1.1461317539215088,0,2026-06-18 08:00:00+00:00
1781784000000,1.1458691358566284,1.1490291357040405,1.145737886428833,1.147315263748169,0,2026-06-18 12:00:00+00:00
1781798400000,1.147446870803833,1.1477103233337402,1.1454753875732422,1.1461317539215088,0,2026-06-18 16:00:00+00:00
1781812800000,1.1460003852844238,1.1471836566925049,1.1454753875732422,1.1461317539215088,0,2026-06-18 20:00:00+00:00
1781827200000,1.1465259790420532,1.1467890739440918,1.1445575952529907,1.1445575952529907,0,2026-06-19 00:00:00+00:00
1781841600000,1.1445575952529907,1.145213007926941,1.1422044038772583,1.1449507474899292,0,2026-06-19 04:00:00+00:00
1781856000000,1.145213007926941,1.1470520496368408,1.145213007926941,1.1463946104049683,0,2026-06-19 08:00:00+00:00
1781870400000,1.1465259790420532,1.1477103233337402,1.1461317539215088,1.1466574668884277,0,2026-06-19 12:00:00+00:00
1781884800000,1.1466574668884277,1.1485011577606201,1.1465259790420532,1.1481056213378906,0,2026-06-19 16:00:00+00:00
1781899200000,1.1478420495986938,1.1485011577606201,1.1469204425811768,1.1469204425811768,0,2026-06-19 20:00:00+00:00
1782072000000,1.1466574668884277,1.1469204425811768,1.1461317539215088,1.1465259790420532,0,2026-06-21 20:00:00+00:00
1782086400000,1.1466574668884277,1.1475785970687866,1.1458691358566284,1.1460003852844238,0,2026-06-22 00:00:00+00:00
1782100800000,1.1460003852844238,1.1466574668884277,1.144819736480713,1.1449507474899292,0,2026-06-22 04:00:00+00:00
1782115200000,1.1449507474899292,1.1466574668884277,1.1445575952529907,1.145081877708435,0,2026-06-22 08:00:00+00:00
1782129600000,1.145213007926941,1.1465259790420532,1.1428571939468384,1.1435105800628662,0,2026-06-22 12:00:00+00:00
1782144000000,1.1435105800628662,1.1436413526535034,1.1422044038772583,1.1427265405654907,0,2026-06-22 16:00:00+00:00
1782158400000,1.1428571939468384,1.1437721252441406,1.1420739889144897,1.142987847328186,0,2026-06-22 20:00:00+00:00
1782172800000,1.1428571939468384,1.1436413526535034,1.1423349380493164,1.1432491540908813,0,2026-06-23 00:00:00+00:00
1782187200000,1.1432491540908813,1.144164800643921,1.141291856765747,1.1415525674819946,0,2026-06-23 04:00:00+00:00
1782201600000,1.1415525674819946,1.1419435739517212,1.1388224363327026,1.1388224363327026,0,2026-06-23 08:00:00+00:00
1782216000000,1.1389521360397339,1.1402509212493896,1.1379153728485107,1.1385631561279297,0,2026-06-23 12:00:00+00:00
1782230400000,1.1385631561279297,1.1386927366256714,1.1379153728485107,1.1383039951324463,0,2026-06-23 16:00:00+00:00
1782244800000,1.1381744146347046,1.1389521360397339,1.1381744146347046,1.1383039951324463,0,2026-06-23 20:00:00+00:00
1782259200000,1.1381744146347046,1.1385631561279297,1.1364928483963013,1.1370097398757935,0,2026-06-24 00:00:00+00:00
1782273600000,1.1370097398757935,1.1377859115600586,1.135589361190796,1.135589361190796,0,2026-06-24 04:00:00+00:00
1782288000000,1.135589361190796,1.1358473300933838,1.1341726779937744,1.1341726779937744,0,2026-06-24 08:00:00+00:00
1782302400000,1.134429931640625,1.1363636255264282,1.1328877210617065,1.1353315114974976,0,2026-06-24 12:00:00+00:00
1782316800000,1.1352026462554932,1.1370097398757935,1.1350737810134888,1.1357183456420898,0,2026-06-24 16:00:00+00:00
1782331200000,1.135589361190796,1.1364928483963013,1.1353315114974976,1.1357183456420898,0,2026-06-24 20:00:00+00:00
1782345600000,1.135589361190796,1.1373976469039917,1.1352026462554932,1.137268304824829,0,2026-06-25 00:00:00+00:00
1782360000000,1.1373976469039917,1.1373976469039917,1.1349449157714844,1.1362345218658447,0,2026-06-25 04:00:00+00:00
1782374400000,1.1363636255264282,1.1375269889831543,1.1336582899093628,1.1340440511703491,0,2026-06-25 08:00:00+00:00
1782388800000,1.1340440511703491,1.1390818357467651,1.1340440511703491,1.1388224363327026,0,2026-06-25 12:00:00+00:00
1782403200000,1.1385631561279297,1.1389521360397339,1.137268304824829,1.1376564502716064,0,2026-06-25 16:00:00+00:00
1782417600000,1.1376564502716064,1.1379153728485107,1.1363636255264282,1.1364928483963013,0,2026-06-25 20:00:00+00:00
1782432000000,1.1364928483963013,1.1375269889831543,1.1357183456420898,1.1373976469039917,0,2026-06-26 00:00:00+00:00
1782446400000,1.1373976469039917,1.139211654663086,1.137268304824829,1.1390818357467651,0,2026-06-26 04:00:00+00:00
1782460800000,1.1390818357467651,1.1415525674819946,1.1386927366256714,1.1401208639144897,0,2026-06-26 08:00:00+00:00
1782475200000,1.1401208639144897,1.143379807472229,1.1396011114120483,1.1406410932540894,0,2026-06-26 12:00:00+00:00
1782489600000,1.1406410932540894,1.1406410932540894,1.1384334564208984,1.1390818357467651,0,2026-06-26 16:00:00+00:00
1782504000000,1.1390818357467651,1.1394712924957275,1.1385631561279297,1.1389521360397339,0,2026-06-26 20:00:00+00:00
1782676800000,1.1389521360397339,1.1390818357467651,1.1385631561279297,1.1389521360397339,0,2026-06-28 20:00:00+00:00
1782691200000,1.1389521360397339,1.1396011114120483,1.1386927366256714,1.1388224363327026,0,2026-06-29 00:00:00+00:00
1782705600000,1.1386927366256714,1.1418131589889526,1.1384334564208984,1.1405109167099,0,2026-06-29 04:00:00+00:00
1782720000000,1.1406410932540894,1.141422152519226,1.1396011114120483,1.141291856765747,0,2026-06-29 08:00:00+00:00
1782734400000,1.1411616802215576,1.1428571939468384,1.140380859375,1.1425960063934326,0,2026-06-29 12:00:00+00:00
1782748800000,1.1427265405654907,1.143379807472229,1.1424654722213745,1.1428571939468384,0,2026-06-29 16:00:00+00:00
1782763200000,1.1428571939468384,1.1437721252441406,1.1423349380493164,1.1423349380493164,0,2026-06-29 20:00:00+00:00
1782777600000,1.1422044038772583,1.1423349380493164,1.1399909257888794,1.1402509212493896,0,2026-06-30 00:00:00+00:00
1782792000000,1.1401208639144897,1.1411616802215576,1.1386927366256714,1.1402509212493896,0,2026-06-30 04:00:00+00:00
1782806400000,1.1399909257888794,1.1405109167099,1.1386927366256714,1.1396011114120483,0,2026-06-30 08:00:00+00:00
1782820800000,1.1396011114120483,1.1436413526535034,1.139211654663086,1.1419435739517212,0,2026-06-30 12:00:00+00:00
1782835200000,1.1420739889144897,1.142987847328186,1.1415525674819946,1.142987847328186,0,2026-06-30 16:00:00+00:00
1782849600000,1.142987847328186,1.1431183815002441,1.1415525674819946,1.1416828632354736,0,2026-06-30 20:00:00+00:00
1782864000000,1.1416828632354736,1.1416828632354736,1.1405109167099,1.1407711505889893,0,2026-07-01 00:00:00+00:00
1782878400000,1.1407711505889893,1.141422152519226,1.1396011114120483,1.1405109167099,0,2026-07-01 04:00:00+00:00
1782892800000,1.1405109167099,1.1406410932540894,1.1389521360397339,1.1389521360397339,0,2026-07-01 08:00:00+00:00
1782907200000,1.1389521360397339,1.141291856765747,1.1366219520568848,1.1386927366256714,0,2026-07-01 12:00:00+00:00
1782921600000,1.1386927366256714,1.1397310495376587,1.1379153728485107,1.1383039951324463,0,2026-07-01 16:00:00+00:00
1782936000000,1.1381744146347046,1.1386927366256714,1.1376564502716064,1.138044834136963,0,2026-07-01 20:00:00+00:00
1782950400000,1.138044834136963,1.139211654663086,1.1379153728485107,1.1385631561279297,0,2026-07-02 00:00:00+00:00
1782964800000,1.1385631561279297,1.141291856765747,1.1385631561279297,1.1411616802215576,0,2026-07-02 04:00:00+00:00
1782979200000,1.1411616802215576,1.1423349380493164,1.140380859375,1.1406410932540894,0,2026-07-02 08:00:00+00:00
1782993600000,1.1406410932540894,1.147446870803833,1.1398608684539795,1.145081877708435,0,2026-07-02 12:00:00+00:00
1783008000000,1.145081877708435,1.145081877708435,1.142987847328186,1.143379807472229,0,2026-07-02 16:00:00+00:00
1783022400000,1.143379807472229,1.1442956924438477,1.1425960063934326,1.1425960063934326,0,2026-07-02 20:00:00+00:00
1783036800000,1.1427265405654907,1.144819736480713,1.1423349380493164,1.144426703453064,0,2026-07-03 00:00:00+00:00
1783051200000,1.144426703453064,1.1465259790420532,1.1442956924438477,1.145737886428833,0,2026-07-03 04:00:00+00:00
1783065600000,1.1458691358566284,1.1460003852844238,1.144426703453064,1.145213007926941,0,2026-07-03 08:00:00+00:00
1783080000000,1.1453442573547363,1.1454753875732422,1.1439030170440674,1.1440337896347046,0,2026-07-03 12:00:00+00:00
1783094400000,1.1440337896347046,1.144426703453064,1.1439030170440674,1.1440337896347046,0,2026-07-03 16:00:00+00:00
1783108800000,1.1439030170440674,1.1440337896347046,1.1437721252441406,1.1440337896347046,0,2026-07-03 20:00:00+00:00
1783281600000,1.1440337896347046,1.144164800643921,1.1436413526535034,1.1440337896347046,0,2026-07-05 20:00:00+00:00
1783296000000,1.1440337896347046,1.144426703453064,1.1431183815002441,1.1435105800628662,0,2026-07-06 00:00:00+00:00
1783310400000,1.1435105800628662,1.1437721252441406,1.1420739889144897,1.142987847328186,0,2026-07-06 04:00:00+00:00
1783324800000,1.142987847328186,1.142987847328186,1.141291856765747,1.1419435739517212,0,2026-07-06 08:00:00+00:00
1783339200000,1.1420739889144897,1.1428571939468384,1.1411616802215576,1.1428571939468384,0,2026-07-06 12:00:00+00:00
1783353600000,1.1428571939468384,1.144819736480713,1.1428571939468384,1.1445575952529907,0,2026-07-06 16:00:00+00:00
1783368000000,1.144426703453064,1.145081877708435,1.144164800643921,1.144426703453064,0,2026-07-06 20:00:00+00:00
1783382400000,1.144426703453064,1.1449507474899292,1.1439030170440674,1.1440337896347046,0,2026-07-07 00:00:00+00:00
1783396800000,1.1440337896347046,1.144164800643921,1.1428571939468384,1.142987847328186,0,2026-07-07 04:00:00+00:00
1783411200000,1.142987847328186,1.144164800643921,1.1427265405654907,1.1436413526535034,0,2026-07-07 08:00:00+00:00
1783425600000,1.1435105800628662,1.1445575952529907,1.1425960063934326,1.1425960063934326,0,2026-07-07 12:00:00+00:00
1783440000000,1.1427265405654907,1.1432491540908813,1.1411616802215576,1.1419435739517212,0,2026-07-07 16:00:00+00:00
1783454400000,1.1418131589889526,1.1427265405654907,1.140380859375,1.1405109167099,0,2026-07-07 20:00:00+00:00
1783468800000,1.140380859375,1.1419435739517212,1.1402509212493896,1.1416828632354736,0,2026-07-08 00:00:00+00:00
1783483200000,1.1416828632354736,1.143379807472229,1.141422152519226,1.142987847328186,0,2026-07-08 04:00:00+00:00
1783497600000,1.1428571939468384,1.1431183815002441,1.1397310495376587,1.1399909257888794,0,2026-07-08 08:00:00+00:00
1783512000000,1.1402509212493896,1.1416828632354736,1.1394712924957275,1.1398608684539795,0,2026-07-08 12:00:00+00:00
1783526400000,1.1398608684539795,1.1432491540908813,1.1398608684539795,1.1431183815002441,0,2026-07-08 16:00:00+00:00
1783540800000,1.142987847328186,1.1431183815002441,1.1418131589889526,1.1424654722213745,0,2026-07-08 20:00:00+00:00
1783555200000,1.1424654722213745,1.143379807472229,1.1423349380493164,1.142987847328186,0,2026-07-09 00:00:00+00:00
1783569600000,1.142987847328186,1.145081877708435,1.1427265405654907,1.1437721252441406,0,2026-07-09 04:00:00+00:00
1783584000000,1.1439030170440674,1.144164800643921,1.1424654722213745,1.1432491540908813,0,2026-07-09 08:00:00+00:00
1783598400000,1.143379807472229,1.144819736480713,1.1427265405654907,1.144164800643921,0,2026-07-09 12:00:00+00:00
1783612800000,1.1442956924438477,1.144426703453064,1.142987847328186,1.1431183815002441,0,2026-07-09 16:00:00+00:00
1783627200000,1.1431183815002441,1.1437721252441406,1.1424654722213745,1.1436413526535034,0,2026-07-09 20:00:00+00:00
1783641600000,1.1436413526535034,1.1463946104049683,1.143379807472229,1.1453442573547363,0,2026-07-10 00:00:00+00:00
1783656000000,1.145213007926941,1.145213007926941,1.1439030170440674,1.1440337896347046,0,2026-07-10 04:00:00+00:00
1783670400000,1.1440337896347046,1.1445575952529907,1.142987847328186,1.1435105800628662,0,2026-07-10 08:00:00+00:00
1783684800000,1.1435105800628662,1.144164800643921,1.1418131589889526,1.144164800643921,0,2026-07-10 12:00:00+00:00
1783699200000,1.1440337896347046,1.144426703453064,1.1415525674819946,1.1419435739517212,0,2026-07-10 16:00:00+00:00
1783713600000,1.1419435739517212,1.1422044038772583,1.1415525674819946,1.1419435739517212,0,2026-07-10 20:00:00+00:00
1783886400000,1.1397310495376587,1.1406410932540894,1.1397310495376587,1.1406410932540894,0,2026-07-12 20:00:00+00:00
1783900800000,1.1407711505889893,1.1407711505889893,1.1389521360397339,1.1401208639144897,0,2026-07-13 00:00:00+00:00
1783915200000,1.1402509212493896,1.1428571939468384,1.1399909257888794,1.1427265405654907,0,2026-07-13 04:00:00+00:00
1783929600000,1.1427265405654907,1.1449507474899292,1.1427265405654907,1.1431183815002441,0,2026-07-13 08:00:00+00:00
1783944000000,1.1431183815002441,1.1435105800628662,1.1399909257888794,1.1406410932540894,0,2026-07-13 12:00:00+00:00
1783958400000,1.1405109167099,1.1405109167099,1.1385631561279297,1.1385631561279297,0,2026-07-13 16:00:00+00:00
1783972800000,1.1386927366256714,1.1393414735794067,1.1381744146347046,1.1385631561279297,0,2026-07-13 20:00:00+00:00
1783987200000,1.1386927366256714,1.1398608684539795,1.1381744146347046,1.1397310495376587,0,2026-07-14 00:00:00+00:00
1784001600000,1.1397310495376587,1.1399909257888794,1.1388224363327026,1.1398608684539795,0,2026-07-14 04:00:00+00:00
1784016000000,1.1398608684539795,1.1411616802215576,1.1393414735794067,1.1410315036773682,0,2026-07-14 08:00:00+00:00
1784030400000,1.1409013271331787,1.1462632417678833,1.1407711505889893,1.142987847328186,0,2026-07-14 12:00:00+00:00
1784044800000,1.1431183815002441,1.1437721252441406,1.1420739889144897,1.1424654722213745,0,2026-07-14 16:00:00+00:00
1784059200000,1.1423349380493164,1.1431183815002441,1.1420739889144897,1.1427265405654907,0,2026-07-14 20:00:00+00:00
1784073600000,1.1427265405654907,1.1445575952529907,1.1427265405654907,1.144164800643921,0,2026-07-15 00:00:00+00:00
1784088000000,1.144164800643921,1.144688606262207,1.1423349380493164,1.1425960063934326,0,2026-07-15 04:00:00+00:00
1784102400000,1.1427265405654907,1.1431183815002441,1.141422152519226,1.1416828632354736,0,2026-07-15 08:00:00+00:00
1784116800000,1.1416828632354736,1.144426703453064,1.1410315036773682,1.1439030170440674,0,2026-07-15 12:00:00+00:00
1784131200000,1.1439030170440674,1.148369312286377,1.143379807472229,1.1467890739440918,0,2026-07-15 16:00:00+00:00
1784145600000,1.1467890739440918,1.147446870803833,1.1463946104049683,1.147315263748169,0,2026-07-15 20:00:00+00:00
1784160000000,1.147315263748169,1.1477103233337402,1.1463946104049683,1.1469204425811768,0,2026-07-16 00:00:00+00:00
1784174400000,1.1469204425811768,1.1479737758636475,1.1466574668884277,1.147315263748169,0,2026-07-16 04:00:00+00:00
1784188800000,1.1471836566925049,1.147446870803833,1.1461317539215088,1.1471836566925049,0,2026-07-16 08:00:00+00:00
1784203200000,1.1471836566925049,1.147315263748169,1.1440337896347046,1.1449507474899292,0,2026-07-16 12:00:00+00:00
1784217600000,1.145081877708435,1.145081877708435,1.1435105800628662,1.144426703453064,0,2026-07-16 16:00:00+00:00
1784232000000,1.1442956924438477,1.1449507474899292,1.144164800643921,1.144819736480713,0,2026-07-16 20:00:00+00:00
1784246400000,1.144819736480713,1.145081877708435,1.1439030170440674,1.1442956924438477,0,2026-07-17 00:00:00+00:00
1784260800000,1.1442956924438477,1.1456066370010376,1.1439030170440674,1.1449507474899292,0,2026-07-17 04:00:00+00:00
1784275200000,1.144819736480713,1.145081877708435,1.1428571939468384,1.143379807472229,0,2026-07-17 08:00:00+00:00
1784289600000,1.143379807472229,1.144688606262207,1.1428571939468384,1.1442956924438477,0,2026-07-17 12:00:00+00:00
1784304000000,1.1442956924438477,1.144426703453064,1.1436413526535034,1.144426703453064,0,2026-07-17 16:00:00+00:00
1784318400000,1.144426703453064,1.1445575952529907,1.1439030170440674,1.1445575952529907,0,2026-07-17 20:00:00+00:00
1784491200000,1.142987847328186,1.1431183815002441,1.1427265405654907,1.142987847328186,0,2026-07-19 20:00:00+00:00
1784505600000,1.142987847328186,1.1445575952529907,1.142987847328186,1.1445575952529907,0,2026-07-20 00:00:00+00:00
1784520000000,1.1445575952529907,1.145213007926941,1.1437721252441406,1.144688606262207,0,2026-07-20 04:00:00+00:00
1784534400000,1.144819736480713,1.144819736480713,1.1431183815002441,1.1432491540908813,0,2026-07-20 08:00:00+00:00
1784548800000,1.1431183815002441,1.1432491540908813,1.1406410932540894,1.1415525674819946,0,2026-07-20 12:00:00+00:00
1784563200000,1.141422152519226,1.1422044038772583,1.141291856765747,1.1419435739517212,0,2026-07-20 16:00:00+00:00
1784577600000,1.1419435739517212,1.1423349380493164,1.141291856765747,1.1418131589889526,0,2026-07-20 20:00:00+00:00
1784592000000,1.1419435739517212,1.1420739889144897,1.141291856765747,1.1415525674819946,0,2026-07-21 00:00:00+00:00
1784606400000,1.1415525674819946,1.142987847328186,1.1415525674819946,1.1425960063934326,0,2026-07-21 04:00:00+00:00
1784620800000,1.1425960063934326,1.1431183815002441,1.1420739889144897,1.1422044038772583,0,2026-07-21 08:00:00+00:00
1784635200000,1.1423349380493164,1.1423349380493164,1.1406410932540894,1.1410315036773682,0,2026-07-21 12:00:00+00:00
1784649600000,1.1410315036773682,1.141422152519226,1.1402509212493896,1.140380859375,0,2026-07-21 16:00:00+00:00
1784664000000,1.1405109167099,1.1406410932540894,1.1398608684539795,1.1405109167099,0,2026-07-21 20:00:00+00:00
1784678400000,1.140380859375,1.141291856765747,1.1401208639144897,1.1410315036773682,0,2026-07-22 00:00:00+00:00
1784692800000,1.1410315036773682,1.1420739889144897,1.1407711505889893,1.141291856765747,0,2026-07-22 04:00:00+00:00
1784707200000,1.141291856765747,1.1415525674819946,1.140380859375,1.1409013271331787,0,2026-07-22 08:00:00+00:00
1784721600000,1.1410315036773682,1.1423349380493164,1.1410315036773682,1.1416828632354736,0,2026-07-22 12:00:00+00:00
1784736000000,1.1416828632354736,1.1416828632354736,1.1410315036773682,1.141422152519226,0,2026-07-22 16:00:00+00:00
1784750400000,1.141422152519226,1.1415525674819946,1.1409013271331787,1.141422152519226,0,2026-07-22 20:00:00+00:00
1784764800000,1.1415525674819946,1.143379807472229,1.141422152519226,1.1432491540908813,0,2026-07-23 00:00:00+00:00
1784779200000,1.1431183815002441,1.1439030170440674,1.1424654722213745,1.1427265405654907,0,2026-07-23 04:00:00+00:00
1784793600000,1.1428571939468384,1.1428571939468384,1.1388224363327026,1.1398608684539795,0,2026-07-23 08:00:00+00:00
1784808000000,1.1397310495376587,1.1397310495376587,1.1367511749267578,1.1375269889831543,0,2026-07-23 12:00:00+00:00
1784822400000,1.1376564502716064,1.1384334564208984,1.1373976469039917,1.138044834136963,0,2026-07-23 16:00:00+00:00
1784836800000,1.1381744146347046,1.1384334564208984,1.1371389627456665,1.138044834136963,0,2026-07-23 20:00:00+00:00
1784851200000,1.1379153728485107,1.1390818357467651,1.1379153728485107,1.1385631561279297,0,2026-07-24 00:00:00+00:00
1784865600000,1.1385631561279297,1.140380859375,1.138044834136963,1.1393414735794067,0,2026-07-24 04:00:00+00:00
1784880000000,1.1393414735794067,1.1396011114120483,1.1375269889831543,1.1377859115600586,0,2026-07-24 08:00:00+00:00
1784894400000,1.1379153728485107,1.1393414735794067,1.1368803977966309,1.1386927366256714,0,2026-07-24 12:00:00+00:00
1784908800000,1.1386927366256714,1.1389521360397339,1.1370097398757935,1.1373976469039917,0,2026-07-24 16:00:00+00:00
1784923200000,1.1373976469039917,1.1376564502716064,1.1370097398757935,1.1375269889831543,0,2026-07-24 20:00:00+00:00
1785096000000,1.1393414735794067,1.1398608684539795,1.139211654663086,1.1398608684539795,0,2026-07-26 20:00:00+00:00
1785110400000,1.1399909257888794,1.1416828632354736,1.1399909257888794,1.1406410932540894,0,2026-07-27 00:00:00+00:00
1785124800000,1.1406410932540894,1.1420739889144897,1.1402509212493896,1.1402509212493896,0,2026-07-27 04:00:00+00:00
1785139200000,1.1401208639144897,1.1406410932540894,1.1388224363327026,1.1389521360397339,0,2026-07-27 08:00:00+00:00
1785153600000,1.1390818357467651,1.1393414735794067,1.137268304824829,1.1379153728485107,0,2026-07-27 12:00:00+00:00
1785168000000,1.1377859115600586,1.1388224363327026,1.1370097398757935,1.1373976469039917,0,2026-07-27 16:00:00+00:00
1785182400000,1.137268304824829,1.1384334564208984,1.1364928483963013,1.137268304824829,0,2026-07-27 20:00:00+00:00
1785196800000,1.1371389627456665,1.1383039951324463,1.1370097398757935,1.1377859115600586,0,2026-07-28 00:00:00+00:00
1785211200000,1.1376564502716064,1.1376564502716064,1.1364928483963013,1.1368803977966309,0,2026-07-28 04:00:00+00:00
1785225600000,1.1368803977966309,1.1376564502716064,1.1357183456420898,1.1370097398757935,0,2026-07-28 08:00:00+00:00
1785240000000,1.1368803977966309,1.1405109167099,1.1364928483963013,1.140380859375,0,2026-07-28 12:00:00+00:00
1785254400000,1.140380859375,1.1407711505889893,1.1389521360397339,1.1390818357467651,0,2026-07-28 16:00:00+00:00
1785268800000,1.1390818357467651,1.1398608684539795,1.1383039951324463,1.1389521360397339,0,2026-07-28 20:00:00+00:00
1785283200000,1.1388224363327026,1.140380859375,1.1385631561279297,1.1399909257888794,0,2026-07-29 00:00:00+00:00
1785297600000,1.1399909257888794,1.1406410932540894,1.1393414735794067,1.1401208639144897,0,2026-07-29 04:00:00+00:00
1785312000000,1.1401208639144897,1.140380859375,1.1384334564208984,1.1384334564208984,0,2026-07-29 08:00:00+00:00
1785326400000,1.1385631561279297,1.1399909257888794,1.1379153728485107,1.1385631561279297,0,2026-07-29 12:00:00+00:00
1785340800000,1.1385631561279297,1.1469204425811768,1.138044834136963,1.145213007926941,0,2026-07-29 16:00:00+00:00
1785355200000,1.145081877708435,1.1492931842803955,1.145081877708435,1.1470520496368408,0,2026-07-29 20:00:00+00:00
1785369600000,1.1470520496368408,1.1471836566925049,1.145213007926941,1.1453442573547363,0,2026-07-30 00:00:00+00:00
1785384000000,1.145213007926941,1.1460003852844238,1.1439030170440674,1.144164800643921,0,2026-07-30 04:00:00+00:00
1785398400000,1.144426703453064,1.1486331224441528,1.1442956924438477,1.1478420495986938,0,2026-07-30 08:00:00+00:00
1785412800000,1.1479737758636475,1.1538017988204956,1.147315263748169,1.1524720191955566,0,2026-07-30 12:00:00+00:00
1785427200000,1.1527377367019653,1.1539349555969238,1.1519410610198975,1.1535356044769287,0,2026-07-30 16:00:00+00:00
1785441600000,1.15340256690979,1.1535356044769287,1.1526048183441162,1.1526048183441162,0,2026-07-30 20:00:00+00:00
1785456000000,1.1527377367019653,1.1530035734176636,1.151012897491455,1.1516757011413574,0,2026-07-31 00:00:00+00:00
1785470400000,1.1516757011413574,1.1527377367019653,1.1508804559707642,1.1516757011413574,0,2026-07-31 04:00:00+00:00
1785484800000,1.1518083810806274,1.1528706550598145,1.1488970518112183,1.1488970518112183,0,2026-07-31 08:00:00+00:00
1785499200000,1.1487650871276855,1.1522064208984375,1.1461317539215088,1.1522064208984375,0,2026-07-31 12:00:00+00:00
1785513600000,1.1520737409591675,1.154068112373352,1.1516757011413574,1.15340256690979,0,2026-07-31 16:00:00+00:00
1785528000000,1.15340256690979,1.155001163482666,1.1527377367019653,1.1527377367019653,0,2026-07-31 20:00:00+00:00
1785700800000,1.1552680730819702,1.1552680730819702,1.1546010971069336,1.1547343730926514,0,2026-08-02 20:00:00+00:00
1785715200000,1.154334545135498,1.1558021306991577,1.1530035734176636,1.15340256690979,0,2026-08-03 00:00:00+00:00
1785729600000,1.15340256690979,1.1542012691497803,1.1524720191955566,1.1530035734176636,0,2026-08-03 04:00:00+00:00
1785744000000,1.1527377367019653,1.1535356044769287,1.1520737409591675,1.1535356044769287,0,2026-08-03 08:00:00+00:00
1785758400000,1.1536686420440674,1.1538017988204956,1.1506155729293823,1.1512778997421265,0,2026-08-03 12:00:00+00:00
1785772800000,1.1512778997421265,1.1518083810806274,1.150483250617981,1.151410460472107,0,2026-08-03 16:00:00+00:00
1785787200000,1.151410460472107,1.1518083810806274,1.151012897491455,1.151012897491455,0,2026-08-03 20:00:00+00:00
1785801600000,1.151145339012146,1.1518083810806274,1.1506155729293823,1.151145339012146,0,2026-08-04 00:00:00+00:00
1785816000000,1.1512778997421265,1.1519410610198975,1.1507480144500732,1.151410460472107,0,2026-08-04 04:00:00+00:00
1785830400000,1.151543140411377,1.1526048183441162,1.1507480144500732,1.1519410610198975,0,2026-08-04 08:00:00+00:00
1785844800000,1.1520737409591675,1.15340256690979,1.151410460472107,1.1528706550598145,0,2026-08-04 12:00:00+00:00
1785859200000,1.1528706550598145,1.1536686420440674,1.1520737409591675,1.15340256690979,0,2026-08-04 16:00:00+00:00
1785873600000,1.15340256690979,1.1536686420440674,1.1530035734176636,1.1535356044769287,0,2026-08-04 20:00:00+00:00
1785888000000,1.1535356044769287,1.1544678211212158,1.1530035734176636,1.154068112373352,0,2026-08-05 00:00:00+00:00
1785902400000,1.154068112373352,1.1548677682876587,1.1535356044769287,1.1542012691497803,0,2026-08-05 04:00:00+00:00
1785916800000,1.154334545135498,1.1558021306991577,1.1535356044769287,1.1555349826812744,0,2026-08-05 08:00:00+00:00
1785931200000,1.1556684970855713,1.1559356451034546,1.1544678211212158,1.155001163482666,0,2026-08-05 12:00:00+00:00
1785945600000,1.1551345586776733,1.156203031539917,1.1547343730926514,1.155401587486267,0,2026-08-05 16:00:00+00:00
1785960000000,1.1556684970855713,1.156336784362793,1.1552680730819702,1.1560693979263306,0,2026-08-05 20:00:00+00:00
1785974400000,1.1559356451034546,1.156203031539917,1.155001163482666,1.1552680730819702,0,2026-08-06 00:00:00+00:00
1785988800000,1.1551345586776733,1.1555349826812744,1.1544678211212158,1.1547343730926514,0,2026-08-06 04:00:00+00:00
1786003200000,1.1547343730926514,1.155001163482666,1.1539349555969238,1.1548677682876587,0,2026-08-06 08:00:00+00:00
1786017600000,1.1547343730926514,1.1548677682876587,1.1522064208984375,1.1524720191955566,0,2026-08-06 12:00:00+00:00
1786032000000,1.152339220046997,1.1528706550598145,1.1519410610198975,1.1526048183441162,0,2026-08-06 16:00:00+00:00
1786046400000,1.1526048183441162,1.1530035734176636,1.1522064208984375,1.1527377367019653,0,2026-08-06 20:00:00+00:00
1786060800000,1.1526048183441162,1.1528706550598145,1.1522064208984375,1.1526048183441162,0,2026-08-07 00:00:00+00:00
1786075200000,1.1526048183441162,1.1528706550598145,1.1522064208984375,1.1526048183441162,0,2026-08-07 04:00:00+00:00
1786089600000,1.1526048183441162,1.1536686420440674,1.1522064208984375,1.1536686420440674,0,2026-08-07 08:00:00+00:00
1786104000000,1.1538017988204956,1.1582117080688477,1.1532695293426514,1.156203031539917,0,2026-08-07 12:00:00+00:00
1786118400000,1.156203031539917,1.157273530960083,1.156203031539917,1.1564704179763794,0,2026-08-07 16:00:00+00:00
1786132800000,1.1564704179763794,1.1564704179763794,1.1559356451034546,1.156203031539917,0,2026-08-07 20:00:00+00:00
1786305600000,1.1559356451034546,1.156203031539917,1.1558021306991577,1.1559356451034546,0,2026-08-09 20:00:00+00:00
1786320000000,1.1560693979263306,1.156203031539917,1.1552680730819702,1.1552680730819702,0,2026-08-10 00:00:00+00:00
1786334400000,1.1552680730819702,1.1568717956542969,1.1551345586776733,1.1564704179763794,0,2026-08-10 04:00:00+00:00
1786348800000,1.156336784362793,1.1568717956542969,1.1552680730819702,1.1555349826812744,0,2026-08-10 08:00:00+00:00
1786363200000,1.1555349826812744,1.1558021306991577,1.1547343730926514,1.1555349826812744,0,2026-08-10 12:00:00+00:00
1786377600000,1.1555349826812744,1.1558021306991577,1.154334545135498,1.1544678211212158,0,2026-08-10 16:00:00+00:00
1786392000000,1.1544678211212158,1.155001163482666,1.154334545135498,1.155001163482666,0,2026-08-10 20:00:00+00:00
1786406400000,1.155001163482666,1.1552680730819702,1.1542012691497803,1.1546010971069336,0,2026-08-11 00:00:00+00:00
1786420800000,1.1546010971069336,1.1548677682876587,1.1535356044769287,1.1535356044769287,0,2026-08-11 04:00:00+00:00
1786435200000,1.1535356044769287,1.1546010971069336,1.1535356044769287,1.154068112373352,0,2026-08-11 08:00:00+00:00
1786449600000,1.154068112373352,1.1551345586776733,1.1538017988204956,1.1546010971069336,0,2026-08-11 12:00:00+00:00
1786464000000,1.1546010971069336,1.1547343730926514,1.1538017988204956,1.1546010971069336,0,2026-08-11 16:00:00+00:00
1786478400000,1.1546010971069336,1.1547343730926514,1.1542012691497803,1.1546010971069336,0,2026-08-11 20:00:00+00:00
1786492800000,1.1546010971069336,1.1548677682876587,1.1538017988204956,1.1538017988204956,0,2026-08-12 00:00:00+00:00
1786507200000,1.1539349555969238,1.1542012691497803,1.1535356044769287,1.154068112373352,0,2026-08-12 04:00:00+00:00
1786521600000,1.154068112373352,1.1552680730819702,1.1535356044769287,1.1547343730926514,0,2026-08-12 08:00:00+00:00
1786536000000,1.1547343730926514,1.1564704179763794,1.1536686420440674,1.154334545135498,0,2026-08-12 12:00:00+00:00
1786550400000,1.1542012691497803,1.154334545135498,1.152339220046997,1.1526048183441162,0,2026-08-12 16:00:00+00:00
1786564800000,1.1526048183441162,1.1532695293426514,1.1524720191955566,1.1531364917755127,0,2026-08-12 20:00:00+00:00
1786579200000,1.1531364917755127,1.15340256690979,1.152339220046997,1.1526048183441162,0,2026-08-13 00:00:00+00:00
1786593600000,1.1526048183441162,1.1531364917755127,1.151543140411377,1.1528706550598145,0,2026-08-13 04:00:00+00:00
1786608000000,1.1528706550598145,1.1542012691497803,1.1526048183441162,1.1536686420440674,0,2026-08-13 08:00:00+00:00
1786622400000,1.1538017988204956,1.1548677682876587,1.1528706550598145,1.15340256690979,0,2026-08-13 12:00:00+00:00
1786636800000,1.15340256690979,1.1535356044769287,1.1528706550598145,1.1531364917755127,0,2026-08-13 16:00:00+00:00
1786651200000,1.15340256690979,1.1538017988204956,1.1528706550598145,1.1536686420440674,0,2026-08-13 20:00:00+00:00
1786665600000,1.1536686420440674,1.1542012691497803,1.1535356044769287,1.154068112373352,0,2026-08-14 00:00:00+00:00
1786680000000,1.154068112373352,1.155401587486267,1.154068112373352,1.155401587486267,0,2026-08-14 04:00:00+00:00
1786694400000,1.1555349826812744,1.1574074029922485,1.155401587486267,1.1568717956542969,0,2026-08-14 08:00:00+00:00
1786708800000,1.1570056676864624,1.1588828563690186,1.1566041707992554,1.1583458185195923,0,2026-08-14 12:00:00+00:00
1786723200000,1.1584800481796265,1.1584800481796265,1.1566041707992554,1.1570056676864624,0,2026-08-14 16:00:00+00:00
1786737600000,1.157139539718628,1.1574074029922485,1.157139539718628,1.157273530960083,0,2026-08-14 20:00:00+00:00
1786910400000,1.1578094959259033,1.1579434871673584,1.1576753854751587,1.1576753854751587,0,2026-08-16 20:00:00+00:00
1786924800000,1.1579434871673584,1.1587486267089844,1.1579434871673584,1.1587486267089844,0,2026-08-17 00:00:00+00:00
1786939200000,1.1586142778396606,1.1615750789642334,1.1586142778396606,1.1609008312225342,0,2026-08-17 04:00:00+00:00
1786953600000,1.1610356569290161,1.1617100238800049,1.159151554107666,1.1595547199249268,0,2026-08-17 08:00:00+00:00
1786968000000,1.1595547199249268,1.1602274179458618,1.1584800481796265,1.1592857837677002,0,2026-08-17 12:00:00+00:00
1786982400000,1.1592857837677002,1.1595547199249268,1.1574074029922485,1.1582117080688477,0,2026-08-17 16:00:00+00:00
1786996800000,1.1583458185195923,1.1590172052383423,1.1578094959259033,1.1586142778396606,0,2026-08-17 20:00:00+00:00
1787011200000,1.1586142778396606,1.1588828563690186,1.1575413942337036,1.1576753854751587,0,2026-08-18 00:00:00+00:00
1787025600000,1.1576753854751587,1.158077597618103,1.157139539718628,1.1576753854751587,0,2026-08-18 04:00:00+00:00
1787040000000,1.1575413942337036,1.1582117080688477,1.157273530960083,1.158077597618103,0,2026-08-18 08:00:00+00:00
1787054400000,1.1579434871673584,1.159151554107666,1.1575413942337036,1.1582117080688477,0,2026-08-18 12:00:00+00:00
1787068800000,1.1584800481796265,1.1588828563690186,1.1578094959259033,1.1578094959259033,0,2026-08-18 16:00:00+00:00
1787083200000,1.1576753854751587,1.1583458185195923,1.1575413942337036,1.1579434871673584,0,2026-08-18 20:00:00+00:00
1787097600000,1.1579434871673584,1.1590172052383423,1.1574074029922485,1.1584800481796265,0,2026-08-19 00:00:00+00:00
1787112000000,1.1584800481796265,1.160092830657959,1.1584800481796265,1.1599582433700562,0,2026-08-19 04:00:00+00:00
1787126400000,1.1599582433700562,1.1615750789642334,1.1599582433700562,1.1606314182281494,0,2026-08-19 08:00:00+00:00
1787140800000,1.1607661247253418,1.1680878400802612,1.1606314182281494,1.1667250394821167,0,2026-08-19 12:00:00+00:00
1787155200000,1.1668611764907837,1.1682243347167969,1.1661807298660278,1.1680878400802612,0,2026-08-19 16:00:00+00:00
1787169600000,1.1680878400802612,1.1686338186264038,1.1676785945892334,1.1678149700164795,0,2026-08-19 20:00:00+00:00
1787184000000,1.1679514646530151,1.1686338186264038,1.1674060821533203,1.1682243347167969,0,2026-08-20 00:00:00+00:00
1787198400000,1.1683608293533325,1.1695905923843384,1.1674060821533203,1.1695905923843384,0,2026-08-20 04:00:00+00:00
1787212800000,1.1695905923843384,1.1713716983795166,1.1686338186264038,1.168770432472229,0,2026-08-20 08:00:00+00:00
1787227200000,1.1689070463180542,1.1697274446487427,1.1675423383712769,1.1682243347167969,0,2026-08-20 12:00:00+00:00
1787241600000,1.1682243347167969,1.1682243347167969,1.1672697067260742,1.1680878400802612,0,2026-08-20 16:00:00+00:00
1787256000000,1.1682243347167969,1.1691803932189941,1.1679514646530151,1.1690436601638794,0,2026-08-20 20:00:00+00:00
1787270400000,1.1690436601638794,1.1704120635986328,1.1686338186264038,1.1697274446487427,0,2026-08-21 00:00:00+00:00
1787284800000,1.1695905923843384,1.1702749729156494,1.1690436601638794,1.1694538593292236,0,2026-08-21 04:00:00+00:00
1787299200000,1.1695905923843384,1.1715089082717896,1.1693171262741089,1.1704120635986328,0,2026-08-21 08:00:00+00:00
1787313600000,1.170548915863037,1.1706860065460205,1.1672697067260742,1.1686338186264038,0,2026-08-21 12:00:00+00:00
1787328000000,1.1686338186264038,1.168770432472229,1.1680878400802612,1.1682243347167969,0,2026-08-21 16:00:00+00:00
1787342400000,1.1682243347167969,1.1682243347167969,1.1678149700164795,1.1678149700164795,0,2026-08-21 20:00:00+00:00
1787515200000,1.1679514646530151,1.1684973239898682,1.1678149700164795,1.1684973239898682,0,2026-08-23 20:00:00+00:00
1787529600000,1.1686338186264038,1.1690436601638794,1.1680878400802612,1.1683608293533325,0,2026-08-24 00:00:00+00:00
1787544000000,1.1683608293533325,1.1686338186264038,1.1668611764907837,1.1671334505081177,0,2026-08-24 04:00:00+00:00
1787558400000,1.1671334505081177,1.1674060821533203,1.1664528846740723,1.1669973134994507,0,2026-08-24 08:00:00+00:00
1787572800000,1.1669973134994507,1.1678149700164795,1.1665889024734497,1.1668611764907837,0,2026-08-24 12:00:00+00:00
1787587200000,1.1667250394821167,1.1672697067260742,1.1659088134765625,1.1664528846740723,0,2026-08-24 16:00:00+00:00
1787601600000,1.1664528846740723,1.1671334505081177,1.1663167476654053,1.1671334505081177,0,2026-08-24 20:00:00+00:00
1787616000000,1.1672697067260742,1.1674060821533203,1.1661807298660278,1.1664528846740723,0,2026-08-25 00:00:00+00:00
1787630400000,1.1664528846740723,1.1665889024734497,1.1655012369155884,1.1661807298660278,0,2026-08-25 04:00:00+00:00
1787644800000,1.1663167476654053,1.1676785945892334,1.1661807298660278,1.1663167476654053,0,2026-08-25 08:00:00+00:00
1787659200000,1.1664528846740723,1.1678149700164795,1.1664528846740723,1.1676785945892334,0,2026-08-25 12:00:00+00:00
1787673600000,1.1676785945892334,1.1682243347167969,1.1671334505081177,1.1679514646530151,0,2026-08-25 16:00:00+00:00
1787688000000,1.1679514646530151,1.1690436601638794,1.1674060821533203,1.1678149700164795,0,2026-08-25 20:00:00+00:00
1787702400000,1.1678149700164795,1.1679514646530151,1.1667250394821167,1.1667250394821167,0,2026-08-26 00:00:00+00:00
1787716800000,1.1668611764907837,1.1675423383712769,1.1664528846740723,1.1674060821533203,0,2026-08-26 04:00:00+00:00
1787731200000,1.1674060821533203,1.1680878400802612,1.1664528846740723,1.1672697067260742,0,2026-08-26 08:00:00+00:00
1787745600000,1.1672697067260742,1.1678149700164795,1.1645511388778687,1.1653653383255005,0,2026-08-26 12:00:00+00:00
1787760000000,1.1655012369155884,1.1657729148864746,1.1652295589447021,1.1656370162963867,0,2026-08-26 16:00:00+00:00
1787774400000,1.1656370162963867,1.16604483127594,1.1652295589447021,1.1659088134765625,0,2026-08-26 20:00:00+00:00
1787788800000,1.1659088134765625,1.1663167476654053,1.1657729148864746,1.1657729148864746,0,2026-08-27 00:00:00+00:00
1787803200000,1.1657729148864746,1.1661807298660278,1.1656370162963867,1.1659088134765625,0,2026-08-27 04:00:00+00:00
1787817600000,1.1659088134765625,1.1661807298660278,1.1641442775726318,1.1645511388778687,0,2026-08-27 08:00:00+00:00
1787832000000,1.1645511388778687,1.1663167476654053,1.1644154787063599,1.1656370162963867,0,2026-08-27 12:00:00+00:00
1787846400000,1.1657729148864746,1.1659088134765625,1.1650937795639038,1.1653653383255005,0,2026-08-27 16:00:00+00:00
1787860800000,1.1653653383255005,1.16604483127594,1.164958119392395,1.1657729148864746,0,2026-08-27 20:00:00+00:00
1787875200000,1.1657729148864746,1.1659088134765625,1.164958119392395,1.164958119392395,0,2026-08-28 00:00:00+00:00
1787889600000,1.1650937795639038,1.1652295589447021,1.1645511388778687,1.1650937795639038,0,2026-08-28 04:00:00+00:00
1787904000000,1.164958119392395,1.1653653383255005,1.1642799377441406,1.1648223400115967,0,2026-08-28 08:00:00+00:00
1787918400000,1.164958119392395,1.1653653383255005,1.1599582433700562,1.1602274179458618,0,2026-08-28 12:00:00+00:00
1787932800000,1.160092830657959,1.160092830657959,1.1582117080688477,1.1590172052383423,0,2026-08-28 16:00:00+00:00
1787947200000,1.1590172052383423,1.1590172052383423,1.1583458185195923,1.1587486267089844,0,2026-08-28 20:00:00+00:00
1788120000000,1.1588828563690186,1.1592857837677002,1.1587486267089844,1.1592857837677002,0,2026-08-30 20:00:00+00:00
1788134400000,1.1592857837677002,1.1598236560821533,1.1590172052383423,1.1595547199249268,0,2026-08-31 00:00:00+00:00
1788148800000,1.1595547199249268,1.1606314182281494,1.1587486267089844,1.1606314182281494,0,2026-08-31 04:00:00+00:00
1788163200000,1.1607661247253418,1.1609008312225342,1.15968918800354,1.1599582433700562,0,2026-08-31 08:00:00+00:00
1788177600000,1.160092830657959,1.1623852252960205,1.1595547199249268,1.1619800329208374,0,2026-08-31 12:00:00+00:00
1788192000000,1.1619800329208374,1.1621150970458984,1.1617100238800049,1.1618449687957764,0,2026-08-31 16:00:00+00:00
1788206400000,1.1621150970458984,1.16225004196167,1.1615750789642334,1.1621150970458984,0,2026-08-31 20:00:00+00:00
1788220800000,1.1619800329208374,1.1627906560897827,1.1609008312225342,1.1609008312225342,0,2026-09-01 00:00:00+00:00
1788235200000,1.1609008312225342,1.16130530834198,1.1595547199249268,1.1598236560821533,0,2026-09-01 04:00:00+00:00
1788249600000,1.1598236560821533,1.1603620052337646,1.159151554107666,1.1595547199249268,0,2026-09-01 08:00:00+00:00
1788264000000,1.1595547199249268,1.1610356569290161,1.159151554107666,1.1595547199249268,0,2026-09-01 12:00:00+00:00
1788278400000,1.15968918800354,1.1598236560821533,1.1588828563690186,1.1592857837677002,0,2026-09-01 16:00:00+00:00
1788292800000,1.159151554107666,1.1599582433700562,1.1590172052383423,1.1594202518463135,0,2026-09-01 20:00:00+00:00
1788307200000,1.1594202518463135,1.1595547199249268,1.1579434871673584,1.1583458185195923,0,2026-09-02 00:00:00+00:00
1788321600000,1.1583458185195923,1.1586142778396606,1.157139539718628,1.1582117080688477,0,2026-09-02 04:00:00+00:00
1788336000000,1.1582117080688477,1.1584800481796265,1.157139539718628,1.158077597618103,0,2026-09-02 08:00:00+00:00
1788350400000,1.158077597618103,1.1607661247253418,1.158077597618103,1.1594202518463135,0,2026-09-02 12:00:00+00:00
1788364800000,1.15968918800354,1.15968918800354,1.1586142778396606,1.1590172052383423,0,2026-09-02 16:00:00+00:00
1788379200000,1.159151554107666,1.1592857837677002,1.1587486267089844,1.1588828563690186,0,2026-09-02 20:00:00+00:00
1788393600000,1.1587486267089844,1.160092830657959,1.1587486267089844,1.1599582433700562,0,2026-09-03 00:00:00+00:00
1788408000000,1.160092830657959,1.1617100238800049,1.15968918800354,1.1607661247253418,0,2026-09-03 04:00:00+00:00
1788422400000,1.1606314182281494,1.1617100238800049,1.160092830657959,1.1615750789642334,0,2026-09-03 08:00:00+00:00
1788436800000,1.161440134048462,1.1633317470550537,1.161170482635498,1.1626555919647217,0,2026-09-03 12:00:00+00:00
1788451200000,1.1626555919647217,1.1644154787063599,1.1626555919647217,1.1633317470550537,0,2026-09-03 16:00:00+00:00
1788465600000,1.1631964445114136,1.1633317470550537,1.162520408630371,1.1631964445114136,0,2026-09-03 20:00:00+00:00
1788480000000,1.1631964445114136,1.163602590560913,1.1626555919647217,1.1626555919647217,0,2026-09-04 00:00:00+00:00
1788494400000,1.1626555919647217,1.1633317470550537,1.162520408630371,1.1626555919647217,0,2026-09-04 04:00:00+00:00
1788508800000,1.1626555919647217,1.1629259586334229,1.1619800329208374,1.1623852252960205,0,2026-09-04 08:00:00+00:00
1788523200000,1.162520408630371,1.163061261177063,1.159151554107666,1.1621150970458984,0,2026-09-04 12:00:00+00:00
1788537600000,1.16225004196167,1.1627906560897827,1.16130530834198,1.1617100238800049,0,2026-09-04 16:00:00+00:00
1788552000000,1.1617100238800049,1.1621150970458984,1.1615750789642334,1.1621150970458984,0,2026-09-04 20:00:00+00:00
1788724800000,1.1617100238800049,1.1619800329208374,1.1617100238800049,1.1617100238800049,0,2026-09-06 20:00:00+00:00
1788739200000,1.1617100238800049,1.1623852252960205,1.161170482635498,1.161440134048462,0,2026-09-07 00:00:00+00:00
1788753600000,1.161440134048462,1.1626555919647217,1.161170482635498,1.1626555919647217,0,2026-09-07 04:00:00+00:00
1788768000000,1.1627906560897827,1.163873314857483,1.1623852252960205,1.1626555919647217,0,2026-09-07 08:00:00+00:00
1788782400000,1.1627906560897827,1.163602590560913,1.1623852252960205,1.163061261177063,0,2026-09-07 12:00:00+00:00
1788796800000,1.163061261177063,1.1633317470550537,1.162520408630371,1.162520408630371,0,2026-09-07 16:00:00+00:00
1788811200000,1.162520408630371,1.1633317470550537,1.1623852252960205,1.163061261177063,0,2026-09-07 20:00:00+00:00
1788825600000,1.163061261177063,1.1637378931045532,1.1626555919647217,1.1627906560897827,0,2026-09-08 00:00:00+00:00
1788840000000,1.1629259586334229,1.163873314857483,1.16130530834198,1.1615750789642334,0,2026-09-08 04:00:00+00:00
1788854400000,1.1615750789642334,1.16225004196167,1.161170482635498,1.1615750789642334,0,2026-09-08 08:00:00+00:00
1788868800000,1.1615750789642334,1.163602590560913,1.161440134048462,1.163061261177063,0,2026-09-08 12:00:00+00:00
1788883200000,1.1629259586334229,1.1634671688079834,1.1623852252960205,1.1626555919647217,0,2026-09-08 16:00:00+00:00
1788897600000,1.1626555919647217,1.1631964445114136,1.162520408630371,1.163061261177063,0,2026-09-08 20:00:00+00:00
1788912000000,1.1631964445114136,1.163602590560913,1.163061261177063,1.1633317470550537,0,2026-09-09 00:00:00+00:00
1788926400000,1.1633317470550537,1.1652295589447021,1.1633317470550537,1.1645511388778687,0,2026-09-09 04:00:00+00:00
1788940800000,1.1645511388778687,1.1650937795639038,1.162520408630371,1.164958119392395,0,2026-09-09 08:00:00+00:00
1788955200000,1.1650937795639038,1.1656370162963867,1.1623852252960205,1.163061261177063,0,2026-09-09 12:00:00+00:00
1788969600000,1.163061261177063,1.1644154787063599,1.1629259586334229,1.1634671688079834,0,2026-09-09 16:00:00+00:00
1788984000000,1.1633317470550537,1.1641442775726318,1.162520408630371,1.1637378931045532,0,2026-09-09 20:00:00+00:00
1788998400000,1.163602590560913,1.1644154787063599,1.1633317470550537,1.1641442775726318,0,2026-09-10 00:00:00+00:00
1789012800000,1.1641442775726318,1.1644154787063599,1.163873314857483,1.1642799377441406,0,2026-09-10 04:00:00+00:00
1789027200000,1.1642799377441406,1.1642799377441406,1.1619800329208374,1.1619800329208374,0,2026-09-10 08:00:00+00:00
1789041600000,1.1621150970458984,1.1634671688079834,1.15968918800354,1.163061261177063,0,2026-09-10 12:00:00+00:00
1789056000000,1.163061261177063,1.1631964445114136,1.16130530834198,1.161440134048462,0,2026-09-10 16:00:00+00:00
1789070400000,1.16130530834198,1.1619800329208374,1.1607661247253418,1.161440134048462,0,2026-09-10 20:00:00+00:00
1789084800000,1.161440134048462,1.1621150970458984,1.1603620052337646,1.160496711730957,0,2026-09-11 00:00:00+00:00
1789099200000,1.160496711730957,1.1617100238800049,1.1603620052337646,1.1607661247253418,0,2026-09-11 04:00:00+00:00
1789113600000,1.1609008312225342,1.161170482635498,1.1594202518463135,1.1594202518463135,0,2026-09-11 08:00:00+00:00
1789128000000,1.1595547199249268,1.1618449687957764,1.1574074029922485,1.1606314182281494,0,2026-09-11 12:00:00+00:00
1789142400000,1.1606314182281494,1.1610356569290161,1.1595547199249268,1.1599582433700562,0,2026-09-11 16:00:00+00:00
1789156800000,1.1599582433700562,1.1602274179458618,1.1595547199249268,1.1602274179458618,0,2026-09-11 20:00:00+00:00
1789329600000,1.1594202518463135,1.15968918800354,1.1592857837677002,1.15968918800354,0,2026-09-13 20:00:00+00:00
1789344000000,1.15968918800354,1.1599582433700562,1.157273530960083,1.1574074029922485,0,2026-09-14 00:00:00+00:00
1789358400000,1.1574074029922485,1.1574074029922485,1.1547343730926514,1.1548677682876587,0,2026-09-14 04:00:00+00:00
1789372800000,1.1547343730926514,1.1552680730819702,1.1538017988204956,1.1551345586776733,0,2026-09-14 08:00:00+00:00
1789387200000,1.1551345586776733,1.1555349826812744,1.1527377367019653,1.1551345586776733,0,2026-09-14 12:00:00+00:00
1789401600000,1.1552680730819702,1.156738042831421,1.1551345586776733,1.1551345586776733,0,2026-09-14 16:00:00+00:00
1789416000000,1.155001163482666,1.1558021306991577,1.1547343730926514,1.1551345586776733,0,2026-09-14 20:00:00+00:00
1789430400000,1.1551345586776733,1.1551345586776733,1.1539349555969238,1.154068112373352,0,2026-09-15 00:00:00+00:00
1789444800000,1.154068112373352,1.154334545135498,1.1530035734176636,1.154334545135498,0,2026-09-15 04:00:00+00:00
1789459200000,1.1544678211212158,1.1546010971069336,1.1535356044769287,1.1544678211212158,0,2026-09-15 08:00:00+00:00
1789473600000,1.154334545135498,1.155401587486267,1.1542012691497803,1.1544678211212158,0,2026-09-15 12:00:00+00:00
1789488000000,1.1544678211212158,1.1547343730926514,1.1539349555969238,1.1544678211212158,0,2026-09-15 16:00:00+00:00
1789502400000,1.1544678211212158,1.1551345586776733,1.1536686420440674,1.1539349555969238,0,2026-09-15 20:00:00+00:00
1789516800000,1.154068112373352,1.1547343730926514,1.1535356044769287,1.1544678211212158,0,2026-09-16 00:00:00+00:00
1789531200000,1.1544678211212158,1.1559356451034546,1.1544678211212158,1.1551345586776733,0,2026-09-16 04:00:00+00:00
1789545600000,1.1551345586776733,1.1551345586776733,1.1535356044769287,1.1538017988204956,0,2026-09-16 08:00:00+00:00
1789560000000,1.1539349555969238,1.1546010971069336,1.15340256690979,1.154068112373352,0,2026-09-16 12:00:00+00:00
1789574400000,1.154068112373352,1.1542012691497803,1.1466574668884277,1.1475785970687866,0,2026-09-16 16:00:00+00:00
1789588800000,1.1475785970687866,1.1475785970687866,1.1461317539215088,1.1471836566925049,0,2026-09-16 20:00:00+00:00
1789603200000,1.1470520496368408,1.1475785970687866,1.1460003852844238,1.1463946104049683,0,2026-09-17 00:00:00+00:00
1789617600000,1.1462632417678833,1.1486331224441528,1.1462632417678833,1.1477103233337402,0,2026-09-17 04:00:00+00:00
1789632000000,1.1477103233337402,1.148369312286377,1.1470520496368408,1.1477103233337402,0,2026-09-17 08:00:00+00:00
1789646400000,1.1475785970687866,1.1500862836837769,1.1475785970687866,1.1482374668121338,0,2026-09-17 12:00:00+00:00
1789660800000,1.1482374668121338,1.148369312286377,1.1477103233337402,1.1482374668121338,0,2026-09-17 16:00:00+00:00
1789675200000,1.1482374668121338,1.1485011577606201,1.1477103233337402,1.1478420495986938,0,2026-09-17 20:00:00+00:00
1789689600000,1.1478420495986938,1.1491611003875732,1.1478420495986938,1.1491611003875732,0,2026-09-18 00:00:00+00:00
1789704000000,1.1494252681732178,1.1495574712753296,1.1482374668121338,1.1488970518112183,0,2026-09-18 04:00:00+00:00
1789718400000,1.1487650871276855,1.1494252681732178,1.1461317539215088,1.1463946104049683,0,2026-09-18 08:00:00+00:00
1789732800000,1.1463946104049683,1.147315263748169,1.1458691358566284,1.1467890739440918,0,2026-09-18 12:00:00+00:00
1789747200000,1.1466574668884277,1.1492931842803955,1.1466574668884277,1.1488970518112183,0,2026-09-18 16:00:00+00:00
1789761600000,1.1490291357040405,1.1491611003875732,1.1488970518112183,1.1488970518112183,0,2026-09-18 20:00:00+00:00
