time,open,high,low,close,volume,datetime
1770177600000,214.21200561523438,214.5959930419922,214.17599487304688,214.53900146484375,0,2026-02-04 04:00:00+00:00
1770192000000,214.5399932861328,214.9980010986328,214.4739990234375,214.9770050048828,0,2026-02-04 08:00:00+00:00
1770206400000,214.9770050048828,215.00599670410156,213.97999572753906,214.0469970703125,0,2026-02-04 12:00:00+00:00
1770220800000,214.0449981689453,214.26300048828125,213.67300415039062,214.25900268554688,0,2026-02-04 16:00:00+00:00
1770235200000,214.25999450683594,214.3509979248047,213.89100646972656,214.06100463867188,0,2026-02-04 20:00:00+00:00
1770249600000,214.1060028076172,214.23399353027344,213.46200561523438,213.6230010986328,0,2026-02-05 00:00:00+00:00
1770264000000,213.625,214.177001953125,213.51699829101562,213.96800231933594,0,2026-02-05 04:00:00+00:00
1770278400000,213.96600341796875,214.19400024414062,213.18800354003906,213.9029998779297,0,2026-02-05 08:00:00+00:00
1770292800000,213.88600158691406,213.91000366210938,211.77499389648438,212.1580047607422,0,2026-02-05 12:00:00+00:00
1770307200000,212.1580047607422,212.70899963378906,212.00999450683594,212.5780029296875,0,2026-02-05 16:00:00+00:00
1770321600000,212.5760040283203,212.7010040283203,211.91600036621094,212.00599670410156,0,2026-02-05 20:00:00+00:00
1770336000000,212.0030059814453,212.4409942626953,211.59300231933594,212.3179931640625,0,2026-02-06 00:00:00+00:00
1770350400000,212.31300354003906,213.01300048828125,212.2790069580078,212.81500244140625,0,2026-02-06 04:00:00+00:00
1770364800000,212.822998046875,213.48300170898438,212.6790008544922,213.33200073242188,0,2026-02-06 08:00:00+00:00
1770379200000,213.32699584960938,213.6790008544922,213.11000061035156,213.52099609375,0,2026-02-06 12:00:00+00:00
1770393600000,213.5189971923828,213.98300170898438,213.49899291992188,213.90499877929688,0,2026-02-06 16:00:00+00:00
1770408000000,213.91299438476562,214.03599548339844,213.8459930419922,214.03500366210938,0,2026-02-06 20:00:00+00:00
1770595200000,213.9929962158203,214.03199768066406,212.58399963378906,213.32699584960938,0,2026-02-09 00:00:00+00:00
1770609600000,213.31700134277344,213.4010009765625,212.53500366210938,213.03700256347656,0,2026-02-09 04:00:00+00:00
1770624000000,213.03199768066406,213.45199584960938,212.81900024414062,213.3699951171875,0,2026-02-09 08:00:00+00:00
1770638400000,213.3699951171875,213.71099853515625,212.1179962158203,213.16099548339844,0,2026-02-09 12:00:00+00:00
1770652800000,213.1699981689453,213.46099853515625,213.16000366210938,213.2729949951172,0,2026-02-09 16:00:00+00:00
1770667200000,213.2689971923828,213.6719970703125,213.14100646972656,213.61700439453125,0,2026-02-09 20:00:00+00:00
1770681600000,213.6060028076172,213.7239990234375,212.3990020751953,212.56100463867188,0,2026-02-10 00:00:00+00:00
1770696000000,212.55999755859375,212.73899841308594,212.16099548339844,212.68299865722656,0,2026-02-10 04:00:00+00:00
1770710400000,212.677001953125,212.78599548339844,211.88600158691406,212.14300537109375,0,2026-02-10 08:00:00+00:00
1770724800000,212.14199829101562,212.50900268554688,210.61199951171875,210.86000061035156,0,2026-02-10 12:00:00+00:00
1770739200000,210.86099243164062,210.88499450683594,210.53900146484375,210.73899841308594,0,2026-02-10 16:00:00+00:00
1770753600000,210.73800659179688,210.78900146484375,210.44900512695312,210.60499572753906,0,2026-02-10 20:00:00+00:00
1770768000000,210.62399291992188,210.64300537109375,209.781005859375,209.83999633789062,0,2026-02-11 00:00:00+00:00
1770782400000,209.83900451660156,209.87600708007812,208.9770050048828,209.35400390625,0,2026-02-11 04:00:00+00:00
1770796800000,209.3560028076172,210.23500061035156,209.28700256347656,210.14599609375,0,2026-02-11 08:00:00+00:00
1770811200000,210.1510009765625,210.5189971923828,208.61000061035156,209.427001953125,0,2026-02-11 12:00:00+00:00
1770825600000,209.42999267578125,209.48300170898438,208.17100524902344,208.49400329589844,0,2026-02-11 16:00:00+00:00
1770840000000,208.4949951171875,208.91200256347656,208.4709930419922,208.802001953125,0,2026-02-11 20:00:00+00:00
1770854400000,208.781005859375,209.00599670410156,207.6269989013672,207.95700073242188,0,2026-02-12 00:00:00+00:00
1770868800000,207.95599365234375,208.95199584960938,207.77499389648438,208.6230010986328,0,2026-02-12 04:00:00+00:00
1770883200000,208.62100219726562,209.31100463867188,208.38499450683594,209.25599670410156,0,2026-02-12 08:00:00+00:00
1770897600000,209.25799560546875,209.5540008544922,208.33700561523438,208.41700744628906,0,2026-02-12 12:00:00+00:00
1770912000000,208.4199981689453,208.5,207.55499267578125,208.302001953125,0,2026-02-12 16:00:00+00:00
1770926400000,208.30599975585938,208.33399963378906,207.86199951171875,208.0540008544922,0,2026-02-12 20:00:00+00:00
1770940800000,208.06900024414062,208.77699279785156,207.98599243164062,208.23199462890625,0,2026-02-13 00:00:00+00:00
1770955200000,208.23199462890625,208.97000122070312,208.10299682617188,208.8470001220703,0,2026-02-13 04:00:00+00:00
1770969600000,208.83900451660156,209.32899475097656,208.4810028076172,208.61399841308594,0,2026-02-13 08:00:00+00:00
1770984000000,208.61099243164062,208.9759979248047,208.04100036621094,208.4510040283203,0,2026-02-13 12:00:00+00:00
1770998400000,208.44400024414062,208.697998046875,208.25100708007812,208.4340057373047,0,2026-02-13 16:00:00+00:00
1771012800000,208.4340057373047,208.62100219726562,208.3300018310547,208.49899291992188,0,2026-02-13 20:00:00+00:00
1771200000000,208.51600646972656,208.8939971923828,208.47999572753906,208.80999755859375,0,2026-02-16 00:00:00+00:00
1771214400000,208.7989959716797,209.2949981689453,208.70399475097656,209.21099853515625,0,2026-02-16 04:00:00+00:00
1771228800000,209.21200561523438,209.68299865722656,209.1269989013672,209.26800537109375,0,2026-02-16 08:00:00+00:00
1771243200000,209.26600646972656,209.33999633789062,208.95700073242188,209.20399475097656,0,2026-02-16 12:00:00+00:00
1771257600000,209.20399475097656,209.2689971923828,209.10499572753906,209.2220001220703,0,2026-02-16 16:00:00+00:00
1771272000000,209.2220001220703,209.48899841308594,209.02499389648438,209.2530059814453,0,2026-02-16 20:00:00+00:00
1771286400000,209.24400329589844,209.29299926757812,208.25399780273438,208.50900268554688,0,2026-02-17 00:00:00+00:00
1771300800000,208.51199340820312,208.52099609375,207.33799743652344,207.61500549316406,0,2026-02-17 04:00:00+00:00
1771315200000,207.61300659179688,208.2100067138672,207.4709930419922,207.7209930419922,0,2026-02-17 08:00:00+00:00
1771329600000,207.71299743652344,207.875,207.2259979248047,207.6739959716797,0,2026-02-17 12:00:00+00:00
1771344000000,207.66400146484375,208.00900268554688,207.6580047607422,207.8280029296875,0,2026-02-17 16:00:00+00:00
1771358400000,207.8249969482422,208.00100708007812,207.61199951171875,207.70700073242188,0,2026-02-17 20:00:00+00:00
1771372800000,207.677001953125,208.31300354003906,207.61399841308594,208.1699981689453,0,2026-02-18 00:00:00+00:00
1771387200000,208.16600036621094,208.447998046875,207.93499755859375,208.38999938964844,0,2026-02-18 04:00:00+00:00
1771401600000,208.39599609375,208.83099365234375,208.281005859375,208.63900756835938,0,2026-02-18 08:00:00+00:00
1771416000000,208.62600708007812,209.21299743652344,208.48300170898438,208.98500061035156,0,2026-02-18 12:00:00+00:00
1771430400000,208.9810028076172,209.197998046875,208.57000732421875,208.86599731445312,0,2026-02-18 16:00:00+00:00
1771444800000,208.86599731445312,209.04299926757812,208.72300720214844,208.75799560546875,0,2026-02-18 20:00:00+00:00
1771459200000,208.74099731445312,209.4499969482422,208.62899780273438,209.29200744628906,0,2026-02-19 00:00:00+00:00
1771473600000,209.2899932861328,209.53700256347656,209.13699340820312,209.3730010986328,0,2026-02-19 04:00:00+00:00
1771488000000,209.375,209.4709930419922,208.19500732421875,208.21800231933594,0,2026-02-19 08:00:00+00:00
1771502400000,208.21499633789062,208.89100646972656,208.0760040283203,208.531005859375,0,2026-02-19 12:00:00+00:00
1771516800000,208.5279998779297,208.63699340820312,208.26499938964844,208.6060028076172,0,2026-02-19 16:00:00+00:00
1771531200000,208.6009979248047,208.94400024414062,208.42999267578125,208.86599731445312,0,2026-02-19 20:00:00+00:00
1771545600000,208.87600708007812,208.91200256347656,208.3769989013672,208.54200744628906,0,2026-02-20 00:00:00+00:00
1771560000000,208.53900146484375,209.09300231933594,208.5,209.06500244140625,0,2026-02-20 04:00:00+00:00
1771574400000,209.07400512695312,209.5019989013672,208.843994140625,209.08999633789062,0,2026-02-20 08:00:00+00:00
1771588800000,209.08099365234375,209.68800354003906,209.00900268554688,209.05099487304688,0,2026-02-20 12:00:00+00:00
1771603200000,209.05499267578125,209.2729949951172,208.94700622558594,209.19400024414062,0,2026-02-20 16:00:00+00:00
1771617600000,209.19200134277344,209.2169952392578,208.91000366210938,208.97900390625,0,2026-02-20 20:00:00+00:00
1771804800000,208.85299682617188,208.8699951171875,208.20399475097656,208.52000427246094,0,2026-02-23 00:00:00+00:00
1771819200000,208.5189971923828,209.13999938964844,208.4429931640625,208.93699645996094,0,2026-02-23 04:00:00+00:00
1771833600000,208.93600463867188,209.22300720214844,208.91299438476562,209.0019989013672,0,2026-02-23 08:00:00+00:00
1771848000000,208.9949951171875,209.10899353027344,208.31300354003906,208.38600158691406,0,2026-02-23 12:00:00+00:00
1771862400000,208.4010009765625,208.73800659179688,208.13099670410156,208.55999755859375,0,2026-02-23 16:00:00+00:00
1771876800000,208.56399536132812,208.85800170898438,208.4720001220703,208.73899841308594,0,2026-02-23 20:00:00+00:00
1771891200000,208.72300720214844,209.2449951171875,208.68299865722656,209.2209930419922,0,2026-02-24 00:00:00+00:00
1771905600000,209.22000122070312,210.46299743652344,208.97300720214844,210.38400268554688,0,2026-02-24 04:00:00+00:00
1771920000000,210.38600158691406,210.73300170898438,209.98199462890625,210.2209930419922,0,2026-02-24 08:00:00+00:00
1771934400000,210.21600341796875,210.83999633789062,210.11199951171875,210.70199584960938,0,2026-02-24 12:00:00+00:00
1771948800000,210.7010040283203,210.76699829101562,210.3179931640625,210.32400512695312,0,2026-02-24 16:00:00+00:00
1771963200000,210.3249969482422,210.43899536132812,210.13299560546875,210.38699340820312,0,2026-02-24 20:00:00+00:00
1771977600000,210.4010009765625,210.79600524902344,209.9929962158203,210.55299377441406,0,2026-02-25 00:00:00+00:00
1771992000000,210.552001953125,210.92999267578125,210.3070068359375,210.90699768066406,0,2026-02-25 04:00:00+00:00
1772006400000,210.89500427246094,211.8520050048828,210.84800720214844,211.74600219726562,0,2026-02-25 08:00:00+00:00
1772020800000,211.74600219726562,212.0260009765625,211.46499633789062,211.625,0,2026-02-25 12:00:00+00:00
1772035200000,211.61900329589844,212.11700439453125,211.60499572753906,211.98199462890625,0,2026-02-25 16:00:00+00:00
1772049600000,211.9810028076172,212.08700561523438,211.64500427246094,211.7429962158203,0,2026-02-25 20:00:00+00:00
1772064000000,211.71200561523438,211.781005859375,211.32400512695312,211.38600158691406,0,2026-02-26 00:00:00+00:00
1772078400000,211.38499450683594,211.625,211.15899658203125,211.38299560546875,0,2026-02-26 04:00:00+00:00
1772092800000,211.38299560546875,211.39199829101562,210.8260040283203,211.15499877929688,0,2026-02-26 08:00:00+00:00
1772107200000,211.14999389648438,211.56199645996094,210.62399291992188,210.8719940185547,0,2026-02-26 12:00:00+00:00
1772121600000,210.86599731445312,211.09100341796875,210.25799560546875,210.5749969482422,0,2026-02-26 16:00:00+00:00
1772136000000,210.57699584960938,210.6649932861328,210.20700073242188,210.28799438476562,0,2026-02-26 20:00:00+00:00
1772150400000,210.25900268554688,210.3820037841797,209.9669952392578,210.15499877929688,0,2026-02-27 00:00:00+00:00
1772164800000,210.16000366210938,210.57699584960938,209.91900634765625,210.51400756835938,0,2026-02-27 04:00:00+00:00
1772179200000,210.51400756835938,210.82699584960938,209.93800354003906,209.9429931640625,0,2026-02-27 08:00:00+00:00
1772193600000,209.94500732421875,210.2209930419922,209.7949981689453,209.80799865722656,0,2026-02-27 12:00:00+00:00
1772208000000,209.81399536132812,210.3249969482422,209.79200744628906,210.3249969482422,0,2026-02-27 16:00:00+00:00
1772222400000,210.3179931640625,210.5030059814453,210.2519989013672,210.39300537109375,0,2026-02-27 20:00:00+00:00
1772409600000,209.95899963378906,210.46299743652344,209.7740020751953,210.2050018310547,0,2026-03-02 00:00:00+00:00
1772424000000,210.20399475097656,210.5330047607422,209.4969940185547,209.75100708007812,0,2026-03-02 04:00:00+00:00
1772438400000,209.75799560546875,210.6230010986328,209.343994140625,210.51600646972656,0,2026-03-02 08:00:00+00:00
1772452800000,210.51699829101562,211.3800048828125,210.4980010986328,210.90899658203125,0,2026-03-02 12:00:00+00:00
1772467200000,210.91099548339844,211.1510009765625,210.5019989013672,211.02699279785156,0,2026-03-02 16:00:00+00:00
1772481600000,211.0240020751953,211.14700317382812,210.72500610351562,210.8489990234375,0,2026-03-02 20:00:00+00:00
1772496000000,210.85299682617188,211.3560028076172,210.6540069580078,210.74000549316406,0,2026-03-03 00:00:00+00:00
1772510400000,210.74200439453125,210.77000427246094,209.75599670410156,209.90499877929688,0,2026-03-03 04:00:00+00:00
1772524800000,209.90499877929688,210.03900146484375,209.41600036621094,209.593994140625,0,2026-03-03 08:00:00+00:00
1772539200000,209.60400390625,210.1719970703125,209.21299743652344,209.9530029296875,0,2026-03-03 12:00:00+00:00
1772553600000,209.9499969482422,210.62100219726562,209.89999389648438,210.5749969482422,0,2026-03-03 16:00:00+00:00
1772568000000,210.56900024414062,210.73899841308594,210.1820068359375,210.66799926757812,0,2026-03-03 20:00:00+00:00
1772582400000,210.63099670410156,210.67300415039062,209.78599548339844,209.96299743652344,0,2026-03-04 00:00:00+00:00
1772596800000,209.95399475097656,210.44900512695312,209.47900390625,210.35499572753906,0,2026-03-04 04:00:00+00:00
1772611200000,210.3520050048828,210.56399536132812,209.83999633789062,210.322998046875,0,2026-03-04 08:00:00+00:00
1772625600000,210.3249969482422,210.48300170898438,209.9530029296875,209.98199462890625,0,2026-03-04 12:00:00+00:00
1772640000000,209.9709930419922,210.05499267578125,209.47999572753906,209.97799682617188,0,2026-03-04 16:00:00+00:00
1772654400000,209.97300720214844,210.156005859375,209.8209991455078,209.85499572753906,0,2026-03-04 20:00:00+00:00
1772668800000,209.85800170898438,209.86199951171875,209.3300018310547,209.43600463867188,0,2026-03-05 00:00:00+00:00
1772683200000,209.43499755859375,209.81100463867188,209.1739959716797,209.8040008544922,0,2026-03-05 04:00:00+00:00
1772697600000,209.80499267578125,210.26400756835938,209.35499572753906,210.19500732421875,0,2026-03-05 08:00:00+00:00
1772712000000,210.19700622558594,210.6199951171875,209.8780059814453,209.99400329589844,0,2026-03-05 12:00:00+00:00
1772726400000,209.98399353027344,210.4709930419922,209.7790069580078,210.2010040283203,0,2026-03-05 16:00:00+00:00
1772740800000,210.2010040283203,210.4969940185547,210.06900024414062,210.4290008544922,0,2026-03-05 20:00:00+00:00
1772755200000,210.42799377441406,210.5970001220703,210.2469940185547,210.5850067138672,0,2026-03-06 00:00:00+00:00
1772769600000,210.58299255371094,210.98599243164062,210.5659942626953,210.60899353027344,0,2026-03-06 04:00:00+00:00
1772784000000,210.61199951171875,210.78599548339844,210.2570037841797,210.36500549316406,0,2026-03-06 08:00:00+00:00
1772798400000,210.36399841308594,210.8979949951172,210.2740020751953,210.51699829101562,0,2026-03-06 12:00:00+00:00
1772812800000,210.51499938964844,211.3990020751953,210.51400756835938,211.33299255371094,0,2026-03-06 16:00:00+00:00
1772827200000,211.33799743652344,211.64700317382812,211.2989959716797,211.61399841308594,0,2026-03-06 20:00:00+00:00
1773014400000,210.7550048828125,211.30099487304688,210.6510009765625,211.197998046875,0,2026-03-09 00:00:00+00:00
1773028800000,211.20399475097656,211.48500061035156,210.98599243164062,211.4510040283203,0,2026-03-09 04:00:00+00:00
1773043200000,211.4530029296875,211.5760040283203,211.02000427246094,211.51400756835938,0,2026-03-09 08:00:00+00:00
1773057600000,211.51300048828125,212.0449981689453,211.4459991455078,211.71400451660156,0,2026-03-09 12:00:00+00:00
1773072000000,211.71299743652344,212.17599487304688,211.7050018310547,211.98199462890625,0,2026-03-09 16:00:00+00:00
1773086400000,211.9770050048828,212.0989990234375,211.7050018310547,211.89999389648438,0,2026-03-09 20:00:00+00:00
1773100800000,211.91600036621094,212.01600646972656,211.58299255371094,211.82200622558594,0,2026-03-10 00:00:00+00:00
1773115200000,211.82200622558594,212.08599853515625,211.6750030517578,211.99200439453125,0,2026-03-10 04:00:00+00:00
1773129600000,211.98699951171875,212.33599853515625,211.94900512695312,212.13699340820312,0,2026-03-10 08:00:00+00:00
1773144000000,212.13900756835938,212.41299438476562,212.052001953125,212.0850067138672,0,2026-03-10 12:00:00+00:00
1773158400000,212.0850067138672,212.23399353027344,211.9709930419922,212.04800415039062,0,2026-03-10 16:00:00+00:00
1773172800000,212.0489959716797,212.21099853515625,211.9429931640625,212.1820068359375,0,2026-03-10 20:00:00+00:00
1773187200000,212.16200256347656,212.88299560546875,212.11900329589844,212.7989959716797,0,2026-03-11 00:00:00+00:00
1773201600000,212.80099487304688,212.88499450683594,212.35699462890625,212.56399536132812,0,2026-03-11 04:00:00+00:00
1773216000000,212.5659942626953,212.9739990234375,212.38600158691406,212.8280029296875,0,2026-03-11 08:00:00+00:00
1773230400000,212.8280029296875,213.07200622558594,212.44200134277344,212.7899932861328,0,2026-03-11 12:00:00+00:00
1773244800000,212.7899932861328,213.3000030517578,212.7519989013672,213.27200317382812,0,2026-03-11 16:00:00+00:00
1773259200000,213.29100036621094,213.29100036621094,212.8070068359375,212.87100219726562,0,2026-03-11 20:00:00+00:00
1773273600000,212.88600158691406,213.0290069580078,212.55499267578125,212.63600158691406,0,2026-03-12 00:00:00+00:00
1773288000000,212.63499450683594,212.76499938964844,212.54600524902344,212.65899658203125,0,2026-03-12 04:00:00+00:00
1773302400000,212.66400146484375,212.6820068359375,212.45599365234375,212.60400390625,0,2026-03-12 08:00:00+00:00
1773316800000,212.6009979248047,212.74000549316406,212.3990020751953,212.51400756835938,0,2026-03-12 12:00:00+00:00
1773331200000,212.51100158691406,212.86700439453125,212.4320068359375,212.72000122070312,0,2026-03-12 16:00:00+00:00
1773345600000,212.7209930419922,212.7570037841797,212.3769989013672,212.5749969482422,0,2026-03-12 20:00:00+00:00
1773360000000,212.5970001220703,212.81500244140625,212.41299438476562,212.6790008544922,0,2026-03-13 00:00:00+00:00
1773374400000,212.67799377441406,212.87600708007812,211.63999938964844,211.72300720214844,0,2026-03-13 04:00:00+00:00
1773388800000,211.72300720214844,211.72300720214844,211.1219940185547,211.1280059814453,0,2026-03-13 08:00:00+00:00
1773403200000,211.12600708007812,211.5290069580078,211.08599853515625,211.20700073242188,0,2026-03-13 12:00:00+00:00
1773417600000,211.20899963378906,211.51300048828125,211.16600036621094,211.20199584960938,0,2026-03-13 16:00:00+00:00
1773432000000,211.197998046875,211.25399780273438,211.05999755859375,211.25399780273438,0,2026-03-13 20:00:00+00:00
1773619200000,211.35800170898438,211.5749969482422,211.1649932861328,211.51400756835938,0,2026-03-16 00:00:00+00:00
1773633600000,211.5070037841797,211.58200073242188,210.7949981689453,210.947998046875,0,2026-03-16 04:00:00+00:00
1773648000000,210.947998046875,211.36099243164062,210.89700317382812,211.30599975585938,0,2026-03-16 08:00:00+00:00
1773662400000,211.3090057373047,211.92999267578125,211.19700622558594,211.89100646972656,0,2026-03-16 12:00:00+00:00
1773676800000,211.88699340820312,212.11700439453125,211.71099853515625,212.0850067138672,0,2026-03-16 16:00:00+00:00
1773691200000,212.08599853515625,212.10299682617188,211.6790008544922,211.83200073242188,0,2026-03-16 20:00:00+00:00
1773705600000,211.83700561523438,212.13800048828125,211.79100036621094,211.9669952392578,0,2026-03-17 00:00:00+00:00
1773720000000,211.96499633789062,212.031005859375,211.62399291992188,211.86000061035156,0,2026-03-17 04:00:00+00:00
1773734400000,211.85699462890625,212.26699829101562,211.64500427246094,211.87399291992188,0,2026-03-17 08:00:00+00:00
1773748800000,211.87399291992188,212.26600646972656,211.83299255371094,212.19000244140625,0,2026-03-17 12:00:00+00:00
1773763200000,212.18099975585938,212.48500061035156,212.01499938964844,212.3730010986328,0,2026-03-17 16:00:00+00:00
1773777600000,212.3730010986328,212.43899536132812,212.14300537109375,212.24899291992188,0,2026-03-17 20:00:00+00:00
1773792000000,212.2530059814453,212.49200439453125,212.1179962158203,212.30299377441406,0,2026-03-18 00:00:00+00:00
1773806400000,212.30299377441406,212.33599853515625,211.94400024414062,212.01400756835938,0,2026-03-18 04:00:00+00:00
1773820800000,212.01100158691406,212.49099731445312,211.9949951171875,212.3820037841797,0,2026-03-18 08:00:00+00:00
1773835200000,212.3780059814453,212.63400268554688,212.17799377441406,212.46400451660156,0,2026-03-18 12:00:00+00:00
1773849600000,212.46099853515625,212.72900390625,212.11000061035156,212.1909942626953,0,2026-03-18 16:00:00+00:00
1773864000000,212.19400024414062,212.22999572753906,211.7480010986328,211.96499633789062,0,2026-03-18 20:00:00+00:00
1773878400000,211.9669952392578,212.3489990234375,211.95399475097656,212.00799560546875,0,2026-03-19 00:00:00+00:00
1773892800000,212.0050048828125,212.00900268554688,211.14199829101562,211.18899536132812,0,2026-03-19 04:00:00+00:00
1773907200000,211.19500732421875,211.52200317382812,210.83599853515625,211.41000366210938,0,2026-03-19 08:00:00+00:00
1773921600000,211.39500427246094,211.9010009765625,210.79100036621094,211.32200622558594,0,2026-03-19 12:00:00+00:00
1773936000000,211.3090057373047,212.156005859375,211.16799926757812,211.7239990234375,0,2026-03-19 16:00:00+00:00
1773950400000,211.7220001220703,212.0709991455078,211.57699584960938,211.9949951171875,0,2026-03-19 20:00:00+00:00
1773964800000,211.9969940185547,212.3560028076172,211.7949981689453,212.3000030517578,0,2026-03-20 00:00:00+00:00
1773979200000,212.2899932861328,212.68499755859375,212.24899291992188,212.5290069580078,0,2026-03-20 04:00:00+00:00
1773993600000,212.53500366210938,212.76800537109375,212.22300720214844,212.4010009765625,0,2026-03-20 08:00:00+00:00
1774008000000,212.39999389648438,212.6199951171875,211.7449951171875,211.83200073242188,0,2026-03-20 12:00:00+00:00
1774022400000,211.83299255371094,212.60699462890625,211.81900024414062,212.39599609375,0,2026-03-20 16:00:00+00:00
1774036800000,212.39599609375,212.5070037841797,212.28700256347656,212.44400024414062,0,2026-03-20 20:00:00+00:00
1774224000000,212.21299743652344,212.74000549316406,212.0,212.3000030517578,0,2026-03-23 00:00:00+00:00
1774238400000,212.30499267578125,212.42100524902344,211.85000610351562,212.0749969482422,0,2026-03-23 04:00:00+00:00
1774252800000,212.08399963378906,213.00399780273438,211.57400512695312,212.26800537109375,0,2026-03-23 08:00:00+00:00
1774267200000,212.26600646972656,213.30299377441406,212.1529998779297,212.4080047607422,0,2026-03-23 12:00:00+00:00
1774281600000,212.41099548339844,212.7949981689453,212.36599731445312,212.76499938964844,0,2026-03-23 16:00:00+00:00
1774296000000,212.7779998779297,212.91200256347656,212.4969940185547,212.75599670410156,0,2026-03-23 20:00:00+00:00
1774310400000,212.7729949951172,212.8070068359375,212.2779998779297,212.66799926757812,0,2026-03-24 00:00:00+00:00
1774324800000,212.66400146484375,212.9770050048828,212.45899963378906,212.86000061035156,0,2026-03-24 04:00:00+00:00
1774339200000,212.86500549316406,212.86500549316406,212.2480010986328,212.6909942626953,0,2026-03-24 08:00:00+00:00
1774353600000,212.6909942626953,212.86900329589844,212.38400268554688,212.6199951171875,0,2026-03-24 12:00:00+00:00
1774368000000,212.62100219726562,212.8300018310547,212.47900390625,212.7570037841797,0,2026-03-24 16:00:00+00:00
1774382400000,212.76199340820312,212.9810028076172,212.51300048828125,212.906005859375,0,2026-03-24 20:00:00+00:00
1774396800000,212.88900756835938,213.18800354003906,212.74099731445312,212.76100158691406,0,2026-03-25 00:00:00+00:00
1774411200000,212.77099609375,213.12600708007812,212.62399291992188,213.08599853515625,0,2026-03-25 04:00:00+00:00
1774425600000,213.0800018310547,213.20899963378906,212.75900268554688,213.08599853515625,0,2026-03-25 08:00:00+00:00
1774440000000,213.08599853515625,213.20700073242188,212.63499450683594,212.87399291992188,0,2026-03-25 12:00:00+00:00
1774454400000,212.87100219726562,213.19500732421875,212.73899841308594,213.1269989013672,0,2026-03-25 16:00:00+00:00
1774468800000,213.1269989013672,213.17100524902344,212.89999389648438,212.98899841308594,0,2026-03-25 20:00:00+00:00
1774483200000,212.97500610351562,213.125,212.89700317382812,213.1020050048828,0,2026-03-26 00:00:00+00:00
1774497600000,213.0959930419922,213.11500549316406,212.72999572753906,212.91900634765625,0,2026-03-26 04:00:00+00:00
1774512000000,212.9219970703125,213.07699584960938,212.69000244140625,212.7550048828125,0,2026-03-26 08:00:00+00:00
1774526400000,212.7570037841797,213.30299377441406,212.68499755859375,213.1479949951172,0,2026-03-26 12:00:00+00:00
1774540800000,213.14500427246094,213.18600463867188,212.75399780273438,212.77699279785156,0,2026-03-26 16:00:00+00:00
1774555200000,212.77999877929688,213.20700073242188,212.72500610351562,212.98300170898438,0,2026-03-26 20:00:00+00:00
1774569600000,212.97000122070312,212.99000549316406,212.58299255371094,212.92799377441406,0,2026-03-27 00:00:00+00:00
1774584000000,212.9239959716797,213.0959930419922,212.83399963378906,212.93600463867188,0,2026-03-27 04:00:00+00:00
1774598400000,212.93600463867188,212.97500610351562,212.32400512695312,212.33200073242188,0,2026-03-27 08:00:00+00:00
1774612800000,212.33399963378906,212.968994140625,212.22000122070312,212.86700439453125,0,2026-03-27 12:00:00+00:00
1774627200000,212.8730010986328,213.0050048828125,212.5260009765625,212.53799438476562,0,2026-03-27 16:00:00+00:00
1774641600000,212.53900146484375,212.70799255371094,212.4530029296875,212.54200744628906,0,2026-03-27 20:00:00+00:00
1774814400000,212.33799743652344,212.41400146484375,212.07899475097656,212.10800170898438,0,2026-03-29 20:00:00+00:00
1774828800000,212.0970001220703,212.13400268554688,211.74600219726562,212.05799865722656,0,2026-03-30 00:00:00+00:00
1774843200000,212.0570068359375,212.10699462890625,211.43499755859375,211.62899780273438,0,2026-03-30 04:00:00+00:00
1774857600000,211.62899780273438,211.64700317382812,211.04600524902344,211.04600524902344,0,2026-03-30 08:00:00+00:00
1774872000000,211.05099487304688,211.0709991455078,210.23599243164062,210.34100341796875,0,2026-03-30 12:00:00+00:00
1774886400000,210.34100341796875,210.56399536132812,210.19200134277344,210.55599975585938,0,2026-03-30 16:00:00+00:00
1774900800000,210.54800415039062,210.64999389648438,210.3159942626953,210.53599548339844,0,2026-03-30 20:00:00+00:00
1774915200000,210.53500366210938,211.21499633789062,210.4149932861328,210.82200622558594,0,2026-03-31 00:00:00+00:00
1774929600000,210.8280029296875,210.9530029296875,210.39599609375,210.8040008544922,0,2026-03-31 04:00:00+00:00
1774944000000,210.80299377441406,211.02099609375,210.71400451660156,210.98199462890625,0,2026-03-31 08:00:00+00:00
1774958400000,210.9720001220703,211.2010040283203,209.59800720214844,209.72799682617188,0,2026-03-31 12:00:00+00:00
1774972800000,209.73300170898438,210.4199981689453,209.69400024414062,210.05999755859375,0,2026-03-31 16:00:00+00:00
1774987200000,210.05799865722656,210.0989990234375,209.7030029296875,209.9459991455078,0,2026-03-31 20:00:00+00:00
1775001600000,209.947998046875,210.3939971923828,209.86000061035156,210.1479949951172,0,2026-04-01 00:00:00+00:00
1775016000000,210.156005859375,210.62399291992188,210.1320037841797,210.5489959716797,0,2026-04-01 04:00:00+00:00
1775030400000,210.5540008544922,211.1999969482422,210.48500061035156,210.86300659179688,0,2026-04-01 08:00:00+00:00
1775044800000,210.86599731445312,211.4669952392578,210.68099975585938,211.36700439453125,0,2026-04-01 12:00:00+00:00
1775059200000,211.36199951171875,211.4929962158203,211.03700256347656,211.2530059814453,0,2026-04-01 16:00:00+00:00
1775073600000,211.2480010986328,211.36399841308594,210.86199951171875,211.07899475097656,0,2026-04-01 20:00:00+00:00
1775088000000,211.0749969482422,211.27999877929688,210.83700561523438,210.88299560546875,0,2026-04-02 00:00:00+00:00
1775102400000,210.88600158691406,211.07400512695312,210.33399963378906,210.86199951171875,0,2026-04-02 04:00:00+00:00
1775116800000,210.86500549316406,210.9669952392578,210.46499633789062,210.79100036621094,0,2026-04-02 08:00:00+00:00
1775131200000,210.79100036621094,211.06300354003906,210.57400512695312,210.9040069580078,0,2026-04-02 12:00:00+00:00
1775145600000,210.90499877929688,211.2030029296875,210.76499938964844,211.07899475097656,0,2026-04-02 16:00:00+00:00
1775160000000,211.08299255371094,211.1439971923828,210.75999450683594,210.97799682617188,0,2026-04-02 20:00:00+00:00
1775174400000,210.9770050048828,211.22999572753906,210.9010009765625,211.08999633789062,0,2026-04-03 00:00:00+00:00
1775188800000,211.08700561523438,211.30999755859375,210.99600219726562,211.24099731445312,0,2026-04-03 04:00:00+00:00
1775203200000,211.24099731445312,211.30099487304688,211.12100219726562,211.16099548339844,0,2026-04-03 08:00:00+00:00
1775217600000,211.16000366210938,211.1999969482422,210.5749969482422,210.71600341796875,0,2026-04-03 12:00:00+00:00
1775232000000,210.7220001220703,210.73300170898438,210.48699951171875,210.5290069580078,0,2026-04-03 16:00:00+00:00
1775246400000,210.55099487304688,210.8090057373047,210.34500122070312,210.6580047607422,0,2026-04-03 20:00:00+00:00
1775419200000,210.61399841308594,210.75100708007812,210.53799438476562,210.66900634765625,0,2026-04-05 20:00:00+00:00
1775433600000,210.6719970703125,210.88699340820312,210.58599853515625,210.80999755859375,0,2026-04-06 00:00:00+00:00
1775448000000,210.80999755859375,211.39199829101562,210.7480010986328,211.2310028076172,0,2026-04-06 04:00:00+00:00
1775462400000,211.22900390625,211.3179931640625,211.1230010986328,211.19500732421875,0,2026-04-06 08:00:00+00:00
1775476800000,211.2010040283203,211.53799438476562,211.0970001220703,211.343994140625,0,2026-04-06 12:00:00+00:00
1775491200000,211.33399963378906,211.4080047607422,211.19200134277344,211.33700561523438,0,2026-04-06 16:00:00+00:00
1775505600000,211.33299255371094,211.4759979248047,211.22000122070312,211.3260040283203,0,2026-04-06 20:00:00+00:00
1775520000000,211.322998046875,211.51400756835938,211.2220001220703,211.375,0,2026-04-07 00:00:00+00:00
1775534400000,211.3730010986328,211.68899536132812,211.23399353027344,211.5500030517578,0,2026-04-07 04:00:00+00:00
1775548800000,211.552001953125,211.88800048828125,211.45599365234375,211.70199584960938,0,2026-04-07 08:00:00+00:00
1775563200000,211.70399475097656,211.99000549316406,211.5590057373047,211.69200134277344,0,2026-04-07 12:00:00+00:00
1775577600000,211.6929931640625,212.12399291992188,211.67100524902344,212.04100036621094,0,2026-04-07 16:00:00+00:00
1775592000000,212.04200744628906,212.78799438476562,211.93899536132812,212.68600463867188,0,2026-04-07 20:00:00+00:00
1775606400000,212.68899536132812,212.7030029296875,212.12899780273438,212.28900146484375,0,2026-04-08 00:00:00+00:00
1775620800000,212.28700256347656,212.76100158691406,212.26199340820312,212.38900756835938,0,2026-04-08 04:00:00+00:00
1775635200000,212.38699340820312,213.15199279785156,212.26100158691406,213.1009979248047,0,2026-04-08 08:00:00+00:00
1775649600000,213.0970001220703,213.13099670410156,212.6649932861328,212.84100341796875,0,2026-04-08 12:00:00+00:00
1775664000000,212.843994140625,212.85699462890625,212.4239959716797,212.54200744628906,0,2026-04-08 16:00:00+00:00
1775678400000,212.54600524902344,212.62100219726562,212.27699279785156,212.4720001220703,0,2026-04-08 20:00:00+00:00
1775692800000,212.468994140625,212.76499938964844,212.41700744628906,212.64500427246094,0,2026-04-09 00:00:00+00:00
1775707200000,212.64500427246094,212.91299438476562,212.5989990234375,212.90699768066406,0,2026-04-09 04:00:00+00:00
1775721600000,212.906005859375,213.39500427246094,212.8070068359375,213.3730010986328,0,2026-04-09 08:00:00+00:00
1775736000000,213.36300659179688,213.78599548339844,213.23599243164062,213.552001953125,0,2026-04-09 12:00:00+00:00
1775750400000,213.53900146484375,213.8489990234375,213.3780059814453,213.74000549316406,0,2026-04-09 16:00:00+00:00
1775764800000,213.7429962158203,213.78799438476562,213.43899536132812,213.64599609375,0,2026-04-09 20:00:00+00:00
1775779200000,213.64199829101562,213.75,213.53599548339844,213.63499450683594,0,2026-04-10 00:00:00+00:00
1775793600000,213.63400268554688,213.84500122070312,213.60800170898438,213.6999969482422,0,2026-04-10 04:00:00+00:00
1775808000000,213.7010040283203,214.0760040283203,213.6820068359375,213.9929962158203,0,2026-04-10 08:00:00+00:00
1775822400000,213.9949951171875,214.45700073242188,213.9600067138672,214.27699279785156,0,2026-04-10 12:00:00+00:00
1775836800000,214.2790069580078,214.5780029296875,214.23699951171875,214.55299377441406,0,2026-04-10 16:00:00+00:00
1775851200000,214.5500030517578,214.58099365234375,214.2760009765625,214.406005859375,0,2026-04-10 20:00:00+00:00
1776024000000,214.04299926757812,214.07400512695312,213.75399780273438,213.8679962158203,0,2026-04-12 20:00:00+00:00
1776038400000,213.86900329589844,214.16900634765625,213.80299377441406,214.03799438476562,0,2026-04-13 00:00:00+00:00
1776052800000,214.03399658203125,214.427001953125,213.99899291992188,214.37100219726562,0,2026-04-13 04:00:00+00:00
1776067200000,214.3730010986328,214.69500732421875,214.30499267578125,214.48199462890625,0,2026-04-13 08:00:00+00:00
1776081600000,214.48199462890625,214.98300170898438,214.43899536132812,214.97300720214844,0,2026-04-13 12:00:00+00:00
1776096000000,214.9810028076172,215.26300048828125,214.87600708007812,215.23699951171875,0,2026-04-13 16:00:00+00:00
1776110400000,215.24600219726562,215.3679962158203,215.03900146484375,215.18600463867188,0,2026-04-13 20:00:00+00:00
1776124800000,215.18899536132812,215.2530059814453,214.9010009765625,215.03399658203125,0,2026-04-14 00:00:00+00:00
1776139200000,215.03199768066406,215.322998046875,214.91200256347656,215.24200439453125,0,2026-04-14 04:00:00+00:00
1776153600000,215.24000549316406,215.54400634765625,215.08799743652344,215.47799682617188,0,2026-04-14 08:00:00+00:00
1776168000000,215.47999572753906,215.78199768066406,215.4320068359375,215.5019989013672,0,2026-04-14 12:00:00+00:00
1776182400000,215.49400329589844,215.53599548339844,215.32899475097656,215.46299743652344,0,2026-04-14 16:00:00+00:00
1776196800000,215.44700622558594,215.63699340820312,215.3070068359375,215.56300354003906,0,2026-04-14 20:00:00+00:00
1776211200000,215.56300354003906,215.73599243164062,215.46400451660156,215.66600036621094,0,2026-04-15 00:00:00+00:00
1776225600000,215.6649932861328,215.7830047607422,215.46499633789062,215.50399780273438,0,2026-04-15 04:00:00+00:00
1776240000000,215.5030059814453,215.5749969482422,215.1820068359375,215.54800415039062,0,2026-04-15 08:00:00+00:00
1776254400000,215.54299926757812,215.82200622558594,215.52699279785156,215.7519989013672,0,2026-04-15 12:00:00+00:00
1776268800000,215.74099731445312,215.9029998779297,215.4720001220703,215.72999572753906,0,2026-04-15 16:00:00+00:00
1776283200000,215.72999572753906,215.74000549316406,215.36700439453125,215.5500030517578,0,2026-04-15 20:00:00+00:00
1776297600000,215.54400634765625,215.5709991455078,215.11099243164062,215.49400329589844,0,2026-04-16 00:00:00+00:00
1776312000000,215.49200439453125,215.718994140625,215.3459930419922,215.3939971923828,0,2026-04-16 04:00:00+00:00
1776326400000,215.38999938964844,215.55799865722656,215.23500061035156,215.33200073242188,0,2026-04-16 08:00:00+00:00
1776340800000,215.33099365234375,215.6439971923828,215.156005859375,215.35299682617188,0,2026-04-16 12:00:00+00:00
1776355200000,215.3509979248047,215.46299743652344,215.27099609375,215.3470001220703,0,2026-04-16 16:00:00+00:00
1776369600000,215.343994140625,215.4459991455078,215.11399841308594,215.32699584960938,0,2026-04-16 20:00:00+00:00
1776384000000,215.31900024414062,215.58999633789062,215.24400329589844,215.57400512695312,0,2026-04-17 00:00:00+00:00
1776398400000,215.57400512695312,215.69000244140625,215.23500061035156,215.41900634765625,0,2026-04-17 04:00:00+00:00
1776412800000,215.41600036621094,215.45799255371094,215.13800048828125,215.343994140625,0,2026-04-17 08:00:00+00:00
1776427200000,215.34500122070312,215.38900756835938,213.9929962158203,214.29100036621094,0,2026-04-17 12:00:00+00:00
1776441600000,214.29100036621094,214.48800659179688,214.09500122070312,214.36000061035156,0,2026-04-17 16:00:00+00:00
1776456000000,214.35899353027344,214.45599365234375,214.31700134277344,214.41099548339844,0,2026-04-17 20:00:00+00:00
1776628800000,214.447998046875,214.61300659179688,214.41000366210938,214.572998046875,0,2026-04-19 20:00:00+00:00
1776643200000,214.5749969482422,214.7220001220703,214.40499877929688,214.5780029296875,0,2026-04-20 00:00:00+00:00
1776657600000,214.57699584960938,214.6510009765625,214.3459930419922,214.3769989013672,0,2026-04-20 04:00:00+00:00
1776672000000,214.56300354003906,214.87399291992188,214.53599548339844,214.72900390625,0,2026-04-20 08:00:00+00:00
1776686400000,214.72900390625,214.85499572753906,214.52999877929688,214.83599853515625,0,2026-04-20 12:00:00+00:00
1776700800000,214.83299255371094,215.06500244140625,214.7429962158203,214.94500732421875,0,2026-04-20 16:00:00+00:00
1776715200000,214.94900512695312,215.0970001220703,214.70799255371094,214.92999267578125,0,2026-04-20 20:00:00+00:00
1776729600000,214.92999267578125,215.0279998779297,214.8489990234375,214.90699768066406,0,2026-04-21 00:00:00+00:00
1776744000000,214.90699768066406,215.0019989013672,214.6909942626953,214.781005859375,0,2026-04-21 04:00:00+00:00
1776758400000,214.79400634765625,215.22500610351562,214.58599853515625,215.00900268554688,0,2026-04-21 08:00:00+00:00
1776772800000,215.00999450683594,215.41400146484375,214.9810028076172,215.34300231933594,0,2026-04-21 12:00:00+00:00
1776787200000,215.3470001220703,215.3979949951172,215.02099609375,215.177001953125,0,2026-04-21 16:00:00+00:00
1776801600000,215.1719970703125,215.35800170898438,215.03799438476562,215.30099487304688,0,2026-04-21 20:00:00+00:00
1776816000000,215.28700256347656,215.36399841308594,215.11000061035156,215.28900146484375,0,2026-04-22 00:00:00+00:00
1776830400000,215.28900146484375,215.40699768066406,215.07699584960938,215.36300659179688,0,2026-04-22 04:00:00+00:00
1776844800000,215.36700439453125,215.656005859375,214.97900390625,215.0240020751953,0,2026-04-22 08:00:00+00:00
1776859200000,215.0240020751953,215.39599609375,214.91600036621094,215.37100219726562,0,2026-04-22 12:00:00+00:00
1776873600000,215.36700439453125,215.53399658203125,215.25399780273438,215.43600463867188,0,2026-04-22 16:00:00+00:00
1776888000000,215.43499755859375,215.46299743652344,215.1510009765625,215.2969970703125,0,2026-04-22 20:00:00+00:00
1776902400000,215.2969970703125,215.35499572753906,215.0590057373047,215.1439971923828,0,2026-04-23 00:00:00+00:00
1776916800000,215.1439971923828,215.5070037841797,215.11099243164062,215.2760009765625,0,2026-04-23 04:00:00+00:00
1776931200000,215.2760009765625,215.72999572753906,215.25399780273438,215.4739990234375,0,2026-04-23 08:00:00+00:00
1776945600000,215.48699951171875,215.53700256347656,215.07899475097656,215.13699340820312,0,2026-04-23 12:00:00+00:00
1776960000000,215.13400268554688,215.16099548339844,214.94000244140625,215.06900024414062,0,2026-04-23 16:00:00+00:00
1776974400000,215.06700134277344,215.16900634765625,214.83799743652344,215.1179962158203,0,2026-04-23 20:00:00+00:00
1776988800000,215.11900329589844,215.25399780273438,215.0240020751953,215.072998046875,0,2026-04-24 00:00:00+00:00
1777003200000,215.0709991455078,215.21800231933594,214.93600463867188,215.16900634765625,0,2026-04-24 04:00:00+00:00
1777017600000,215.18099975585938,215.47999572753906,215.09300231933594,215.13999938964844,0,2026-04-24 08:00:00+00:00
1777032000000,215.14100646972656,215.45799255371094,215.0800018310547,215.3679962158203,0,2026-04-24 12:00:00+00:00
1777046400000,215.36300659179688,215.74000549316406,215.31100463867188,215.73800659179688,0,2026-04-24 16:00:00+00:00
1777060800000,215.73800659179688,215.7760009765625,215.50799560546875,215.66200256347656,0,2026-04-24 20:00:00+00:00
1777233600000,215.61700439453125,215.69400024414062,215.58799743652344,215.6300048828125,0,2026-04-26 20:00:00+00:00
1777248000000,215.6300048828125,215.73800659179688,215.52699279785156,215.64700317382812,0,2026-04-27 00:00:00+00:00
1777262400000,215.64599609375,215.7530059814453,215.51499938964844,215.66000366210938,0,2026-04-27 04:00:00+00:00
1777276800000,215.66200256347656,215.85299682617188,215.58200073242188,215.83399963378906,0,2026-04-27 08:00:00+00:00
1777291200000,215.82899475097656,216.04800415039062,215.52999877929688,215.85899353027344,0,2026-04-27 12:00:00+00:00
1777305600000,215.85899353027344,215.96800231933594,215.7030029296875,215.7209930419922,0,2026-04-27 16:00:00+00:00
1777320000000,215.72000122070312,215.8800048828125,215.62899780273438,215.72999572753906,0,2026-04-27 20:00:00+00:00
1777334400000,215.73599243164062,215.8209991455078,215.1580047607422,215.2469940185547,0,2026-04-28 00:00:00+00:00
1777348800000,215.24899291992188,215.5749969482422,214.93800354003906,215.5070037841797,0,2026-04-28 04:00:00+00:00
1777363200000,215.51100158691406,215.6750030517578,215.09800720214844,215.16299438476562,0,2026-04-28 08:00:00+00:00
1777377600000,215.16299438476562,215.625,215.01699829101562,215.552001953125,0,2026-04-28 12:00:00+00:00
1777392000000,215.55799865722656,215.8159942626953,215.48199462890625,215.79200744628906,0,2026-04-28 16:00:00+00:00
1777406400000,215.7949981689453,215.8470001220703,215.50100708007812,215.7790069580078,0,2026-04-28 20:00:00+00:00
1777420800000,215.77200317382812,215.84100341796875,215.6439971923828,215.66000366210938,0,2026-04-29 00:00:00+00:00
1777435200000,215.65899658203125,215.74899291992188,215.4810028076172,215.63099670410156,0,2026-04-29 04:00:00+00:00
1777449600000,215.6300048828125,215.96400451660156,215.52699279785156,215.86399841308594,0,2026-04-29 08:00:00+00:00
1777464000000,215.86599731445312,216.27699279785156,215.7899932861328,216.13600158691406,0,2026-04-29 12:00:00+00:00
1777478400000,216.13600158691406,216.26199340820312,215.88499450683594,216.1320037841797,0,2026-04-29 16:00:00+00:00
1777492800000,216.1300048828125,216.24200439453125,215.87899780273438,216.0760040283203,0,2026-04-29 20:00:00+00:00
1777507200000,216.0780029296875,216.20599365234375,215.96800231933594,216.17799377441406,0,2026-04-30 00:00:00+00:00
1777521600000,216.1719970703125,216.593994140625,215.56399536132812,215.94400024414062,0,2026-04-30 04:00:00+00:00
1777536000000,215.9600067138672,216.07699584960938,210.41200256347656,211.36500549316406,0,2026-04-30 08:00:00+00:00
1777550400000,211.36199951171875,213.0800018310547,211.10299682617188,212.7239990234375,0,2026-04-30 12:00:00+00:00
1777564800000,212.7239990234375,213.0290069580078,212.48599243164062,212.9810028076172,0,2026-04-30 16:00:00+00:00
1777579200000,212.98399353027344,213.60899353027344,212.86900329589844,213.53399658203125,0,2026-04-30 20:00:00+00:00
1777593600000,213.531005859375,214.04299926757812,213.50999450683594,213.79299926757812,0,2026-05-01 00:00:00+00:00
1777608000000,213.79400634765625,213.85699462890625,211.77000427246094,213.072998046875,0,2026-05-01 04:00:00+00:00
1777622400000,213.072998046875,213.26699829101562,212.6820068359375,213.25399780273438,0,2026-05-01 08:00:00+00:00
1777636800000,213.25599670410156,213.65499877929688,213.00799560546875,213.48500061035156,0,2026-05-01 12:00:00+00:00
1777651200000,213.48199462890625,213.53900146484375,213.09800720214844,213.1750030517578,0,2026-05-01 16:00:00+00:00
1777665600000,213.1750030517578,213.2259979248047,213.0229949951172,213.21200561523438,0,2026-05-01 20:00:00+00:00
1777867200000,212.86000061035156,213.23800659179688,212.71600341796875,212.83799743652344,0,2026-05-04 04:00:00+00:00
1777881600000,212.8350067138672,212.93899536132812,212.54400634765625,212.81900024414062,0,2026-05-04 08:00:00+00:00
1777896000000,212.8280029296875,213.10699462890625,212.6320037841797,212.72999572753906,0,2026-05-04 12:00:00+00:00
1777910400000,212.72799682617188,212.83700561523438,211.89300537109375,212.65699768066406,0,2026-05-04 16:00:00+00:00
1777924800000,212.6580047607422,212.79600524902344,212.46499633789062,212.71600341796875,0,2026-05-04 20:00:00+00:00
1777939200000,212.72000122070312,212.77200317382812,212.57400512695312,212.63999938964844,0,2026-05-05 00:00:00+00:00
1777953600000,212.6320037841797,212.88299560546875,212.54400634765625,212.8470001220703,0,2026-05-05 04:00:00+00:00
1777968000000,212.84500122070312,213.71600341796875,212.79600524902344,213.59500122070312,0,2026-05-05 08:00:00+00:00
1777982400000,213.5970001220703,214.07200622558594,213.4320068359375,214.02200317382812,0,2026-05-05 12:00:00+00:00
1777996800000,214.0290069580078,214.052001953125,213.77200317382812,213.80499267578125,0,2026-05-05 16:00:00+00:00
1778011200000,213.80499267578125,214.0229949951172,213.6219940185547,213.93099975585938,0,2026-05-05 20:00:00+00:00
1778025600000,213.92599487304688,214.2270050048828,213.8520050048828,214.01499938964844,0,2026-05-06 00:00:00+00:00
1778040000000,214.00799560546875,214.0679931640625,210.68800354003906,211.8769989013672,0,2026-05-06 04:00:00+00:00
1778054400000,211.875,212.7689971923828,211.82200622558594,212.62600708007812,0,2026-05-06 08:00:00+00:00
1778068800000,212.63499450683594,212.76800537109375,212.35299682617188,212.67300415039062,0,2026-05-06 12:00:00+00:00
1778083200000,212.67300415039062,212.7270050048828,212.41200256347656,212.6199951171875,0,2026-05-06 16:00:00+00:00
1778097600000,212.61700439453125,212.73199462890625,212.25599670410156,212.72500610351562,0,2026-05-06 20:00:00+00:00
1778112000000,212.7239990234375,212.74000549316406,212.27999877929688,212.61099243164062,0,2026-05-07 00:00:00+00:00
1778126400000,212.61099243164062,212.8419952392578,212.39199829101562,212.83299255371094,0,2026-05-07 04:00:00+00:00
1778140800000,212.83799743652344,213.1219940185547,212.6999969482422,212.97900390625,0,2026-05-07 08:00:00+00:00
1778155200000,212.98300170898438,213.08599853515625,212.8520050048828,212.93800354003906,0,2026-05-07 12:00:00+00:00
1778169600000,212.93299865722656,213.0229949951172,212.70899963378906,212.74899291992188,0,2026-05-07 16:00:00+00:00
1778184000000,212.75,212.83399963378906,212.31100463867188,212.5989990234375,0,2026-05-07 20:00:00+00:00
1778198400000,212.60699462890625,212.81399536132812,212.55099487304688,212.58099365234375,0,2026-05-08 00:00:00+00:00
1778212800000,212.58200073242188,213.072998046875,212.531005859375,213.0019989013672,0,2026-05-08 04:00:00+00:00
1778227200000,213.0,213.39300537109375,212.9720001220703,213.37600708007812,0,2026-05-08 08:00:00+00:00
1778241600000,213.37600708007812,213.4669952392578,213.1060028076172,213.39999389648438,0,2026-05-08 12:00:00+00:00
1778256000000,213.40199279785156,213.60499572753906,213.31500244140625,213.5850067138672,0,2026-05-08 16:00:00+00:00
1778270400000,213.5850067138672,213.70599365234375,213.4149932861328,213.58099365234375,0,2026-05-08 20:00:00+00:00
1778443200000,213.197998046875,213.29600524902344,213.16600036621094,213.23800659179688,0,2026-05-10 20:00:00+00:00
1778457600000,213.26699829101562,213.6490020751953,213.2209930419922,213.5659942626953,0,2026-05-11 00:00:00+00:00
1778472000000,213.55099487304688,213.69900512695312,213.31700134277344,213.6739959716797,0,2026-05-11 04:00:00+00:00
1778486400000,213.6739959716797,213.86099243164062,213.46400451660156,213.79100036621094,0,2026-05-11 08:00:00+00:00
1778500800000,213.7830047607422,214.3780059814453,213.6840057373047,214.35499572753906,0,2026-05-11 12:00:00+00:00
1778515200000,214.36000061035156,214.43099975585938,214.11300659179688,214.1230010986328,0,2026-05-11 16:00:00+00:00
1778529600000,214.1269989013672,214.14599609375,213.66400146484375,213.90499877929688,0,2026-05-11 20:00:00+00:00
1778544000000,213.8939971923828,214.197998046875,213.85699462890625,214.072998046875,0,2026-05-12 00:00:00+00:00
1778558400000,214.0760040283203,214.1510009765625,212.7779998779297,212.91299438476562,0,2026-05-12 04:00:00+00:00
1778572800000,212.90699768066406,213.49099731445312,212.73800659179688,213.22999572753906,0,2026-05-12 08:00:00+00:00
1778587200000,213.2220001220703,213.35800170898438,212.9320068359375,213.32400512695312,0,2026-05-12 12:00:00+00:00
1778601600000,213.3179931640625,213.43099975585938,213.1300048828125,213.42599487304688,0,2026-05-12 16:00:00+00:00
1778616000000,213.42999267578125,213.43499755859375,213.1929931640625,213.4040069580078,0,2026-05-12 20:00:00+00:00
1778630400000,213.406005859375,213.52099609375,213.31300354003906,213.45700073242188,0,2026-05-13 00:00:00+00:00
1778644800000,213.4600067138672,213.69900512695312,213.2989959716797,213.39199829101562,0,2026-05-13 04:00:00+00:00
1778659200000,213.39300537109375,213.54299926757812,212.96499633789062,213.031005859375,0,2026-05-13 08:00:00+00:00
1778673600000,213.031005859375,213.4770050048828,212.86300659179688,213.3800048828125,0,2026-05-13 12:00:00+00:00
1778688000000,213.37100219726562,213.5070037841797,213.28799438476562,213.47500610351562,0,2026-05-13 16:00:00+00:00
1778702400000,213.47999572753906,213.55999755859375,213.09800720214844,213.5240020751953,0,2026-05-13 20:00:00+00:00
1778716800000,213.52000427246094,213.70599365234375,213.47300720214844,213.67100524902344,0,2026-05-14 00:00:00+00:00
1778731200000,213.67799377441406,213.68299865722656,213.11300659179688,213.26699829101562,0,2026-05-14 04:00:00+00:00
1778745600000,213.26699829101562,213.4980010986328,213.17799377441406,213.2429962158203,0,2026-05-14 08:00:00+00:00
1778760000000,213.25799560546875,213.48699951171875,212.40699768066406,213.05499267578125,0,2026-05-14 12:00:00+00:00
1778774400000,213.05999755859375,213.07899475097656,211.85800170898438,212.1909942626953,0,2026-05-14 16:00:00+00:00
1778788800000,212.19500732421875,212.3260040283203,212.00599670410156,212.072998046875,0,2026-05-14 20:00:00+00:00
1778803200000,212.07400512695312,212.0959930419922,211.76400756835938,211.98800659179688,0,2026-05-15 00:00:00+00:00
1778817600000,211.99000549316406,211.99000549316406,211.47000122070312,211.7469940185547,0,2026-05-15 04:00:00+00:00
1778832000000,211.7480010986328,212.06500244140625,211.28399658203125,211.83900451660156,0,2026-05-15 08:00:00+00:00
1778846400000,211.83999633789062,211.94700622558594,211.31900024414062,211.552001953125,0,2026-05-15 12:00:00+00:00
1778860800000,211.55099487304688,211.6219940185547,211.36599731445312,211.4510040283203,0,2026-05-15 16:00:00+00:00
1778875200000,211.45199584960938,211.57000732421875,211.37100219726562,211.5290069580078,0,2026-05-15 20:00:00+00:00
1779048000000,211.41299438476562,211.5449981689453,211.39100646972656,211.41700744628906,0,2026-05-17 20:00:00+00:00
1779062400000,211.41600036621094,211.74200439453125,211.36700439453125,211.71499633789062,0,2026-05-18 00:00:00+00:00
1779076800000,211.71499633789062,212.2449951171875,211.47999572753906,212.19700622558594,0,2026-05-18 04:00:00+00:00
1779091200000,212.18800354003906,212.5540008544922,212.11000061035156,212.45599365234375,0,2026-05-18 08:00:00+00:00
1779105600000,212.4530029296875,213.2310028076172,212.41400146484375,213.11000061035156,0,2026-05-18 12:00:00+00:00
1779120000000,213.11599731445312,213.5489959716797,213.07400512695312,213.3780059814453,0,2026-05-18 16:00:00+00:00
1779134400000,213.3699951171875,213.44700622558594,213.08799743652344,213.3820037841797,0,2026-05-18 20:00:00+00:00
1779148800000,213.37600708007812,213.4739990234375,213.1840057373047,213.21099853515625,0,2026-05-19 00:00:00+00:00
1779163200000,213.20799255371094,213.36099243164062,213.01699829101562,213.1439971923828,0,2026-05-19 04:00:00+00:00
1779177600000,213.14500427246094,213.41200256347656,212.98800659179688,213.28199768066406,0,2026-05-19 08:00:00+00:00
1779192000000,213.28799438476562,213.50900268554688,212.83700561523438,213.18899536132812,0,2026-05-19 12:00:00+00:00
1779206400000,213.19500732421875,213.20199584960938,212.62899780273438,213.12899780273438,0,2026-05-19 16:00:00+00:00
1779220800000,213.13699340820312,213.21299743652344,212.91900634765625,213.03500366210938,0,2026-05-19 20:00:00+00:00
1779235200000,213.03700256347656,213.13600158691406,212.74600219726562,212.87899780273438,0,2026-05-20 00:00:00+00:00
1779249600000,212.8719940185547,213.0030059814453,212.58399963378906,212.906005859375,0,2026-05-20 04:00:00+00:00
1779264000000,212.90699768066406,213.1699981689453,212.7760009765625,213.0970001220703,0,2026-05-20 08:00:00+00:00
1779278400000,213.093994140625,213.5780029296875,212.99600219726562,213.5,0,2026-05-20 12:00:00+00:00
1779292800000,213.49400329589844,213.61300659179688,213.44500732421875,213.46400451660156,0,2026-05-20 16:00:00+00:00
1779307200000,213.4530029296875,213.58299255371094,213.32699584960938,213.4409942626953,0,2026-05-20 20:00:00+00:00
1779321600000,213.4429931640625,213.56100463867188,213.2779998779297,213.43699645996094,0,2026-05-21 00:00:00+00:00
1779336000000,213.4320068359375,213.76499938964844,213.36599731445312,213.5570068359375,0,2026-05-21 04:00:00+00:00
1779350400000,213.5570068359375,213.82400512695312,213.44700622558594,213.60699462890625,0,2026-05-21 08:00:00+00:00
1779364800000,213.60499572753906,213.6580047607422,213.27699279785156,213.36599731445312,0,2026-05-21 12:00:00+00:00
1779379200000,213.3560028076172,213.70399475097656,213.2969970703125,213.5240020751953,0,2026-05-21 16:00:00+00:00
1779393600000,213.51400756835938,213.61300659179688,213.25999450683594,213.58200073242188,0,2026-05-21 20:00:00+00:00
1779408000000,213.58200073242188,213.6320037841797,213.45700073242188,213.5019989013672,0,2026-05-22 00:00:00+00:00
1779422400000,213.5019989013672,213.6719970703125,213.43699645996094,213.61099243164062,0,2026-05-22 04:00:00+00:00
1779436800000,213.60499572753906,213.7310028076172,213.47900390625,213.5540008544922,0,2026-05-22 08:00:00+00:00
1779451200000,213.5540008544922,214.0399932861328,213.48399353027344,213.89500427246094,0,2026-05-22 12:00:00+00:00
1779465600000,213.88400268554688,214.0279998779297,213.84100341796875,213.89599609375,0,2026-05-22 16:00:00+00:00
1779480000000,213.89599609375,213.9459991455078,213.67599487304688,213.79800415039062,0,2026-05-22 20:00:00+00:00
1779652800000,214.22000122070312,214.29600524902344,214.19700622558594,214.27499389648438,0,2026-05-24 20:00:00+00:00
1779667200000,214.2830047607422,214.29100036621094,214.0399932861328,214.09300231933594,0,2026-05-25 00:00:00+00:00
1779681600000,214.09300231933594,214.3719940185547,214.0780029296875,214.36500549316406,0,2026-05-25 04:00:00+00:00
1779696000000,214.36199951171875,214.59800720214844,214.28399658203125,214.52699279785156,0,2026-05-25 08:00:00+00:00
1779710400000,214.5260009765625,214.60499572753906,214.41200256347656,214.53500366210938,0,2026-05-25 12:00:00+00:00
1779724800000,214.53399658203125,214.6750030517578,214.50100708007812,214.6479949951172,0,2026-05-25 16:00:00+00:00
1779739200000,214.64999389648438,214.6790008544922,214.3719940185547,214.51499938964844,0,2026-05-25 20:00:00+00:00
1779753600000,214.50900268554688,214.54299926757812,214.32899475097656,214.3820037841797,0,2026-05-26 00:00:00+00:00
1779768000000,214.3780059814453,214.52200317382812,214.2550048828125,214.50999450683594,0,2026-05-26 04:00:00+00:00
1779782400000,214.50599670410156,214.6739959716797,214.39999389648438,214.41299438476562,0,2026-05-26 08:00:00+00:00
1779796800000,214.41200256347656,214.54200744628906,214.06100463867188,214.10899353027344,0,2026-05-26 12:00:00+00:00
1779811200000,214.10699462890625,214.26800537109375,214.07400512695312,214.2550048828125,0,2026-05-26 16:00:00+00:00
1779825600000,214.2469940185547,214.34100341796875,214.01600646972656,214.25999450683594,0,2026-05-26 20:00:00+00:00
1779840000000,214.26100158691406,214.3990020751953,214.15499877929688,214.1999969482422,0,2026-05-27 00:00:00+00:00
1779854400000,214.1959991455078,214.447998046875,214.1820068359375,214.22000122070312,0,2026-05-27 04:00:00+00:00
1779868800000,214.21400451660156,214.4250030517578,214.12899780273438,214.18699645996094,0,2026-05-27 08:00:00+00:00
1779883200000,214.18800354003906,214.51300048828125,213.9980010986328,214.1529998779297,0,2026-05-27 12:00:00+00:00
1779897600000,214.1510009765625,214.33399963378906,214.0679931640625,214.26400756835938,0,2026-05-27 16:00:00+00:00
1779912000000,214.26400756835938,214.3249969482422,213.85899353027344,214.0679931640625,0,2026-05-27 20:00:00+00:00
1779926400000,214.06900024414062,214.11599731445312,213.37600708007812,213.3800048828125,0,2026-05-28 00:00:00+00:00
1779940800000,213.37899780273438,213.8800048828125,213.3070068359375,213.73899841308594,0,2026-05-28 04:00:00+00:00
1779955200000,213.73300170898438,213.8280029296875,213.41299438476562,213.7779998779297,0,2026-05-28 08:00:00+00:00
1779969600000,213.7830047607422,214.1230010986328,213.6219940185547,214.01600646972656,0,2026-05-28 12:00:00+00:00
1779984000000,214.01600646972656,214.12100219726562,213.9459991455078,214.01600646972656,0,2026-05-28 16:00:00+00:00
1779998400000,214.01400756835938,214.12600708007812,213.87899780273438,214.11399841308594,0,2026-05-28 20:00:00+00:00
1780012800000,214.11500549316406,214.21200561523438,214.00799560546875,214.05099487304688,0,2026-05-29 00:00:00+00:00
1780027200000,214.05099487304688,214.16200256347656,213.74899291992188,213.81500244140625,0,2026-05-29 04:00:00+00:00
1780041600000,213.81500244140625,213.86399841308594,213.57699584960938,213.85400390625,0,2026-05-29 08:00:00+00:00
1780056000000,213.85400390625,214.63099670410156,213.7689971923828,214.55299377441406,0,2026-05-29 12:00:00+00:00
1780070400000,214.54600524902344,214.56300354003906,214.28900146484375,214.47799682617188,0,2026-05-29 16:00:00+00:00
1780084800000,214.48199462890625,214.49099731445312,214.1479949951172,214.23500061035156,0,2026-05-29 20:00:00+00:00
1780257600000,214.34300231933594,214.41900634765625,214.2989959716797,214.3520050048828,0,2026-05-31 20:00:00+00:00
1780272000000,214.35000610351562,214.60899353027344,214.31399536132812,214.48800659179688,0,2026-06-01 00:00:00+00:00
1780286400000,214.49000549316406,214.87600708007812,214.4810028076172,214.64199829101562,0,2026-06-01 04:00:00+00:00
1780300800000,214.64199829101562,214.85499572753906,214.56900024414062,214.75599670410156,0,2026-06-01 08:00:00+00:00
1780315200000,214.7530059814453,214.79600524902344,214.16099548339844,214.72300720214844,0,2026-06-01 12:00:00+00:00
1780329600000,214.7220001220703,215.00100708007812,214.62399291992188,214.9219970703125,0,2026-06-01 16:00:00+00:00
1780344000000,214.9239959716797,215.00599670410156,214.64100646972656,214.8780059814453,0,2026-06-01 20:00:00+00:00
1780358400000,214.8719940185547,214.96099853515625,214.78399658203125,214.9459991455078,0,2026-06-02 00:00:00+00:00
1780372800000,214.9459991455078,215.31700134277344,214.92799377441406,215.13600158691406,0,2026-06-02 04:00:00+00:00
1780387200000,215.1320037841797,215.27499389648438,215.00599670410156,215.22900390625,0,2026-06-02 08:00:00+00:00
1780401600000,215.22900390625,215.52699279785156,215.13800048828125,215.4949951171875,0,2026-06-02 12:00:00+00:00
1780416000000,215.49400329589844,215.52200317382812,215.21400451660156,215.39300537109375,0,2026-06-02 16:00:00+00:00
1780430400000,215.39599609375,215.43899536132812,215.14599609375,215.21299743652344,0,2026-06-02 20:00:00+00:00
1780444800000,215.20799255371094,215.3769989013672,215.1959991455078,215.24899291992188,0,2026-06-03 00:00:00+00:00
1780459200000,215.24899291992188,215.25900268554688,214.62600708007812,214.8719940185547,0,2026-06-03 04:00:00+00:00
1780473600000,214.88499450683594,215.0290069580078,214.39599609375,214.97500610351562,0,2026-06-03 08:00:00+00:00
1780488000000,214.9759979248047,215.00999450683594,214.6439971923828,214.9149932861328,0,2026-06-03 12:00:00+00:00
1780502400000,214.91200256347656,214.9219970703125,214.64700317382812,214.8090057373047,0,2026-06-03 16:00:00+00:00
1780516800000,214.8159942626953,214.85899353027344,214.56900024414062,214.7469940185547,0,2026-06-03 20:00:00+00:00
1780531200000,214.75,214.79600524902344,214.60800170898438,214.72500610351562,0,2026-06-04 00:00:00+00:00
1780545600000,214.72500610351562,214.76600646972656,214.3070068359375,214.61500549316406,0,2026-06-04 04:00:00+00:00
1780560000000,214.6060028076172,215.13699340820312,214.6060028076172,215.02699279785156,0,2026-06-04 08:00:00+00:00
1780574400000,215.02499389648438,215.15699768066406,214.86500549316406,214.98699951171875,0,2026-06-04 12:00:00+00:00
1780588800000,214.98199462890625,215.0229949951172,214.76499938964844,214.7969970703125,0,2026-06-04 16:00:00+00:00
1780603200000,214.7899932861328,214.9720001220703,214.6219940185547,214.75100708007812,0,2026-06-04 20:00:00+00:00
1780617600000,214.74899291992188,214.81199645996094,214.58099365234375,214.76300048828125,0,2026-06-05 00:00:00+00:00
1780632000000,214.76199340820312,215.08599853515625,214.7239990234375,215.052001953125,0,2026-06-05 04:00:00+00:00
1780646400000,215.05299377441406,215.60800170898438,215.0279998779297,215.2729949951172,0,2026-06-05 08:00:00+00:00
1780660800000,215.2740020751953,215.31300354003906,214.01600646972656,214.07699584960938,0,2026-06-05 12:00:00+00:00
1780675200000,214.07899475097656,214.0850067138672,213.51699829101562,213.64100646972656,0,2026-06-05 16:00:00+00:00
1780689600000,213.63999938964844,213.875,213.572998046875,213.87399291992188,0,2026-06-05 20:00:00+00:00
1780862400000,213.61500549316406,213.8179931640625,213.5780029296875,213.8000030517578,0,2026-06-07 20:00:00+00:00
1780876800000,213.80099487304688,214.04400634765625,213.5500030517578,213.9010009765625,0,2026-06-08 00:00:00+00:00
1780891200000,213.90199279785156,213.97799682617188,213.47500610351562,213.54200744628906,0,2026-06-08 04:00:00+00:00
1780905600000,213.53900146484375,213.8209991455078,212.9219970703125,213.7100067138672,0,2026-06-08 08:00:00+00:00
1780920000000,213.70700073242188,213.80499267578125,213.46400451660156,213.6999969482422,0,2026-06-08 12:00:00+00:00
1780934400000,213.7010040283203,213.84500122070312,213.6179962158203,213.73399353027344,0,2026-06-08 16:00:00+00:00
1780948800000,213.74099731445312,213.78599548339844,213.4759979248047,213.57200622558594,0,2026-06-08 20:00:00+00:00
1780963200000,213.57400512695312,213.9239959716797,213.48800659179688,213.91900634765625,0,2026-06-09 00:00:00+00:00
1780977600000,213.91799926757812,214.19900512695312,213.88699340820312,214.13600158691406,0,2026-06-09 04:00:00+00:00
1780992000000,214.13600158691406,214.70700073242188,214.11000061035156,214.6540069580078,0,2026-06-09 08:00:00+00:00
1781006400000,214.6510009765625,214.7899932861328,214.35299682617188,214.4980010986328,0,2026-06-09 12:00:00+00:00
1781020800000,214.48699951171875,214.74200439453125,214.31500244140625,214.61599731445312,0,2026-06-09 16:00:00+00:00
1781035200000,214.61599731445312,214.66200256347656,214.26300048828125,214.46099853515625,0,2026-06-09 20:00:00+00:00
1781049600000,214.45599365234375,214.71800231933594,214.36900329589844,214.6909942626953,0,2026-06-10 00:00:00+00:00
1781064000000,214.69700622558594,214.83399963378906,214.54299926757812,214.76600646972656,0,2026-06-10 04:00:00+00:00
1781078400000,214.77099609375,215.01199340820312,214.64199829101562,214.71400451660156,0,2026-06-10 08:00:00+00:00
1781092800000,214.72300720214844,215.23300170898438,214.63999938964844,214.86599731445312,0,2026-06-10 12:00:00+00:00
1781107200000,214.86599731445312,214.99099731445312,214.6280059814453,214.66600036621094,0,2026-06-10 16:00:00+00:00
1781121600000,214.66700744628906,214.7469940185547,214.30499267578125,214.48699951171875,0,2026-06-10 20:00:00+00:00
1781136000000,214.49000549316406,214.86399841308594,214.47000122070312,214.73500061035156,0,2026-06-11 00:00:00+00:00
1781150400000,214.73300170898438,214.93800354003906,214.7169952392578,214.79200744628906,0,2026-06-11 04:00:00+00:00
1781164800000,214.79299926757812,214.80799865722656,214.36199951171875,214.5489959716797,0,2026-06-11 08:00:00+00:00
1781179200000,214.54800415039062,214.59300231933594,213.86399841308594,214.03900146484375,0,2026-06-11 12:00:00+00:00
1781193600000,214.0449981689453,214.61399841308594,213.91400146484375,214.3719940185547,0,2026-06-11 16:00:00+00:00
1781208000000,214.3719940185547,214.83099365234375,214.35899353027344,214.802001953125,0,2026-06-11 20:00:00+00:00
1781222400000,214.7989959716797,214.9759979248047,214.6060028076172,214.93499755859375,0,2026-06-12 00:00:00+00:00
1781236800000,214.93499755859375,215.00399780273438,214.62399291992188,214.73699951171875,0,2026-06-12 04:00:00+00:00
1781251200000,214.74000549316406,214.85299682617188,214.625,214.76800537109375,0,2026-06-12 08:00:00+00:00
1781265600000,214.76800537109375,215.01800537109375,214.55799865722656,214.92999267578125,0,2026-06-12 12:00:00+00:00
1781280000000,214.92999267578125,215.00900268554688,214.8209991455078,214.8419952392578,0,2026-06-12 16:00:00+00:00
1781294400000,214.8459930419922,214.86399841308594,214.59100341796875,214.83700561523438,0,2026-06-12 20:00:00+00:00
1781467200000,215.13800048828125,215.16700744628906,215.0229949951172,215.13299560546875,0,2026-06-14 20:00:00+00:00
1781481600000,215.12899780273438,215.35899353027344,215.11199951171875,215.15899658203125,0,2026-06-15 00:00:00+00:00
1781496000000,215.1529998779297,215.3699951171875,214.97900390625,215.06500244140625,0,2026-06-15 04:00:00+00:00
1781510400000,215.06100463867188,215.1060028076172,214.88099670410156,215.01100158691406,0,2026-06-15 08:00:00+00:00
1781524800000,215.01100158691406,215.2480010986328,214.9029998779297,215.06199645996094,0,2026-06-15 12:00:00+00:00
1781539200000,215.06500244140625,215.2429962158203,215.0240020751953,215.0500030517578,0,2026-06-15 16:00:00+00:00
1781553600000,215.04600524902344,215.1580047607422,214.89100646972656,214.96499633789062,0,2026-06-15 20:00:00+00:00
1781568000000,214.95899963378906,214.97000122070312,214.5,214.7209930419922,0,2026-06-16 00:00:00+00:00
1781582400000,214.7209930419922,215.04400634765625,214.58399963378906,214.97300720214844,0,2026-06-16 04:00:00+00:00
1781596800000,214.96499633789062,215.28799438476562,214.93600463867188,215.11700439453125,0,2026-06-16 08:00:00+00:00
1781611200000,215.11700439453125,215.5570068359375,214.96200561523438,215.5189971923828,0,2026-06-16 12:00:00+00:00
1781625600000,215.51300048828125,215.53500366210938,215.3679962158203,215.4040069580078,0,2026-06-16 16:00:00+00:00
1781640000000,215.3990020751953,215.48800659179688,215.1820068359375,215.36000061035156,0,2026-06-16 20:00:00+00:00
1781654400000,215.36099243164062,215.42999267578125,215.22900390625,215.2570037841797,0,2026-06-17 00:00:00+00:00
1781668800000,215.25599670410156,215.37100219726562,214.9029998779297,214.98699951171875,0,2026-06-17 04:00:00+00:00
1781683200000,214.98199462890625,214.98699951171875,214.76600646972656,214.88699340820312,0,2026-06-17 08:00:00+00:00
1781697600000,214.88299560546875,215.0399932861328,214.58799743652344,214.6320037841797,0,2026-06-17 12:00:00+00:00
1781712000000,214.62600708007812,214.74200439453125,213.20799255371094,213.5240020751953,0,2026-06-17 16:00:00+00:00
1781726400000,213.5240020751953,213.677001953125,213.14700317382812,213.60400390625,0,2026-06-17 20:00:00+00:00
1781740800000,213.60400390625,213.9770050048828,213.58799743652344,213.83799743652344,0,2026-06-18 00:00:00+00:00
1781755200000,213.84100341796875,214.05599975585938,213.4739990234375,213.53900146484375,0,2026-06-18 04:00:00+00:00
1781769600000,213.52999877929688,213.5469970703125,212.49099731445312,212.593994140625,0,2026-06-18 08:00:00+00:00
1781784000000,212.593994140625,213.43499755859375,212.57899475097656,213.41400146484375,0,2026-06-18 12:00:00+00:00
1781798400000,213.41099548339844,213.5679931640625,212.3459930419922,213.06700134277344,0,2026-06-18 16:00:00+00:00
1781812800000,213.0679931640625,213.30599975585938,212.8179931640625,212.9320068359375,0,2026-06-18 20:00:00+00:00
1781827200000,212.927001953125,213.0,212.6490020751953,212.75999450683594,0,2026-06-19 00:00:00+00:00
1781841600000,212.76499938964844,212.99600219726562,212.45399475097656,212.86000061035156,0,2026-06-19 04:00:00+00:00
1781856000000,212.86099243164062,213.52499389648438,212.84500122070312,213.31900024414062,0,2026-06-19 08:00:00+00:00
1781870400000,213.31900024414062,213.43899536132812,213.11500549316406,213.24200439453125,0,2026-06-19 12:00:00+00:00
1781884800000,213.23500061035156,213.5500030517578,213.20700073242188,213.38999938964844,0,2026-06-19 16:00:00+00:00
1781899200000,213.4320068359375,213.531005859375,213.19500732421875,213.45799255371094,0,2026-06-19 20:00:00+00:00
1782072000000,213.22999572753906,213.26800537109375,213.14999389648438,213.21600341796875,0,2026-06-21 20:00:00+00:00
1782086400000,213.2050018310547,213.697998046875,213.1959991455078,213.4929962158203,0,2026-06-22 00:00:00+00:00
1782100800000,213.48500061035156,213.7209930419922,213.34800720214844,213.39700317382812,0,2026-06-22 04:00:00+00:00
1782115200000,213.39700317382812,214.22300720214844,213.24400329589844,214.10000610351562,0,2026-06-22 08:00:00+00:00
1782129600000,214.0989990234375,214.67100524902344,213.56700134277344,213.95799255371094,0,2026-06-22 12:00:00+00:00
1782144000000,213.95700073242188,214.16000366210938,213.73899841308594,214.0760040283203,0,2026-06-22 16:00:00+00:00
1782158400000,214.08299255371094,214.17300415039062,213.91900634765625,214.02499389648438,0,2026-06-22 20:00:00+00:00
1782172800000,214.02499389648438,214.093994140625,213.8489990234375,214.031005859375,0,2026-06-23 00:00:00+00:00
1782187200000,214.031005859375,214.20799255371094,213.4810028076172,213.51699829101562,0,2026-06-23 04:00:00+00:00
1782201600000,213.5469970703125,213.59500122070312,213.23699951171875,213.4199981689453,0,2026-06-23 08:00:00+00:00
1782216000000,213.4199981689453,213.56500244140625,212.97300720214844,213.072998046875,0,2026-06-23 12:00:00+00:00
1782230400000,213.07400512695312,213.23300170898438,212.98300170898438,213.19700622558594,0,2026-06-23 16:00:00+00:00
1782244800000,213.19400024414062,213.33700561523438,213.02499389648438,213.30099487304688,0,2026-06-23 20:00:00+00:00
1782259200000,213.3000030517578,213.35899353027344,213.04200744628906,213.22900390625,0,2026-06-24 00:00:00+00:00
1782273600000,213.22000122070312,213.49899291992188,213.07899475097656,213.23399353027344,0,2026-06-24 04:00:00+00:00
1782288000000,213.23899841308594,213.4409942626953,212.60499572753906,212.7729949951172,0,2026-06-24 08:00:00+00:00
1782302400000,212.7729949951172,213.04100036621094,212.5330047607422,212.83799743652344,0,2026-06-24 12:00:00+00:00
1782316800000,212.83799743652344,213.0970001220703,212.7989959716797,212.968994140625,0,2026-06-24 16:00:00+00:00
1782331200000,212.96099853515625,213.1999969482422,212.68800354003906,212.947998046875,0,2026-06-24 20:00:00+00:00
1782345600000,212.947998046875,213.22300720214844,212.80099487304688,213.1790008544922,0,2026-06-25 00:00:00+00:00
1782360000000,213.1840057373047,213.36300659179688,213.09100341796875,213.3459930419922,0,2026-06-25 04:00:00+00:00
1782374400000,213.3280029296875,213.54100036621094,212.7899932861328,212.9290008544922,0,2026-06-25 08:00:00+00:00
1782388800000,212.92999267578125,213.64999389648438,212.91900634765625,213.6439971923828,0,2026-06-25 12:00:00+00:00
1782403200000,213.64199829101562,213.7239990234375,213.48399353027344,213.55099487304688,0,2026-06-25 16:00:00+00:00
1782417600000,213.5540008544922,213.61000061035156,213.30799865722656,213.3679962158203,0,2026-06-25 20:00:00+00:00
1782432000000,213.3679962158203,213.5970001220703,213.2030029296875,213.33799743652344,0,2026-06-26 00:00:00+00:00
1782446400000,213.33799743652344,213.531005859375,213.22500610351562,213.41700744628906,0,2026-06-26 04:00:00+00:00
1782460800000,213.41600036621094,213.74899291992188,213.32400512695312,213.66400146484375,0,2026-06-26 08:00:00+00:00
1782475200000,213.656005859375,213.81100463867188,213.42300415039062,213.73899841308594,0,2026-06-26 12:00:00+00:00
1782489600000,213.73800659179688,213.7469940185547,213.4080047607422,213.48899841308594,0,2026-06-26 16:00:00+00:00
1782504000000,213.48899841308594,213.572998046875,213.2899932861328,213.50399780273438,0,2026-06-26 20:00:00+00:00
1782676800000,213.468994140625,213.5489959716797,213.42999267578125,213.50900268554688,0,2026-06-28 20:00:00+00:00
1782691200000,213.50100708007812,213.67799377441406,213.39500427246094,213.53399658203125,0,2026-06-29 00:00:00+00:00
1782705600000,213.53599548339844,214.01699829101562,213.5070037841797,213.81199645996094,0,2026-06-29 04:00:00+00:00
1782720000000,213.81300354003906,214.16799926757812,213.67599487304688,214.1269989013672,0,2026-06-29 08:00:00+00:00
1782734400000,214.1300048828125,214.61700439453125,214.10699462890625,214.61099243164062,0,2026-06-29 12:00:00+00:00
1782748800000,214.6060028076172,214.7570037841797,214.5800018310547,214.73800659179688,0,2026-06-29 16:00:00+00:00
1782763200000,214.73699951171875,214.7689971923828,214.4010009765625,214.59300231933594,0,2026-06-29 20:00:00+00:00
1782777600000,214.5919952392578,215.0330047607422,214.4429931640625,214.60899353027344,0,2026-06-30 00:00:00+00:00
1782792000000,214.6020050048828,214.91600036621094,214.52099609375,214.73399353027344,0,2026-06-30 04:00:00+00:00
1782806400000,214.72900390625,214.91200256347656,214.60899353027344,214.81100463867188,0,2026-06-30 08:00:00+00:00
1782820800000,214.81399536132812,215.7729949951172,214.10299682617188,215.5709991455078,0,2026-06-30 12:00:00+00:00
1782835200000,215.57400512695312,215.67999267578125,215.44500732421875,215.64500427246094,0,2026-06-30 16:00:00+00:00
1782849600000,215.64999389648438,215.6699981689453,215.36900329589844,215.4759979248047,0,2026-06-30 20:00:00+00:00
1782864000000,215.47999572753906,215.58299255371094,215.2550048828125,215.46499633789062,0,2026-07-01 00:00:00+00:00
1782878400000,215.45700073242188,215.54100036621094,215.19200134277344,215.43800354003906,0,2026-07-01 04:00:00+00:00
1782892800000,215.43899536132812,215.6580047607422,215.3780059814453,215.44000244140625,0,2026-07-01 08:00:00+00:00
1782907200000,215.43899536132812,215.77000427246094,215.10299682617188,215.64500427246094,0,2026-07-01 12:00:00+00:00
1782921600000,215.63999938964844,215.8699951171875,215.63800048828125,215.8560028076172,0,2026-07-01 16:00:00+00:00
1782936000000,215.85400390625,215.9429931640625,215.56100463867188,215.83700561523438,0,2026-07-01 20:00:00+00:00
1782950400000,215.82899475097656,216.0679931640625,215.76800537109375,215.8489990234375,0,2026-07-02 00:00:00+00:00
1782964800000,215.8470001220703,215.87600708007812,214.53900146484375,215.2830047607422,0,2026-07-02 04:00:00+00:00
1782979200000,215.29299926757812,215.3820037841797,214.89599609375,214.92599487304688,0,2026-07-02 08:00:00+00:00
1782993600000,214.9250030517578,215.41299438476562,214.6179962158203,214.99899291992188,0,2026-07-02 12:00:00+00:00
1783008000000,214.99600219726562,215.07899475097656,214.85699462890625,215.0229949951172,0,2026-07-02 16:00:00+00:00
1783022400000,215.02099609375,215.36099243164062,214.7729949951172,215.3470001220703,0,2026-07-02 20:00:00+00:00
1783036800000,215.3470001220703,215.4510040283203,215.0260009765625,215.33799743652344,0,2026-07-03 00:00:00+00:00
1783051200000,215.34100341796875,215.44900512695312,214.64100646972656,215.00900268554688,0,2026-07-03 04:00:00+00:00
1783065600000,215.00900268554688,215.26499938964844,214.9199981689453,215.21800231933594,0,2026-07-03 08:00:00+00:00
1783080000000,215.21600341796875,215.46600341796875,215.1840057373047,215.44500732421875,0,2026-07-03 12:00:00+00:00
1783094400000,215.44000244140625,215.52000427246094,215.33799743652344,215.45599365234375,0,2026-07-03 16:00:00+00:00
1783108800000,215.46200561523438,215.50799560546875,215.28700256347656,215.4459991455078,0,2026-07-03 20:00:00+00:00
1783281600000,215.45899963378906,215.6009979248047,215.45399475097656,215.57899475097656,0,2026-07-05 20:00:00+00:00
1783296000000,215.57899475097656,215.94400024414062,215.5659942626953,215.92300415039062,0,2026-07-06 00:00:00+00:00
1783310400000,215.9219970703125,216.4980010986328,215.8979949951172,216.45399475097656,0,2026-07-06 04:00:00+00:00
1783324800000,216.45199584960938,216.65699768066406,216.27099609375,216.61300659179688,0,2026-07-06 08:00:00+00:00
1783339200000,216.61500549316406,216.94400024414062,216.55099487304688,216.9219970703125,0,2026-07-06 12:00:00+00:00
1783353600000,216.92100524902344,217.1529998779297,216.88600158691406,217.00599670410156,0,2026-07-06 16:00:00+00:00
1783368000000,217.02000427246094,217.177001953125,216.85899353027344,217.1020050048828,0,2026-07-06 20:00:00+00:00
1783382400000,217.1020050048828,217.20899963378906,216.64199829101562,216.74400329589844,0,2026-07-07 00:00:00+00:00
1783396800000,216.74000549316406,216.83799743652344,216.36500549316406,216.66400146484375,0,2026-07-07 04:00:00+00:00
1783411200000,216.66299438476562,216.83299255371094,216.50999450683594,216.77200317382812,0,2026-07-07 08:00:00+00:00
1783425600000,216.77000427246094,216.80299377441406,216.41900634765625,216.47799682617188,0,2026-07-07 12:00:00+00:00
1783440000000,216.48599243164062,216.5709991455078,216.3730010986328,216.55099487304688,0,2026-07-07 16:00:00+00:00
1783454400000,216.5469970703125,216.73300170898438,216.2550048828125,216.68099975585938,0,2026-07-07 20:00:00+00:00
1783468800000,216.6909942626953,216.86599731445312,216.58999633789062,216.79100036621094,0,2026-07-08 00:00:00+00:00
1783483200000,216.79200744628906,216.87899780273438,216.6060028076172,216.80599975585938,0,2026-07-08 04:00:00+00:00
1783497600000,216.8070068359375,216.96600341796875,216.4810028076172,216.74899291992188,0,2026-07-08 08:00:00+00:00
1783512000000,216.7530059814453,217.48399353027344,216.69000244140625,217.3280029296875,0,2026-07-08 12:00:00+00:00
1783526400000,217.32699584960938,217.82899475097656,217.31100463867188,217.7449951171875,0,2026-07-08 16:00:00+00:00
1783540800000,217.7530059814453,217.8040008544922,217.46499633789062,217.6929931640625,0,2026-07-08 20:00:00+00:00
1783555200000,217.6929931640625,217.70700073242188,217.55599975585938,217.60800170898438,0,2026-07-09 00:00:00+00:00
1783569600000,217.61399841308594,218.00999450683594,217.53500366210938,217.78599548339844,0,2026-07-09 04:00:00+00:00
1783584000000,217.78599548339844,217.8800048828125,217.4810028076172,217.52000427246094,0,2026-07-09 08:00:00+00:00
1783598400000,217.5240020751953,217.66799926757812,217.3459930419922,217.572998046875,0,2026-07-09 12:00:00+00:00
1783612800000,217.56700134277344,217.81900024414062,217.5260009765625,217.71099853515625,0,2026-07-09 16:00:00+00:00
1783627200000,217.71099853515625,217.79200744628906,217.4720001220703,217.78199768066406,0,2026-07-09 20:00:00+00:00
1783641600000,217.7779998779297,217.8000030517578,216.93299865722656,217.0540008544922,0,2026-07-10 00:00:00+00:00
1783656000000,217.05799865722656,217.19900512695312,216.83599853515625,217.01499938964844,0,2026-07-10 04:00:00+00:00
1783670400000,217.00999450683594,217.37600708007812,216.70399475097656,217.2899932861328,0,2026-07-10 08:00:00+00:00
1783684800000,217.2899932861328,217.32000732421875,216.45399475097656,216.49600219726562,0,2026-07-10 12:00:00+00:00
1783699200000,216.49099731445312,216.6929931640625,216.4739990234375,216.6929931640625,0,2026-07-10 16:00:00+00:00
1783713600000,216.68699645996094,216.73300170898438,216.52200317382812,216.68800354003906,0,2026-07-10 20:00:00+00:00
1783886400000,216.70599365234375,216.77200317382812,216.63299560546875,216.7030029296875,0,2026-07-12 20:00:00+00:00
1783900800000,216.69400024414062,216.8489990234375,216.65899658203125,216.81399536132812,0,2026-07-13 00:00:00+00:00
1783915200000,216.81199645996094,217.3090057373047,216.6269989013672,217.1020050048828,0,2026-07-13 04:00:00+00:00
1783929600000,217.1020050048828,217.30599975585938,216.8350067138672,217.12600708007812,0,2026-07-13 08:00:00+00:00
1783944000000,217.1280059814453,217.25100708007812,216.92999267578125,217.18299865722656,0,2026-07-13 12:00:00+00:00
1783958400000,217.18800354003906,217.26499938964844,216.8730010986328,216.9290008544922,0,2026-07-13 16:00:00+00:00
1783972800000,216.92100524902344,217.00399780273438,216.6510009765625,216.82000732421875,0,2026-07-13 20:00:00+00:00
1783987200000,216.822998046875,216.92100524902344,216.66099548339844,216.81700134277344,0,2026-07-14 00:00:00+00:00
1784001600000,216.81700134277344,216.96099853515625,216.74400329589844,216.84800720214844,0,2026-07-14 04:00:00+00:00
1784016000000,216.8470001220703,217.1280059814453,216.6840057373047,217.08299255371094,0,2026-07-14 08:00:00+00:00
1784030400000,217.08200073242188,217.38499450683594,216.8979949951172,216.98399353027344,0,2026-07-14 12:00:00+00:00
1784044800000,216.98899841308594,217.1790008544922,216.86300659179688,217.16200256347656,0,2026-07-14 16:00:00+00:00
1784059200000,217.16299438476562,217.30099487304688,216.86099243164062,217.27699279785156,0,2026-07-14 20:00:00+00:00
1784073600000,217.27699279785156,217.35499572753906,217.09800720214844,217.32200622558594,0,2026-07-15 00:00:00+00:00
1784088000000,217.32200622558594,217.69200134277344,217.28799438476562,217.46600341796875,0,2026-07-15 04:00:00+00:00
1784102400000,217.4669952392578,217.77699279785156,217.30099487304688,217.69700622558594,0,2026-07-15 08:00:00+00:00
1784116800000,217.69500732421875,218.82400512695312,217.61700439453125,218.79200744628906,0,2026-07-15 12:00:00+00:00
1784131200000,218.79100036621094,219.58399963378906,218.78799438476562,219.5659942626953,0,2026-07-15 16:00:00+00:00
1784145600000,219.5540008544922,219.60400390625,219.26600646972656,219.427001953125,0,2026-07-15 20:00:00+00:00
1784160000000,219.4199981689453,219.52200317382812,219.1929931640625,219.35000610351562,0,2026-07-16 00:00:00+00:00
1784174400000,219.34800720214844,219.53500366210938,219.26400756835938,219.34100341796875,0,2026-07-16 04:00:00+00:00
1784188800000,219.343994140625,219.3489990234375,218.83799743652344,219.00399780273438,0,2026-07-16 08:00:00+00:00
1784203200000,219.00900268554688,219.39700317382812,218.927001953125,218.99000549316406,0,2026-07-16 12:00:00+00:00
1784217600000,218.99000549316406,219.00399780273438,218.6649932861328,218.8280029296875,0,2026-07-16 16:00:00+00:00
1784232000000,218.82400512695312,218.95700073242188,218.6699981689453,218.8509979248047,0,2026-07-16 20:00:00+00:00
1784246400000,218.84300231933594,218.94200134277344,218.56100463867188,218.66400146484375,0,2026-07-17 00:00:00+00:00
1784260800000,218.6649932861328,218.82200622558594,218.36599731445312,218.38099670410156,0,2026-07-17 04:00:00+00:00
1784275200000,218.38699340820312,218.52999877929688,217.98399353027344,218.17799377441406,0,2026-07-17 08:00:00+00:00
1784289600000,218.17799377441406,218.45799255371094,218.02000427246094,218.375,0,2026-07-17 12:00:00+00:00
1784304000000,218.38400268554688,218.6490020751953,218.31700134277344,218.54200744628906,0,2026-07-17 16:00:00+00:00
1784318400000,218.54200744628906,218.5709991455078,218.33900451660156,218.4810028076172,0,2026-07-17 20:00:00+00:00
1784491200000,218.47799682617188,218.5229949951172,218.41600036621094,218.5070037841797,0,2026-07-19 20:00:00+00:00
1784505600000,218.5030059814453,218.572998046875,218.31500244140625,218.54299926757812,0,2026-07-20 00:00:00+00:00
1784520000000,218.5540008544922,218.83399963378906,218.5260009765625,218.7969970703125,0,2026-07-20 04:00:00+00:00
1784534400000,218.7949981689453,218.81300354003906,218.5290069580078,218.5540008544922,0,2026-07-20 08:00:00+00:00
1784548800000,218.5500030517578,218.67999267578125,218.04400634765625,218.13699340820312,0,2026-07-20 12:00:00+00:00
1784563200000,218.13600158691406,218.35899353027344,218.031005859375,218.33599853515625,0,2026-07-20 16:00:00+00:00
1784577600000,218.34100341796875,218.36000061035156,218.03500366210938,218.24099731445312,0,2026-07-20 20:00:00+00:00
1784592000000,218.2270050048828,218.39300537109375,218.17799377441406,218.31300354003906,0,2026-07-21 00:00:00+00:00
1784606400000,218.3209991455078,218.6999969482422,218.29400634765625,218.52999877929688,0,2026-07-21 04:00:00+00:00
1784620800000,218.5399932861328,218.7259979248047,218.09500122070312,218.13699340820312,0,2026-07-21 08:00:00+00:00
1784635200000,218.14199829101562,218.2689971923828,217.51199340820312,217.9929962158203,0,2026-07-21 12:00:00+00:00
1784649600000,217.9929962158203,218.4239959716797,217.9320068359375,218.37100219726562,0,2026-07-21 16:00:00+00:00
1784664000000,218.36700439453125,218.3990020751953,218.05599975585938,218.31199645996094,0,2026-07-21 20:00:00+00:00
1784678400000,218.30599975585938,218.3979949951172,218.21200561523438,218.34100341796875,0,2026-07-22 00:00:00+00:00
1784692800000,218.35000610351562,218.41400146484375,217.82200622558594,218.0469970703125,0,2026-07-22 04:00:00+00:00
1784707200000,218.04800415039062,218.20199584960938,217.82699584960938,217.97999572753906,0,2026-07-22 08:00:00+00:00
1784721600000,217.97999572753906,218.35000610351562,217.8249969482422,218.1300048828125,0,2026-07-22 12:00:00+00:00
1784736000000,218.13499450683594,218.19700622558594,217.99400329589844,218.1820068359375,0,2026-07-22 16:00:00+00:00
1784750400000,218.1750030517578,218.2570037841797,218.0070037841797,218.11700439453125,0,2026-07-22 20:00:00+00:00
1784764800000,218.12600708007812,218.36500549316406,218.10899353027344,218.2760009765625,0,2026-07-23 00:00:00+00:00
1784779200000,218.27699279785156,218.49000549316406,218.13800048828125,218.4010009765625,0,2026-07-23 04:00:00+00:00
1784793600000,218.406005859375,218.51499938964844,218.01699829101562,218.33900451660156,0,2026-07-23 08:00:00+00:00
1784808000000,218.34300231933594,218.6230010986328,217.9550018310547,218.02099609375,0,2026-07-23 12:00:00+00:00
1784822400000,218.0240020751953,218.22799682617188,218.0189971923828,218.16400146484375,0,2026-07-23 16:00:00+00:00
1784836800000,218.16299438476562,218.26400756835938,217.8820037841797,218.10499572753906,0,2026-07-23 20:00:00+00:00
1784851200000,218.093994140625,218.3260040283203,218.0279998779297,218.08900451660156,0,2026-07-24 00:00:00+00:00
1784865600000,218.07899475097656,218.43600463867188,217.97300720214844,218.375,0,2026-07-24 04:00:00+00:00
1784880000000,218.3820037841797,218.4040069580078,217.95899963378906,218.22999572753906,0,2026-07-24 08:00:00+00:00
1784894400000,218.22300720214844,218.46800231933594,217.9980010986328,218.40899658203125,0,2026-07-24 12:00:00+00:00
1784908800000,218.40699768066406,218.47300720214844,218.23599243164062,218.26600646972656,0,2026-07-24 16:00:00+00:00
1784923200000,218.26600646972656,218.3209991455078,218.156005859375,218.29100036621094,0,2026-07-24 20:00:00+00:00
1785096000000,218.4010009765625,218.4720001220703,218.38400268554688,218.44200134277344,0,2026-07-26 20:00:00+00:00
1785110400000,218.43499755859375,218.5189971923828,218.3470001220703,218.40899658203125,0,2026-07-27 00:00:00+00:00
1785124800000,218.41000366210938,218.50100708007812,217.97000122070312,218.0449981689453,0,2026-07-27 04:00:00+00:00
1785139200000,218.052001953125,218.1529998779297,217.76100158691406,217.8679962158203,0,2026-07-27 08:00:00+00:00
1785153600000,217.8679962158203,218.03900146484375,217.69400024414062,217.76100158691406,0,2026-07-27 12:00:00+00:00
1785168000000,217.75999450683594,217.83900451660156,217.4669952392578,217.6269989013672,0,2026-07-27 16:00:00+00:00
1785182400000,217.6269989013672,217.77499389648438,217.46400451660156,217.64199829101562,0,2026-07-27 20:00:00+00:00
1785196800000,217.64199829101562,217.81500244140625,217.6199951171875,217.7689971923828,0,2026-07-28 00:00:00+00:00
1785211200000,217.7689971923828,217.8699951171875,217.51300048828125,217.69200134277344,0,2026-07-28 04:00:00+00:00
1785225600000,217.68899536132812,217.93899536132812,217.53500366210938,217.6840057373047,0,2026-07-28 08:00:00+00:00
1785240000000,217.6840057373047,217.99099731445312,217.66299438476562,217.802001953125,0,2026-07-28 12:00:00+00:00
1785254400000,217.79800415039062,217.86199951171875,217.63299560546875,217.72799682617188,0,2026-07-28 16:00:00+00:00
1785268800000,217.72300720214844,217.84800720214844,217.5399932861328,217.7100067138672,0,2026-07-28 20:00:00+00:00
1785283200000,217.70899963378906,217.7550048828125,217.50100708007812,217.53500366210938,0,2026-07-29 00:00:00+00:00
1785297600000,217.531005859375,217.73899841308594,217.1529998779297,217.7259979248047,0,2026-07-29 04:00:00+00:00
1785312000000,217.7169952392578,217.74200439453125,217.4409942626953,217.52000427246094,0,2026-07-29 08:00:00+00:00
1785326400000,217.52499389648438,217.9080047607422,217.4320068359375,217.70799255371094,0,2026-07-29 12:00:00+00:00
1785340800000,217.70700073242188,218.55599975585938,217.64300537109375,218.22500610351562,0,2026-07-29 16:00:00+00:00
1785355200000,218.2239990234375,218.5469970703125,218.0330047607422,218.2790069580078,0,2026-07-29 20:00:00+00:00
1785369600000,218.2779998779297,218.36599731445312,218.13999938964844,218.18899536132812,0,2026-07-30 00:00:00+00:00
1785384000000,218.19200134277344,218.4550018310547,218.1300048828125,218.38800048828125,0,2026-07-30 04:00:00+00:00
1785398400000,218.38800048828125,218.6790008544922,217.3509979248047,218.0760040283203,0,2026-07-30 08:00:00+00:00
1785412800000,218.07000732421875,218.1719970703125,212.24600219726562,214.6300048828125,0,2026-07-30 12:00:00+00:00
1785427200000,214.62399291992188,215.13600158691406,213.42100524902344,214.62899780273438,0,2026-07-30 16:00:00+00:00
1785441600000,214.63299560546875,215.65199279785156,214.60400390625,215.60800170898438,0,2026-07-30 20:00:00+00:00
1785456000000,215.60800170898438,216.3209991455078,215.5760040283203,216.03500366210938,0,2026-07-31 00:00:00+00:00
1785470400000,216.03500366210938,216.17599487304688,215.2259979248047,215.5030059814453,0,2026-07-31 04:00:00+00:00
1785484800000,215.50399780273438,215.72300720214844,213.35899353027344,214.97000122070312,0,2026-07-31 08:00:00+00:00
1785499200000,214.97000122070312,215.38900756835938,213.06500244140625,214.36099243164062,0,2026-07-31 12:00:00+00:00
1785513600000,214.3509979248047,214.85899353027344,213.2209930419922,214.50100708007812,0,2026-07-31 16:00:00+00:00
1785528000000,214.5070037841797,214.51800537109375,211.68800354003906,212.24400329589844,0,2026-07-31 20:00:00+00:00
1785700800000,212.29100036621094,212.97999572753906,211.95899963378906,212.59500122070312,0,2026-08-02 20:00:00+00:00
1785715200000,212.58900451660156,212.89300537109375,209.51600646972656,210.78599548339844,0,2026-08-03 00:00:00+00:00
1785729600000,210.78599548339844,211.14199829101562,210.63699340820312,211.02999877929688,0,2026-08-03 04:00:00+00:00
1785744000000,211.02999877929688,211.4290008544922,210.7259979248047,210.98199462890625,0,2026-08-03 08:00:00+00:00
1785758400000,210.97999572753906,211.18899536132812,210.18499755859375,210.85800170898438,0,2026-08-03 12:00:00+00:00
1785772800000,210.85800170898438,210.88800048828125,210.29800415039062,210.79600524902344,0,2026-08-03 16:00:00+00:00
1785787200000,210.79800415039062,211.66099548339844,210.6490020751953,211.51800537109375,0,2026-08-03 20:00:00+00:00
1785801600000,211.51699829101562,211.8459930419922,211.13699340820312,211.6649932861328,0,2026-08-04 00:00:00+00:00
1785816000000,211.65699768066406,212.06700134277344,211.4029998779297,212.02999877929688,0,2026-08-04 04:00:00+00:00
1785830400000,212.02999877929688,212.33200073242188,211.59100341796875,211.73199462890625,0,2026-08-04 08:00:00+00:00
1785844800000,211.72799682617188,211.9669952392578,211.43099975585938,211.81399536132812,0,2026-08-04 12:00:00+00:00
1785859200000,211.81300354003906,212.27499389648438,211.76400756835938,212.18699645996094,0,2026-08-04 16:00:00+00:00
1785873600000,212.1929931640625,212.29800415039062,212.02000427246094,212.1060028076172,0,2026-08-04 20:00:00+00:00
1785888000000,212.11199951171875,212.1790008544922,211.69000244140625,211.8179931640625,0,2026-08-05 00:00:00+00:00
1785902400000,211.80799865722656,212.40199279785156,211.77000427246094,212.40199279785156,0,2026-08-05 04:00:00+00:00
1785916800000,212.35800170898438,212.55799865722656,212.25799560546875,212.36399841308594,0,2026-08-05 08:00:00+00:00
1785931200000,212.3699951171875,212.42300415039062,211.98500061035156,212.23500061035156,0,2026-08-05 12:00:00+00:00
1785945600000,212.24000549316406,212.42100524902344,212.17799377441406,212.3459930419922,0,2026-08-05 16:00:00+00:00
1785960000000,212.35000610351562,212.49000549316406,212.1909942626953,212.2779998779297,0,2026-08-05 20:00:00+00:00
1785974400000,212.2779998779297,212.48899841308594,212.2530059814453,212.3000030517578,0,2026-08-06 00:00:00+00:00
1785988800000,212.30599975585938,212.49600219726562,212.26699829101562,212.4739990234375,0,2026-08-06 04:00:00+00:00
1786003200000,212.46600341796875,212.64300537109375,212.36599731445312,212.60299682617188,0,2026-08-06 08:00:00+00:00
1786017600000,212.6060028076172,213.22500610351562,212.50900268554688,213.16099548339844,0,2026-08-06 12:00:00+00:00
1786032000000,213.16000366210938,213.29800415039062,212.85299682617188,213.1179962158203,0,2026-08-06 16:00:00+00:00
1786046400000,213.12399291992188,213.23399353027344,212.9040069580078,213.13900756835938,0,2026-08-06 20:00:00+00:00
1786060800000,213.14100646972656,213.26300048828125,212.85000610351562,213.08900451660156,0,2026-08-07 00:00:00+00:00
1786075200000,213.08900451660156,213.13800048828125,212.9409942626953,213.01600646972656,0,2026-08-07 04:00:00+00:00
1786089600000,213.0229949951172,213.09100341796875,212.63400268554688,212.94200134277344,0,2026-08-07 08:00:00+00:00
1786104000000,212.93800354003906,213.05799865722656,211.4199981689453,212.62399291992188,0,2026-08-07 12:00:00+00:00
1786118400000,212.6219940185547,212.75999450683594,212.36300659179688,212.66000366210938,0,2026-08-07 16:00:00+00:00
1786132800000,212.66299438476562,212.9600067138672,212.62600708007812,212.88400268554688,0,2026-08-07 20:00:00+00:00
1786305600000,213.01300048828125,213.04100036621094,212.91700744628906,212.98599243164062,0,2026-08-09 20:00:00+00:00
1786320000000,212.99200439453125,213.51499938964844,212.9530029296875,213.3209991455078,0,2026-08-10 00:00:00+00:00
1786334400000,213.3179931640625,213.9320068359375,213.3159942626953,213.88600158691406,0,2026-08-10 04:00:00+00:00
1786348800000,213.88600158691406,214.44500732421875,213.8249969482422,214.4080047607422,0,2026-08-10 08:00:00+00:00
1786363200000,214.41200256347656,214.99400329589844,213.84100341796875,214.91600036621094,0,2026-08-10 12:00:00+00:00
1786377600000,214.91299438476562,215.23899841308594,214.85800170898438,215.1719970703125,0,2026-08-10 16:00:00+00:00
1786392000000,215.1719970703125,215.22500610351562,214.75900268554688,215.0279998779297,0,2026-08-10 20:00:00+00:00
1786406400000,215.02200317382812,215.17100524902344,214.78599548339844,215.07699584960938,0,2026-08-11 00:00:00+00:00
1786420800000,215.0780029296875,215.1909942626953,214.95399475097656,215.0749969482422,0,2026-08-11 04:00:00+00:00
1786435200000,215.0800018310547,215.2270050048828,214.75100708007812,214.87399291992188,0,2026-08-11 08:00:00+00:00
1786449600000,214.8800048828125,215.2220001220703,214.8679962158203,215.21800231933594,0,2026-08-11 12:00:00+00:00
1786464000000,215.218994140625,215.2239990234375,215.01300048828125,215.16099548339844,0,2026-08-11 16:00:00+00:00
1786478400000,215.16099548339844,215.21400451660156,214.98399353027344,215.15699768066406,0,2026-08-11 20:00:00+00:00
1786492800000,215.15699768066406,215.37899780273438,215.0780029296875,215.30799865722656,0,2026-08-12 00:00:00+00:00
1786507200000,215.31199645996094,215.3560028076172,215.15899658203125,215.27699279785156,0,2026-08-12 04:00:00+00:00
1786521600000,215.2760009765625,215.33099365234375,214.5030059814453,215.20199584960938,0,2026-08-12 08:00:00+00:00
1786536000000,215.20199584960938,215.2239990234375,214.7010040283203,215.10699462890625,0,2026-08-12 12:00:00+00:00
1786550400000,215.1060028076172,215.2519989013672,215.06700134277344,215.19400024414062,0,2026-08-12 16:00:00+00:00
1786564800000,215.18699645996094,215.20899963378906,214.9720001220703,215.052001953125,0,2026-08-12 20:00:00+00:00
1786579200000,215.052001953125,215.1230010986328,214.96299743652344,215.0679931640625,0,2026-08-13 00:00:00+00:00
1786593600000,215.06500244140625,215.11599731445312,214.76600646972656,214.86399841308594,0,2026-08-13 04:00:00+00:00
1786608000000,214.86300659179688,215.11900329589844,214.8000030517578,214.9709930419922,0,2026-08-13 08:00:00+00:00
1786622400000,214.9709930419922,215.14599609375,214.79200744628906,215.05099487304688,0,2026-08-13 12:00:00+00:00
1786636800000,215.0489959716797,215.1479949951172,214.9709930419922,215.14199829101562,0,2026-08-13 16:00:00+00:00
1786651200000,215.13999938964844,215.18499755859375,214.93699645996094,215.0709991455078,0,2026-08-13 20:00:00+00:00
1786665600000,215.07000732421875,215.18600463867188,214.99899291992188,215.0760040283203,0,2026-08-14 00:00:00+00:00
1786680000000,215.0780029296875,215.16400146484375,214.87399291992188,215.11599731445312,0,2026-08-14 04:00:00+00:00
1786694400000,215.11599731445312,215.46099853515625,215.0780029296875,215.35000610351562,0,2026-08-14 08:00:00+00:00
1786708800000,215.3489990234375,215.802001953125,214.8820037841797,215.7969970703125,0,2026-08-14 12:00:00+00:00
1786723200000,215.79600524902344,215.8939971923828,215.5989990234375,215.68699645996094,0,2026-08-14 16:00:00+00:00
1786737600000,215.68699645996094,215.6959991455078,215.49099731445312,215.66700744628906,0,2026-08-14 20:00:00+00:00
1786910400000,215.5229949951172,215.6999969482422,215.51800537109375,215.68600463867188,0,2026-08-16 20:00:00+00:00
1786924800000,215.68299865722656,215.74200439453125,215.4550018310547,215.60000610351562,0,2026-08-17 00:00:00+00:00
1786939200000,215.5959930419922,215.66400146484375,215.40199279785156,215.58299255371094,0,2026-08-17 04:00:00+00:00
1786953600000,215.58299255371094,215.90899658203125,215.55499267578125,215.86099243164062,0,2026-08-17 08:00:00+00:00
1786968000000,215.86099243164062,216.11300659179688,215.74200439453125,216.0919952392578,0,2026-08-17 12:00:00+00:00
1786982400000,216.0919952392578,216.15499877929688,215.88699340820312,215.9550018310547,0,2026-08-17 16:00:00+00:00
1786996800000,215.96299743652344,216.06900024414062,215.71600341796875,215.89700317382812,0,2026-08-17 20:00:00+00:00
1787011200000,215.88999938964844,216.10899353027344,215.88600158691406,215.95199584960938,0,2026-08-18 00:00:00+00:00
1787025600000,215.95899963378906,216.21600341796875,215.94400024414062,216.07699584960938,0,2026-08-18 04:00:00+00:00
1787040000000,216.07000732421875,216.09800720214844,215.91700744628906,216.02200317382812,0,2026-08-18 08:00:00+00:00
1787054400000,216.02000427246094,216.1479949951172,215.9499969482422,216.13299560546875,0,2026-08-18 12:00:00+00:00
1787068800000,216.12899780273438,216.17300415039062,215.9759979248047,216.031005859375,0,2026-08-18 16:00:00+00:00
1787083200000,216.03799438476562,216.0800018310547,215.80099487304688,215.96800231933594,0,2026-08-18 20:00:00+00:00
1787097600000,215.97000122070312,215.97000122070312,215.68699645996094,215.81100463867188,0,2026-08-19 00:00:00+00:00
1787112000000,215.81100463867188,215.82699584960938,215.60299682617188,215.76100158691406,0,2026-08-19 04:00:00+00:00
1787126400000,215.75599670410156,215.8419952392578,215.6230010986328,215.67599487304688,0,2026-08-19 08:00:00+00:00
1787140800000,215.677001953125,215.8820037841797,214.81900024414062,215.5959930419922,0,2026-08-19 12:00:00+00:00
1787155200000,215.6009979248047,215.65899658203125,215.1179962158203,215.19200134277344,0,2026-08-19 16:00:00+00:00
1787169600000,215.19400024414062,215.25599670410156,214.91799926757812,215.23399353027344,0,2026-08-19 20:00:00+00:00
1787184000000,215.22799682617188,215.73800659179688,215.19500732421875,215.68299865722656,0,2026-08-20 00:00:00+00:00
1787198400000,215.68299865722656,215.95199584960938,215.50100708007812,215.8679962158203,0,2026-08-20 04:00:00+00:00
1787212800000,215.86500549316406,216.3350067138672,215.8419952392578,216.27499389648438,0,2026-08-20 08:00:00+00:00
1787227200000,216.27999877929688,216.71600341796875,216.18699645996094,216.61700439453125,0,2026-08-20 12:00:00+00:00
1787241600000,216.6230010986328,216.8990020751953,216.5959930419922,216.8350067138672,0,2026-08-20 16:00:00+00:00
1787256000000,216.83700561523438,216.87399291992188,216.5959930419922,216.77200317382812,0,2026-08-20 20:00:00+00:00
1787270400000,216.77699279785156,217.05599975585938,216.74099731445312,216.95700073242188,0,2026-08-21 00:00:00+00:00
1787284800000,216.96200561523438,216.98699951171875,216.5500030517578,216.64199829101562,0,2026-08-21 04:00:00+00:00
1787299200000,216.64100646972656,216.75999450683594,216.4499969482422,216.7220001220703,0,2026-08-21 08:00:00+00:00
1787313600000,216.71600341796875,216.80799865722656,216.4949951171875,216.78599548339844,0,2026-08-21 12:00:00+00:00
1787328000000,216.7830047607422,217.10499572753906,216.7220001220703,216.98199462890625,0,2026-08-21 16:00:00+00:00
1787342400000,216.97900390625,217.00100708007812,216.78500366210938,216.78700256347656,0,2026-08-21 20:00:00+00:00
1787515200000,216.86199951171875,216.98899841308594,216.84800720214844,216.91799926757812,0,2026-08-23 20:00:00+00:00
1787529600000,216.9219970703125,216.93899536132812,216.66099548339844,216.86500549316406,0,2026-08-24 00:00:00+00:00
1787544000000,216.86099243164062,217.1490020751953,216.69900512695312,216.9720001220703,0,2026-08-24 04:00:00+00:00
1787558400000,216.9759979248047,217.1020050048828,216.82899475097656,216.93800354003906,0,2026-08-24 08:00:00+00:00
1787572800000,216.93699645996094,217.1699981689453,216.7760009765625,216.9459991455078,0,2026-08-24 12:00:00+00:00
1787587200000,216.94400024414062,217.00799560546875,216.802001953125,216.8990020751953,0,2026-08-24 16:00:00+00:00
1787601600000,216.9040069580078,217.0290069580078,216.6060028076172,217.01100158691406,0,2026-08-24 20:00:00+00:00
1787616000000,217.01400756835938,217.26600646972656,216.9720001220703,217.14100646972656,0,2026-08-25 00:00:00+00:00
1787630400000,217.13699340820312,217.468994140625,216.94400024414062,217.44000244140625,0,2026-08-25 04:00:00+00:00
1787644800000,217.44900512695312,217.4550018310547,217.0749969482422,217.08299255371094,0,2026-08-25 08:00:00+00:00
1787659200000,217.08299255371094,217.30999755859375,217.03399658203125,217.15699768066406,0,2026-08-25 12:00:00+00:00
1787673600000,217.15899658203125,217.2989959716797,217.11099243164062,217.26100158691406,0,2026-08-25 16:00:00+00:00
1787688000000,217.26100158691406,217.3560028076172,216.76499938964844,217.25900268554688,0,2026-08-25 20:00:00+00:00
1787702400000,217.2570037841797,217.32699584960938,216.68699645996094,216.7689971923828,0,2026-08-26 00:00:00+00:00
1787716800000,216.76400756835938,216.88400268554688,216.7100067138672,216.7530059814453,0,2026-08-26 04:00:00+00:00
1787731200000,216.7530059814453,216.85000610351562,216.5540008544922,216.8070068359375,0,2026-08-26 08:00:00+00:00
1787745600000,216.80499267578125,216.8509979248047,216.53500366210938,216.63299560546875,0,2026-08-26 12:00:00+00:00
1787760000000,216.62899780273438,216.6959991455078,216.56199645996094,216.61000061035156,0,2026-08-26 16:00:00+00:00
1787774400000,216.6060028076172,216.64500427246094,216.0989990234375,216.49600219726562,0,2026-08-26 20:00:00+00:00
1787788800000,216.4980010986328,216.5959930419922,216.25900268554688,216.49099731445312,0,2026-08-27 00:00:00+00:00
1787803200000,216.4969940185547,216.58999633789062,216.43299865722656,216.5030059814453,0,2026-08-27 04:00:00+00:00
1787817600000,216.5030059814453,216.58200073242188,216.26600646972656,216.4669952392578,0,2026-08-27 08:00:00+00:00
1787832000000,216.468994140625,216.76699829101562,216.2899932861328,216.55099487304688,0,2026-08-27 12:00:00+00:00
1787846400000,216.552001953125,216.66000366210938,216.48399353027344,216.60000610351562,0,2026-08-27 16:00:00+00:00
1787860800000,216.60000610351562,216.74200439453125,216.10400390625,216.59500122070312,0,2026-08-27 20:00:00+00:00
1787875200000,216.59500122070312,216.76400756835938,216.5780029296875,216.66600036621094,0,2026-08-28 00:00:00+00:00
1787889600000,216.6649932861328,216.81399536132812,216.53700256347656,216.697998046875,0,2026-08-28 04:00:00+00:00
1787904000000,216.69700622558594,217.01600646972656,216.6840057373047,216.86599731445312,0,2026-08-28 08:00:00+00:00
1787918400000,216.86700439453125,217.05099487304688,216.33299255371094,216.7989959716797,0,2026-08-28 12:00:00+00:00
1787932800000,216.802001953125,216.9340057373047,216.5919952392578,216.69900512695312,0,2026-08-28 16:00:00+00:00
1787947200000,216.69700622558594,216.73199462890625,216.4709930419922,216.54800415039062,0,2026-08-28 20:00:00+00:00
1788120000000,216.72300720214844,216.84500122070312,216.7220001220703,216.79100036621094,0,2026-08-30 20:00:00+00:00
1788134400000,216.7899932861328,216.79800415039062,216.33200073242188,216.43499755859375,0,2026-08-31 00:00:00+00:00
1788148800000,216.4340057373047,216.60299682617188,216.0749969482422,216.16400146484375,0,2026-08-31 04:00:00+00:00
1788163200000,216.15899658203125,216.3800048828125,216.0590057373047,216.2100067138672,0,2026-08-31 08:00:00+00:00
1788177600000,216.2100067138672,216.60400390625,216.1750030517578,216.4239959716797,0,2026-08-31 12:00:00+00:00
1788192000000,216.42100524902344,216.52999877929688,216.30999755859375,216.4499969482422,0,2026-08-31 16:00:00+00:00
1788206400000,216.45399475097656,216.51699829101562,216.06900024414062,216.43600463867188,0,2026-08-31 20:00:00+00:00
1788220800000,216.43099975585938,216.5800018310547,216.32699584960938,216.38299560546875,0,2026-09-01 00:00:00+00:00
1788235200000,216.38299560546875,216.6490020751953,216.375,216.55299377441406,0,2026-09-01 04:00:00+00:00
1788249600000,216.552001953125,216.76699829101562,216.44700622558594,216.71800231933594,0,2026-09-01 08:00:00+00:00
1788264000000,216.7169952392578,216.83399963378906,216.44400024414062,216.46600341796875,0,2026-09-01 12:00:00+00:00
1788278400000,216.46800231933594,216.61099243164062,216.42100524902344,216.48500061035156,0,2026-09-01 16:00:00+00:00
1788292800000,216.49099731445312,216.54200744628906,216.26199340820312,216.4810028076172,0,2026-09-01 20:00:00+00:00
1788307200000,216.47999572753906,216.58299255371094,216.30299377441406,216.31900024414062,0,2026-09-02 00:00:00+00:00
1788321600000,216.31900024414062,216.3249969482422,215.24200439453125,215.7480010986328,0,2026-09-02 04:00:00+00:00
1788336000000,215.75,215.88999938964844,215.22900390625,215.2480010986328,0,2026-09-02 08:00:00+00:00
1788350400000,215.2480010986328,215.26699829101562,213.5989990234375,214.38699340820312,0,2026-09-02 12:00:00+00:00
1788364800000,214.38800048828125,214.46099853515625,214.12600708007812,214.14300537109375,0,2026-09-02 16:00:00+00:00
1788379200000,214.14500427246094,214.28199768066406,213.6300048828125,214.22799682617188,0,2026-09-02 20:00:00+00:00
1788393600000,214.23199462890625,214.32000732421875,212.72799682617188,212.90199279785156,0,2026-09-03 00:00:00+00:00
1788408000000,212.9010009765625,213.02000427246094,211.0970001220703,212.0500030517578,0,2026-09-03 04:00:00+00:00
1788422400000,212.0500030517578,212.1490020751953,210.33399963378906,210.63400268554688,0,2026-09-03 08:00:00+00:00
1788436800000,210.63400268554688,210.82400512695312,209.90199279785156,210.27699279785156,0,2026-09-03 12:00:00+00:00
1788451200000,210.2729949951172,210.74899291992188,210.22999572753906,210.65899658203125,0,2026-09-03 16:00:00+00:00
1788465600000,210.656005859375,211.18899536132812,210.45399475097656,210.55299377441406,0,2026-09-03 20:00:00+00:00
1788480000000,210.55299377441406,211.62100219726562,210.10400390625,211.5500030517578,0,2026-09-04 00:00:00+00:00
1788494400000,211.5500030517578,211.81199645996094,211.3679962158203,211.53399658203125,0,2026-09-04 04:00:00+00:00
1788508800000,211.54100036621094,211.78199768066406,211.3730010986328,211.45899963378906,0,2026-09-04 08:00:00+00:00
1788523200000,211.45899963378906,211.4969940185547,209.7030029296875,211.06300354003906,0,2026-09-04 12:00:00+00:00
1788537600000,211.06300354003906,211.24200439453125,210.87100219726562,211.21400451660156,0,2026-09-04 16:00:00+00:00
1788552000000,211.20899963378906,211.30099487304688,211.01600646972656,211.30099487304688,0,2026-09-04 20:00:00+00:00
1788724800000,211.13600158691406,211.18499755859375,211.01300048828125,211.13499450683594,0,2026-09-06 20:00:00+00:00
1788739200000,211.13600158691406,211.19900512695312,210.6510009765625,210.83099365234375,0,2026-09-07 00:00:00+00:00
1788753600000,210.83099365234375,210.98300170898438,210.3560028076172,210.49400329589844,0,2026-09-07 04:00:00+00:00
1788768000000,210.49400329589844,210.5260009765625,208.63699340820312,209.37399291992188,0,2026-09-07 08:00:00+00:00
1788782400000,209.37100219726562,209.4459991455078,208.82400512695312,209.03900146484375,0,2026-09-07 12:00:00+00:00
1788796800000,209.0399932861328,209.093994140625,208.9669952392578,208.98800659179688,0,2026-09-07 16:00:00+00:00
1788811200000,208.98800659179688,209.0780029296875,208.3419952392578,208.37399291992188,0,2026-09-07 20:00:00+00:00
1788825600000,208.37399291992188,208.4510040283203,207.08299255371094,207.56900024414062,0,2026-09-08 00:00:00+00:00
1788840000000,207.56399536132812,208.4530029296875,207.4459991455078,208.11000061035156,0,2026-09-08 04:00:00+00:00
1788854400000,208.10800170898438,209.00799560546875,208.0229949951172,208.9409942626953,0,2026-09-08 08:00:00+00:00
1788868800000,208.9409942626953,209.02699279785156,208.32400512695312,208.8520050048828,0,2026-09-08 12:00:00+00:00
1788883200000,208.84800720214844,209.03700256347656,207.77099609375,208.47999572753906,0,2026-09-08 16:00:00+00:00
1788897600000,208.48300170898438,208.5330047607422,207.78599548339844,207.82699584960938,0,2026-09-08 20:00:00+00:00
1788912000000,207.8209991455078,208.33399963378906,207.6020050048828,207.83200073242188,0,2026-09-09 00:00:00+00:00
1788926400000,207.83599853515625,207.98899841308594,207.38900756835938,207.5970001220703,0,2026-09-09 04:00:00+00:00
1788940800000,207.6009979248047,208.15499877929688,207.59100341796875,207.79299926757812,0,2026-09-09 08:00:00+00:00
1788955200000,207.79100036621094,208.24899291992188,207.63499450683594,207.99200439453125,0,2026-09-09 12:00:00+00:00
1788969600000,207.99200439453125,208.2239990234375,207.947998046875,208.10800170898438,0,2026-09-09 16:00:00+00:00
1788984000000,208.11000061035156,208.14100646972656,207.50599670410156,208.0279998779297,0,2026-09-09 20:00:00+00:00
1788998400000,208.0330047607422,208.2830047607422,207.8419952392578,207.927001953125,0,2026-09-10 00:00:00+00:00
1789012800000,207.92799377441406,208.2729949951172,207.8209991455078,207.90199279785156,0,2026-09-10 04:00:00+00:00
1789027200000,207.8979949951172,208.71099853515625,207.8979949951172,208.54800415039062,0,2026-09-10 08:00:00+00:00
1789041600000,208.54800415039062,208.87899780273438,207.93800354003906,208.4530029296875,0,2026-09-10 12:00:00+00:00
1789056000000,208.46099853515625,208.7830047607422,208.45199584960938,208.5019989013672,0,2026-09-10 16:00:00+00:00
1789070400000,208.4969940185547,208.86599731445312,207.93800354003906,208.677001953125,0,2026-09-10 20:00:00+00:00
1789084800000,208.677001953125,208.90499877929688,208.3699951171875,208.427001953125,0,2026-09-11 00:00:00+00:00
1789099200000,208.42999267578125,208.5659942626953,208.06199645996094,208.44400024414062,0,2026-09-11 04:00:00+00:00
1789113600000,208.43800354003906,208.56500244140625,207.82000732421875,207.98800659179688,0,2026-09-11 08:00:00+00:00
1789128000000,207.98699951171875,208.32200622558594,207.28399658203125,207.81700134277344,0,2026-09-11 12:00:00+00:00
1789142400000,207.81700134277344,207.96600341796875,207.7550048828125,207.8780059814453,0,2026-09-11 16:00:00+00:00
1789156800000,207.88400268554688,207.94000244140625,207.41299438476562,207.77099609375,0,2026-09-11 20:00:00+00:00
1789329600000,207.8159942626953,207.85299682617188,207.47999572753906,207.5,0,2026-09-13 20:00:00+00:00
1789344000000,207.50100708007812,208.1909942626953,207.4499969482422,208.05099487304688,0,2026-09-14 00:00:00+00:00
1789358400000,208.05099487304688,208.36300659179688,207.8769989013672,208.302001953125,0,2026-09-14 04:00:00+00:00
1789372800000,208.30099487304688,208.6219940185547,208.1909942626953,208.53399658203125,0,2026-09-14 08:00:00+00:00
1789387200000,208.53399658203125,208.76600646972656,208.1840057373047,208.35499572753906,0,2026-09-14 12:00:00+00:00
1789401600000,208.3520050048828,208.58799743652344,208.0189971923828,208.3730010986328,0,2026-09-14 16:00:00+00:00
1789416000000,208.3719940185547,208.48399353027344,208.14500427246094,208.468994140625,0,2026-09-14 20:00:00+00:00
1789430400000,208.46600341796875,208.8560028076172,208.44000244140625,208.55299377441406,0,2026-09-15 00:00:00+00:00
1789444800000,208.5540008544922,208.86500549316406,208.48199462890625,208.76800537109375,0,2026-09-15 04:00:00+00:00
1789459200000,208.7689971923828,209.09300231933594,208.55599975585938,208.8520050048828,0,2026-09-15 08:00:00+00:00
1789473600000,208.8470001220703,209.22300720214844,208.8280029296875,209.03900146484375,0,2026-09-15 12:00:00+00:00
1789488000000,209.03900146484375,209.1280059814453,208.90199279785156,209.01199340820312,0,2026-09-15 16:00:00+00:00
1789502400000,209.01300048828125,209.3470001220703,208.3459930419922,209.16799926757812,0,2026-09-15 20:00:00+00:00
1789516800000,209.16799926757812,209.47000122070312,208.98599243164062,209.43499755859375,0,2026-09-16 00:00:00+00:00
1789531200000,209.43099975585938,209.46299743652344,208.71200561523438,208.77099609375,0,2026-09-16 04:00:00+00:00
1789545600000,208.7760009765625,209.0030059814453,208.56300354003906,208.61300659179688,0,2026-09-16 08:00:00+00:00
1789560000000,208.60800170898438,208.98800659179688,208.4600067138672,208.50900268554688,0,2026-09-16 12:00:00+00:00
1789574400000,208.51199340820312,209.05799865722656,208.10499572753906,209.05499267578125,0,2026-09-16 16:00:00+00:00
1789588800000,209.052001953125,209.24600219726562,208.78700256347656,208.80999755859375,0,2026-09-16 20:00:00+00:00
1789603200000,208.8090057373047,208.9739990234375,208.6510009765625,208.7830047607422,0,2026-09-17 00:00:00+00:00
1789617600000,208.7830047607422,208.822998046875,208.2270050048828,208.4290008544922,0,2026-09-17 04:00:00+00:00
1789632000000,208.42999267578125,208.7209930419922,207.9080047607422,208.4010009765625,0,2026-09-17 08:00:00+00:00
1789646400000,208.39999389648438,208.49000549316406,207.86700439453125,207.98500061035156,0,2026-09-17 12:00:00+00:00
1789660800000,207.99200439453125,208.4040069580078,207.9029998779297,208.35299682617188,0,2026-09-17 16:00:00+00:00
1789675200000,208.36199951171875,208.57000732421875,207.92300415039062,208.55999755859375,0,2026-09-17 20:00:00+00:00
1789689600000,208.55999755859375,210.10299682617188,208.53900146484375,210.0050048828125,0,2026-09-18 00:00:00+00:00
1789704000000,210.00399780273438,210.61500549316406,209.27200317382812,210.5240020751953,0,2026-09-18 04:00:00+00:00
1789718400000,210.51800537109375,211.2779998779297,210.51699829101562,210.656005859375,0,2026-09-18 08:00:00+00:00
1789732800000,210.65899658203125,210.76199340820312,209.56500244140625,209.7480010986328,0,2026-09-18 12:00:00+00:00
1789747200000,209.7480010986328,209.97900390625,209.61199951171875,209.9199981689453,0,2026-09-18 16:00:00+00:00
1789761600000,209.9219970703125,210.16000366210938,209.90499877929688,210.13600158691406,0,2026-09-18 20:00:00+00:00
