time,open,high,low,close,volume,datetime
1784754000000,218.16600036621094,218.2570037841797,218.03500366210938,218.07899475097656,0,2026-07-22 21:00:00+00:00
1784757600000,218.12100219726562,218.13400268554688,218.0070037841797,218.08299255371094,0,2026-07-22 22:00:00+00:00
1784761200000,218.0679931640625,218.156005859375,218.05599975585938,218.11700439453125,0,2026-07-22 23:00:00+00:00
1784764800000,218.12600708007812,218.218994140625,218.10899353027344,218.18299865722656,0,2026-07-23 00:00:00+00:00
1784768400000,218.1790008544922,218.23699951171875,218.13400268554688,218.2010040283203,0,2026-07-23 01:00:00+00:00
1784772000000,218.197998046875,218.3459930419922,218.18699645996094,218.33200073242188,0,2026-07-23 02:00:00+00:00
1784775600000,218.3300018310547,218.36500549316406,218.24899291992188,218.2760009765625,0,2026-07-23 03:00:00+00:00
1784779200000,218.27699279785156,218.3730010986328,218.26400756835938,218.29100036621094,0,2026-07-23 04:00:00+00:00
1784782800000,218.29100036621094,218.34800720214844,218.25100708007812,218.3249969482422,0,2026-07-23 05:00:00+00:00
1784786400000,218.3249969482422,218.41900634765625,218.13800048828125,218.19000244140625,0,2026-07-23 06:00:00+00:00
1784790000000,218.1820068359375,218.49000549316406,218.13900756835938,218.4010009765625,0,2026-07-23 07:00:00+00:00
1784793600000,218.406005859375,218.51499938964844,218.31300354003906,218.3509979248047,0,2026-07-23 08:00:00+00:00
1784797200000,218.3470001220703,218.50100708007812,218.33599853515625,218.45799255371094,0,2026-07-23 09:00:00+00:00
1784800800000,218.45399475097656,218.47799682617188,218.2779998779297,218.3820037841797,0,2026-07-23 10:00:00+00:00
1784804400000,218.3820037841797,218.39999389648438,218.01699829101562,218.33900451660156,0,2026-07-23 11:00:00+00:00
1784808000000,218.34300231933594,218.4040069580078,218.14700317382812,218.375,0,2026-07-23 12:00:00+00:00
1784811600000,218.375,218.6230010986328,218.28199768066406,218.52699279785156,0,2026-07-23 13:00:00+00:00
1784815200000,218.5240020751953,218.552001953125,218.2480010986328,218.33200073242188,0,2026-07-23 14:00:00+00:00
1784818800000,218.33200073242188,218.36900329589844,217.9550018310547,218.02099609375,0,2026-07-23 15:00:00+00:00
1784822400000,218.0240020751953,218.22799682617188,218.0189971923828,218.1909942626953,0,2026-07-23 16:00:00+00:00
1784826000000,218.19400024414062,218.19900512695312,218.1020050048828,218.12899780273438,0,2026-07-23 17:00:00+00:00
1784829600000,218.11900329589844,218.16099548339844,218.06900024414062,218.1179962158203,0,2026-07-23 18:00:00+00:00
1784833200000,218.12399291992188,218.1820068359375,218.05799865722656,218.16400146484375,0,2026-07-23 19:00:00+00:00
1784836800000,218.16299438476562,218.21099853515625,218.0279998779297,218.15699768066406,0,2026-07-23 20:00:00+00:00
1784840400000,218.06100463867188,218.26400756835938,217.8820037841797,218.0240020751953,0,2026-07-23 21:00:00+00:00
1784844000000,218.00900268554688,218.17300415039062,218.00900268554688,218.1540069580078,0,2026-07-23 22:00:00+00:00
1784847600000,218.1699981689453,218.17799377441406,218.0760040283203,218.10499572753906,0,2026-07-23 23:00:00+00:00
1784851200000,218.093994140625,218.29600524902344,218.08299255371094,218.26400756835938,0,2026-07-24 00:00:00+00:00
1784854800000,218.27000427246094,218.3260040283203,218.13699340820312,218.1490020751953,0,2026-07-24 01:00:00+00:00
1784858400000,218.1510009765625,218.1750030517578,218.03599548339844,218.04200744628906,0,2026-07-24 02:00:00+00:00
1784862000000,218.05499267578125,218.13800048828125,218.0279998779297,218.08900451660156,0,2026-07-24 03:00:00+00:00
1784865600000,218.07899475097656,218.11900329589844,218.00799560546875,218.05099487304688,0,2026-07-24 04:00:00+00:00
1784869200000,218.0590057373047,218.1439971923828,218.00399780273438,218.03199768066406,0,2026-07-24 05:00:00+00:00
1784872800000,218.01499938964844,218.2449951171875,217.97300720214844,218.22000122070312,0,2026-07-24 06:00:00+00:00
1784876400000,218.2259979248047,218.43600463867188,218.11300659179688,218.375,0,2026-07-24 07:00:00+00:00
1784880000000,218.3820037841797,218.4040069580078,218.08999633789062,218.10699462890625,0,2026-07-24 08:00:00+00:00
1784883600000,218.0970001220703,218.14300537109375,217.9739990234375,218.00900268554688,0,2026-07-24 09:00:00+00:00
1784887200000,218.00900268554688,218.26400756835938,217.95899963378906,218.19400024414062,0,2026-07-24 10:00:00+00:00
1784890800000,218.19400024414062,218.27000427246094,218.11000061035156,218.22999572753906,0,2026-07-24 11:00:00+00:00
1784894400000,218.22300720214844,218.28700256347656,217.9980010986328,218.08399963378906,0,2026-07-24 12:00:00+00:00
1784898000000,218.07699584960938,218.3179931640625,218.04299926757812,218.23199462890625,0,2026-07-24 13:00:00+00:00
1784901600000,218.23800659179688,218.33799743652344,218.16200256347656,218.22300720214844,0,2026-07-24 14:00:00+00:00
1784905200000,218.2270050048828,218.46800231933594,218.1999969482422,218.40899658203125,0,2026-07-24 15:00:00+00:00
1784908800000,218.40699768066406,218.47300720214844,218.30099487304688,218.35299682617188,0,2026-07-24 16:00:00+00:00
1784912400000,218.3560028076172,218.37600708007812,218.23599243164062,218.2760009765625,0,2026-07-24 17:00:00+00:00
1784916000000,218.27200317382812,218.36399841308594,218.26300048828125,218.3179931640625,0,2026-07-24 18:00:00+00:00
1784919600000,218.32200622558594,218.33999633789062,218.23899841308594,218.26600646972656,0,2026-07-24 19:00:00+00:00
1784923200000,218.26600646972656,218.3209991455078,218.156005859375,218.2429962158203,0,2026-07-24 20:00:00+00:00
1784926800000,218.29100036621094,218.29100036621094,218.29100036621094,218.29100036621094,0,2026-07-24 21:00:00+00:00
1785106800000,218.4010009765625,218.4720001220703,218.38400268554688,218.44200134277344,0,2026-07-26 23:00:00+00:00
1785110400000,218.43499755859375,218.5189971923828,218.3470001220703,218.45700073242188,0,2026-07-27 00:00:00+00:00
1785114000000,218.45799255371094,218.5070037841797,218.38600158691406,218.4530029296875,0,2026-07-27 01:00:00+00:00
1785117600000,218.4600067138672,218.4969940185547,218.38800048828125,218.44700622558594,0,2026-07-27 02:00:00+00:00
1785121200000,218.44500732421875,218.468994140625,218.38099670410156,218.40899658203125,0,2026-07-27 03:00:00+00:00
1785124800000,218.41000366210938,218.44500732421875,218.36300659179688,218.38800048828125,0,2026-07-27 04:00:00+00:00
1785128400000,218.38800048828125,218.48699951171875,218.3719940185547,218.4320068359375,0,2026-07-27 05:00:00+00:00
1785132000000,218.4290008544922,218.50100708007812,218.27699279785156,218.2830047607422,0,2026-07-27 06:00:00+00:00
1785135600000,218.28500366210938,218.2949981689453,217.97000122070312,218.0449981689453,0,2026-07-27 07:00:00+00:00
1785139200000,218.052001953125,218.12899780273438,217.97500610351562,218.0919952392578,0,2026-07-27 08:00:00+00:00
1785142800000,218.0919952392578,218.1529998779297,217.99000549316406,217.9980010986328,0,2026-07-27 09:00:00+00:00
1785146400000,217.9980010986328,218.09500122070312,217.843994140625,217.87399291992188,0,2026-07-27 10:00:00+00:00
1785150000000,217.87100219726562,217.9290008544922,217.76100158691406,217.8679962158203,0,2026-07-27 11:00:00+00:00
1785153600000,217.8679962158203,217.97999572753906,217.77699279785156,217.927001953125,0,2026-07-27 12:00:00+00:00
1785157200000,217.92799377441406,218.03900146484375,217.85000610351562,217.95700073242188,0,2026-07-27 13:00:00+00:00
1785160800000,217.9510040283203,218.03599548339844,217.7449951171875,217.76300048828125,0,2026-07-27 14:00:00+00:00
1785164400000,217.76199340820312,217.81399536132812,217.69400024414062,217.76100158691406,0,2026-07-27 15:00:00+00:00
1785168000000,217.75999450683594,217.83900451660156,217.67999267578125,217.7030029296875,0,2026-07-27 16:00:00+00:00
1785171600000,217.7050018310547,217.718994140625,217.4669952392578,217.5989990234375,0,2026-07-27 17:00:00+00:00
1785175200000,217.60699462890625,217.63600158691406,217.55499267578125,217.625,0,2026-07-27 18:00:00+00:00
1785178800000,217.63499450683594,217.66299438476562,217.6009979248047,217.6269989013672,0,2026-07-27 19:00:00+00:00
1785182400000,217.6269989013672,217.64700317382812,217.5330047607422,217.53900146484375,0,2026-07-27 20:00:00+00:00
1785186000000,217.57400512695312,217.77499389648438,217.4980010986328,217.63699340820312,0,2026-07-27 21:00:00+00:00
1785189600000,217.60000610351562,217.64999389648438,217.46400451660156,217.58200073242188,0,2026-07-27 22:00:00+00:00
1785193200000,217.58200073242188,217.6510009765625,217.54299926757812,217.64199829101562,0,2026-07-27 23:00:00+00:00
1785196800000,217.64199829101562,217.71400451660156,217.6199951171875,217.65199279785156,0,2026-07-28 00:00:00+00:00
1785200400000,217.66099548339844,217.73399353027344,217.63800048828125,217.677001953125,0,2026-07-28 01:00:00+00:00
1785204000000,217.66400146484375,217.75,217.65199279785156,217.69700622558594,0,2026-07-28 02:00:00+00:00
1785207600000,217.69700622558594,217.81500244140625,217.6739959716797,217.7689971923828,0,2026-07-28 03:00:00+00:00
1785211200000,217.7689971923828,217.77200317382812,217.6529998779297,217.68299865722656,0,2026-07-28 04:00:00+00:00
1785214800000,217.68299865722656,217.71499633789062,217.53700256347656,217.5590057373047,0,2026-07-28 05:00:00+00:00
1785218400000,217.57000732421875,217.72799682617188,217.51300048828125,217.7030029296875,0,2026-07-28 06:00:00+00:00
1785222000000,217.7050018310547,217.8699951171875,217.64999389648438,217.69200134277344,0,2026-07-28 07:00:00+00:00
1785225600000,217.68899536132812,217.93899536132812,217.68899536132812,217.92300415039062,0,2026-07-28 08:00:00+00:00
1785229200000,217.9239959716797,217.9340057373047,217.60499572753906,217.6300048828125,0,2026-07-28 09:00:00+00:00
1785232800000,217.62600708007812,217.74200439453125,217.53500366210938,217.6909942626953,0,2026-07-28 10:00:00+00:00
1785236400000,217.69200134277344,217.73599243164062,217.59800720214844,217.6840057373047,0,2026-07-28 11:00:00+00:00
1785240000000,217.6840057373047,217.9429931640625,217.66299438476562,217.91400146484375,0,2026-07-28 12:00:00+00:00
1785243600000,217.9149932861328,217.99099731445312,217.83900451660156,217.89100646972656,0,2026-07-28 13:00:00+00:00
1785247200000,217.88800048828125,217.93299865722656,217.7010040283203,217.79200744628906,0,2026-07-28 14:00:00+00:00
1785250800000,217.7969970703125,217.8780059814453,217.7030029296875,217.802001953125,0,2026-07-28 15:00:00+00:00
1785254400000,217.79800415039062,217.85299682617188,217.7570037841797,217.7969970703125,0,2026-07-28 16:00:00+00:00
1785258000000,217.79600524902344,217.86199951171875,217.71299743652344,217.71800231933594,0,2026-07-28 17:00:00+00:00
1785261600000,217.71800231933594,217.75399780273438,217.63299560546875,217.7469940185547,0,2026-07-28 18:00:00+00:00
1785265200000,217.74600219726562,217.8159942626953,217.71800231933594,217.72799682617188,0,2026-07-28 19:00:00+00:00
1785268800000,217.72300720214844,217.7790069580078,217.5989990234375,217.68499755859375,0,2026-07-28 20:00:00+00:00
1785272400000,217.64700317382812,217.84800720214844,217.5399932861328,217.64500427246094,0,2026-07-28 21:00:00+00:00
1785276000000,217.64500427246094,217.74099731445312,217.5850067138672,217.66200256347656,0,2026-07-28 22:00:00+00:00
1785279600000,217.6580047607422,217.72300720214844,217.6009979248047,217.7100067138672,0,2026-07-28 23:00:00+00:00
1785283200000,217.70899963378906,217.7550048828125,217.5330047607422,217.58900451660156,0,2026-07-29 00:00:00+00:00
1785286800000,217.60000610351562,217.63699340820312,217.50100708007812,217.5489959716797,0,2026-07-29 01:00:00+00:00
1785290400000,217.56300354003906,217.6820068359375,217.531005859375,217.6439971923828,0,2026-07-29 02:00:00+00:00
1785294000000,217.64500427246094,217.6750030517578,217.50599670410156,217.53500366210938,0,2026-07-29 03:00:00+00:00
1785297600000,217.531005859375,217.5679931640625,217.1529998779297,217.31300354003906,0,2026-07-29 04:00:00+00:00
1785301200000,217.3090057373047,217.42799377441406,217.2429962158203,217.4149932861328,0,2026-07-29 05:00:00+00:00
1785304800000,217.4199981689453,217.53700256347656,217.3459930419922,217.44700622558594,0,2026-07-29 06:00:00+00:00
1785308400000,217.44200134277344,217.73899841308594,217.41400146484375,217.7259979248047,0,2026-07-29 07:00:00+00:00
1785312000000,217.7169952392578,217.74200439453125,217.58200073242188,217.656005859375,0,2026-07-29 08:00:00+00:00
1785315600000,217.65199279785156,217.66900634765625,217.4409942626953,217.5449981689453,0,2026-07-29 09:00:00+00:00
1785319200000,217.5449981689453,217.59500122070312,217.468994140625,217.5070037841797,0,2026-07-29 10:00:00+00:00
1785322800000,217.51300048828125,217.6269989013672,217.49899291992188,217.52000427246094,0,2026-07-29 11:00:00+00:00
1785326400000,217.52499389648438,217.6219940185547,217.4320068359375,217.57899475097656,0,2026-07-29 12:00:00+00:00
1785330000000,217.57899475097656,217.70199584960938,217.48599243164062,217.68800354003906,0,2026-07-29 13:00:00+00:00
1785333600000,217.69000244140625,217.9080047607422,217.61300659179688,217.75,0,2026-07-29 14:00:00+00:00
1785337200000,217.75,217.78599548339844,217.62899780273438,217.70799255371094,0,2026-07-29 15:00:00+00:00
1785340800000,217.70700073242188,217.78900146484375,217.64300537109375,217.78599548339844,0,2026-07-29 16:00:00+00:00
1785344400000,217.78599548339844,217.9709930419922,217.77099609375,217.8249969482422,0,2026-07-29 17:00:00+00:00
1785348000000,217.80599975585938,218.3209991455078,217.66000366210938,218.2689971923828,0,2026-07-29 18:00:00+00:00
1785351600000,218.27200317382812,218.55599975585938,218.1909942626953,218.22500610351562,0,2026-07-29 19:00:00+00:00
1785355200000,218.2239990234375,218.5469970703125,218.20899963378906,218.38600158691406,0,2026-07-29 20:00:00+00:00
1785358800000,218.38900756835938,218.51199340820312,218.0330047607422,218.28799438476562,0,2026-07-29 21:00:00+00:00
1785362400000,218.29299926757812,218.4980010986328,218.29100036621094,218.41900634765625,0,2026-07-29 22:00:00+00:00
1785366000000,218.43099975585938,218.43600463867188,218.25799560546875,218.2790069580078,0,2026-07-29 23:00:00+00:00
1785369600000,218.2779998779297,218.36599731445312,218.13999938964844,218.34500122070312,0,2026-07-30 00:00:00+00:00
1785373200000,218.34100341796875,218.36199951171875,218.27099609375,218.30599975585938,0,2026-07-30 01:00:00+00:00
1785376800000,218.302001953125,218.32200622558594,218.2169952392578,218.23500061035156,0,2026-07-30 02:00:00+00:00
1785380400000,218.22900390625,218.26600646972656,218.16600036621094,218.18899536132812,0,2026-07-30 03:00:00+00:00
1785384000000,218.19200134277344,218.23500061035156,218.156005859375,218.156005859375,0,2026-07-30 04:00:00+00:00
1785387600000,218.1580047607422,218.3679962158203,218.15499877929688,218.29600524902344,0,2026-07-30 05:00:00+00:00
1785391200000,218.302001953125,218.35899353027344,218.1300048828125,218.32000732421875,0,2026-07-30 06:00:00+00:00
1785394800000,218.322998046875,218.4550018310547,218.2790069580078,218.38800048828125,0,2026-07-30 07:00:00+00:00
1785398400000,218.38800048828125,218.6219940185547,218.35899353027344,218.56100463867188,0,2026-07-30 08:00:00+00:00
1785402000000,218.55999755859375,218.6790008544922,218.468994140625,218.51199340820312,0,2026-07-30 09:00:00+00:00
1785405600000,218.51199340820312,218.5189971923828,217.3509979248047,217.97999572753906,0,2026-07-30 10:00:00+00:00
1785409200000,218.0030059814453,218.21200561523438,217.7899932861328,218.0760040283203,0,2026-07-30 11:00:00+00:00
1785412800000,218.07000732421875,218.1719970703125,217.71499633789062,217.88499450683594,0,2026-07-30 12:00:00+00:00
1785416400000,217.88699340820312,217.9029998779297,214.4409942626953,214.50100708007812,0,2026-07-30 13:00:00+00:00
1785420000000,214.5019989013672,214.79100036621094,212.24600219726562,213.8350067138672,0,2026-07-30 14:00:00+00:00
1785423600000,213.8209991455078,214.6439971923828,213.43299865722656,214.6300048828125,0,2026-07-30 15:00:00+00:00
1785427200000,214.62399291992188,214.89700317382812,214.58900451660156,214.8459930419922,0,2026-07-30 16:00:00+00:00
1785430800000,214.85000610351562,215.13600158691406,213.42100524902344,214.18899536132812,0,2026-07-30 17:00:00+00:00
1785434400000,214.18600463867188,214.2969970703125,213.99099731445312,214.1179962158203,0,2026-07-30 18:00:00+00:00
1785438000000,214.12899780273438,214.77499389648438,214.11599731445312,214.62899780273438,0,2026-07-30 19:00:00+00:00
1785441600000,214.63299560546875,214.92799377441406,214.60400390625,214.74899291992188,0,2026-07-30 20:00:00+00:00
1785445200000,214.77999877929688,214.91900634765625,214.61900329589844,214.86599731445312,0,2026-07-30 21:00:00+00:00
1785448800000,214.86599731445312,215.14999389648438,214.66299438476562,215.05799865722656,0,2026-07-30 22:00:00+00:00
1785452400000,215.0070037841797,215.65199279785156,214.91400146484375,215.60800170898438,0,2026-07-30 23:00:00+00:00
1785456000000,215.60800170898438,216.23399353027344,215.5760040283203,216.05599975585938,0,2026-07-31 00:00:00+00:00
1785459600000,216.0500030517578,216.21600341796875,215.82000732421875,216.19900512695312,0,2026-07-31 01:00:00+00:00
1785463200000,216.19400024414062,216.20199584960938,215.81199645996094,215.88600158691406,0,2026-07-31 02:00:00+00:00
1785466800000,215.8820037841797,216.3209991455078,215.81300354003906,216.03500366210938,0,2026-07-31 03:00:00+00:00
1785470400000,216.03500366210938,216.17599487304688,215.97799682617188,216.03900146484375,0,2026-07-31 04:00:00+00:00
1785474000000,216.03900146484375,216.08900451660156,215.86700439453125,215.88699340820312,0,2026-07-31 05:00:00+00:00
1785477600000,215.8780059814453,215.94500732421875,215.2259979248047,215.59500122070312,0,2026-07-31 06:00:00+00:00
1785481200000,215.5959930419922,216.07699584960938,215.4969940185547,215.5030059814453,0,2026-07-31 07:00:00+00:00
1785484800000,215.50399780273438,215.72300720214844,213.35899353027344,213.87399291992188,0,2026-07-31 08:00:00+00:00
1785488400000,213.81399536132812,215.28599548339844,213.3939971923828,215.18800354003906,0,2026-07-31 09:00:00+00:00
1785492000000,215.18699645996094,215.2949981689453,215.0050048828125,215.09100341796875,0,2026-07-31 10:00:00+00:00
1785495600000,215.09100341796875,215.1840057373047,214.91200256347656,214.97000122070312,0,2026-07-31 11:00:00+00:00
1785499200000,214.97000122070312,215.38900756835938,214.94700622558594,215.22500610351562,0,2026-07-31 12:00:00+00:00
1785502800000,215.2209930419922,215.302001953125,213.4929962158203,213.83799743652344,0,2026-07-31 13:00:00+00:00
1785506400000,213.85000610351562,214.63900756835938,213.06500244140625,214.27099609375,0,2026-07-31 14:00:00+00:00
1785510000000,214.26600646972656,214.57000732421875,213.8560028076172,214.36099243164062,0,2026-07-31 15:00:00+00:00
1785513600000,214.3509979248047,214.5800018310547,214.30299377441406,214.57899475097656,0,2026-07-31 16:00:00+00:00
1785517200000,214.572998046875,214.85899353027344,213.2209930419922,213.70399475097656,0,2026-07-31 17:00:00+00:00
1785520800000,213.7050018310547,214.43299865722656,213.5070037841797,214.2259979248047,0,2026-07-31 18:00:00+00:00
1785524400000,214.23300170898438,214.62600708007812,214.20199584960938,214.50100708007812,0,2026-07-31 19:00:00+00:00
1785528000000,214.5070037841797,214.51800537109375,211.68800354003906,212.34300231933594,0,2026-07-31 20:00:00+00:00
1785531600000,212.24400329589844,212.24400329589844,212.24400329589844,212.24400329589844,0,2026-07-31 21:00:00+00:00
1785711600000,212.29100036621094,212.97999572753906,211.95899963378906,212.59500122070312,0,2026-08-02 23:00:00+00:00
1785715200000,212.58900451660156,212.89300537109375,209.51600646972656,210.56100463867188,0,2026-08-03 00:00:00+00:00
1785718800000,210.56300354003906,210.86700439453125,209.58700561523438,210.66799926757812,0,2026-08-03 01:00:00+00:00
1785722400000,210.65699768066406,211.00999450683594,210.49000549316406,210.77200317382812,0,2026-08-03 02:00:00+00:00
1785726000000,210.7729949951172,210.93299865722656,210.47900390625,210.78599548339844,0,2026-08-03 03:00:00+00:00
1785729600000,210.78599548339844,210.86300659179688,210.63699340820312,210.7760009765625,0,2026-08-03 04:00:00+00:00
1785733200000,210.77699279785156,210.83399963378906,210.66600036621094,210.7530059814453,0,2026-08-03 05:00:00+00:00
1785736800000,210.7519989013672,211.14199829101562,210.6490020751953,211.01499938964844,0,2026-08-03 06:00:00+00:00
1785740400000,211.0229949951172,211.08999633789062,210.73399353027344,211.02999877929688,0,2026-08-03 07:00:00+00:00
1785744000000,211.02999877929688,211.23399353027344,210.7259979248047,211.21099853515625,0,2026-08-03 08:00:00+00:00
1785747600000,211.20899963378906,211.4290008544922,211.0260009765625,211.2779998779297,0,2026-08-03 09:00:00+00:00
1785751200000,211.2779998779297,211.322998046875,210.90699768066406,211.07200622558594,0,2026-08-03 10:00:00+00:00
1785754800000,211.07699584960938,211.31100463867188,210.8179931640625,210.98199462890625,0,2026-08-03 11:00:00+00:00
1785758400000,210.97999572753906,211.18899536132812,210.86000061035156,211.13699340820312,0,2026-08-03 12:00:00+00:00
1785762000000,211.13800048828125,211.1790008544922,210.2760009765625,210.45399475097656,0,2026-08-03 13:00:00+00:00
1785765600000,210.43600463867188,210.71600341796875,210.18499755859375,210.3730010986328,0,2026-08-03 14:00:00+00:00
1785769200000,210.37600708007812,210.89100646972656,210.33700561523438,210.85800170898438,0,2026-08-03 15:00:00+00:00
1785772800000,210.85800170898438,210.88800048828125,210.29800415039062,210.62100219726562,0,2026-08-03 16:00:00+00:00
1785776400000,210.6280059814453,210.75100708007812,210.60400390625,210.70899963378906,0,2026-08-03 17:00:00+00:00
1785780000000,210.70899963378906,210.76199340820312,210.4250030517578,210.56500244140625,0,2026-08-03 18:00:00+00:00
1785783600000,210.5659942626953,210.82400512695312,210.52999877929688,210.79600524902344,0,2026-08-03 19:00:00+00:00
1785787200000,210.79800415039062,211.18800354003906,210.6490020751953,211.08200073242188,0,2026-08-03 20:00:00+00:00
1785790800000,211.06500244140625,211.14300537109375,210.9239959716797,211.06100463867188,0,2026-08-03 21:00:00+00:00
1785794400000,211.0540008544922,211.40699768066406,211.01800537109375,211.3260040283203,0,2026-08-03 22:00:00+00:00
1785798000000,211.30599975585938,211.66099548339844,211.2030029296875,211.51800537109375,0,2026-08-03 23:00:00+00:00
1785801600000,211.51699829101562,211.53799438476562,211.13699340820312,211.4250030517578,0,2026-08-04 00:00:00+00:00
1785805200000,211.42100524902344,211.63699340820312,211.36099243164062,211.6230010986328,0,2026-08-04 01:00:00+00:00
1785808800000,211.63299560546875,211.8459930419922,211.60699462890625,211.76699829101562,0,2026-08-04 02:00:00+00:00
1785812400000,211.75999450683594,211.781005859375,211.46800231933594,211.6649932861328,0,2026-08-04 03:00:00+00:00
1785816000000,211.65699768066406,211.67599487304688,211.4029998779297,211.51699829101562,0,2026-08-04 04:00:00+00:00
1785819600000,211.5070037841797,211.7270050048828,211.44000244140625,211.71800231933594,0,2026-08-04 05:00:00+00:00
1785823200000,211.7169952392578,211.8419952392578,211.57899475097656,211.73399353027344,0,2026-08-04 06:00:00+00:00
1785826800000,211.72999572753906,212.06700134277344,211.718994140625,212.02999877929688,0,2026-08-04 07:00:00+00:00
1785830400000,212.02999877929688,212.1280059814453,211.88400268554688,212.10899353027344,0,2026-08-04 08:00:00+00:00
1785834000000,212.11599731445312,212.31300354003906,212.0919952392578,212.2550048828125,0,2026-08-04 09:00:00+00:00
1785837600000,212.25,212.33200073242188,212.09300231933594,212.14199829101562,0,2026-08-04 10:00:00+00:00
1785841200000,212.14199829101562,212.18299865722656,211.59100341796875,211.73199462890625,0,2026-08-04 11:00:00+00:00
1785844800000,211.72799682617188,211.89199829101562,211.5030059814453,211.75399780273438,0,2026-08-04 12:00:00+00:00
1785848400000,211.7570037841797,211.7949981689453,211.43099975585938,211.65199279785156,0,2026-08-04 13:00:00+00:00
1785852000000,211.59800720214844,211.9669952392578,211.53900146484375,211.8560028076172,0,2026-08-04 14:00:00+00:00
1785855600000,211.86399841308594,211.92100524902344,211.68299865722656,211.81399536132812,0,2026-08-04 15:00:00+00:00
1785859200000,211.81300354003906,211.96200561523438,211.76400756835938,211.8719940185547,0,2026-08-04 16:00:00+00:00
1785862800000,211.8719940185547,211.9239959716797,211.83599853515625,211.86300659179688,0,2026-08-04 17:00:00+00:00
1785866400000,211.8769989013672,212.08299255371094,211.8560028076172,212.0540008544922,0,2026-08-04 18:00:00+00:00
1785870000000,212.052001953125,212.27499389648438,212.052001953125,212.18699645996094,0,2026-08-04 19:00:00+00:00
1785873600000,212.1929931640625,212.2259979248047,212.093994140625,212.1649932861328,0,2026-08-04 20:00:00+00:00
1785877200000,212.0760040283203,212.29800415039062,212.02000427246094,212.05799865722656,0,2026-08-04 21:00:00+00:00
1785880800000,212.04800415039062,212.2169952392578,212.04800415039062,212.1300048828125,0,2026-08-04 22:00:00+00:00
1785884400000,212.16000366210938,212.2429962158203,212.05999755859375,212.1060028076172,0,2026-08-04 23:00:00+00:00
1785888000000,212.11199951171875,212.1790008544922,211.80999755859375,211.91600036621094,0,2026-08-05 00:00:00+00:00
1785891600000,211.91600036621094,211.98699951171875,211.84500122070312,211.95599365234375,0,2026-08-05 01:00:00+00:00
1785895200000,211.947998046875,212.0500030517578,211.69000244140625,211.8249969482422,0,2026-08-05 02:00:00+00:00
1785898800000,211.81900024414062,211.95700073242188,211.7779998779297,211.8179931640625,0,2026-08-05 03:00:00+00:00
1785902400000,211.80799865722656,212.14300537109375,211.77000427246094,212.10699462890625,0,2026-08-05 04:00:00+00:00
1785906000000,212.10699462890625,212.1580047607422,212.06700134277344,212.11599731445312,0,2026-08-05 05:00:00+00:00
1785909600000,212.10699462890625,212.32000732421875,212.01699829101562,212.25999450683594,0,2026-08-05 06:00:00+00:00
1785913200000,212.25999450683594,212.40199279785156,212.05499267578125,212.40199279785156,0,2026-08-05 07:00:00+00:00
1785916800000,212.35800170898438,212.55799865722656,212.31900024414062,212.36199951171875,0,2026-08-05 08:00:00+00:00
1785920400000,212.36199951171875,212.48199462890625,212.3179931640625,212.43499755859375,0,2026-08-05 09:00:00+00:00
1785924000000,212.43099975585938,212.531005859375,212.3509979248047,212.36900329589844,0,2026-08-05 10:00:00+00:00
1785927600000,212.375,212.4199981689453,212.25799560546875,212.36399841308594,0,2026-08-05 11:00:00+00:00
1785931200000,212.3699951171875,212.42300415039062,212.20199584960938,212.30999755859375,0,2026-08-05 12:00:00+00:00
1785934800000,212.30999755859375,212.36000061035156,211.98500061035156,212.10699462890625,0,2026-08-05 13:00:00+00:00
1785938400000,212.09500122070312,212.37100219726562,212.04200744628906,212.2760009765625,0,2026-08-05 14:00:00+00:00
1785942000000,212.2740020751953,212.29600524902344,212.1269989013672,212.23500061035156,0,2026-08-05 15:00:00+00:00
1785945600000,212.24000549316406,212.3350067138672,212.17799377441406,212.31500244140625,0,2026-08-05 16:00:00+00:00
1785949200000,212.31500244140625,212.42100524902344,212.24600219726562,212.39199829101562,0,2026-08-05 17:00:00+00:00
1785952800000,212.39199829101562,212.41299438476562,212.32200622558594,212.35800170898438,0,2026-08-05 18:00:00+00:00
1785956400000,212.35800170898438,212.4040069580078,212.3159942626953,212.3459930419922,0,2026-08-05 19:00:00+00:00
1785960000000,212.35000610351562,212.48899841308594,212.33999633789062,212.40499877929688,0,2026-08-05 20:00:00+00:00
1785963600000,212.38900756835938,212.49000549316406,212.1909942626953,212.24000549316406,0,2026-08-05 21:00:00+00:00
1785967200000,212.23800659179688,212.39599609375,212.23800659179688,212.3159942626953,0,2026-08-05 22:00:00+00:00
1785970800000,212.322998046875,212.34300231933594,212.2169952392578,212.2779998779297,0,2026-08-05 23:00:00+00:00
1785974400000,212.2779998779297,212.48899841308594,212.2760009765625,212.39999389648438,0,2026-08-06 00:00:00+00:00
1785978000000,212.3979949951172,212.4510040283203,212.2740020751953,212.3509979248047,0,2026-08-06 01:00:00+00:00
1785981600000,212.33999633789062,212.38900756835938,212.30099487304688,212.32699584960938,0,2026-08-06 02:00:00+00:00
1785985200000,212.33099365234375,212.3780059814453,212.2530059814453,212.3000030517578,0,2026-08-06 03:00:00+00:00
1785988800000,212.30599975585938,212.33099365234375,212.27000427246094,212.3159942626953,0,2026-08-06 04:00:00+00:00
1785992400000,212.31100463867188,212.38499450683594,212.26699829101562,212.35000610351562,0,2026-08-06 05:00:00+00:00
1785996000000,212.36700439453125,212.46200561523438,212.3520050048828,212.4250030517578,0,2026-08-06 06:00:00+00:00
1785999600000,212.4250030517578,212.49600219726562,212.2689971923828,212.4739990234375,0,2026-08-06 07:00:00+00:00
1786003200000,212.46600341796875,212.56399536132812,212.4409942626953,212.50799560546875,0,2026-08-06 08:00:00+00:00
1786006800000,212.50999450683594,212.54200744628906,212.36599731445312,212.4340057373047,0,2026-08-06 09:00:00+00:00
1786010400000,212.4290008544922,212.53199768066406,212.36599731445312,212.5050048828125,0,2026-08-06 10:00:00+00:00
1786014000000,212.5070037841797,212.64300537109375,212.4949951171875,212.60299682617188,0,2026-08-06 11:00:00+00:00
1786017600000,212.6060028076172,212.73300170898438,212.50900268554688,212.67799377441406,0,2026-08-06 12:00:00+00:00
1786021200000,212.6820068359375,212.80599975585938,212.6219940185547,212.7530059814453,0,2026-08-06 13:00:00+00:00
1786024800000,212.75999450683594,213.1719970703125,212.75399780273438,213.03199768066406,0,2026-08-06 14:00:00+00:00
1786028400000,213.03199768066406,213.22500610351562,213.02000427246094,213.16099548339844,0,2026-08-06 15:00:00+00:00
1786032000000,213.16000366210938,213.29800415039062,212.85299682617188,213.2830047607422,0,2026-08-06 16:00:00+00:00
1786035600000,213.27999877929688,213.28599548339844,213.0959930419922,213.13699340820312,0,2026-08-06 17:00:00+00:00
1786039200000,213.13699340820312,213.17999267578125,212.9980010986328,213.05099487304688,0,2026-08-06 18:00:00+00:00
1786042800000,213.0500030517578,213.16299438476562,213.02999877929688,213.1179962158203,0,2026-08-06 19:00:00+00:00
1786046400000,213.12399291992188,213.1999969482422,213.06100463867188,213.13600158691406,0,2026-08-06 20:00:00+00:00
1786050000000,213.05299377441406,213.23399353027344,212.9040069580078,213.14599609375,0,2026-08-06 21:00:00+00:00
1786053600000,213.16299438476562,213.20599365234375,213.0469970703125,213.14199829101562,0,2026-08-06 22:00:00+00:00
1786057200000,213.13800048828125,213.16799926757812,213.06199645996094,213.13900756835938,0,2026-08-06 23:00:00+00:00
1786060800000,213.14100646972656,213.26300048828125,213.12899780273438,213.20399475097656,0,2026-08-07 00:00:00+00:00
1786064400000,213.20399475097656,213.23800659179688,212.85000610351562,212.99000549316406,0,2026-08-07 01:00:00+00:00
1786068000000,212.99000549316406,213.0590057373047,212.96800231933594,213.0330047607422,0,2026-08-07 02:00:00+00:00
1786071600000,213.0330047607422,213.1280059814453,213.02000427246094,213.08900451660156,0,2026-08-07 03:00:00+00:00
1786075200000,213.08900451660156,213.13800048828125,213.05499267578125,213.06300354003906,0,2026-08-07 04:00:00+00:00
1786078800000,213.06300354003906,213.10000610351562,212.97799682617188,212.99099731445312,0,2026-08-07 05:00:00+00:00
1786082400000,212.98800659179688,213.06100463867188,212.94900512695312,213.04600524902344,0,2026-08-07 06:00:00+00:00
1786086000000,213.0449981689453,213.10800170898438,212.9409942626953,213.01600646972656,0,2026-08-07 07:00:00+00:00
1786089600000,213.0229949951172,213.09100341796875,212.88699340820312,212.88699340820312,0,2026-08-07 08:00:00+00:00
1786093200000,212.88499450683594,212.9459991455078,212.78900146484375,212.85800170898438,0,2026-08-07 09:00:00+00:00
1786096800000,212.8509979248047,212.88800048828125,212.63400268554688,212.71400451660156,0,2026-08-07 10:00:00+00:00
1786100400000,212.71499633789062,212.94400024414062,212.71499633789062,212.94200134277344,0,2026-08-07 11:00:00+00:00
1786104000000,212.93800354003906,213.0189971923828,211.4199981689453,212.46800231933594,0,2026-08-07 12:00:00+00:00
1786107600000,212.46299743652344,212.79800415039062,212.3000030517578,212.7830047607422,0,2026-08-07 13:00:00+00:00
1786111200000,212.78199768066406,213.05599975585938,212.6999969482422,213.01100158691406,0,2026-08-07 14:00:00+00:00
1786114800000,213.01800537109375,213.05799865722656,212.5030059814453,212.62399291992188,0,2026-08-07 15:00:00+00:00
1786118400000,212.6219940185547,212.6280059814453,212.36300659179688,212.49899291992188,0,2026-08-07 16:00:00+00:00
1786122000000,212.4980010986328,212.54299926757812,212.41000366210938,212.5260009765625,0,2026-08-07 17:00:00+00:00
1786125600000,212.52699279785156,212.70700073242188,212.49899291992188,212.65899658203125,0,2026-08-07 18:00:00+00:00
1786129200000,212.6540069580078,212.75999450683594,212.5489959716797,212.66000366210938,0,2026-08-07 19:00:00+00:00
1786132800000,212.66299438476562,212.9600067138672,212.62600708007812,212.83399963378906,0,2026-08-07 20:00:00+00:00
1786136400000,212.88400268554688,212.88400268554688,212.88400268554688,212.88400268554688,0,2026-08-07 21:00:00+00:00
1786316400000,213.01300048828125,213.04100036621094,212.91700744628906,212.98599243164062,0,2026-08-09 23:00:00+00:00
1786320000000,212.99200439453125,213.1020050048828,212.9530029296875,213.0709991455078,0,2026-08-10 00:00:00+00:00
1786323600000,213.07000732421875,213.51499938964844,213.0489959716797,213.47999572753906,0,2026-08-10 01:00:00+00:00
1786327200000,213.47900390625,213.50399780273438,213.3679962158203,213.37399291992188,0,2026-08-10 02:00:00+00:00
1786330800000,213.3769989013672,213.39599609375,213.26400756835938,213.3209991455078,0,2026-08-10 03:00:00+00:00
1786334400000,213.3179931640625,213.5749969482422,213.3159942626953,213.56300354003906,0,2026-08-10 04:00:00+00:00
1786338000000,213.56199645996094,213.66000366210938,213.53399658203125,213.64999389648438,0,2026-08-10 05:00:00+00:00
1786341600000,213.6529998779297,213.8090057373047,213.65199279785156,213.72799682617188,0,2026-08-10 06:00:00+00:00
1786345200000,213.72500610351562,213.9320068359375,213.71200561523438,213.88600158691406,0,2026-08-10 07:00:00+00:00
1786348800000,213.88600158691406,214.26300048828125,213.8249969482422,214.23699951171875,0,2026-08-10 08:00:00+00:00
1786352400000,214.23699951171875,214.4219970703125,214.23699951171875,214.3679962158203,0,2026-08-10 09:00:00+00:00
1786356000000,214.36199951171875,214.41900634765625,214.26699829101562,214.37100219726562,0,2026-08-10 10:00:00+00:00
1786359600000,214.36399841308594,214.44500732421875,214.3179931640625,214.4080047607422,0,2026-08-10 11:00:00+00:00
1786363200000,214.41200256347656,214.5229949951172,213.84100341796875,214.47999572753906,0,2026-08-10 12:00:00+00:00
1786366800000,214.48199462890625,214.73899841308594,214.45399475097656,214.73699951171875,0,2026-08-10 13:00:00+00:00
1786370400000,214.7310028076172,214.99400329589844,214.67300415039062,214.88699340820312,0,2026-08-10 14:00:00+00:00
1786374000000,214.88699340820312,214.9770050048828,214.8000030517578,214.91600036621094,0,2026-08-10 15:00:00+00:00
1786377600000,214.91299438476562,214.9709930419922,214.85800170898438,214.90499877929688,0,2026-08-10 16:00:00+00:00
1786381200000,214.91099548339844,215.03900146484375,214.8979949951172,214.92799377441406,0,2026-08-10 17:00:00+00:00
1786384800000,214.93099975585938,215.23699951171875,214.88900756835938,215.10899353027344,0,2026-08-10 18:00:00+00:00
1786388400000,215.10899353027344,215.23899841308594,215.06900024414062,215.1719970703125,0,2026-08-10 19:00:00+00:00
1786392000000,215.1719970703125,215.22500610351562,215.06700134277344,215.13299560546875,0,2026-08-10 20:00:00+00:00
1786395600000,215.13099670410156,215.1719970703125,214.75900268554688,215.02699279785156,0,2026-08-10 21:00:00+00:00
1786399200000,215.05999755859375,215.1909942626953,215.01300048828125,215.13400268554688,0,2026-08-10 22:00:00+00:00
1786402800000,215.11399841308594,215.14999389648438,214.98899841308594,215.0279998779297,0,2026-08-10 23:00:00+00:00
1786406400000,215.02200317382812,215.1179962158203,214.78599548339844,215.01199340820312,0,2026-08-11 00:00:00+00:00
1786410000000,215.02000427246094,215.0970001220703,214.91099548339844,215.03900146484375,0,2026-08-11 01:00:00+00:00
1786413600000,215.03900146484375,215.17100524902344,215.01800537109375,215.07400512695312,0,2026-08-11 02:00:00+00:00
1786417200000,215.07200622558594,215.1199951171875,215.02699279785156,215.07699584960938,0,2026-08-11 03:00:00+00:00
1786420800000,215.0780029296875,215.12899780273438,215.0469970703125,215.08099365234375,0,2026-08-11 04:00:00+00:00
1786424400000,215.08099365234375,215.1269989013672,214.99400329589844,215.1179962158203,0,2026-08-11 05:00:00+00:00
1786428000000,215.12100219726562,215.1909942626953,214.95399475097656,215.0050048828125,0,2026-08-11 06:00:00+00:00
1786431600000,215.00799560546875,215.17100524902344,214.9600067138672,215.0749969482422,0,2026-08-11 07:00:00+00:00
1786435200000,215.0800018310547,215.2100067138672,215.02200317382812,215.18699645996094,0,2026-08-11 08:00:00+00:00
1786438800000,215.18699645996094,215.2270050048828,215.07200622558594,215.09100341796875,0,2026-08-11 09:00:00+00:00
1786442400000,215.0850067138672,215.14700317382812,214.8820037841797,214.9239959716797,0,2026-08-11 10:00:00+00:00
1786446000000,214.92100524902344,214.9290008544922,214.75100708007812,214.87399291992188,0,2026-08-11 11:00:00+00:00
1786449600000,214.8800048828125,215.052001953125,214.8679962158203,214.9980010986328,0,2026-08-11 12:00:00+00:00
1786453200000,214.99400329589844,215.052001953125,214.88699340820312,214.96400451660156,0,2026-08-11 13:00:00+00:00
1786456800000,214.96800231933594,215.11500549316406,214.93899536132812,215.0959930419922,0,2026-08-11 14:00:00+00:00
1786460400000,215.0919952392578,215.2220001220703,215.0229949951172,215.21800231933594,0,2026-08-11 15:00:00+00:00
1786464000000,215.218994140625,215.2239990234375,215.02000427246094,215.0959930419922,0,2026-08-11 16:00:00+00:00
1786467600000,215.0959930419922,215.1199951171875,215.01400756835938,215.0989990234375,0,2026-08-11 17:00:00+00:00
1786471200000,215.0989990234375,215.10699462890625,215.01300048828125,215.06100463867188,0,2026-08-11 18:00:00+00:00
1786474800000,215.05299377441406,215.18299865722656,215.05099487304688,215.16099548339844,0,2026-08-11 19:00:00+00:00
1786478400000,215.16099548339844,215.21400451660156,215.0919952392578,215.093994140625,0,2026-08-11 20:00:00+00:00
1786482000000,215.1020050048828,215.15499877929688,214.98399353027344,215.13299560546875,0,2026-08-11 21:00:00+00:00
1786485600000,215.13299560546875,215.2100067138672,215.03700256347656,215.15699768066406,0,2026-08-11 22:00:00+00:00
1786489200000,215.15699768066406,215.20199584960938,215.12399291992188,215.15699768066406,0,2026-08-11 23:00:00+00:00
1786492800000,215.15699768066406,215.26199340820312,215.0780029296875,215.22799682617188,0,2026-08-12 00:00:00+00:00
1786496400000,215.22799682617188,215.25799560546875,215.1320037841797,215.19200134277344,0,2026-08-12 01:00:00+00:00
1786500000000,215.19200134277344,215.31500244140625,215.16600036621094,215.29400634765625,0,2026-08-12 02:00:00+00:00
1786503600000,215.28799438476562,215.37899780273438,215.28399658203125,215.30799865722656,0,2026-08-12 03:00:00+00:00
1786507200000,215.31199645996094,215.33599853515625,215.25100708007812,215.3179931640625,0,2026-08-12 04:00:00+00:00
1786510800000,215.31399536132812,215.32699584960938,215.15899658203125,215.28900146484375,0,2026-08-12 05:00:00+00:00
1786514400000,215.28799438476562,215.31399536132812,215.20700073242188,215.29800415039062,0,2026-08-12 06:00:00+00:00
1786518000000,215.2989959716797,215.3560028076172,215.23899841308594,215.27699279785156,0,2026-08-12 07:00:00+00:00
1786521600000,215.2760009765625,215.29400634765625,215.1909942626953,215.2429962158203,0,2026-08-12 08:00:00+00:00
1786525200000,215.23500061035156,215.33099365234375,214.5030059814453,215.06199645996094,0,2026-08-12 09:00:00+00:00
1786528800000,215.05499267578125,215.24400329589844,215.052001953125,215.13299560546875,0,2026-08-12 10:00:00+00:00
1786532400000,215.1269989013672,215.22300720214844,215.06300354003906,215.20199584960938,0,2026-08-12 11:00:00+00:00
1786536000000,215.20199584960938,215.2239990234375,214.7010040283203,214.97900390625,0,2026-08-12 12:00:00+00:00
1786539600000,214.98199462890625,215.08999633789062,214.82899475097656,215.0679931640625,0,2026-08-12 13:00:00+00:00
1786543200000,215.06399536132812,215.19700622558594,214.97300720214844,215.05999755859375,0,2026-08-12 14:00:00+00:00
1786546800000,215.06199645996094,215.1580047607422,214.9969940185547,215.10699462890625,0,2026-08-12 15:00:00+00:00
1786550400000,215.1060028076172,215.18099975585938,215.06700134277344,215.1179962158203,0,2026-08-12 16:00:00+00:00
1786554000000,215.11900329589844,215.2519989013672,215.11599731445312,215.1909942626953,0,2026-08-12 17:00:00+00:00
1786557600000,215.19400024414062,215.24600219726562,215.11599731445312,215.1199951171875,0,2026-08-12 18:00:00+00:00
1786561200000,215.11700439453125,215.197998046875,215.10800170898438,215.19400024414062,0,2026-08-12 19:00:00+00:00
1786564800000,215.18699645996094,215.20899963378906,215.0760040283203,215.0989990234375,0,2026-08-12 20:00:00+00:00
1786568400000,215.07400512695312,215.1739959716797,214.9720001220703,215.03399658203125,0,2026-08-12 21:00:00+00:00
1786572000000,215.10299682617188,215.13999938964844,215.02000427246094,215.1020050048828,0,2026-08-12 22:00:00+00:00
1786575600000,215.09800720214844,215.11099243164062,215.0260009765625,215.052001953125,0,2026-08-12 23:00:00+00:00
1786579200000,215.052001953125,215.1230010986328,214.96299743652344,215.03700256347656,0,2026-08-13 00:00:00+00:00
1786582800000,215.03700256347656,215.06399536132812,214.96800231933594,215.0,0,2026-08-13 01:00:00+00:00
1786586400000,214.98899841308594,215.09100341796875,214.98199462890625,215.03599548339844,0,2026-08-13 02:00:00+00:00
1786590000000,215.03599548339844,215.11300659179688,215.01300048828125,215.0679931640625,0,2026-08-13 03:00:00+00:00
1786593600000,215.06500244140625,215.11599731445312,214.76600646972656,214.90899658203125,0,2026-08-13 04:00:00+00:00
1786597200000,214.90899658203125,215.05799865722656,214.8769989013672,214.91200256347656,0,2026-08-13 05:00:00+00:00
1786600800000,214.9149932861328,215.04200744628906,214.82400512695312,214.88099670410156,0,2026-08-13 06:00:00+00:00
1786604400000,214.87899780273438,214.93299865722656,214.7790069580078,214.86399841308594,0,2026-08-13 07:00:00+00:00
1786608000000,214.86300659179688,214.9219970703125,214.8000030517578,214.8520050048828,0,2026-08-13 08:00:00+00:00
1786611600000,214.8489990234375,214.98800659179688,214.8179931640625,214.96099853515625,0,2026-08-13 09:00:00+00:00
1786615200000,214.96600341796875,215.11900329589844,214.927001953125,214.93800354003906,0,2026-08-13 10:00:00+00:00
1786618800000,214.9459991455078,214.99600219726562,214.875,214.9709930419922,0,2026-08-13 11:00:00+00:00
1786622400000,214.9709930419922,215.05099487304688,214.81300354003906,215.01699829101562,0,2026-08-13 12:00:00+00:00
1786626000000,215.01800537109375,215.11000061035156,214.94900512695312,214.97999572753906,0,2026-08-13 13:00:00+00:00
1786629600000,214.98199462890625,215.14599609375,214.79200744628906,214.98800659179688,0,2026-08-13 14:00:00+00:00
1786633200000,214.9949951171875,215.11300659179688,214.97799682617188,215.05099487304688,0,2026-08-13 15:00:00+00:00
1786636800000,215.0489959716797,215.08999633789062,214.9709930419922,215.07000732421875,0,2026-08-13 16:00:00+00:00
1786640400000,215.06500244140625,215.1199951171875,215.0019989013672,215.05499267578125,0,2026-08-13 17:00:00+00:00
1786644000000,215.05999755859375,215.093994140625,215.02200317382812,215.072998046875,0,2026-08-13 18:00:00+00:00
1786647600000,215.072998046875,215.1479949951172,215.0659942626953,215.14199829101562,0,2026-08-13 19:00:00+00:00
1786651200000,215.13999938964844,215.18499755859375,215.05299377441406,215.06300354003906,0,2026-08-13 20:00:00+00:00
1786654800000,215.06300354003906,215.17599487304688,214.93699645996094,215.05299377441406,0,2026-08-13 21:00:00+00:00
1786658400000,215.08900451660156,215.13999938964844,214.9980010986328,215.07400512695312,0,2026-08-13 22:00:00+00:00
1786662000000,215.0919952392578,215.11900329589844,215.05799865722656,215.0709991455078,0,2026-08-13 23:00:00+00:00
1786665600000,215.07000732421875,215.18600463867188,215.03199768066406,215.11000061035156,0,2026-08-14 00:00:00+00:00
1786669200000,215.11099243164062,215.15499877929688,215.072998046875,215.08299255371094,0,2026-08-14 01:00:00+00:00
1786672800000,215.0749969482422,215.0989990234375,215.0240020751953,215.03500366210938,0,2026-08-14 02:00:00+00:00
1786676400000,215.03599548339844,215.0970001220703,214.99899291992188,215.0760040283203,0,2026-08-14 03:00:00+00:00
1786680000000,215.0780029296875,215.13400268554688,215.052001953125,215.07400512695312,0,2026-08-14 04:00:00+00:00
1786683600000,215.07400512695312,215.093994140625,214.87600708007812,215.00999450683594,0,2026-08-14 05:00:00+00:00
1786687200000,215.0030059814453,215.05599975585938,214.87399291992188,215.0449981689453,0,2026-08-14 06:00:00+00:00
1786690800000,215.0489959716797,215.16400146484375,215.0240020751953,215.11599731445312,0,2026-08-14 07:00:00+00:00
1786694400000,215.11599731445312,215.26100158691406,215.0780029296875,215.24000549316406,0,2026-08-14 08:00:00+00:00
1786698000000,215.24099731445312,215.2729949951172,215.13299560546875,215.23300170898438,0,2026-08-14 09:00:00+00:00
1786701600000,215.23699951171875,215.34500122070312,215.1929931640625,215.3249969482422,0,2026-08-14 10:00:00+00:00
1786705200000,215.3260040283203,215.46099853515625,215.31199645996094,215.35000610351562,0,2026-08-14 11:00:00+00:00
1786708800000,215.3489990234375,215.35299682617188,214.8820037841797,215.14999389648438,0,2026-08-14 12:00:00+00:00
1786712400000,215.14999389648438,215.47999572753906,215.1230010986328,215.37399291992188,0,2026-08-14 13:00:00+00:00
1786716000000,215.375,215.56399536132812,215.3489990234375,215.45599365234375,0,2026-08-14 14:00:00+00:00
1786719600000,215.4510040283203,215.802001953125,215.3979949951172,215.7969970703125,0,2026-08-14 15:00:00+00:00
1786723200000,215.79600524902344,215.8939971923828,215.7480010986328,215.76699829101562,0,2026-08-14 16:00:00+00:00
1786726800000,215.75900268554688,215.7729949951172,215.5989990234375,215.64599609375,0,2026-08-14 17:00:00+00:00
1786730400000,215.64599609375,215.7270050048828,215.62399291992188,215.68899536132812,0,2026-08-14 18:00:00+00:00
1786734000000,215.68600463867188,215.74400329589844,215.66700744628906,215.68699645996094,0,2026-08-14 19:00:00+00:00
1786737600000,215.68699645996094,215.6959991455078,215.49099731445312,215.54400634765625,0,2026-08-14 20:00:00+00:00
1786741200000,215.66700744628906,215.66700744628906,215.66700744628906,215.66700744628906,0,2026-08-14 21:00:00+00:00
1786921200000,215.5229949951172,215.6999969482422,215.51800537109375,215.68600463867188,0,2026-08-16 23:00:00+00:00
1786924800000,215.68299865722656,215.74200439453125,215.52099609375,215.54800415039062,0,2026-08-17 00:00:00+00:00
1786928400000,215.54600524902344,215.64199829101562,215.51499938964844,215.6009979248047,0,2026-08-17 01:00:00+00:00
1786932000000,215.5970001220703,215.61399841308594,215.4550018310547,215.48599243164062,0,2026-08-17 02:00:00+00:00
1786935600000,215.4949951171875,215.6219940185547,215.48599243164062,215.60000610351562,0,2026-08-17 03:00:00+00:00
1786939200000,215.5959930419922,215.66400146484375,215.5760040283203,215.62100219726562,0,2026-08-17 04:00:00+00:00
1786942800000,215.6199951171875,215.63600158691406,215.47300720214844,215.61399841308594,0,2026-08-17 05:00:00+00:00
1786946400000,215.61199951171875,215.6300048828125,215.50100708007812,215.52000427246094,0,2026-08-17 06:00:00+00:00
1786950000000,215.52099609375,215.63299560546875,215.40199279785156,215.58299255371094,0,2026-08-17 07:00:00+00:00
1786953600000,215.58299255371094,215.7570037841797,215.55499267578125,215.6750030517578,0,2026-08-17 08:00:00+00:00
1786957200000,215.66799926757812,215.8509979248047,215.64700317382812,215.8040008544922,0,2026-08-17 09:00:00+00:00
1786960800000,215.80499267578125,215.86000061035156,215.76499938964844,215.7969970703125,0,2026-08-17 10:00:00+00:00
1786964400000,215.79299926757812,215.90899658203125,215.77099609375,215.86099243164062,0,2026-08-17 11:00:00+00:00
1786968000000,215.86099243164062,215.947998046875,215.74200439453125,215.94000244140625,0,2026-08-17 12:00:00+00:00
1786971600000,215.93699645996094,216.08299255371094,215.91700744628906,215.95599365234375,0,2026-08-17 13:00:00+00:00
1786975200000,215.9530029296875,216.04299926757812,215.80599975585938,215.8730010986328,0,2026-08-17 14:00:00+00:00
1786978800000,215.875,216.11300659179688,215.85000610351562,216.0919952392578,0,2026-08-17 15:00:00+00:00
1786982400000,216.0919952392578,216.15499877929688,216.05499267578125,216.07400512695312,0,2026-08-17 16:00:00+00:00
1786986000000,216.0659942626953,216.13499450683594,215.9969940185547,216.01300048828125,0,2026-08-17 17:00:00+00:00
1786989600000,216.01300048828125,216.07400512695312,215.98800659179688,216.0500030517578,0,2026-08-17 18:00:00+00:00
1786993200000,216.0489959716797,216.06399536132812,215.88699340820312,215.9550018310547,0,2026-08-17 19:00:00+00:00
1786996800000,215.96299743652344,216.01600646972656,215.84800720214844,215.92799377441406,0,2026-08-17 20:00:00+00:00
1787000400000,215.91000366210938,216.06900024414062,215.71600341796875,215.82699584960938,0,2026-08-17 21:00:00+00:00
1787004000000,215.82699584960938,215.9810028076172,215.79400634765625,215.89700317382812,0,2026-08-17 22:00:00+00:00
1787007600000,215.8990020751953,215.9149932861328,215.8489990234375,215.89700317382812,0,2026-08-17 23:00:00+00:00
1787011200000,215.88999938964844,216.10899353027344,215.88600158691406,216.02200317382812,0,2026-08-18 00:00:00+00:00
1787014800000,216.0290069580078,216.0850067138672,215.97900390625,216.0590057373047,0,2026-08-18 01:00:00+00:00
1787018400000,216.0590057373047,216.0989990234375,215.93299865722656,215.99600219726562,0,2026-08-18 02:00:00+00:00
1787022000000,215.9969940185547,216.01300048828125,215.90499877929688,215.95199584960938,0,2026-08-18 03:00:00+00:00
1787025600000,215.95899963378906,216.21600341796875,215.94400024414062,216.1490020751953,0,2026-08-18 04:00:00+00:00
1787029200000,216.1490020751953,216.18499755859375,216.0540008544922,216.09300231933594,0,2026-08-18 05:00:00+00:00
1787032800000,216.09800720214844,216.1999969482422,215.947998046875,216.04200744628906,0,2026-08-18 06:00:00+00:00
1787036400000,216.0449981689453,216.0989990234375,215.968994140625,216.07699584960938,0,2026-08-18 07:00:00+00:00
1787040000000,216.07000732421875,216.09800720214844,215.98500061035156,216.0590057373047,0,2026-08-18 08:00:00+00:00
1787043600000,216.05999755859375,216.06700134277344,215.92599487304688,215.98300170898438,0,2026-08-18 09:00:00+00:00
1787047200000,215.97500610351562,216.0679931640625,215.91700744628906,216.00399780273438,0,2026-08-18 10:00:00+00:00
1787050800000,216.01300048828125,216.0399932861328,215.95399475097656,216.02200317382812,0,2026-08-18 11:00:00+00:00
1787054400000,216.02000427246094,216.0760040283203,215.9499969482422,216.0489959716797,0,2026-08-18 12:00:00+00:00
1787058000000,216.04200744628906,216.1230010986328,215.9770050048828,216.07400512695312,0,2026-08-18 13:00:00+00:00
1787061600000,216.0749969482422,216.1479949951172,215.97000122070312,216.0780029296875,0,2026-08-18 14:00:00+00:00
1787065200000,216.0749969482422,216.13400268554688,215.99400329589844,216.13299560546875,0,2026-08-18 15:00:00+00:00
1787068800000,216.12899780273438,216.17300415039062,216.06500244140625,216.06700134277344,0,2026-08-18 16:00:00+00:00
1787072400000,216.07000732421875,216.072998046875,215.98599243164062,216.01199340820312,0,2026-08-18 17:00:00+00:00
1787076000000,216.01300048828125,216.04600524902344,215.97999572753906,216.0,0,2026-08-18 18:00:00+00:00
1787079600000,216.00399780273438,216.07400512695312,215.9759979248047,216.031005859375,0,2026-08-18 19:00:00+00:00
1787083200000,216.03799438476562,216.0469970703125,215.9149932861328,215.97000122070312,0,2026-08-18 20:00:00+00:00
1787086800000,215.97300720214844,216.0800018310547,215.80099487304688,215.98300170898438,0,2026-08-18 21:00:00+00:00
1787090400000,215.9709930419922,216.031005859375,215.8719940185547,215.98399353027344,0,2026-08-18 22:00:00+00:00
1787094000000,215.98300170898438,215.99400329589844,215.9320068359375,215.96800231933594,0,2026-08-18 23:00:00+00:00
1787097600000,215.97000122070312,215.97000122070312,215.70199584960938,215.73399353027344,0,2026-08-19 00:00:00+00:00
1787101200000,215.72799682617188,215.78799438476562,215.69400024414062,215.7429962158203,0,2026-08-19 01:00:00+00:00
1787104800000,215.75,215.7790069580078,215.68699645996094,215.7689971923828,0,2026-08-19 02:00:00+00:00
1787108400000,215.76300048828125,215.86199951171875,215.75399780273438,215.81100463867188,0,2026-08-19 03:00:00+00:00
1787112000000,215.81100463867188,215.81900024414062,215.62399291992188,215.75599670410156,0,2026-08-19 04:00:00+00:00
1787115600000,215.7550048828125,215.77099609375,215.60299682617188,215.72999572753906,0,2026-08-19 05:00:00+00:00
1787119200000,215.72999572753906,215.81399536132812,215.60899353027344,215.78399658203125,0,2026-08-19 06:00:00+00:00
1787122800000,215.78599548339844,215.82699584960938,215.65699768066406,215.76100158691406,0,2026-08-19 07:00:00+00:00
1787126400000,215.75599670410156,215.80499267578125,215.6230010986328,215.72000122070312,0,2026-08-19 08:00:00+00:00
1787130000000,215.72000122070312,215.8419952392578,215.64999389648438,215.69000244140625,0,2026-08-19 09:00:00+00:00
1787133600000,215.69000244140625,215.7689971923828,215.6320037841797,215.66900634765625,0,2026-08-19 10:00:00+00:00
1787137200000,215.66900634765625,215.73899841308594,215.6280059814453,215.67599487304688,0,2026-08-19 11:00:00+00:00
1787140800000,215.677001953125,215.71499633789062,214.81900024414062,215.60299682617188,0,2026-08-19 12:00:00+00:00
1787144400000,215.59800720214844,215.8820037841797,215.5070037841797,215.74600219726562,0,2026-08-19 13:00:00+00:00
1787148000000,215.7530059814453,215.77200317382812,215.3419952392578,215.48399353027344,0,2026-08-19 14:00:00+00:00
1787151600000,215.48500061035156,215.7100067138672,215.48300170898438,215.5959930419922,0,2026-08-19 15:00:00+00:00
1787155200000,215.6009979248047,215.65899658203125,215.52099609375,215.56300354003906,0,2026-08-19 16:00:00+00:00
1787158800000,215.5570068359375,215.61599731445312,215.4759979248047,215.52999877929688,0,2026-08-19 17:00:00+00:00
1787162400000,215.55299377441406,215.55299377441406,215.33099365234375,215.4199981689453,0,2026-08-19 18:00:00+00:00
1787166000000,215.4199981689453,215.4739990234375,215.1179962158203,215.19200134277344,0,2026-08-19 19:00:00+00:00
1787169600000,215.19400024414062,215.2209930419922,215.0959930419922,215.1750030517578,0,2026-08-19 20:00:00+00:00
1787173200000,215.13999938964844,215.25599670410156,214.91799926757812,215.0970001220703,0,2026-08-19 21:00:00+00:00
1787176800000,215.11599731445312,215.21499633789062,215.0399932861328,215.20599365234375,0,2026-08-19 22:00:00+00:00
1787180400000,215.1840057373047,215.2550048828125,215.1840057373047,215.23399353027344,0,2026-08-19 23:00:00+00:00
1787184000000,215.22799682617188,215.4429931640625,215.19500732421875,215.41799926757812,0,2026-08-20 00:00:00+00:00
1787187600000,215.41200256347656,215.72300720214844,215.406005859375,215.7169952392578,0,2026-08-20 01:00:00+00:00
1787191200000,215.71400451660156,215.73800659179688,215.50599670410156,215.5590057373047,0,2026-08-20 02:00:00+00:00
1787194800000,215.55099487304688,215.7220001220703,215.55099487304688,215.68299865722656,0,2026-08-20 03:00:00+00:00
1787198400000,215.68299865722656,215.87100219726562,215.6649932861328,215.76400756835938,0,2026-08-20 04:00:00+00:00
1787202000000,215.76600646972656,215.90899658203125,215.75799560546875,215.80999755859375,0,2026-08-20 05:00:00+00:00
1787205600000,215.8159942626953,215.83599853515625,215.6230010986328,215.63499450683594,0,2026-08-20 06:00:00+00:00
1787209200000,215.63499450683594,215.95199584960938,215.50100708007812,215.8679962158203,0,2026-08-20 07:00:00+00:00
1787212800000,215.86500549316406,216.1820068359375,215.8419952392578,216.10800170898438,0,2026-08-20 08:00:00+00:00
1787216400000,216.10800170898438,216.11300659179688,215.843994140625,216.0919952392578,0,2026-08-20 09:00:00+00:00
1787220000000,216.08999633789062,216.2530059814453,216.00100708007812,216.2209930419922,0,2026-08-20 10:00:00+00:00
1787223600000,216.2209930419922,216.3350067138672,216.15499877929688,216.27499389648438,0,2026-08-20 11:00:00+00:00
1787227200000,216.27999877929688,216.45399475097656,216.26600646972656,216.4239959716797,0,2026-08-20 12:00:00+00:00
1787230800000,216.4149932861328,216.54400634765625,216.33900451660156,216.52999877929688,0,2026-08-20 13:00:00+00:00
1787234400000,216.53199768066406,216.62399291992188,216.3470001220703,216.3679962158203,0,2026-08-20 14:00:00+00:00
1787238000000,216.3679962158203,216.71600341796875,216.18699645996094,216.61700439453125,0,2026-08-20 15:00:00+00:00
1787241600000,216.6230010986328,216.80299377441406,216.5959930419922,216.718994140625,0,2026-08-20 16:00:00+00:00
1787245200000,216.718994140625,216.76600646972656,216.64199829101562,216.74200439453125,0,2026-08-20 17:00:00+00:00
1787248800000,216.74099731445312,216.875,216.71800231933594,216.86500549316406,0,2026-08-20 18:00:00+00:00
1787252400000,216.86700439453125,216.8990020751953,216.8350067138672,216.8350067138672,0,2026-08-20 19:00:00+00:00
1787256000000,216.83700561523438,216.87399291992188,216.71400451660156,216.7169952392578,0,2026-08-20 20:00:00+00:00
1787259600000,216.75100708007812,216.87399291992188,216.5959930419922,216.7550048828125,0,2026-08-20 21:00:00+00:00
1787263200000,216.75100708007812,216.83999633789062,216.73500061035156,216.7530059814453,0,2026-08-20 22:00:00+00:00
1787266800000,216.75,216.81500244140625,216.69400024414062,216.77200317382812,0,2026-08-20 23:00:00+00:00
1787270400000,216.77699279785156,217.03700256347656,216.74099731445312,216.96400451660156,0,2026-08-21 00:00:00+00:00
1787274000000,216.96400451660156,217.01699829101562,216.85800170898438,216.87399291992188,0,2026-08-21 01:00:00+00:00
1787277600000,216.87399291992188,217.0050048828125,216.83999633789062,216.96600341796875,0,2026-08-21 02:00:00+00:00
1787281200000,216.96299743652344,217.05599975585938,216.93800354003906,216.95700073242188,0,2026-08-21 03:00:00+00:00
1787284800000,216.96200561523438,216.98699951171875,216.88400268554688,216.92999267578125,0,2026-08-21 04:00:00+00:00
1787288400000,216.92999267578125,216.95599365234375,216.77200317382812,216.8209991455078,0,2026-08-21 05:00:00+00:00
1787292000000,216.82400512695312,216.927001953125,216.7209930419922,216.87100219726562,0,2026-08-21 06:00:00+00:00
1787295600000,216.8730010986328,216.91799926757812,216.5500030517578,216.64199829101562,0,2026-08-21 07:00:00+00:00
1787299200000,216.64100646972656,216.6580047607422,216.51300048828125,216.6179962158203,0,2026-08-21 08:00:00+00:00
1787302800000,216.61900329589844,216.6649932861328,216.4499969482422,216.56700134277344,0,2026-08-21 09:00:00+00:00
1787306400000,216.5709991455078,216.71299743652344,216.54800415039062,216.60000610351562,0,2026-08-21 10:00:00+00:00
1787310000000,216.5970001220703,216.75999450683594,216.5659942626953,216.7220001220703,0,2026-08-21 11:00:00+00:00
1787313600000,216.71600341796875,216.79200744628906,216.53799438476562,216.58599853515625,0,2026-08-21 12:00:00+00:00
1787317200000,216.5850067138672,216.7010040283203,216.50799560546875,216.6300048828125,0,2026-08-21 13:00:00+00:00
1787320800000,216.63299560546875,216.6959991455078,216.4949951171875,216.552001953125,0,2026-08-21 14:00:00+00:00
1787324400000,216.56199645996094,216.80799865722656,216.53799438476562,216.78599548339844,0,2026-08-21 15:00:00+00:00
1787328000000,216.7830047607422,216.86199951171875,216.7220001220703,216.85400390625,0,2026-08-21 16:00:00+00:00
1787331600000,216.85299682617188,217.0399932861328,216.85299682617188,217.031005859375,0,2026-08-21 17:00:00+00:00
1787335200000,217.02999877929688,217.10499572753906,217.02699279785156,217.0780029296875,0,2026-08-21 18:00:00+00:00
1787338800000,217.0800018310547,217.1009979248047,216.95399475097656,216.98199462890625,0,2026-08-21 19:00:00+00:00
1787342400000,216.97900390625,217.00100708007812,216.78500366210938,216.8990020751953,0,2026-08-21 20:00:00+00:00
1787346000000,216.78700256347656,216.78700256347656,216.78700256347656,216.78700256347656,0,2026-08-21 21:00:00+00:00
1787526000000,216.86199951171875,216.98899841308594,216.84800720214844,216.91799926757812,0,2026-08-23 23:00:00+00:00
1787529600000,216.9219970703125,216.93899536132812,216.66099548339844,216.73399353027344,0,2026-08-24 00:00:00+00:00
1787533200000,216.72900390625,216.84800720214844,216.718994140625,216.7760009765625,0,2026-08-24 01:00:00+00:00
1787536800000,216.7760009765625,216.8699951171875,216.74899291992188,216.85699462890625,0,2026-08-24 02:00:00+00:00
1787540400000,216.85899353027344,216.91099548339844,216.8489990234375,216.86500549316406,0,2026-08-24 03:00:00+00:00
1787544000000,216.86099243164062,216.8730010986328,216.69900512695312,216.7989959716797,0,2026-08-24 04:00:00+00:00
1787547600000,216.79800415039062,216.85800170898438,216.78799438476562,216.79800415039062,0,2026-08-24 05:00:00+00:00
1787551200000,216.79600524902344,216.968994140625,216.73500061035156,216.96800231933594,0,2026-08-24 06:00:00+00:00
1787554800000,216.96600341796875,217.1490020751953,216.9459991455078,216.9720001220703,0,2026-08-24 07:00:00+00:00
1787558400000,216.9759979248047,217.1020050048828,216.83799743652344,216.8419952392578,0,2026-08-24 08:00:00+00:00
1787562000000,216.8419952392578,217.0590057373047,216.8419952392578,217.05799865722656,0,2026-08-24 09:00:00+00:00
1787565600000,217.05099487304688,217.06700134277344,216.8730010986328,216.9219970703125,0,2026-08-24 10:00:00+00:00
1787569200000,216.927001953125,217.0019989013672,216.82899475097656,216.93800354003906,0,2026-08-24 11:00:00+00:00
1787572800000,216.93699645996094,216.99600219726562,216.7760009765625,216.97900390625,0,2026-08-24 12:00:00+00:00
1787576400000,216.9770050048828,217.1699981689453,216.9669952392578,217.02999877929688,0,2026-08-24 13:00:00+00:00
1787580000000,217.03900146484375,217.1009979248047,216.97900390625,217.04600524902344,0,2026-08-24 14:00:00+00:00
1787583600000,217.04100036621094,217.09300231933594,216.92799377441406,216.9459991455078,0,2026-08-24 15:00:00+00:00
1787587200000,216.94400024414062,216.9709930419922,216.83200073242188,216.88299560546875,0,2026-08-24 16:00:00+00:00
1787590800000,216.88299560546875,216.92999267578125,216.802001953125,216.90699768066406,0,2026-08-24 17:00:00+00:00
1787594400000,216.90699768066406,217.00799560546875,216.88800048828125,216.97799682617188,0,2026-08-24 18:00:00+00:00
1787598000000,216.9739990234375,216.98399353027344,216.87899780273438,216.8990020751953,0,2026-08-24 19:00:00+00:00
1787601600000,216.9040069580078,216.94500732421875,216.78900146484375,216.81100463867188,0,2026-08-24 20:00:00+00:00
1787605200000,216.78700256347656,216.9759979248047,216.6060028076172,216.8260040283203,0,2026-08-24 21:00:00+00:00
1787608800000,216.8179931640625,216.92300415039062,216.7779998779297,216.90899658203125,0,2026-08-24 22:00:00+00:00
1787612400000,216.91000366210938,217.0290069580078,216.86399841308594,217.01100158691406,0,2026-08-24 23:00:00+00:00
1787616000000,217.01400756835938,217.11700439453125,216.9720001220703,217.11500549316406,0,2026-08-25 00:00:00+00:00
1787619600000,217.11599731445312,217.16600036621094,217.0050048828125,217.10499572753906,0,2026-08-25 01:00:00+00:00
1787623200000,217.10499572753906,217.26600646972656,217.08799743652344,217.23699951171875,0,2026-08-25 02:00:00+00:00
1787626800000,217.22999572753906,217.25399780273438,217.13099670410156,217.14100646972656,0,2026-08-25 03:00:00+00:00
1787630400000,217.13699340820312,217.1479949951172,216.94400024414062,217.0659942626953,0,2026-08-25 04:00:00+00:00
1787634000000,217.06100463867188,217.12899780273438,217.01300048828125,217.0489959716797,0,2026-08-25 05:00:00+00:00
1787637600000,217.0469970703125,217.23300170898438,217.0,217.2310028076172,0,2026-08-25 06:00:00+00:00
1787641200000,217.2310028076172,217.468994140625,217.22799682617188,217.44000244140625,0,2026-08-25 07:00:00+00:00
1787644800000,217.44900512695312,217.4550018310547,217.2740020751953,217.36700439453125,0,2026-08-25 08:00:00+00:00
1787648400000,217.36000061035156,217.4239959716797,217.27099609375,217.29800415039062,0,2026-08-25 09:00:00+00:00
1787652000000,217.29800415039062,217.3159942626953,217.1219940185547,217.14100646972656,0,2026-08-25 10:00:00+00:00
1787655600000,217.13999938964844,217.16299438476562,217.0749969482422,217.08299255371094,0,2026-08-25 11:00:00+00:00
1787659200000,217.08299255371094,217.20799255371094,217.03399658203125,217.2010040283203,0,2026-08-25 12:00:00+00:00
1787662800000,217.197998046875,217.30999755859375,217.16799926757812,217.19500732421875,0,2026-08-25 13:00:00+00:00
1787666400000,217.1999969482422,217.25799560546875,217.0679931640625,217.1020050048828,0,2026-08-25 14:00:00+00:00
1787670000000,217.0970001220703,217.19000244140625,217.03399658203125,217.15699768066406,0,2026-08-25 15:00:00+00:00
1787673600000,217.15899658203125,217.20899963378906,217.11099243164062,217.16099548339844,0,2026-08-25 16:00:00+00:00
1787677200000,217.1580047607422,217.25799560546875,217.1540069580078,217.22999572753906,0,2026-08-25 17:00:00+00:00
1787680800000,217.22900390625,217.28700256347656,217.22500610351562,217.26499938964844,0,2026-08-25 18:00:00+00:00
1787684400000,217.26699829101562,217.2989959716797,217.18600463867188,217.26100158691406,0,2026-08-25 19:00:00+00:00
1787688000000,217.26100158691406,217.34500122070312,217.1959991455078,217.1959991455078,0,2026-08-25 20:00:00+00:00
1787691600000,217.218994140625,217.3560028076172,216.76499938964844,217.24200439453125,0,2026-08-25 21:00:00+00:00
1787695200000,217.21099853515625,217.31300354003906,217.1909942626953,217.3040008544922,0,2026-08-25 22:00:00+00:00
1787698800000,217.30099487304688,217.33700561523438,217.2530059814453,217.25900268554688,0,2026-08-25 23:00:00+00:00
1787702400000,217.2570037841797,217.32699584960938,217.1300048828125,217.1820068359375,0,2026-08-26 00:00:00+00:00
1787706000000,217.1719970703125,217.197998046875,216.92999267578125,217.01300048828125,0,2026-08-26 01:00:00+00:00
1787709600000,217.00799560546875,217.01499938964844,216.80299377441406,216.91799926757812,0,2026-08-26 02:00:00+00:00
1787713200000,216.91700744628906,216.92300415039062,216.68699645996094,216.7689971923828,0,2026-08-26 03:00:00+00:00
1787716800000,216.76400756835938,216.8209991455078,216.73500061035156,216.7969970703125,0,2026-08-26 04:00:00+00:00
1787720400000,216.7989959716797,216.8260040283203,216.74600219726562,216.8040008544922,0,2026-08-26 05:00:00+00:00
1787724000000,216.802001953125,216.8459930419922,216.7310028076172,216.82400512695312,0,2026-08-26 06:00:00+00:00
1787727600000,216.8249969482422,216.88400268554688,216.7100067138672,216.7530059814453,0,2026-08-26 07:00:00+00:00
1787731200000,216.7530059814453,216.79299926757812,216.656005859375,216.6999969482422,0,2026-08-26 08:00:00+00:00
1787734800000,216.6999969482422,216.72799682617188,216.58399963378906,216.64199829101562,0,2026-08-26 09:00:00+00:00
1787738400000,216.64199829101562,216.71200561523438,216.5540008544922,216.6790008544922,0,2026-08-26 10:00:00+00:00
1787742000000,216.6790008544922,216.85000610351562,216.66000366210938,216.8070068359375,0,2026-08-26 11:00:00+00:00
1787745600000,216.80499267578125,216.8509979248047,216.5449981689453,216.66600036621094,0,2026-08-26 12:00:00+00:00
1787749200000,216.66600036621094,216.8159942626953,216.6510009765625,216.80499267578125,0,2026-08-26 13:00:00+00:00
1787752800000,216.80499267578125,216.8070068359375,216.53500366210938,216.5919952392578,0,2026-08-26 14:00:00+00:00
1787756400000,216.59500122070312,216.6750030517578,216.53799438476562,216.63299560546875,0,2026-08-26 15:00:00+00:00
1787760000000,216.62899780273438,216.66700744628906,216.56199645996094,216.64700317382812,0,2026-08-26 16:00:00+00:00
1787763600000,216.6510009765625,216.69400024414062,216.62100219726562,216.6719970703125,0,2026-08-26 17:00:00+00:00
1787767200000,216.67599487304688,216.6959991455078,216.60699462890625,216.63999938964844,0,2026-08-26 18:00:00+00:00
1787770800000,216.63999938964844,216.66000366210938,216.57699584960938,216.61000061035156,0,2026-08-26 19:00:00+00:00
1787774400000,216.6060028076172,216.64500427246094,216.50799560546875,216.52000427246094,0,2026-08-26 20:00:00+00:00
1787778000000,216.51400756835938,216.56500244140625,216.0989990234375,216.41799926757812,0,2026-08-26 21:00:00+00:00
1787781600000,216.4709930419922,216.6020050048828,216.36700439453125,216.4949951171875,0,2026-08-26 22:00:00+00:00
1787785200000,216.4929962158203,216.5489959716797,216.44400024414062,216.49600219726562,0,2026-08-26 23:00:00+00:00
1787788800000,216.4980010986328,216.51199340820312,216.25900268554688,216.33700561523438,0,2026-08-27 00:00:00+00:00
1787792400000,216.33700561523438,216.47300720214844,216.28399658203125,216.44700622558594,0,2026-08-27 01:00:00+00:00
1787796000000,216.44700622558594,216.5959930419922,216.44500732421875,216.52999877929688,0,2026-08-27 02:00:00+00:00
1787799600000,216.52999877929688,216.57200622558594,216.48899841308594,216.49099731445312,0,2026-08-27 03:00:00+00:00
1787803200000,216.4969940185547,216.57400512695312,216.49000549316406,216.50999450683594,0,2026-08-27 04:00:00+00:00
1787806800000,216.50999450683594,216.5570068359375,216.45199584960938,216.53399658203125,0,2026-08-27 05:00:00+00:00
1787810400000,216.53399658203125,216.58099365234375,216.49200439453125,216.53900146484375,0,2026-08-27 06:00:00+00:00
1787814000000,216.53700256347656,216.58999633789062,216.43299865722656,216.5030059814453,0,2026-08-27 07:00:00+00:00
1787817600000,216.5030059814453,216.5749969482422,216.3300018310547,216.3350067138672,0,2026-08-27 08:00:00+00:00
1787821200000,216.33599853515625,216.5449981689453,216.26600646972656,216.47900390625,0,2026-08-27 09:00:00+00:00
1787824800000,216.47500610351562,216.57699584960938,216.41299438476562,216.47300720214844,0,2026-08-27 10:00:00+00:00
1787828400000,216.4759979248047,216.58200073242188,216.41900634765625,216.4669952392578,0,2026-08-27 11:00:00+00:00
1787832000000,216.468994140625,216.50799560546875,216.35800170898438,216.37100219726562,0,2026-08-27 12:00:00+00:00
1787835600000,216.3730010986328,216.76699829101562,216.36599731445312,216.60299682617188,0,2026-08-27 13:00:00+00:00
1787839200000,216.60400390625,216.61099243164062,216.2899932861328,216.3820037841797,0,2026-08-27 14:00:00+00:00
1787842800000,216.3769989013672,216.56100463867188,216.3489990234375,216.55099487304688,0,2026-08-27 15:00:00+00:00
1787846400000,216.552001953125,216.60699462890625,216.48399353027344,216.51199340820312,0,2026-08-27 16:00:00+00:00
1787850000000,216.50900268554688,216.5959930419922,216.49899291992188,216.58900451660156,0,2026-08-27 17:00:00+00:00
1787853600000,216.59100341796875,216.64599609375,216.53399658203125,216.6269989013672,0,2026-08-27 18:00:00+00:00
1787857200000,216.625,216.66000366210938,216.54400634765625,216.60000610351562,0,2026-08-27 19:00:00+00:00
1787860800000,216.60000610351562,216.68600463867188,216.56300354003906,216.61900329589844,0,2026-08-27 20:00:00+00:00
1787864400000,216.58200073242188,216.74200439453125,216.10400390625,216.58200073242188,0,2026-08-27 21:00:00+00:00
1787868000000,216.5959930419922,216.68600463867188,216.51300048828125,216.64999389648438,0,2026-08-27 22:00:00+00:00
1787871600000,216.64700317382812,216.68899536132812,216.58200073242188,216.59500122070312,0,2026-08-27 23:00:00+00:00
1787875200000,216.59500122070312,216.6750030517578,216.5780029296875,216.6490020751953,0,2026-08-28 00:00:00+00:00
1787878800000,216.6540069580078,216.68899536132812,216.58200073242188,216.656005859375,0,2026-08-28 01:00:00+00:00
1787882400000,216.64999389648438,216.73399353027344,216.60000610351562,216.7100067138672,0,2026-08-28 02:00:00+00:00
1787886000000,216.71099853515625,216.76400756835938,216.64999389648438,216.66600036621094,0,2026-08-28 03:00:00+00:00
1787889600000,216.6649932861328,216.74400329589844,216.66299438476562,216.71600341796875,0,2026-08-28 04:00:00+00:00
1787893200000,216.71099853515625,216.8000030517578,216.70599365234375,216.7480010986328,0,2026-08-28 05:00:00+00:00
1787896800000,216.7530059814453,216.81399536132812,216.66600036621094,216.6719970703125,0,2026-08-28 06:00:00+00:00
1787900400000,216.6699981689453,216.74000549316406,216.53700256347656,216.697998046875,0,2026-08-28 07:00:00+00:00
1787904000000,216.69700622558594,216.8159942626953,216.6840057373047,216.79600524902344,0,2026-08-28 08:00:00+00:00
1787907600000,216.79600524902344,216.89199829101562,216.73500061035156,216.8560028076172,0,2026-08-28 09:00:00+00:00
1787911200000,216.8520050048828,217.01600646972656,216.83299255371094,216.95399475097656,0,2026-08-28 10:00:00+00:00
1787914800000,216.95899963378906,216.96499633789062,216.86599731445312,216.86599731445312,0,2026-08-28 11:00:00+00:00
1787918400000,216.86700439453125,216.89599609375,216.65699768066406,216.75,0,2026-08-28 12:00:00+00:00
1787922000000,216.74400329589844,216.82699584960938,216.63499450683594,216.70199584960938,0,2026-08-28 13:00:00+00:00
1787925600000,216.64700317382812,217.05099487304688,216.33299255371094,216.95700073242188,0,2026-08-28 14:00:00+00:00
1787929200000,216.9550018310547,217.03599548339844,216.76499938964844,216.7989959716797,0,2026-08-28 15:00:00+00:00
1787932800000,216.802001953125,216.9340057373047,216.69000244140625,216.83399963378906,0,2026-08-28 16:00:00+00:00
1787936400000,216.8350067138672,216.83900451660156,216.677001953125,216.70199584960938,0,2026-08-28 17:00:00+00:00
1787940000000,216.70199584960938,216.70899963378906,216.6439971923828,216.65499877929688,0,2026-08-28 18:00:00+00:00
1787943600000,216.65499877929688,216.73699951171875,216.5919952392578,216.69900512695312,0,2026-08-28 19:00:00+00:00
1787947200000,216.69700622558594,216.73199462890625,216.4709930419922,216.54800415039062,0,2026-08-28 20:00:00+00:00
1788130800000,216.72300720214844,216.84500122070312,216.7220001220703,216.79100036621094,0,2026-08-30 23:00:00+00:00
1788134400000,216.7899932861328,216.79800415039062,216.58799743652344,216.66400146484375,0,2026-08-31 00:00:00+00:00
1788138000000,216.6699981689453,216.677001953125,216.3990020751953,216.45799255371094,0,2026-08-31 01:00:00+00:00
1788141600000,216.4459991455078,216.4759979248047,216.33200073242188,216.39999389648438,0,2026-08-31 02:00:00+00:00
1788145200000,216.39999389648438,216.4770050048828,216.3820037841797,216.43499755859375,0,2026-08-31 03:00:00+00:00
1788148800000,216.4340057373047,216.44500732421875,216.36399841308594,216.427001953125,0,2026-08-31 04:00:00+00:00
1788152400000,216.4250030517578,216.52699279785156,216.36000061035156,216.50999450683594,0,2026-08-31 05:00:00+00:00
1788156000000,216.5019989013672,216.60299682617188,216.41299438476562,216.4219970703125,0,2026-08-31 06:00:00+00:00
1788159600000,216.42300415039062,216.43099975585938,216.0749969482422,216.16400146484375,0,2026-08-31 07:00:00+00:00
1788163200000,216.15899658203125,216.3040008544922,216.0590057373047,216.28599548339844,0,2026-08-31 08:00:00+00:00
1788166800000,216.28199768066406,216.34300231933594,216.26100158691406,216.3070068359375,0,2026-08-31 09:00:00+00:00
1788170400000,216.30799865722656,216.3800048828125,216.21600341796875,216.25999450683594,0,2026-08-31 10:00:00+00:00
1788174000000,216.25999450683594,216.2689971923828,216.17300415039062,216.2100067138672,0,2026-08-31 11:00:00+00:00
1788177600000,216.2100067138672,216.4499969482422,216.1750030517578,216.4429931640625,0,2026-08-31 12:00:00+00:00
1788181200000,216.4429931640625,216.5240020751953,216.4149932861328,216.4459991455078,0,2026-08-31 13:00:00+00:00
1788184800000,216.4459991455078,216.60400390625,216.2010040283203,216.47000122070312,0,2026-08-31 14:00:00+00:00
1788188400000,216.4739990234375,216.5800018310547,216.40699768066406,216.4239959716797,0,2026-08-31 15:00:00+00:00
1788192000000,216.42100524902344,216.427001953125,216.32000732421875,216.33999633789062,0,2026-08-31 16:00:00+00:00
1788195600000,216.33999633789062,216.41700744628906,216.30999755859375,216.3730010986328,0,2026-08-31 17:00:00+00:00
1788199200000,216.37399291992188,216.52999877929688,216.3520050048828,216.51300048828125,0,2026-08-31 18:00:00+00:00
1788202800000,216.51100158691406,216.51499938964844,216.3820037841797,216.4499969482422,0,2026-08-31 19:00:00+00:00
1788206400000,216.45399475097656,216.45899963378906,216.3520050048828,216.38699340820312,0,2026-08-31 20:00:00+00:00
1788210000000,216.38999938964844,216.51699829101562,216.06900024414062,216.427001953125,0,2026-08-31 21:00:00+00:00
1788213600000,216.42999267578125,216.4929962158203,216.39700317382812,216.43299865722656,0,2026-08-31 22:00:00+00:00
1788217200000,216.43600463867188,216.47500610351562,216.38499450683594,216.43600463867188,0,2026-08-31 23:00:00+00:00
1788220800000,216.43099975585938,216.57899475097656,216.41299438476562,216.56300354003906,0,2026-09-01 00:00:00+00:00
1788224400000,216.56300354003906,216.5800018310547,216.32699584960938,216.38699340820312,0,2026-09-01 01:00:00+00:00
1788228000000,216.38900756835938,216.46099853515625,216.3719940185547,216.4429931640625,0,2026-09-01 02:00:00+00:00
1788231600000,216.44500732421875,216.44900512695312,216.37100219726562,216.38299560546875,0,2026-09-01 03:00:00+00:00
1788235200000,216.38299560546875,216.50799560546875,216.375,216.50100708007812,0,2026-09-01 04:00:00+00:00
1788238800000,216.49400329589844,216.60499572753906,216.49400329589844,216.5780029296875,0,2026-09-01 05:00:00+00:00
1788242400000,216.5760040283203,216.6490020751953,216.4739990234375,216.5760040283203,0,2026-09-01 06:00:00+00:00
1788246000000,216.5749969482422,216.62899780273438,216.49000549316406,216.55299377441406,0,2026-09-01 07:00:00+00:00
1788249600000,216.552001953125,216.60400390625,216.44700622558594,216.56199645996094,0,2026-09-01 08:00:00+00:00
1788253200000,216.55299377441406,216.7310028076172,216.50999450683594,216.69700622558594,0,2026-09-01 09:00:00+00:00
1788256800000,216.69900512695312,216.73500061035156,216.63800048828125,216.6820068359375,0,2026-09-01 10:00:00+00:00
1788260400000,216.6820068359375,216.76699829101562,216.54100036621094,216.71800231933594,0,2026-09-01 11:00:00+00:00
1788264000000,216.7169952392578,216.80099487304688,216.55599975585938,216.61599731445312,0,2026-09-01 12:00:00+00:00
1788267600000,216.61099243164062,216.7969970703125,216.60000610351562,216.73300170898438,0,2026-09-01 13:00:00+00:00
1788271200000,216.7220001220703,216.83399963378906,216.5399932861328,216.69900512695312,0,2026-09-01 14:00:00+00:00
1788274800000,216.70399475097656,216.73300170898438,216.44400024414062,216.46600341796875,0,2026-09-01 15:00:00+00:00
1788278400000,216.46800231933594,216.61099243164062,216.42100524902344,216.44900512695312,0,2026-09-01 16:00:00+00:00
1788282000000,216.45399475097656,216.5500030517578,216.43800354003906,216.54200744628906,0,2026-09-01 17:00:00+00:00
1788285600000,216.53799438476562,216.5540008544922,216.43600463867188,216.49400329589844,0,2026-09-01 18:00:00+00:00
1788289200000,216.49099731445312,216.52699279785156,216.468994140625,216.48500061035156,0,2026-09-01 19:00:00+00:00
1788292800000,216.49099731445312,216.5260009765625,216.41900634765625,216.4600067138672,0,2026-09-01 20:00:00+00:00
1788296400000,216.447998046875,216.53700256347656,216.26199340820312,216.36500549316406,0,2026-09-01 21:00:00+00:00
1788300000000,216.39100646972656,216.52999877929688,216.35400390625,216.51199340820312,0,2026-09-01 22:00:00+00:00
1788303600000,216.50999450683594,216.54200744628906,216.44700622558594,216.4810028076172,0,2026-09-01 23:00:00+00:00
1788307200000,216.47999572753906,216.51400756835938,216.38699340820312,216.4929962158203,0,2026-09-02 00:00:00+00:00
1788310800000,216.49400329589844,216.58299255371094,216.44700622558594,216.57000732421875,0,2026-09-02 01:00:00+00:00
1788314400000,216.57000732421875,216.57699584960938,216.44400024414062,216.45599365234375,0,2026-09-02 02:00:00+00:00
1788318000000,216.45700073242188,216.46499633789062,216.30299377441406,216.31900024414062,0,2026-09-02 03:00:00+00:00
1788321600000,216.31900024414062,216.3249969482422,216.0,216.08999633789062,0,2026-09-02 04:00:00+00:00
1788325200000,216.0850067138672,216.09300231933594,215.7949981689453,215.7949981689453,0,2026-09-02 05:00:00+00:00
1788328800000,215.79600524902344,215.7989959716797,215.24200439453125,215.33700561523438,0,2026-09-02 06:00:00+00:00
1788332400000,215.32699584960938,215.76499938964844,215.32699584960938,215.7480010986328,0,2026-09-02 07:00:00+00:00
1788336000000,215.75,215.85899353027344,215.677001953125,215.8090057373047,0,2026-09-02 08:00:00+00:00
1788339600000,215.81300354003906,215.88999938964844,215.56500244140625,215.58599853515625,0,2026-09-02 09:00:00+00:00
1788343200000,215.58599853515625,215.61099243164062,215.4969940185547,215.593994140625,0,2026-09-02 10:00:00+00:00
1788346800000,215.59500122070312,215.63499450683594,215.22900390625,215.2480010986328,0,2026-09-02 11:00:00+00:00
1788350400000,215.2480010986328,215.26699829101562,215.04100036621094,215.04400634765625,0,2026-09-02 12:00:00+00:00
1788354000000,215.04400634765625,215.20700073242188,213.5989990234375,214.25900268554688,0,2026-09-02 13:00:00+00:00
1788357600000,214.26100158691406,214.51699829101562,214.05499267578125,214.38400268554688,0,2026-09-02 14:00:00+00:00
1788361200000,214.37600708007812,214.44500732421875,214.1649932861328,214.38699340820312,0,2026-09-02 15:00:00+00:00
1788364800000,214.38800048828125,214.46099853515625,214.32899475097656,214.35000610351562,0,2026-09-02 16:00:00+00:00
1788368400000,214.3459930419922,214.4080047607422,214.20899963378906,214.2790069580078,0,2026-09-02 17:00:00+00:00
1788372000000,214.27999877929688,214.4040069580078,214.22900390625,214.3459930419922,0,2026-09-02 18:00:00+00:00
1788375600000,214.35000610351562,214.41900634765625,214.12600708007812,214.14300537109375,0,2026-09-02 19:00:00+00:00
1788379200000,214.14500427246094,214.17300415039062,213.9320068359375,214.00799560546875,0,2026-09-02 20:00:00+00:00
1788382800000,213.98199462890625,214.0989990234375,213.6300048828125,213.90499877929688,0,2026-09-02 21:00:00+00:00
1788386400000,213.89999389648438,214.1479949951172,213.8679962158203,214.08900451660156,0,2026-09-02 22:00:00+00:00
1788390000000,214.0679931640625,214.28199768066406,214.05799865722656,214.22799682617188,0,2026-09-02 23:00:00+00:00
1788393600000,214.23199462890625,214.32000732421875,213.86399841308594,214.06199645996094,0,2026-09-03 00:00:00+00:00
1788397200000,214.05999755859375,214.0800018310547,213.43600463867188,213.6840057373047,0,2026-09-03 01:00:00+00:00
1788400800000,213.69000244140625,213.71499633789062,213.01199340820312,213.15699768066406,0,2026-09-03 02:00:00+00:00
1788404400000,213.16299438476562,213.16700744628906,212.72799682617188,212.90199279785156,0,2026-09-03 03:00:00+00:00
1788408000000,212.9010009765625,213.02000427246094,212.63299560546875,212.76600646972656,0,2026-09-03 04:00:00+00:00
1788411600000,212.75999450683594,212.87399291992188,212.30599975585938,212.30999755859375,0,2026-09-03 05:00:00+00:00
1788415200000,212.31100463867188,212.33999633789062,211.9010009765625,211.99099731445312,0,2026-09-03 06:00:00+00:00
1788418800000,211.99099731445312,212.31100463867188,211.0970001220703,212.0500030517578,0,2026-09-03 07:00:00+00:00
1788422400000,212.0500030517578,212.1490020751953,211.36700439453125,211.53700256347656,0,2026-09-03 08:00:00+00:00
1788426000000,211.53799438476562,211.7239990234375,210.80799865722656,211.1300048828125,0,2026-09-03 09:00:00+00:00
1788429600000,211.11300659179688,211.1219940185547,210.77000427246094,210.93299865722656,0,2026-09-03 10:00:00+00:00
1788433200000,210.93899536132812,210.97300720214844,210.33399963378906,210.63400268554688,0,2026-09-03 11:00:00+00:00
1788436800000,210.63400268554688,210.70399475097656,210.01800537109375,210.28399658203125,0,2026-09-03 12:00:00+00:00
1788440400000,210.28900146484375,210.43899536132812,209.95700073242188,210.02000427246094,0,2026-09-03 13:00:00+00:00
1788444000000,210.03199768066406,210.31900024414062,209.90199279785156,210.08599853515625,0,2026-09-03 14:00:00+00:00
1788447600000,210.09100341796875,210.82400512695312,210.07200622558594,210.27699279785156,0,2026-09-03 15:00:00+00:00
1788451200000,210.2729949951172,210.49099731445312,210.22999572753906,210.41099548339844,0,2026-09-03 16:00:00+00:00
1788454800000,210.41099548339844,210.5800018310547,210.38299560546875,210.47900390625,0,2026-09-03 17:00:00+00:00
1788458400000,210.48399353027344,210.6320037841797,210.41299438476562,210.51199340820312,0,2026-09-03 18:00:00+00:00
1788462000000,210.5189971923828,210.74899291992188,210.5030059814453,210.65899658203125,0,2026-09-03 19:00:00+00:00
1788465600000,210.656005859375,210.73899841308594,210.6320037841797,210.69400024414062,0,2026-09-03 20:00:00+00:00
1788469200000,210.69400024414062,210.9219970703125,210.45399475097656,210.74099731445312,0,2026-09-03 21:00:00+00:00
1788472800000,210.74000549316406,211.13600158691406,210.64599609375,211.1269989013672,0,2026-09-03 22:00:00+00:00
1788476400000,211.12600708007812,211.18899536132812,210.53799438476562,210.55299377441406,0,2026-09-03 23:00:00+00:00
1788480000000,210.55299377441406,210.93299865722656,210.10400390625,210.7429962158203,0,2026-09-04 00:00:00+00:00
1788483600000,210.7429962158203,211.20599365234375,210.6439971923828,210.947998046875,0,2026-09-04 01:00:00+00:00
1788487200000,210.9429931640625,211.20799255371094,210.86599731445312,211.1739959716797,0,2026-09-04 02:00:00+00:00
1788490800000,211.1699981689453,211.62100219726562,211.1510009765625,211.5500030517578,0,2026-09-04 03:00:00+00:00
1788494400000,211.5500030517578,211.66600036621094,211.43600463867188,211.5240020751953,0,2026-09-04 04:00:00+00:00
1788498000000,211.5189971923828,211.66600036621094,211.42799377441406,211.572998046875,0,2026-09-04 05:00:00+00:00
1788501600000,211.5970001220703,211.7729949951172,211.3679962158203,211.61500549316406,0,2026-09-04 06:00:00+00:00
1788505200000,211.61500549316406,211.81199645996094,211.5260009765625,211.53399658203125,0,2026-09-04 07:00:00+00:00
1788508800000,211.54100036621094,211.7209930419922,211.46400451660156,211.66600036621094,0,2026-09-04 08:00:00+00:00
1788512400000,211.66600036621094,211.78199768066406,211.42300415039062,211.5989990234375,0,2026-09-04 09:00:00+00:00
1788516000000,211.59800720214844,211.60499572753906,211.4219970703125,211.53199768066406,0,2026-09-04 10:00:00+00:00
1788519600000,211.5260009765625,211.60299682617188,211.3730010986328,211.45899963378906,0,2026-09-04 11:00:00+00:00
1788523200000,211.45899963378906,211.4969940185547,209.7030029296875,210.22799682617188,0,2026-09-04 12:00:00+00:00
1788526800000,210.2259979248047,210.73599243164062,210.16900634765625,210.4720001220703,0,2026-09-04 13:00:00+00:00
1788530400000,210.47300720214844,211.0780029296875,210.46200561523438,210.98199462890625,0,2026-09-04 14:00:00+00:00
1788534000000,210.98300170898438,211.08200073242188,210.81199645996094,211.06300354003906,0,2026-09-04 15:00:00+00:00
1788537600000,211.06300354003906,211.1009979248047,210.87100219726562,210.9029998779297,0,2026-09-04 16:00:00+00:00
1788541200000,210.93299865722656,211.0540008544922,210.8939971923828,210.9969940185547,0,2026-09-04 17:00:00+00:00
1788544800000,211.0,211.16200256347656,210.97300720214844,211.1060028076172,0,2026-09-04 18:00:00+00:00
1788548400000,211.10800170898438,211.24200439453125,211.10400390625,211.21400451660156,0,2026-09-04 19:00:00+00:00
1788552000000,211.20899963378906,211.2570037841797,211.01600646972656,211.17300415039062,0,2026-09-04 20:00:00+00:00
1788555600000,211.30099487304688,211.30099487304688,211.30099487304688,211.30099487304688,0,2026-09-04 21:00:00+00:00
1788735600000,211.13600158691406,211.18499755859375,211.01300048828125,211.13499450683594,0,2026-09-06 23:00:00+00:00
1788739200000,211.13600158691406,211.19900512695312,210.6510009765625,210.75900268554688,0,2026-09-07 00:00:00+00:00
1788742800000,210.75399780273438,210.98599243164062,210.6929931640625,210.8350067138672,0,2026-09-07 01:00:00+00:00
1788746400000,210.8350067138672,211.02699279785156,210.79200744628906,210.96600341796875,0,2026-09-07 02:00:00+00:00
1788750000000,210.96099853515625,210.9949951171875,210.81500244140625,210.83099365234375,0,2026-09-07 03:00:00+00:00
1788753600000,210.83099365234375,210.98300170898438,210.8179931640625,210.84100341796875,0,2026-09-07 04:00:00+00:00
1788757200000,210.8520050048828,210.89500427246094,210.59100341796875,210.61900329589844,0,2026-09-07 05:00:00+00:00
1788760800000,210.61700439453125,210.8350067138672,210.3560028076172,210.8280029296875,0,2026-09-07 06:00:00+00:00
1788764400000,210.83399963378906,210.85299682617188,210.4499969482422,210.49400329589844,0,2026-09-07 07:00:00+00:00
1788768000000,210.49400329589844,210.5260009765625,208.63699340820312,209.06199645996094,0,2026-09-07 08:00:00+00:00
1788771600000,209.05999755859375,209.21400451660156,208.7949981689453,209.12600708007812,0,2026-09-07 09:00:00+00:00
1788775200000,209.12600708007812,209.4929962158203,209.06500244140625,209.36599731445312,0,2026-09-07 10:00:00+00:00
1788778800000,209.36500549316406,209.4770050048828,209.2530059814453,209.37399291992188,0,2026-09-07 11:00:00+00:00
1788782400000,209.37100219726562,209.4459991455078,208.82400512695312,209.1300048828125,0,2026-09-07 12:00:00+00:00
1788786000000,209.1300048828125,209.26800537109375,208.98199462890625,209.18299865722656,0,2026-09-07 13:00:00+00:00
1788789600000,209.18499755859375,209.32000732421875,208.93499755859375,208.98300170898438,0,2026-09-07 14:00:00+00:00
1788793200000,208.98399353027344,209.1280059814453,208.8719940185547,209.03900146484375,0,2026-09-07 15:00:00+00:00
1788796800000,209.0399932861328,209.093994140625,208.9720001220703,209.00599670410156,0,2026-09-07 16:00:00+00:00
1788800400000,209.00799560546875,209.06399536132812,208.9720001220703,209.0279998779297,0,2026-09-07 17:00:00+00:00
1788804000000,209.0279998779297,209.03799438476562,208.99200439453125,208.99200439453125,0,2026-09-07 18:00:00+00:00
1788807600000,208.99400329589844,209.02699279785156,208.9669952392578,208.98800659179688,0,2026-09-07 19:00:00+00:00
1788811200000,208.98800659179688,209.04200744628906,208.89999389648438,208.968994140625,0,2026-09-07 20:00:00+00:00
1788814800000,208.9739990234375,209.0780029296875,208.55599975585938,208.9149932861328,0,2026-09-07 21:00:00+00:00
1788818400000,208.95899963378906,209.04100036621094,208.75399780273438,208.7779998779297,0,2026-09-07 22:00:00+00:00
1788822000000,208.76499938964844,208.78199768066406,208.3419952392578,208.37399291992188,0,2026-09-07 23:00:00+00:00
1788825600000,208.37399291992188,208.4510040283203,207.94200134277344,208.26199340820312,0,2026-09-08 00:00:00+00:00
1788829200000,208.2689971923828,208.28599548339844,207.7519989013672,207.7729949951172,0,2026-09-08 01:00:00+00:00
1788832800000,207.75799560546875,207.7729949951172,207.08299255371094,207.53799438476562,0,2026-09-08 02:00:00+00:00
1788836400000,207.5399932861328,207.60299682617188,207.31100463867188,207.56900024414062,0,2026-09-08 03:00:00+00:00
1788840000000,207.56399536132812,207.90499877929688,207.4459991455078,207.781005859375,0,2026-09-08 04:00:00+00:00
1788843600000,207.781005859375,207.91600036621094,207.552001953125,207.64999389648438,0,2026-09-08 05:00:00+00:00
1788847200000,207.64999389648438,208.3300018310547,207.62600708007812,208.1540069580078,0,2026-09-08 06:00:00+00:00
1788850800000,208.16099548339844,208.4530029296875,208.05599975585938,208.11000061035156,0,2026-09-08 07:00:00+00:00
1788854400000,208.10800170898438,208.67799377441406,208.0229949951172,208.52000427246094,0,2026-09-08 08:00:00+00:00
1788858000000,208.5240020751953,208.53599548339844,208.08200073242188,208.24899291992188,0,2026-09-08 09:00:00+00:00
1788861600000,208.2469940185547,208.67799377441406,208.2259979248047,208.6540069580078,0,2026-09-08 10:00:00+00:00
1788865200000,208.6490020751953,209.00799560546875,208.6280059814453,208.9409942626953,0,2026-09-08 11:00:00+00:00
1788868800000,208.9409942626953,209.02699279785156,208.45399475097656,208.46800231933594,0,2026-09-08 12:00:00+00:00
1788872400000,208.45700073242188,208.68499755859375,208.32400512695312,208.43800354003906,0,2026-09-08 13:00:00+00:00
1788876000000,208.43299865722656,208.82699584960938,208.41799926757812,208.70799255371094,0,2026-09-08 14:00:00+00:00
1788879600000,208.70799255371094,208.99400329589844,208.69400024414062,208.8520050048828,0,2026-09-08 15:00:00+00:00
1788883200000,208.84800720214844,208.9409942626953,208.7550048828125,208.82699584960938,0,2026-09-08 16:00:00+00:00
1788886800000,208.8249969482422,208.9010009765625,208.77499389648438,208.8419952392578,0,2026-09-08 17:00:00+00:00
1788890400000,208.8350067138672,209.03700256347656,207.77099609375,208.0570068359375,0,2026-09-08 18:00:00+00:00
1788894000000,208.0679931640625,208.50399780273438,208.0469970703125,208.47999572753906,0,2026-09-08 19:00:00+00:00
1788897600000,208.48300170898438,208.5330047607422,208.3979949951172,208.4040069580078,0,2026-09-08 20:00:00+00:00
1788901200000,208.468994140625,208.49600219726562,207.9669952392578,208.2310028076172,0,2026-09-08 21:00:00+00:00
1788904800000,208.20199584960938,208.4409942626953,208.01699829101562,208.18099975585938,0,2026-09-08 22:00:00+00:00
1788908400000,208.15699768066406,208.16900634765625,207.78599548339844,207.82699584960938,0,2026-09-08 23:00:00+00:00
1788912000000,207.8209991455078,208.24400329589844,207.6020050048828,208.05499267578125,0,2026-09-09 00:00:00+00:00
1788915600000,208.0500030517578,208.33399963378906,207.97999572753906,207.99600219726562,0,2026-09-09 01:00:00+00:00
1788919200000,207.99099731445312,208.13999938964844,207.8800048828125,207.94900512695312,0,2026-09-09 02:00:00+00:00
1788922800000,207.9429931640625,208.0399932861328,207.73699951171875,207.83200073242188,0,2026-09-09 03:00:00+00:00
1788926400000,207.83599853515625,207.95599365234375,207.69200134277344,207.94700622558594,0,2026-09-09 04:00:00+00:00
1788930000000,207.93499755859375,207.95199584960938,207.66400146484375,207.74000549316406,0,2026-09-09 05:00:00+00:00
1788933600000,207.73500061035156,207.9530029296875,207.38900756835938,207.92100524902344,0,2026-09-09 06:00:00+00:00
1788937200000,207.9199981689453,207.98899841308594,207.56900024414062,207.5970001220703,0,2026-09-09 07:00:00+00:00
1788940800000,207.6009979248047,208.15499877929688,207.59100341796875,208.08599853515625,0,2026-09-09 08:00:00+00:00
1788944400000,208.0800018310547,208.08900451660156,207.75599670410156,207.92999267578125,0,2026-09-09 09:00:00+00:00
1788948000000,207.9199981689453,208.01800537109375,207.81300354003906,207.85000610351562,0,2026-09-09 10:00:00+00:00
1788951600000,207.84800720214844,207.9980010986328,207.73500061035156,207.79299926757812,0,2026-09-09 11:00:00+00:00
1788955200000,207.79100036621094,208.02000427246094,207.7429962158203,207.7740020751953,0,2026-09-09 12:00:00+00:00
1788958800000,207.77999877929688,207.9720001220703,207.6909942626953,207.8179931640625,0,2026-09-09 13:00:00+00:00
1788962400000,207.8209991455078,207.9429931640625,207.63499450683594,207.7760009765625,0,2026-09-09 14:00:00+00:00
1788966000000,207.7779998779297,208.24899291992188,207.73399353027344,207.99200439453125,0,2026-09-09 15:00:00+00:00
1788969600000,207.99200439453125,208.16900634765625,207.947998046875,208.11599731445312,0,2026-09-09 16:00:00+00:00
1788973200000,208.11599731445312,208.2239990234375,208.052001953125,208.0749969482422,0,2026-09-09 17:00:00+00:00
1788976800000,208.0749969482422,208.1479949951172,208.0030059814453,208.05299377441406,0,2026-09-09 18:00:00+00:00
1788980400000,208.0500030517578,208.1820068359375,208.01600646972656,208.10800170898438,0,2026-09-09 19:00:00+00:00
1788984000000,208.11000061035156,208.14100646972656,207.91200256347656,207.91200256347656,0,2026-09-09 20:00:00+00:00
1788987600000,207.86900329589844,208.12600708007812,207.50599670410156,207.9199981689453,0,2026-09-09 21:00:00+00:00
1788991200000,207.9759979248047,208.03199768066406,207.76499938964844,207.79200744628906,0,2026-09-09 22:00:00+00:00
1788994800000,207.8040008544922,208.125,207.75100708007812,208.0279998779297,0,2026-09-09 23:00:00+00:00
1788998400000,208.0330047607422,208.23300170898438,207.94200134277344,208.2030029296875,0,2026-09-10 00:00:00+00:00
1789002000000,208.19400024414062,208.2830047607422,208.00100708007812,208.0070037841797,0,2026-09-10 01:00:00+00:00
1789005600000,208.01300048828125,208.1529998779297,207.8419952392578,208.0189971923828,0,2026-09-10 02:00:00+00:00
1789009200000,208.02099609375,208.0489959716797,207.89100646972656,207.927001953125,0,2026-09-10 03:00:00+00:00
1789012800000,207.92799377441406,208.00599670410156,207.8209991455078,207.99899291992188,0,2026-09-10 04:00:00+00:00
1789016400000,208.0050048828125,208.2729949951172,207.94400024414062,208.2469940185547,0,2026-09-10 05:00:00+00:00
1789020000000,208.24600219726562,208.27099609375,207.97799682617188,207.9929962158203,0,2026-09-10 06:00:00+00:00
1789023600000,207.99200439453125,208.11399841308594,207.83399963378906,207.90199279785156,0,2026-09-10 07:00:00+00:00
1789027200000,207.8979949951172,208.2760009765625,207.8979949951172,208.25900268554688,0,2026-09-10 08:00:00+00:00
1789030800000,208.25900268554688,208.3280029296875,208.1219940185547,208.24600219726562,0,2026-09-10 09:00:00+00:00
1789034400000,208.25100708007812,208.71099853515625,208.22500610351562,208.6009979248047,0,2026-09-10 10:00:00+00:00
1789038000000,208.6009979248047,208.64599609375,208.48300170898438,208.54800415039062,0,2026-09-10 11:00:00+00:00
1789041600000,208.54800415039062,208.87899780273438,208.35299682617188,208.53700256347656,0,2026-09-10 12:00:00+00:00
1789045200000,208.54100036621094,208.5570068359375,208.1490020751953,208.1929931640625,0,2026-09-10 13:00:00+00:00
1789048800000,208.19200134277344,208.37899780273438,207.93800354003906,208.2169952392578,0,2026-09-10 14:00:00+00:00
1789052400000,208.2169952392578,208.51300048828125,208.15499877929688,208.4530029296875,0,2026-09-10 15:00:00+00:00
1789056000000,208.46099853515625,208.7830047607422,208.45199584960938,208.63099670410156,0,2026-09-10 16:00:00+00:00
1789059600000,208.63099670410156,208.7519989013672,208.55599975585938,208.56199645996094,0,2026-09-10 17:00:00+00:00
1789063200000,208.56199645996094,208.63699340820312,208.5189971923828,208.52999877929688,0,2026-09-10 18:00:00+00:00
1789066800000,208.53399658203125,208.56399536132812,208.47000122070312,208.5019989013672,0,2026-09-10 19:00:00+00:00
1789070400000,208.4969940185547,208.74200439453125,208.48300170898438,208.6280059814453,0,2026-09-10 20:00:00+00:00
1789074000000,208.61300659179688,208.70199584960938,207.93800354003906,208.31100463867188,0,2026-09-10 21:00:00+00:00
1789077600000,208.51699829101562,208.7760009765625,208.36700439453125,208.6009979248047,0,2026-09-10 22:00:00+00:00
1789081200000,208.58799743652344,208.86599731445312,208.57400512695312,208.677001953125,0,2026-09-10 23:00:00+00:00
1789084800000,208.677001953125,208.90499877929688,208.54400634765625,208.81300354003906,0,2026-09-11 00:00:00+00:00
1789088400000,208.81300354003906,208.83299255371094,208.39500427246094,208.49899291992188,0,2026-09-11 01:00:00+00:00
1789092000000,208.49899291992188,208.6529998779297,208.45399475097656,208.47500610351562,0,2026-09-11 02:00:00+00:00
1789095600000,208.46800231933594,208.52499389648438,208.3699951171875,208.427001953125,0,2026-09-11 03:00:00+00:00
1789099200000,208.42999267578125,208.5019989013672,208.31500244140625,208.406005859375,0,2026-09-11 04:00:00+00:00
1789102800000,208.40199279785156,208.4149932861328,208.07400512695312,208.12399291992188,0,2026-09-11 05:00:00+00:00
1789106400000,208.13499450683594,208.5659942626953,208.06199645996094,208.51100158691406,0,2026-09-11 06:00:00+00:00
1789110000000,208.51199340820312,208.54400634765625,208.34500122070312,208.44400024414062,0,2026-09-11 07:00:00+00:00
1789113600000,208.43800354003906,208.56500244140625,208.0970001220703,208.12600708007812,0,2026-09-11 08:00:00+00:00
1789117200000,208.12600708007812,208.30599975585938,208.03199768066406,208.16200256347656,0,2026-09-11 09:00:00+00:00
1789120800000,208.16600036621094,208.2239990234375,207.9080047607422,207.93499755859375,0,2026-09-11 10:00:00+00:00
1789124400000,207.9340057373047,208.13600158691406,207.82000732421875,207.98800659179688,0,2026-09-11 11:00:00+00:00
1789128000000,207.98699951171875,208.32200622558594,207.4239959716797,207.5290069580078,0,2026-09-11 12:00:00+00:00
1789131600000,207.52999877929688,207.70199584960938,207.28399658203125,207.5989990234375,0,2026-09-11 13:00:00+00:00
1789135200000,207.59800720214844,207.80499267578125,207.53599548339844,207.64100646972656,0,2026-09-11 14:00:00+00:00
1789138800000,207.6439971923828,207.8260040283203,207.55799865722656,207.81700134277344,0,2026-09-11 15:00:00+00:00
1789142400000,207.81700134277344,207.8730010986328,207.7550048828125,207.86000061035156,0,2026-09-11 16:00:00+00:00
1789146000000,207.86000061035156,207.9029998779297,207.75599670410156,207.8489990234375,0,2026-09-11 17:00:00+00:00
1789149600000,207.84800720214844,207.92300415039062,207.81500244140625,207.89300537109375,0,2026-09-11 18:00:00+00:00
1789153200000,207.89300537109375,207.96600341796875,207.86399841308594,207.8780059814453,0,2026-09-11 19:00:00+00:00
1789156800000,207.88400268554688,207.94000244140625,207.41299438476562,207.71800231933594,0,2026-09-11 20:00:00+00:00
1789160400000,207.77099609375,207.77099609375,207.77099609375,207.77099609375,0,2026-09-11 21:00:00+00:00
1789340400000,207.8159942626953,207.85299682617188,207.47999572753906,207.5,0,2026-09-13 23:00:00+00:00
1789344000000,207.50100708007812,207.8249969482422,207.4499969482422,207.7030029296875,0,2026-09-14 00:00:00+00:00
1789347600000,207.70700073242188,207.93899536132812,207.6580047607422,207.79400634765625,0,2026-09-14 01:00:00+00:00
1789351200000,207.7949981689453,208.18600463867188,207.79400634765625,208.1320037841797,0,2026-09-14 02:00:00+00:00
1789354800000,208.12399291992188,208.1909942626953,208.01499938964844,208.05099487304688,0,2026-09-14 03:00:00+00:00
1789358400000,208.05099487304688,208.07699584960938,207.89100646972656,207.97900390625,0,2026-09-14 04:00:00+00:00
1789362000000,207.97900390625,208.0989990234375,207.88600158691406,208.01400756835938,0,2026-09-14 05:00:00+00:00
1789365600000,208.01199340820312,208.3040008544922,207.8769989013672,208.1300048828125,0,2026-09-14 06:00:00+00:00
1789369200000,208.1320037841797,208.36300659179688,208.07000732421875,208.302001953125,0,2026-09-14 07:00:00+00:00
1789372800000,208.30099487304688,208.44900512695312,208.2050018310547,208.39300537109375,0,2026-09-14 08:00:00+00:00
1789376400000,208.38699340820312,208.4770050048828,208.1909942626953,208.447998046875,0,2026-09-14 09:00:00+00:00
1789380000000,208.45399475097656,208.6219940185547,208.39999389648438,208.45199584960938,0,2026-09-14 10:00:00+00:00
1789383600000,208.4550018310547,208.58900451660156,208.3820037841797,208.53399658203125,0,2026-09-14 11:00:00+00:00
1789387200000,208.53399658203125,208.6820068359375,208.47000122070312,208.58099365234375,0,2026-09-14 12:00:00+00:00
1789390800000,208.57899475097656,208.76600646972656,208.51400756835938,208.63499450683594,0,2026-09-14 13:00:00+00:00
1789394400000,208.63699340820312,208.6959991455078,208.39300537109375,208.47999572753906,0,2026-09-14 14:00:00+00:00
1789398000000,208.48599243164062,208.53700256347656,208.1840057373047,208.35499572753906,0,2026-09-14 15:00:00+00:00
1789401600000,208.3520050048828,208.50399780273438,208.20399475097656,208.41000366210938,0,2026-09-14 16:00:00+00:00
1789405200000,208.41099548339844,208.5679931640625,208.38900756835938,208.5570068359375,0,2026-09-14 17:00:00+00:00
1789408800000,208.55999755859375,208.58799743652344,208.0189971923828,208.11199951171875,0,2026-09-14 18:00:00+00:00
1789412400000,208.10899353027344,208.38999938964844,208.10899353027344,208.3730010986328,0,2026-09-14 19:00:00+00:00
1789416000000,208.3719940185547,208.42799377441406,208.28700256347656,208.31199645996094,0,2026-09-14 20:00:00+00:00
1789419600000,208.31900024414062,208.42599487304688,208.14500427246094,208.21499633789062,0,2026-09-14 21:00:00+00:00
1789423200000,208.20799255371094,208.4029998779297,208.1909942626953,208.3159942626953,0,2026-09-14 22:00:00+00:00
1789426800000,208.31900024414062,208.48399353027344,208.24000549316406,208.468994140625,0,2026-09-14 23:00:00+00:00
1789430400000,208.46600341796875,208.72799682617188,208.44000244140625,208.7259979248047,0,2026-09-15 00:00:00+00:00
1789434000000,208.7239990234375,208.7519989013672,208.6269989013672,208.6820068359375,0,2026-09-15 01:00:00+00:00
1789437600000,208.69000244140625,208.8560028076172,208.66299438476562,208.78599548339844,0,2026-09-15 02:00:00+00:00
1789441200000,208.78900146484375,208.7899932861328,208.54200744628906,208.55299377441406,0,2026-09-15 03:00:00+00:00
1789444800000,208.5540008544922,208.6510009765625,208.51699829101562,208.63299560546875,0,2026-09-15 04:00:00+00:00
1789448400000,208.63299560546875,208.86500549316406,208.5570068359375,208.70799255371094,0,2026-09-15 05:00:00+00:00
1789452000000,208.70199584960938,208.72500610351562,208.48199462890625,208.64999389648438,0,2026-09-15 06:00:00+00:00
1789455600000,208.64700317382812,208.81300354003906,208.51400756835938,208.76800537109375,0,2026-09-15 07:00:00+00:00
1789459200000,208.7689971923828,209.09300231933594,208.62600708007812,208.8419952392578,0,2026-09-15 08:00:00+00:00
1789462800000,208.8419952392578,208.875,208.7259979248047,208.79800415039062,0,2026-09-15 09:00:00+00:00
1789466400000,208.78700256347656,208.7969970703125,208.55599975585938,208.6580047607422,0,2026-09-15 10:00:00+00:00
1789470000000,208.6540069580078,208.86099243164062,208.6060028076172,208.8520050048828,0,2026-09-15 11:00:00+00:00
1789473600000,208.8470001220703,209.05599975585938,208.8280029296875,208.92100524902344,0,2026-09-15 12:00:00+00:00
1789477200000,208.927001953125,209.18099975585938,208.8679962158203,209.11599731445312,0,2026-09-15 13:00:00+00:00
1789480800000,209.11599731445312,209.2100067138672,208.98800659179688,209.1699981689453,0,2026-09-15 14:00:00+00:00
1789484400000,209.1699981689453,209.22300720214844,208.88400268554688,209.03900146484375,0,2026-09-15 15:00:00+00:00
1789488000000,209.03900146484375,209.07400512695312,208.90199279785156,209.04400634765625,0,2026-09-15 16:00:00+00:00
1789491600000,209.04400634765625,209.1280059814453,208.98800659179688,209.07000732421875,0,2026-09-15 17:00:00+00:00
1789495200000,209.0709991455078,209.1060028076172,209.04400634765625,209.06500244140625,0,2026-09-15 18:00:00+00:00
1789498800000,209.06399536132812,209.08099365234375,208.96800231933594,209.01199340820312,0,2026-09-15 19:00:00+00:00
1789502400000,209.01300048828125,209.0330047607422,208.97900390625,209.03199768066406,0,2026-09-15 20:00:00+00:00
1789506000000,208.91000366210938,209.08299255371094,208.3459930419922,208.89700317382812,0,2026-09-15 21:00:00+00:00
1789509600000,208.8070068359375,209.0330047607422,208.78500366210938,208.99099731445312,0,2026-09-15 22:00:00+00:00
1789513200000,209.01499938964844,209.3470001220703,209.0050048828125,209.16799926757812,0,2026-09-15 23:00:00+00:00
1789516800000,209.16799926757812,209.31700134277344,208.98599243164062,209.26199340820312,0,2026-09-16 00:00:00+00:00
1789520400000,209.26199340820312,209.39599609375,209.1649932861328,209.2899932861328,0,2026-09-16 01:00:00+00:00
1789524000000,209.28599548339844,209.33299255371094,209.20199584960938,209.25999450683594,0,2026-09-16 02:00:00+00:00
1789527600000,209.26199340820312,209.47000122070312,209.23800659179688,209.43499755859375,0,2026-09-16 03:00:00+00:00
1789531200000,209.43099975585938,209.46099853515625,209.37899780273438,209.41600036621094,0,2026-09-16 04:00:00+00:00
1789534800000,209.41299438476562,209.46299743652344,209.32699584960938,209.36399841308594,0,2026-09-16 05:00:00+00:00
1789538400000,209.36000061035156,209.4250030517578,208.89199829101562,208.90199279785156,0,2026-09-16 06:00:00+00:00
1789542000000,208.90499877929688,209.01400756835938,208.71200561523438,208.77099609375,0,2026-09-16 07:00:00+00:00
1789545600000,208.7760009765625,208.94900512695312,208.71200561523438,208.93600463867188,0,2026-09-16 08:00:00+00:00
1789549200000,208.93499755859375,208.9739990234375,208.83200073242188,208.9149932861328,0,2026-09-16 09:00:00+00:00
1789552800000,208.9149932861328,209.0030059814453,208.88499450683594,208.9530029296875,0,2026-09-16 10:00:00+00:00
1789556400000,208.93499755859375,208.9709930419922,208.56300354003906,208.61300659179688,0,2026-09-16 11:00:00+00:00
1789560000000,208.60800170898438,208.91299438476562,208.5850067138672,208.88699340820312,0,2026-09-16 12:00:00+00:00
1789563600000,208.8800048828125,208.98800659179688,208.83299255371094,208.8470001220703,0,2026-09-16 13:00:00+00:00
1789567200000,208.8459930419922,208.87600708007812,208.63600158691406,208.64100646972656,0,2026-09-16 14:00:00+00:00
1789570800000,208.63999938964844,208.6529998779297,208.4600067138672,208.50900268554688,0,2026-09-16 15:00:00+00:00
1789574400000,208.51199340820312,208.7469940185547,208.5070037841797,208.54600524902344,0,2026-09-16 16:00:00+00:00
1789578000000,208.5449981689453,208.58299255371094,208.16900634765625,208.44000244140625,0,2026-09-16 17:00:00+00:00
1789581600000,208.4709930419922,208.74400329589844,208.10499572753906,208.63699340820312,0,2026-09-16 18:00:00+00:00
1789585200000,208.63800048828125,209.05799865722656,208.57699584960938,209.05499267578125,0,2026-09-16 19:00:00+00:00
1789588800000,209.052001953125,209.24600219726562,208.99899291992188,209.0240020751953,0,2026-09-16 20:00:00+00:00
1789592400000,209.0050048828125,209.1929931640625,208.822998046875,208.95799255371094,0,2026-09-16 21:00:00+00:00
1789596000000,208.98399353027344,209.0989990234375,208.95799255371094,209.031005859375,0,2026-09-16 22:00:00+00:00
1789599600000,209.0489959716797,209.0919952392578,208.78700256347656,208.80999755859375,0,2026-09-16 23:00:00+00:00
1789603200000,208.8090057373047,208.8979949951172,208.6510009765625,208.88699340820312,0,2026-09-17 00:00:00+00:00
1789606800000,208.88099670410156,208.95700073242188,208.68699645996094,208.80599975585938,0,2026-09-17 01:00:00+00:00
1789610400000,208.80799865722656,208.9739990234375,208.7740020751953,208.83599853515625,0,2026-09-17 02:00:00+00:00
1789614000000,208.8280029296875,208.85000610351562,208.67300415039062,208.7830047607422,0,2026-09-17 03:00:00+00:00
1789617600000,208.7830047607422,208.822998046875,208.74400329589844,208.77200317382812,0,2026-09-17 04:00:00+00:00
1789621200000,208.76699829101562,208.7790069580078,208.28799438476562,208.35499572753906,0,2026-09-17 05:00:00+00:00
1789624800000,208.3520050048828,208.55099487304688,208.2270050048828,208.53900146484375,0,2026-09-17 06:00:00+00:00
1789628400000,208.531005859375,208.60499572753906,208.33099365234375,208.4290008544922,0,2026-09-17 07:00:00+00:00
1789632000000,208.42999267578125,208.6750030517578,208.38600158691406,208.64500427246094,0,2026-09-17 08:00:00+00:00
1789635600000,208.64500427246094,208.6820068359375,208.3719940185547,208.6009979248047,0,2026-09-17 09:00:00+00:00
1789639200000,208.61199951171875,208.7209930419922,208.4969940185547,208.6269989013672,0,2026-09-17 10:00:00+00:00
1789642800000,208.6280059814453,208.6280059814453,207.9080047607422,208.4010009765625,0,2026-09-17 11:00:00+00:00
1789646400000,208.39999389648438,208.49000549316406,207.9550018310547,208.27000427246094,0,2026-09-17 12:00:00+00:00
1789650000000,208.26300048828125,208.37399291992188,208.1199951171875,208.18600463867188,0,2026-09-17 13:00:00+00:00
1789653600000,208.1820068359375,208.2830047607422,207.86700439453125,207.94200134277344,0,2026-09-17 14:00:00+00:00
1789657200000,207.94200134277344,208.09800720214844,207.88800048828125,207.98500061035156,0,2026-09-17 15:00:00+00:00
1789660800000,207.99200439453125,208.32200622558594,207.9029998779297,208.3090057373047,0,2026-09-17 16:00:00+00:00
1789664400000,208.31100463867188,208.4040069580078,208.18600463867188,208.25399780273438,0,2026-09-17 17:00:00+00:00
1789668000000,208.24899291992188,208.39500427246094,208.24899291992188,208.3520050048828,0,2026-09-17 18:00:00+00:00
1789671600000,208.35299682617188,208.39300537109375,208.29200744628906,208.35299682617188,0,2026-09-17 19:00:00+00:00
1789675200000,208.36199951171875,208.36399841308594,208.26199340820312,208.33700561523438,0,2026-09-17 20:00:00+00:00
1789678800000,208.33200073242188,208.39500427246094,207.92300415039062,208.21499633789062,0,2026-09-17 21:00:00+00:00
1789682400000,208.3090057373047,208.4290008544922,208.1540069580078,208.3260040283203,0,2026-09-17 22:00:00+00:00
1789686000000,208.3249969482422,208.57000732421875,208.23500061035156,208.55999755859375,0,2026-09-17 23:00:00+00:00
1789689600000,208.55999755859375,208.7570037841797,208.53900146484375,208.67100524902344,0,2026-09-18 00:00:00+00:00
1789693200000,208.66900634765625,208.80099487304688,208.625,208.7519989013672,0,2026-09-18 01:00:00+00:00
1789696800000,208.74899291992188,209.5279998779297,208.5749969482422,209.3000030517578,0,2026-09-18 02:00:00+00:00
1789700400000,209.28599548339844,210.10299682617188,209.10899353027344,210.0050048828125,0,2026-09-18 03:00:00+00:00
1789704000000,210.00399780273438,210.1280059814453,209.81300354003906,210.0679931640625,0,2026-09-18 04:00:00+00:00
1789707600000,210.06700134277344,210.25399780273438,209.8939971923828,210.01300048828125,0,2026-09-18 05:00:00+00:00
1789711200000,210.02000427246094,210.34100341796875,209.27200317382812,209.74400329589844,0,2026-09-18 06:00:00+00:00
1789714800000,209.73899841308594,210.61500549316406,209.5800018310547,210.5240020751953,0,2026-09-18 07:00:00+00:00
1789718400000,210.51800537109375,211.0679931640625,210.51699829101562,210.97900390625,0,2026-09-18 08:00:00+00:00
1789722000000,210.9810028076172,211.2779998779297,210.68600463867188,211.18899536132812,0,2026-09-18 09:00:00+00:00
1789725600000,211.18899536132812,211.2259979248047,210.6719970703125,210.72799682617188,0,2026-09-18 10:00:00+00:00
1789729200000,210.7270050048828,210.90899658203125,210.5449981689453,210.656005859375,0,2026-09-18 11:00:00+00:00
1789732800000,210.65899658203125,210.70899963378906,210.51300048828125,210.51600646972656,0,2026-09-18 12:00:00+00:00
1789736400000,210.52099609375,210.69900512695312,210.38900756835938,210.58999633789062,0,2026-09-18 13:00:00+00:00
1789740000000,210.58099365234375,210.76199340820312,209.677001953125,210.3470001220703,0,2026-09-18 14:00:00+00:00
1789743600000,210.33700561523438,210.40899658203125,209.56500244140625,209.7480010986328,0,2026-09-18 15:00:00+00:00
1789747200000,209.7480010986328,209.89500427246094,209.61199951171875,209.82400512695312,0,2026-09-18 16:00:00+00:00
1789750800000,209.822998046875,209.91400146484375,209.6999969482422,209.77699279785156,0,2026-09-18 17:00:00+00:00
1789754400000,209.77699279785156,209.95399475097656,209.7530059814453,209.79800415039062,0,2026-09-18 18:00:00+00:00
1789758000000,209.79299926757812,209.97900390625,209.79100036621094,209.9199981689453,0,2026-09-18 19:00:00+00:00
1789761600000,209.9219970703125,210.16000366210938,209.90499877929688,210.14199829101562,0,2026-09-18 20:00:00+00:00
1789765200000,210.13600158691406,210.13600158691406,210.13600158691406,210.13600158691406,0,2026-09-18 21:00:00+00:00
